ISO-10303-21;
HEADER;
FILE_DESCRIPTION (( 'STEP AP214' ),
    '1' );
FILE_NAME ('Drum - End.STEP',
    '2025-01-18T15:54:09',
    ( '' ),
    ( '' ),
    'SwSTEP 2.0',
    'SolidWorks 2025',
    '' );
FILE_SCHEMA (( 'AUTOMOTIVE_DESIGN' ));
ENDSEC;

DATA;
#1 = DIRECTION ( 'NONE',  ( -0.000000000000000000, -0.000000000000000000, 1.000000000000000000 ) ) ;
#2 = DIRECTION ( 'NONE',  ( -0.000000000000000000, -0.000000000000000000, 1.000000000000000000 ) ) ;
#3 = ORIENTED_EDGE ( 'NONE', *, *, #1226, .T. ) ;
#4 = DIRECTION ( 'NONE',  ( 1.000000000000000000, 0.000000000000000000, 0.000000000000000000 ) ) ;
#5 = ORIENTED_EDGE ( 'NONE', *, *, #4895, .F. ) ;
#6 = LINE ( 'NONE', #1574, #4360 ) ;
#7 = AXIS2_PLACEMENT_3D ( 'NONE', #3768, #3010, #4592 ) ;
#8 = CARTESIAN_POINT ( 'NONE',  ( 0.000000000000000000, 0.000000000000000000, 2.000000000000000000 ) ) ;
#9 = VERTEX_POINT ( 'NONE', #4402 ) ;
#10 = AXIS2_PLACEMENT_3D ( 'NONE', #1205, #4651, #4576 ) ;
#11 = CARTESIAN_POINT ( 'NONE',  ( -11.12461179749777784, 34.23803458662563770, -3.535533905932756404 ) ) ;
#12 = AXIS2_PLACEMENT_3D ( 'NONE', #610, #1719, #1040 ) ;
#13 = DIRECTION ( 'NONE',  ( 0.000000000000000000, 0.000000000000000000, 1.000000000000000000 ) ) ;
#14 = ORIENTED_EDGE ( 'NONE', *, *, #2824, .F. ) ;
#15 = ORIENTED_EDGE ( 'NONE', *, *, #4467, .F. ) ;
#16 = CARTESIAN_POINT ( 'NONE',  ( 0.000000000000000000, 26.00000000000000000, 9.000000000000001776 ) ) ;
#17 = VERTEX_POINT ( 'NONE', #3963 ) ;
#18 = EDGE_CURVE ( 'NONE', #1619, #1455, #4252, .T. ) ;
#19 = LINE ( 'NONE', #3585, #1075 ) ;
#20 = VERTEX_POINT ( 'NONE', #1681 ) ;
#21 = LINE ( 'NONE', #2078, #1348 ) ;
#22 = FACE_OUTER_BOUND ( 'NONE', #3503, .T. ) ;
#23 = ORIENTED_EDGE ( 'NONE', *, *, #3241, .F. ) ;
#24 = ORIENTED_EDGE ( 'NONE', *, *, #3238, .F. ) ;
#25 = DIRECTION ( 'NONE',  ( -0.000000000000000000, -0.000000000000000000, 1.000000000000000000 ) ) ;
#26 = EDGE_CURVE ( 'NONE', #1144, #773, #1740, .T. ) ;
#27 = ADVANCED_FACE ( 'NONE', ( #192 ), #489, .F. ) ;
#28 = CIRCLE ( 'NONE', #2122, 1.250000000000001110 ) ;
#29 = CARTESIAN_POINT ( 'NONE',  ( 9.874611797498012322, -34.23803458662555244, 2.000000000000000000 ) ) ;
#30 = DIRECTION ( 'NONE',  ( -1.000000000000000000, -3.469446951953614189E-15, -0.000000000000000000 ) ) ;
#31 = EDGE_CURVE ( 'NONE', #688, #321, #1279, .T. ) ;
#32 = ORIENTED_EDGE ( 'NONE', *, *, #241, .T. ) ;
#33 = AXIS2_PLACEMENT_3D ( 'NONE', #3300, #1327, #891 ) ;
#34 = CARTESIAN_POINT ( 'NONE',  ( 31.54704048157906726, -17.34313226766178673, -3.535533905932756404 ) ) ;
#35 = CIRCLE ( 'NONE', #3501, 1.699999999999999956 ) ;
#36 = ORIENTED_EDGE ( 'NONE', *, *, #976, .T. ) ;
#37 = DIRECTION ( 'NONE',  ( -0.000000000000000000, -0.000000000000000000, 1.000000000000000000 ) ) ;
#38 = EDGE_CURVE ( 'NONE', #1411, #2579, #4422, .T. ) ;
#39 = EDGE_CURVE ( 'NONE', #4557, #4820, #2908, .T. ) ;
#40 = CARTESIAN_POINT ( 'NONE',  ( -19.28976461924401775, -30.39580531807245478, -3.535533905932756404 ) ) ;
#41 = DIRECTION ( 'NONE',  ( 1.000000000000000000, 0.000000000000000000, 0.000000000000000000 ) ) ;
#42 = PRODUCT_DEFINITION_FORMATION_WITH_SPECIFIED_SOURCE ( 'ANY', '', #3617, .NOT_KNOWN. ) ;
#43 = FACE_OUTER_BOUND ( 'NONE', #1634, .T. ) ;
#44 = CARTESIAN_POINT ( 'NONE',  ( -29.12461179749822549, -21.16026908252886685, 2.000000000000000000 ) ) ;
#45 = ORIENTED_EDGE ( 'NONE', *, *, #4139, .F. ) ;
#46 = ORIENTED_EDGE ( 'NONE', *, *, #3032, .T. ) ;
#47 = FACE_OUTER_BOUND ( 'NONE', #4395, .T. ) ;
#48 = CYLINDRICAL_SURFACE ( 'NONE', #2857, 1.250000000000001110 ) ;
#49 = AXIS2_PLACEMENT_3D ( 'NONE', #1785, #3425, #1506 ) ;
#50 = ORIENTED_EDGE ( 'NONE', *, *, #3525, .F. ) ;
#51 = CARTESIAN_POINT ( 'NONE',  ( -1.010458703054891938, 35.92896222341780543, 0.000000000000000000 ) ) ;
#52 = DIRECTION ( 'NONE',  ( 1.000000000000000000, 0.000000000000000000, 0.000000000000000000 ) ) ;
#53 = EDGE_LOOP ( 'NONE', ( #3556, #745 ) ) ;
#54 = ORIENTED_EDGE ( 'NONE', *, *, #4291, .F. ) ;
#55 = CARTESIAN_POINT ( 'NONE',  ( -22.94726363095296762, -27.73847673992830209, 0.000000000000000000 ) ) ;
#56 = AXIS2_PLACEMENT_3D ( 'NONE', #34, #2436, #2822 ) ;
#57 = DIRECTION ( 'NONE',  ( 5.252465045583586713E-15, 1.000000000000000000, 0.000000000000000000 ) ) ;
#58 = VECTOR ( 'NONE', #3668, 1000.000000000000000 ) ;
#59 = AXIS2_PLACEMENT_3D ( 'NONE', #4909, #3149, #1950 ) ;
#60 = VERTEX_POINT ( 'NONE', #4453 ) ;
#61 = ADVANCED_FACE ( 'NONE', ( #973 ), #3196, .F. ) ;
#62 = DIRECTION ( 'NONE',  ( -0.000000000000000000, -0.000000000000000000, 1.000000000000000000 ) ) ;
#63 = CIRCLE ( 'NONE', #3702, 1.250000000000001110 ) ;
#64 = CYLINDRICAL_SURFACE ( 'NONE', #1464, 1.250000000000001110 ) ;
#66 = CARTESIAN_POINT ( 'NONE',  ( 0.000000000000000000, 0.000000000000000000, 2.000000000000000000 ) ) ;
#65 = AXIS2_PLACEMENT_3D ( 'NONE', #3721, #1010, #4103 ) ;
#67 = DIRECTION ( 'NONE',  ( -0.000000000000000000, -0.000000000000000000, -1.000000000000000000 ) ) ;
#68 = DIRECTION ( 'NONE',  ( 1.000000000000000000, 0.000000000000000000, 0.000000000000000000 ) ) ;
#69 = EDGE_LOOP ( 'NONE', ( #2400, #1341 ) ) ;
#70 = VERTEX_POINT ( 'NONE', #4813 ) ;
#71 = DIRECTION ( 'NONE',  ( -0.000000000000000000, -0.000000000000000000, -1.000000000000000000 ) ) ;
#72 = EDGE_LOOP ( 'NONE', ( #1018, #3714, #4444, #3113 ) ) ;
#73 = CYLINDRICAL_SURFACE ( 'NONE', #1957, 4.000000000000000888 ) ;
#74 = PRODUCT_DEFINITION_CONTEXT ( 'detailed design', #3243, 'design' ) ;
#75 = DIRECTION ( 'NONE',  ( 1.000000000000000000, 0.000000000000000000, 0.000000000000000000 ) ) ;
#76 = ORIENTED_EDGE ( 'NONE', *, *, #4981, .T. ) ;
#77 = ORIENTED_EDGE ( 'NONE', *, *, #3399, .T. ) ;
#78 = LINE ( 'NONE', #779, #1271 ) ;
#79 = DIRECTION ( 'NONE',  ( 0.000000000000000000, 0.000000000000000000, 1.000000000000000000 ) ) ;
#80 = ORIENTED_EDGE ( 'NONE', *, *, #2817, .F. ) ;
#81 = LINE ( 'NONE', #2414, #2880 ) ;
#82 = ORIENTED_EDGE ( 'NONE', *, *, #3835, .T. ) ;
#83 = ADVANCED_FACE ( 'NONE', ( #143 ), #1629, .F. ) ;
#84 = DIRECTION ( 'NONE',  ( 1.000000000000000000, 0.000000000000000000, 0.000000000000000000 ) ) ;
#85 = AXIS2_PLACEMENT_3D ( 'NONE', #733, #67, #2004 ) ;
#86 = CARTESIAN_POINT ( 'NONE',  ( 39.00000000000000000, 4.776122516674677878E-15, 2.000000000000000000 ) ) ;
#87 = EDGE_CURVE ( 'NONE', #4577, #4087, #1492, .T. ) ;
#88 = VECTOR ( 'NONE', #3260, 1000.000000000000000 ) ;
#89 = CYLINDRICAL_SURFACE ( 'NONE', #1712, 1.250000000000001110 ) ;
#90 = EDGE_CURVE ( 'NONE', #4332, #4416, #3989, .T. ) ;
#91 = AXIS2_PLACEMENT_3D ( 'NONE', #3235, #2825, #2467 ) ;
#92 = CARTESIAN_POINT ( 'NONE',  ( -12.37461179749777607, 34.23803458662563770, 2.000000000000000000 ) ) ;
#93 = EDGE_CURVE ( 'NONE', #4772, #4175, #1099, .T. ) ;
#94 = CARTESIAN_POINT ( 'NONE',  ( -29.12461179749791640, 21.16026908252928962, 0.000000000000000000 ) ) ;
#95 = DIRECTION ( 'NONE',  ( 1.000000000000000000, 0.000000000000000000, 0.000000000000000000 ) ) ;
#96 = ORIENTED_EDGE ( 'NONE', *, *, #1872, .T. ) ;
#97 = VECTOR ( 'NONE', #4924, 1000.000000000000000 ) ;
#98 = DIRECTION ( 'NONE',  ( 1.000000000000000000, 0.000000000000000000, 0.000000000000000000 ) ) ;
#99 = ADVANCED_FACE ( 'NONE', ( #1545 ), #2254, .F. ) ;
#100 = DIRECTION ( 'NONE',  ( 1.000000000000000000, 0.000000000000000000, 0.000000000000000000 ) ) ;
#101 = ORIENTED_EDGE ( 'NONE', *, *, #1811, .F. ) ;
#102 = VERTEX_POINT ( 'NONE', #3437 ) ;
#103 = ADVANCED_FACE ( 'NONE', ( #1894 ), #4926, .F. ) ;
#104 = ORIENTED_EDGE ( 'NONE', *, *, #622, .F. ) ;
#105 = DIRECTION ( 'NONE',  ( 1.000000000000000000, 0.000000000000000000, 0.000000000000000000 ) ) ;
#106 = DIRECTION ( 'NONE',  ( 1.000000000000000000, 0.000000000000000000, 0.000000000000000000 ) ) ;
#107 = ORIENTED_EDGE ( 'NONE', *, *, #4897, .T. ) ;
#108 = EDGE_CURVE ( 'NONE', #1393, #1730, #850, .T. ) ;
#109 = EDGE_LOOP ( 'NONE', ( #2344, #799 ) ) ;
#110 = ORIENTED_EDGE ( 'NONE', *, *, #1958, .F. ) ;
#111 = DIRECTION ( 'NONE',  ( 1.000000000000000000, 0.000000000000000000, 0.000000000000000000 ) ) ;
#112 = AXIS2_PLACEMENT_3D ( 'NONE', #2480, #545, #165 ) ;
#113 = CIRCLE ( 'NONE', #3267, 39.00000000000000000 ) ;
#114 = DIRECTION ( 'NONE',  ( 0.000000000000000000, 0.000000000000000000, 1.000000000000000000 ) ) ;
#115 = EDGE_CURVE ( 'NONE', #1368, #3612, #609, .T. ) ;
#116 = CARTESIAN_POINT ( 'NONE',  ( 3.999999999999819700, -26.00000000000002487, 7.000000000000000000 ) ) ;
#117 = DIRECTION ( 'NONE',  ( -0.000000000000000000, -0.000000000000000000, 1.000000000000000000 ) ) ;
#118 = EDGE_CURVE ( 'NONE', #3662, #2126, #2720, .T. ) ;
#119 = CARTESIAN_POINT ( 'NONE',  ( -2.260458703055409746, -35.92896222341775569, -3.535533905932756404 ) ) ;
#120 = EDGE_CURVE ( 'NONE', #3760, #102, #3357, .T. ) ;
#121 = CARTESIAN_POINT ( 'NONE',  ( 6.745727325085971948, -35.36234102623281217, -3.535533905932756404 ) ) ;
#122 = LINE ( 'NONE', #4637, #2461 ) ;
#123 = CARTESIAN_POINT ( 'NONE',  ( -26.24287058717059296, 24.64369581343301618, 0.000000000000000000 ) ) ;
#124 = ORIENTED_EDGE ( 'NONE', *, *, #1247, .F. ) ;
#125 = VERTEX_POINT ( 'NONE', #4205 ) ;
#126 = EDGE_CURVE ( 'NONE', #2829, #3331, #3689, .T. ) ;
#127 = DIRECTION ( 'NONE',  ( 1.000000000000000000, 0.000000000000000000, 0.000000000000000000 ) ) ;
#128 = CIRCLE ( 'NONE', #2053, 1.250000000000001110 ) ;
#129 = LINE ( 'NONE', #4283, #2178 ) ;
#130 = AXIS2_PLACEMENT_3D ( 'NONE', #2662, #3774, #4620 ) ;
#131 = ORIENTED_EDGE ( 'NONE', *, *, #1813, .T. ) ;
#132 = ORIENTED_EDGE ( 'NONE', *, *, #421, .T. ) ;
#133 = CARTESIAN_POINT ( 'NONE',  ( -6.745727325085741022, 35.36234102623286191, 0.000000000000000000 ) ) ;
#134 = CIRCLE ( 'NONE', #1988, 5.000000000000000888 ) ;
#135 = DIRECTION ( 'NONE',  ( -0.000000000000000000, -0.000000000000000000, 1.000000000000000000 ) ) ;
#136 = DIRECTION ( 'NONE',  ( -0.000000000000000000, -0.000000000000000000, 1.000000000000000000 ) ) ;
#137 = AXIS2_PLACEMENT_3D ( 'NONE', #1655, #1378, #895 ) ;
#138 = CARTESIAN_POINT ( 'NONE',  ( 18.03976461924380104, -30.39580531807259334, 0.000000000000000000 ) ) ;
#139 = DIRECTION ( 'NONE',  ( 1.000000000000000000, 0.000000000000000000, 0.000000000000000000 ) ) ;
#140 = CIRCLE ( 'NONE', #3050, 1.250000000000000444 ) ;
#141 = CARTESIAN_POINT ( 'NONE',  ( 30.37461179749837825, 21.16026908252864658, 2.000000000000000000 ) ) ;
#142 = AXIS2_PLACEMENT_3D ( 'NONE', #1280, #512, #2057 ) ;
#143 = FACE_OUTER_BOUND ( 'NONE', #4552, .T. ) ;
#144 = DIRECTION ( 'NONE',  ( 0.000000000000000000, 0.000000000000000000, 1.000000000000000000 ) ) ;
#145 = DIRECTION ( 'NONE',  ( -0.000000000000000000, -0.000000000000000000, 1.000000000000000000 ) ) ;
#146 = CYLINDRICAL_SURFACE ( 'NONE', #2286, 1.250000000000001110 ) ;
#147 = ORIENTED_EDGE ( 'NONE', *, *, #764, .T. ) ;
#148 = DIRECTION ( 'NONE',  ( 1.000000000000000000, 0.000000000000000000, 0.000000000000000000 ) ) ;
#149 = FACE_OUTER_BOUND ( 'NONE', #972, .T. ) ;
#150 = DIRECTION ( 'NONE',  ( 5.252465045583586713E-15, 1.000000000000000000, 0.000000000000000000 ) ) ;
#151 = DIRECTION ( 'NONE',  ( 0.000000000000000000, 0.000000000000000000, 1.000000000000000000 ) ) ;
#152 = ORIENTED_EDGE ( 'NONE', *, *, #622, .T. ) ;
#153 = DIRECTION ( 'NONE',  ( -0.000000000000000000, -0.000000000000000000, -1.000000000000000000 ) ) ;
#154 = ADVANCED_FACE ( 'NONE', ( #4604 ), #4648, .F. ) ;
#155 = DIRECTION ( 'NONE',  ( 1.000000000000000000, 0.000000000000000000, 0.000000000000000000 ) ) ;
#156 = ORIENTED_EDGE ( 'NONE', *, *, #2571, .F. ) ;
#157 = FACE_BOUND ( 'NONE', #240, .T. ) ;
#158 = CARTESIAN_POINT ( 'NONE',  ( -27.87461179749791640, 21.16026908252928962, -3.535533905932756404 ) ) ;
#159 = DIRECTION ( 'NONE',  ( -0.000000000000000000, -0.000000000000000000, 1.000000000000000000 ) ) ;
#160 = ORIENTED_EDGE ( 'NONE', *, *, #3837, .T. ) ;
#161 = ORIENTED_EDGE ( 'NONE', *, *, #1050, .T. ) ;
#162 = DIRECTION ( 'NONE',  ( -0.000000000000000000, -0.000000000000000000, -1.000000000000000000 ) ) ;
#163 = DIRECTION ( 'NONE',  ( -0.000000000000000000, -0.000000000000000000, 1.000000000000000000 ) ) ;
#164 = AXIS2_PLACEMENT_3D ( 'NONE', #1222, #4778, #1199 ) ;
#165 = DIRECTION ( 'NONE',  ( -1.000000000000000000, 0.000000000000000000, 0.000000000000000000 ) ) ;
#166 = CIRCLE ( 'NONE', #3564, 1.250000000000000222 ) ;
#167 = ADVANCED_FACE ( 'NONE', ( #1145 ), #360, .F. ) ;
#168 = ORIENTED_EDGE ( 'NONE', *, *, #1753, .F. ) ;
#169 = VERTEX_POINT ( 'NONE', #337 ) ;
#170 = CARTESIAN_POINT ( 'NONE',  ( -36.96612924732121996, -4.511996408314707274, -3.535533905932756404 ) ) ;
#171 = DIRECTION ( 'NONE',  ( -0.000000000000000000, -0.000000000000000000, 1.000000000000000000 ) ) ;
#172 = CIRCLE ( 'NONE', #4306, 1.250000000000000222 ) ;
#173 = DIRECTION ( 'NONE',  ( 1.000000000000000000, 0.000000000000000000, 0.000000000000000000 ) ) ;
#174 = CYLINDRICAL_SURFACE ( 'NONE', #3647, 1.249999999999999334 ) ;
#175 = VERTEX_POINT ( 'NONE', #2717 ) ;
#176 = EDGE_CURVE ( 'NONE', #2820, #1726, #4247, .T. ) ;
#177 = CYLINDRICAL_SURFACE ( 'NONE', #1744, 1.250000000000001110 ) ;
#178 = EDGE_CURVE ( 'NONE', #4659, #1732, #2054, .T. ) ;
#179 = EDGE_LOOP ( 'NONE', ( #828, #1183 ) ) ;
#180 = DIRECTION ( 'NONE',  ( -1.000000000000000000, 0.000000000000000000, 0.000000000000000000 ) ) ;
#181 = VERTEX_POINT ( 'NONE', #4994 ) ;
#182 = EDGE_CURVE ( 'NONE', #1514, #3014, #287, .T. ) ;
#183 = EDGE_CURVE ( 'NONE', #1906, #4356, #3370, .T. ) ;
#184 = CARTESIAN_POINT ( 'NONE',  ( -24.99287058717058940, 24.64369581343301618, -3.535533905932756404 ) ) ;
#185 = EDGE_CURVE ( 'NONE', #1216, #4929, #2617, .T. ) ;
#186 = VECTOR ( 'NONE', #344, 1000.000000000000000 ) ;
#187 = CARTESIAN_POINT ( 'NONE',  ( 7.995727325086487980, 35.36234102623271269, 0.000000000000000000 ) ) ;
#188 = AXIS2_PLACEMENT_3D ( 'NONE', #674, #3763, #1839 ) ;
#189 = EDGE_LOOP ( 'NONE', ( #2511, #4657, #3629, #2113 ) ) ;
#190 = LINE ( 'NONE', #1727, #193 ) ;
#191 = VERTEX_POINT ( 'NONE', #314 ) ;
#192 = FACE_OUTER_BOUND ( 'NONE', #3711, .T. ) ;
#193 = VECTOR ( 'NONE', #3657, 1000.000000000000000 ) ;
#194 = ORIENTED_EDGE ( 'NONE', *, *, #1650, .T. ) ;
#195 = LINE ( 'NONE', #1358, #1097 ) ;
#196 = AXIS2_PLACEMENT_3D ( 'NONE', #2833, #3606, #569 ) ;
#197 = ORIENTED_EDGE ( 'NONE', *, *, #2776, .T. ) ;
#198 = CIRCLE ( 'NONE', #510, 1.250000000000001110 ) ;
#199 = CARTESIAN_POINT ( 'NONE',  ( -7.995727325085742798, 35.36234102623286191, 2.000000000000000000 ) ) ;
#200 = EDGE_LOOP ( 'NONE', ( #2391, #491 ) ) ;
#201 = ORIENTED_EDGE ( 'NONE', *, *, #3174, .T. ) ;
#202 = DIRECTION ( 'NONE',  ( 1.000000000000000000, 0.000000000000000000, 0.000000000000000000 ) ) ;
#203 = DIRECTION ( 'NONE',  ( 1.000000000000000000, 0.000000000000000000, 0.000000000000000000 ) ) ;
#204 = CIRCLE ( 'NONE', #844, 1.250000000000001110 ) ;
#205 = DIRECTION ( 'NONE',  ( 1.000000000000000000, 0.000000000000000000, 0.000000000000000000 ) ) ;
#206 = DIRECTION ( 'NONE',  ( -0.000000000000000000, -0.000000000000000000, 1.000000000000000000 ) ) ;
#207 = ORIENTED_EDGE ( 'NONE', *, *, #3644, .T. ) ;
#208 = CARTESIAN_POINT ( 'NONE',  ( -3.999999999999998224, 28.31187913226530739, 7.000000000000000000 ) ) ;
#209 = CARTESIAN_POINT ( 'NONE',  ( -15.32805449634276229, -32.57377388877662838, 2.000000000000000000 ) ) ;
#210 = VECTOR ( 'NONE', #4316, 1000.000000000000000 ) ;
#211 = ORIENTED_EDGE ( 'NONE', *, *, #3072, .T. ) ;
#212 = CARTESIAN_POINT ( 'NONE',  ( 34.46612924732120575, -4.511996408314965734, 0.000000000000000000 ) ) ;
#213 = CIRCLE ( 'NONE', #1101, 1.250000000000001110 ) ;
#214 = DIRECTION ( 'NONE',  ( -0.000000000000000000, -0.000000000000000000, -1.000000000000000000 ) ) ;
#215 = AXIS2_PLACEMENT_3D ( 'NONE', #3095, #3045, #2750 ) ;
#216 = ORIENTED_EDGE ( 'NONE', *, *, #2416, .T. ) ;
#217 = CARTESIAN_POINT ( 'NONE',  ( 14.07805449634254380, -32.57377388877674207, 2.000000000000000000 ) ) ;
#218 = AXIS2_PLACEMENT_3D ( 'NONE', #2325, #2353, #3953 ) ;
#219 = CIRCLE ( 'NONE', #4598, 1.250000000000001110 ) ;
#220 = VECTOR ( 'NONE', #3715, 1000.000000000000000 ) ;
#221 = CARTESIAN_POINT ( 'NONE',  ( -29.12461179749822549, -21.16026908252886685, 0.000000000000000000 ) ) ;
#222 = CIRCLE ( 'NONE', #2975, 3.000000000000000000 ) ;
#223 = DIRECTION ( 'NONE',  ( 1.000000000000000000, 0.000000000000000000, 0.000000000000000000 ) ) ;
#224 = ORIENTED_EDGE ( 'NONE', *, *, #3927, .F. ) ;
#225 = AXIS2_PLACEMENT_3D ( 'NONE', #3192, #136, #790 ) ;
#226 = EDGE_LOOP ( 'NONE', ( #2718, #919, #2530, #2137 ) ) ;
#227 = CARTESIAN_POINT ( 'NONE',  ( 34.86899380063072584, -8.952835937934791488, 2.000000000000000000 ) ) ;
#228 = DIRECTION ( 'NONE',  ( 1.000000000000000000, 0.000000000000000000, 0.000000000000000000 ) ) ;
#229 = DIRECTION ( 'NONE',  ( 1.000000000000000000, 0.000000000000000000, 0.000000000000000000 ) ) ;
#230 = CARTESIAN_POINT ( 'NONE',  ( -26.24287058717094823, -24.64369581343265025, 0.000000000000000000 ) ) ;
#231 = ORIENTED_EDGE ( 'NONE', *, *, #3241, .T. ) ;
#232 = LINE ( 'NONE', #4896, #1984 ) ;
#233 = FACE_OUTER_BOUND ( 'NONE', #4819, .T. ) ;
#234 = ORIENTED_EDGE ( 'NONE', *, *, #3678, .T. ) ;
#235 = EDGE_CURVE ( 'NONE', #3254, #3887, #4944, .T. ) ;
#236 = FACE_BOUND ( 'NONE', #1209, .T. ) ;
#237 = FACE_OUTER_BOUND ( 'NONE', #4189, .T. ) ;
#238 = ORIENTED_EDGE ( 'NONE', *, *, #118, .F. ) ;
#239 = DIRECTION ( 'NONE',  ( 1.000000000000000000, 0.000000000000000000, 0.000000000000000000 ) ) ;
#240 = EDGE_LOOP ( 'NONE', ( #3879, #1425 ) ) ;
#241 = EDGE_CURVE ( 'NONE', #3925, #2940, #3518, .T. ) ;
#242 = CARTESIAN_POINT ( 'NONE',  ( -34.46612924732115602, 4.511996408315208207, 0.000000000000000000 ) ) ;
#243 = EDGE_CURVE ( 'NONE', #2783, #3112, #4364, .T. ) ;
#244 = EDGE_CURVE ( 'NONE', #2313, #2814, #290, .T. ) ;
#245 = DIRECTION ( 'NONE',  ( 0.000000000000000000, 0.000000000000000000, 1.000000000000000000 ) ) ;
#246 = ADVANCED_FACE ( 'NONE', ( #3594 ), #3120, .F. ) ;
#247 = EDGE_LOOP ( 'NONE', ( #4932, #4747 ) ) ;
#248 = CARTESIAN_POINT ( 'NONE',  ( -12.37461179749825746, -34.23803458662548138, 0.000000000000000000 ) ) ;
#249 = EDGE_CURVE ( 'NONE', #4676, #2648, #81, .T. ) ;
#250 = FACE_OUTER_BOUND ( 'NONE', #1239, .T. ) ;
#251 = EDGE_CURVE ( 'NONE', #1083, #827, #3572, .T. ) ;
#252 = CARTESIAN_POINT ( 'NONE',  ( 3.510458703055151730, -35.92896222341776991, -3.535533905932756404 ) ) ;
#253 = DIRECTION ( 'NONE',  ( -0.000000000000000000, -0.000000000000000000, 1.000000000000000000 ) ) ;
#254 = CIRCLE ( 'NONE', #2101, 1.250000000000001110 ) ;
#255 = VERTEX_POINT ( 'NONE', #3932 ) ;
#256 = ORIENTED_EDGE ( 'NONE', *, *, #667, .F. ) ;
#257 = CARTESIAN_POINT ( 'NONE',  ( 33.47195349197704672, -13.25248389664843529, 0.000000000000000000 ) ) ;
#258 = AXIS2_PLACEMENT_3D ( 'NONE', #4086, #3677, #658 ) ;
#259 = DIRECTION ( 'NONE',  ( -0.000000000000000000, -0.000000000000000000, 1.000000000000000000 ) ) ;
#260 = ORIENTED_EDGE ( 'NONE', *, *, #1074, .T. ) ;
#261 = LINE ( 'NONE', #660, #427 ) ;
#262 = DIRECTION ( 'NONE',  ( -0.000000000000000000, -0.000000000000000000, -1.000000000000000000 ) ) ;
#263 = ORIENTED_EDGE ( 'NONE', *, *, #857, .F. ) ;
#264 = CYLINDRICAL_SURFACE ( 'NONE', #2869, 1.250000000000001110 ) ;
#265 = EDGE_LOOP ( 'NONE', ( #4477, #1772 ) ) ;
#266 = ORIENTED_EDGE ( 'NONE', *, *, #2722, .T. ) ;
#267 = DIRECTION ( 'NONE',  ( 0.000000000000000000, 0.000000000000000000, 1.000000000000000000 ) ) ;
#268 = CIRCLE ( 'NONE', #2540, 1.250000000000001110 ) ;
#269 = EDGE_CURVE ( 'NONE', #1107, #1842, #3688, .T. ) ;
#270 = CARTESIAN_POINT ( 'NONE',  ( -4.999999999999998224, 28.31187913226530739, 7.000000000000000000 ) ) ;
#271 = EDGE_CURVE ( 'NONE', #2085, #3153, #2748, .T. ) ;
#272 = VECTOR ( 'NONE', #3201, 1000.000000000000000 ) ;
#273 = AXIS2_PLACEMENT_3D ( 'NONE', #2853, #4433, #3199 ) ;
#274 = ORIENTED_EDGE ( 'NONE', *, *, #761, .F. ) ;
#275 = ORIENTED_EDGE ( 'NONE', *, *, #1236, .F. ) ;
#276 = CARTESIAN_POINT ( 'NONE',  ( -11.12461179749777784, 34.23803458662563770, 2.000000000000000000 ) ) ;
#277 = DIRECTION ( 'NONE',  ( -0.000000000000000000, -0.000000000000000000, -1.000000000000000000 ) ) ;
#278 = AXIS2_PLACEMENT_3D ( 'NONE', #3472, #1551, #1983 ) ;
#279 = CARTESIAN_POINT ( 'NONE',  ( -26.24287058717059296, 24.64369581343301618, 2.000000000000000000 ) ) ;
#280 = CARTESIAN_POINT ( 'NONE',  ( -32.79704048157894647, 17.34313226766200344, 2.000000000000000000 ) ) ;
#281 = EDGE_LOOP ( 'NONE', ( #1189, #156 ) ) ;
#282 = ORIENTED_EDGE ( 'NONE', *, *, #2625, .T. ) ;
#283 = AXIS2_PLACEMENT_3D ( 'NONE', #2688, #1142, #1047 ) ;
#284 = DIRECTION ( 'NONE',  ( -0.000000000000000000, -0.000000000000000000, -1.000000000000000000 ) ) ;
#285 = LINE ( 'NONE', #3266, #4551 ) ;
#286 = ORIENTED_EDGE ( 'NONE', *, *, #3230, .F. ) ;
#287 = LINE ( 'NONE', #1825, #522 ) ;
#288 = FACE_BOUND ( 'NONE', #4894, .T. ) ;
#289 = AXIS2_PLACEMENT_3D ( 'NONE', #368, #1155, #442 ) ;
#290 = CIRCLE ( 'NONE', #3275, 1.250000000000007994 ) ;
#291 = CARTESIAN_POINT ( 'NONE',  ( 34.46612924732125549, 4.511996408314459472, 0.000000000000000000 ) ) ;
#292 = ORIENTED_EDGE ( 'NONE', *, *, #1606, .F. ) ;
#293 = CIRCLE ( 'NONE', #1747, 1.250000000000001110 ) ;
#294 = FACE_OUTER_BOUND ( 'NONE', #189, .T. ) ;
#295 = AXIS2_PLACEMENT_3D ( 'NONE', #4120, #3355, #4933 ) ;
#296 = DIRECTION ( 'NONE',  ( -0.000000000000000000, -0.000000000000000000, 1.000000000000000000 ) ) ;
#297 = ORIENTED_EDGE ( 'NONE', *, *, #4693, .T. ) ;
#298 = CYLINDRICAL_SURFACE ( 'NONE', #1578, 1.250000000000001110 ) ;
#299 = VERTEX_POINT ( 'NONE', #3491 ) ;
#300 = CIRCLE ( 'NONE', #4914, 1.249999999999999334 ) ;
#301 = CIRCLE ( 'NONE', #4764, 1.699999999999999956 ) ;
#302 = CYLINDRICAL_SURFACE ( 'NONE', #3909, 5.000000000000000888 ) ;
#303 = MANIFOLD_SOLID_BREP ( 'Boss-Extrude3', #449 ) ;
#304 = CARTESIAN_POINT ( 'NONE',  ( 14.07805449634254380, -32.57377388877674207, 0.000000000000000000 ) ) ;
#305 = FACE_BOUND ( 'NONE', #2358, .T. ) ;
#306 = CIRCLE ( 'NONE', #2408, 1.250000000000001110 ) ;
#307 = ADVANCED_FACE ( 'NONE', ( #1620 ), #2799, .F. ) ;
#308 = EDGE_LOOP ( 'NONE', ( #4715, #275 ) ) ;
#309 = ORIENTED_EDGE ( 'NONE', *, *, #943, .T. ) ;
#310 = LINE ( 'NONE', #355, #2721 ) ;
#311 = DIRECTION ( 'NONE',  ( -1.000000000000000000, 1.125528224053625752E-15, 0.000000000000000000 ) ) ;
#312 = EDGE_CURVE ( 'NONE', #181, #1985, #1203, .T. ) ;
#313 = ORIENTED_EDGE ( 'NONE', *, *, #608, .F. ) ;
#314 = CARTESIAN_POINT ( 'NONE',  ( -1.010458703055409302, -35.92896222341775569, 2.000000000000000000 ) ) ;
#315 = FACE_BOUND ( 'NONE', #3145, .T. ) ;
#316 = EDGE_CURVE ( 'NONE', #4827, #3014, #4424, .T. ) ;
#317 = DIRECTION ( 'NONE',  ( -0.000000000000000000, -0.000000000000000000, -1.000000000000000000 ) ) ;
#318 = EDGE_LOOP ( 'NONE', ( #3546, #3457, #3952, #2011 ) ) ;
#319 = CARTESIAN_POINT ( 'NONE',  ( -31.54704048157919161, -17.34313226766155935, 0.000000000000000000 ) ) ;
#320 = DIRECTION ( 'NONE',  ( -0.000000000000000000, -0.000000000000000000, -1.000000000000000000 ) ) ;
#321 = VERTEX_POINT ( 'NONE', #3878 ) ;
#322 = CARTESIAN_POINT ( 'NONE',  ( -31.54704048157919161, -17.34313226766155935, 2.000000000000000000 ) ) ;
#323 = ORIENTED_EDGE ( 'NONE', *, *, #176, .F. ) ;
#324 = CARTESIAN_POINT ( 'NONE',  ( -14.07805449634276407, -32.57377388877662838, 0.000000000000000000 ) ) ;
#325 = CARTESIAN_POINT ( 'NONE',  ( -2.260458703055409746, -35.92896222341775569, 2.000000000000000000 ) ) ;
#326 = CIRCLE ( 'NONE', #1615, 1.250000000000000444 ) ;
#327 = CARTESIAN_POINT ( 'NONE',  ( -36.96612924732115602, 4.511996408315208207, 0.000000000000000000 ) ) ;
#328 = CIRCLE ( 'NONE', #4295, 4.000000000000000888 ) ;
#329 = ORIENTED_EDGE ( 'NONE', *, *, #2710, .T. ) ;
#330 = DIRECTION ( 'NONE',  ( 1.000000000000000000, 0.000000000000000000, 0.000000000000000000 ) ) ;
#331 = VECTOR ( 'NONE', #2550, 1000.000000000000000 ) ;
#332 = DIRECTION ( 'NONE',  ( 1.000000000000000000, 0.000000000000000000, 0.000000000000000000 ) ) ;
#333 = ORIENTED_EDGE ( 'NONE', *, *, #699, .T. ) ;
#334 = EDGE_CURVE ( 'NONE', #381, #2162, #1944, .T. ) ;
#335 = ORIENTED_EDGE ( 'NONE', *, *, #4520, .F. ) ;
#336 = EDGE_CURVE ( 'NONE', #2904, #2689, #3904, .T. ) ;
#337 = CARTESIAN_POINT ( 'NONE',  ( -36.11899380063064768, 8.952835937935043731, 2.000000000000000000 ) ) ;
#338 = DIRECTION ( 'NONE',  ( -0.000000000000000000, -0.000000000000000000, 1.000000000000000000 ) ) ;
#339 = FACE_OUTER_BOUND ( 'NONE', #4872, .T. ) ;
#340 = AXIS2_PLACEMENT_3D ( 'NONE', #682, #3388, #332 ) ;
#341 = EDGE_CURVE ( 'NONE', #3958, #4746, #3849, .T. ) ;
#342 = EDGE_CURVE ( 'NONE', #2527, #299, #2224, .T. ) ;
#343 = CARTESIAN_POINT ( 'NONE',  ( 0.000000000000000000, -26.00000000000000000, 0.000000000000000000 ) ) ;
#344 = DIRECTION ( 'NONE',  ( -0.000000000000000000, -0.000000000000000000, -1.000000000000000000 ) ) ;
#345 = ORIENTED_EDGE ( 'NONE', *, *, #4368, .F. ) ;
#346 = VERTEX_POINT ( 'NONE', #4391 ) ;
#347 = DIRECTION ( 'NONE',  ( -0.000000000000000000, -0.000000000000000000, -1.000000000000000000 ) ) ;
#348 = ORIENTED_EDGE ( 'NONE', *, *, #4579, .T. ) ;
#349 = CARTESIAN_POINT ( 'NONE',  ( 36.00000000000000000, 0.000000000000000000, 2.000000000000000000 ) ) ;
#350 = CARTESIAN_POINT ( 'NONE',  ( 4.999999999999993783, -28.31187913226531094, 2.000000000000000000 ) ) ;
#351 = CIRCLE ( 'NONE', #910, 1.250000000000001110 ) ;
#352 = CARTESIAN_POINT ( 'NONE',  ( -6.745727325085741022, 35.36234102623286191, 0.000000000000000000 ) ) ;
#353 = ORIENTED_EDGE ( 'NONE', *, *, #1753, .T. ) ;
#354 = ORIENTED_EDGE ( 'NONE', *, *, #400, .F. ) ;
#355 = CARTESIAN_POINT ( 'NONE',  ( 34.72195349197705383, -13.25248389664843529, -3.535533905932756404 ) ) ;
#356 = VECTOR ( 'NONE', #2, 1000.000000000000000 ) ;
#357 = LINE ( 'NONE', #726, #4058 ) ;
#358 = FACE_OUTER_BOUND ( 'NONE', #1416, .T. ) ;
#359 = ORIENTED_EDGE ( 'NONE', *, *, #3776, .T. ) ;
#360 = PLANE ( 'NONE',  #3596 ) ;
#361 = ORIENTED_EDGE ( 'NONE', *, *, #2634, .F. ) ;
#362 = DIRECTION ( 'NONE',  ( -0.000000000000000000, -0.000000000000000000, 1.000000000000000000 ) ) ;
#363 = LINE ( 'NONE', #3395, #4301 ) ;
#364 = CARTESIAN_POINT ( 'NONE',  ( 22.94726363095276866, -27.73847673992845486, 2.000000000000000000 ) ) ;
#365 = CARTESIAN_POINT ( 'NONE',  ( 6.745727325086488868, 35.36234102623271269, 2.000000000000000000 ) ) ;
#366 = ORIENTED_EDGE ( 'NONE', *, *, #1215, .F. ) ;
#367 = VERTEX_POINT ( 'NONE', #2120 ) ;
#368 = CARTESIAN_POINT ( 'NONE',  ( 22.94726363095276866, -27.73847673992845486, -3.535533905932756404 ) ) ;
#369 = CARTESIAN_POINT ( 'NONE',  ( -27.49287058717094823, -24.64369581343265025, 0.000000000000000000 ) ) ;
#370 = AXIS2_PLACEMENT_3D ( 'NONE', #3466, #2643, #1489 ) ;
#371 = CIRCLE ( 'NONE', #938, 1.250000000000001110 ) ;
#372 = VERTEX_POINT ( 'NONE', #3725 ) ;
#373 = DIRECTION ( 'NONE',  ( -0.000000000000000000, -0.000000000000000000, 1.000000000000000000 ) ) ;
#374 = FACE_BOUND ( 'NONE', #4231, .T. ) ;
#375 = AXIS2_PLACEMENT_3D ( 'NONE', #854, #1539, #105 ) ;
#376 = ORIENTED_EDGE ( 'NONE', *, *, #3678, .F. ) ;
#377 = DIRECTION ( 'NONE',  ( 1.000000000000000000, 0.000000000000000000, 0.000000000000000000 ) ) ;
#378 = AXIS2_PLACEMENT_3D ( 'NONE', #1840, #3429, #3009 ) ;
#379 = CARTESIAN_POINT ( 'NONE',  ( 34.46612924732125549, 4.511996408314459472, 2.000000000000000000 ) ) ;
#380 = CARTESIAN_POINT ( 'NONE',  ( -24.19726363095296762, -27.73847673992830209, 2.000000000000000000 ) ) ;
#381 = VERTEX_POINT ( 'NONE', #208 ) ;
#382 = DIRECTION ( 'NONE',  ( 0.000000000000000000, -1.000000000000000000, 0.000000000000000000 ) ) ;
#383 = EDGE_LOOP ( 'NONE', ( #4702, #722, #1488, #1637 ) ) ;
#384 = CARTESIAN_POINT ( 'NONE',  ( -3.510458703054893270, 35.92896222341780543, -3.535533905932756404 ) ) ;
#385 = CARTESIAN_POINT ( 'NONE',  ( -34.46612924732121996, -4.511996408314707274, 2.000000000000000000 ) ) ;
#386 = EDGE_CURVE ( 'NONE', #4659, #3229, #2563, .T. ) ;
#387 = CARTESIAN_POINT ( 'NONE',  ( 30.29704048157907081, -17.34313226766178673, 0.000000000000000000 ) ) ;
#388 = DIRECTION ( 'NONE',  ( 1.000000000000000000, 0.000000000000000000, 0.000000000000000000 ) ) ;
#389 = EDGE_CURVE ( 'NONE', #816, #2473, #3278, .T. ) ;
#390 = ORIENTED_EDGE ( 'NONE', *, *, #1015, .F. ) ;
#391 = EDGE_CURVE ( 'NONE', #4166, #987, #3123, .T. ) ;
#392 = ORIENTED_EDGE ( 'NONE', *, *, #3391, .T. ) ;
#393 = CARTESIAN_POINT ( 'NONE',  ( 7.995727325086487980, 35.36234102623271269, 2.000000000000000000 ) ) ;
#394 = DIRECTION ( 'NONE',  ( 1.000000000000000000, 0.000000000000000000, 0.000000000000000000 ) ) ;
#395 = ADVANCED_FACE ( 'NONE', ( #4828 ), #529, .F. ) ;
#396 = ORIENTED_EDGE ( 'NONE', *, *, #4129, .T. ) ;
#397 = CARTESIAN_POINT ( 'NONE',  ( -18.03976461924359498, 30.39580531807271768, 2.000000000000000000 ) ) ;
#398 = CARTESIAN_POINT ( 'NONE',  ( -11.12461179749777784, 34.23803458662563770, 0.000000000000000000 ) ) ;
#399 = ORIENTED_EDGE ( 'NONE', *, *, #2873, .T. ) ;
#400 = EDGE_CURVE ( 'NONE', #102, #3272, #232, .T. ) ;
#401 = EDGE_CURVE ( 'NONE', #4067, #3666, #213, .T. ) ;
#402 = LINE ( 'NONE', #1938, #3361 ) ;
#403 = DIRECTION ( 'NONE',  ( 1.000000000000000000, 0.000000000000000000, 0.000000000000000000 ) ) ;
#404 = DIRECTION ( 'NONE',  ( -5.252465045583578824E-15, 1.000000000000000000, 0.000000000000000000 ) ) ;
#405 = VERTEX_POINT ( 'NONE', #3291 ) ;
#406 = CARTESIAN_POINT ( 'NONE',  ( -33.61899380063064768, 8.952835937935043731, -3.535533905932756404 ) ) ;
#407 = DIRECTION ( 'NONE',  ( -0.000000000000000000, -0.000000000000000000, -1.000000000000000000 ) ) ;
#408 = AXIS2_PLACEMENT_3D ( 'NONE', #1270, #524, #2067 ) ;
#409 = AXIS2_PLACEMENT_3D ( 'NONE', #1688, #1386, #2538 ) ;
#410 = DIRECTION ( 'NONE',  ( 0.000000000000000000, 0.000000000000000000, 1.000000000000000000 ) ) ;
#411 = CIRCLE ( 'NONE', #813, 1.250000000000001110 ) ;
#412 = CARTESIAN_POINT ( 'NONE',  ( 30.29704048157931950, 17.34313226766133198, 0.000000000000000000 ) ) ;
#413 = DIRECTION ( 'NONE',  ( 1.000000000000000000, 0.000000000000000000, 0.000000000000000000 ) ) ;
#414 = CIRCLE ( 'NONE', #2023, 1.250000000000001110 ) ;
#415 = DIRECTION ( 'NONE',  ( 1.000000000000000000, 0.000000000000000000, 0.000000000000000000 ) ) ;
#416 = EDGE_CURVE ( 'NONE', #4166, #1993, #2070, .T. ) ;
#417 = ORIENTED_EDGE ( 'NONE', *, *, #1603, .T. ) ;
#418 = DIRECTION ( 'NONE',  ( -0.000000000000000000, -0.000000000000000000, -1.000000000000000000 ) ) ;
#419 = DIRECTION ( 'NONE',  ( 1.000000000000000000, 0.000000000000000000, 0.000000000000000000 ) ) ;
#420 = FACE_OUTER_BOUND ( 'NONE', #2075, .T. ) ;
#421 = EDGE_CURVE ( 'NONE', #1888, #2012, #3938, .T. ) ;
#422 = CYLINDRICAL_SURFACE ( 'NONE', #1852, 1.250000000000001110 ) ;
#423 = VECTOR ( 'NONE', #3194, 1000.000000000000000 ) ;
#424 = ORIENTED_EDGE ( 'NONE', *, *, #182, .T. ) ;
#425 = ORIENTED_EDGE ( 'NONE', *, *, #3398, .T. ) ;
#426 = CARTESIAN_POINT ( 'NONE',  ( -15.32805449634230399, 32.57377388877684155, 0.000000000000000000 ) ) ;
#427 = VECTOR ( 'NONE', #1752, 1000.000000000000000 ) ;
#428 = CIRCLE ( 'NONE', #3252, 1.250000000000001110 ) ;
#429 = DIRECTION ( 'NONE',  ( -0.000000000000000000, -0.000000000000000000, 1.000000000000000000 ) ) ;
#430 = CARTESIAN_POINT ( 'NONE',  ( -29.12461179749791640, 21.16026908252928962, 0.000000000000000000 ) ) ;
#431 = EDGE_LOOP ( 'NONE', ( #333, #2008, #2378, #2258 ) ) ;
#432 = CIRCLE ( 'NONE', #3670, 3.000000000000000000 ) ;
#433 = DIRECTION ( 'NONE',  ( 1.000000000000000000, 0.000000000000000000, 0.000000000000000000 ) ) ;
#434 = CIRCLE ( 'NONE', #1079, 1.250000000000001110 ) ;
#435 = LINE ( 'NONE', #384, #4840 ) ;
#436 = CARTESIAN_POINT ( 'NONE',  ( 3.999999999999819700, -26.00000000000002487, 9.000000000000001776 ) ) ;
#437 = CARTESIAN_POINT ( 'NONE',  ( 3.999999999999996447, 28.31187913226530739, 9.000000000000001776 ) ) ;
#438 = DIRECTION ( 'NONE',  ( -0.000000000000000000, -0.000000000000000000, -1.000000000000000000 ) ) ;
#439 = LINE ( 'NONE', #3987, #1254 ) ;
#440 = ORIENTED_EDGE ( 'NONE', *, *, #2284, .T. ) ;
#441 = ORIENTED_EDGE ( 'NONE', *, *, #115, .T. ) ;
#442 = DIRECTION ( 'NONE',  ( 1.000000000000000000, 0.000000000000000000, 0.000000000000000000 ) ) ;
#443 = CARTESIAN_POINT ( 'NONE',  ( 35.71612924732120575, -4.511996408314965734, -3.535533905932756404 ) ) ;
#444 = AXIS2_PLACEMENT_3D ( 'NONE', #4636, #3476, #4658 ) ;
#445 = ORIENTED_EDGE ( 'NONE', *, *, #4275, .F. ) ;
#446 = DIRECTION ( 'NONE',  ( -0.000000000000000000, -0.000000000000000000, -1.000000000000000000 ) ) ;
#447 = ORIENTED_EDGE ( 'NONE', *, *, #4775, .T. ) ;
#448 = ORIENTED_EDGE ( 'NONE', *, *, #4467, .T. ) ;
#449 = CLOSED_SHELL ( 'NONE', ( #4309, #1978, #3051, #154, #1084, #1669, #3709, #4056, #4751, #3268, #2052, #4059, #4366, #4975, #1804, #680, #4049, #3982, #3554, #2664, #3523, #1598, #2251, #1941, #4525, #246, #3448, #554, #3089, #4688, #3389, #2440, #463, #704, #2121, #2575, #1532, #1516, #4299, #103, #611, #1976, #519, #1910, #4429, #1658, #83, #3862, #4684, #1668, #1660, #767, #2459, #4372, #3860, #3262, #2413, #4742, #1899, #2733, #3453, #555, #3293, #1724, #4138, #1503, #1874, #3757, #2096, #1085, #2173, #4953, #1535, #167, #2972, #637, #3602, #2938, #2566, #983, #99, #3716, #2578, #759, #2561, #4085, #4844, #4982, #2403, #823, #4900, #4164, #2089, #4202, #3312, #4365, #1467, #924, #995, #3097, #2410, #4144, #1971, #1380, #2639, #4763, #395, #544, #2496, #4973, #3935, #4370, #3185, #1967, #61, #749, #27, #2786, #1292, #2516, #1359, #604, #1148, #2025, #4583, #307, #3984, #3928, #2350, #3611, #1577, #4682, #550, #536, #4238, #3385, #4652, #3119, #2184, #2256, #3621, #4615, #2930 ) ) ;
#450 = FACE_OUTER_BOUND ( 'NONE', #4667, .T. ) ;
#451 = DIRECTION ( 'NONE',  ( -0.000000000000000000, -0.000000000000000000, -1.000000000000000000 ) ) ;
#452 = AXIS2_PLACEMENT_3D ( 'NONE', #4253, #3186, #829 ) ;
#453 = EDGE_CURVE ( 'NONE', #2684, #1552, #4802, .T. ) ;
#454 = VERTEX_POINT ( 'NONE', #1791 ) ;
#455 = EDGE_CURVE ( 'NONE', #623, #3180, #4418, .T. ) ;
#456 = SURFACE_SIDE_STYLE ('',( #837 ) ) ;
#457 = ORIENTED_EDGE ( 'NONE', *, *, #3150, .T. ) ;
#458 = CIRCLE ( 'NONE', #2815, 1.699999999999999956 ) ;
#459 = EDGE_CURVE ( 'NONE', #4603, #1985, #1657, .T. ) ;
#460 = DIRECTION ( 'NONE',  ( -0.000000000000000000, -0.000000000000000000, -1.000000000000000000 ) ) ;
#461 = EDGE_CURVE ( 'NONE', #3887, #4308, #614, .T. ) ;
#462 = CARTESIAN_POINT ( 'NONE',  ( 2.260458703055151730, -35.92896222341776991, 2.000000000000000000 ) ) ;
#463 = ADVANCED_FACE ( 'NONE', ( #4873 ), #177, .F. ) ;
#464 = CYLINDRICAL_SURFACE ( 'NONE', #5011, 1.250000000000001110 ) ;
#465 = ORIENTED_EDGE ( 'NONE', *, *, #3473, .T. ) ;
#466 = DIRECTION ( 'NONE',  ( 1.000000000000000000, 0.000000000000000000, 0.000000000000000000 ) ) ;
#467 = ORIENTED_EDGE ( 'NONE', *, *, #3239, .F. ) ;
#468 = DIRECTION ( 'NONE',  ( -1.000000000000000000, 0.000000000000000000, 0.000000000000000000 ) ) ;
#469 = CARTESIAN_POINT ( 'NONE',  ( 19.28976461924423447, 30.39580531807231623, 0.000000000000000000 ) ) ;
#470 = CARTESIAN_POINT ( 'NONE',  ( -15.32805449634276229, -32.57377388877662838, 0.000000000000000000 ) ) ;
#471 = EDGE_LOOP ( 'NONE', ( #3780, #2502 ) ) ;
#472 = ORIENTED_EDGE ( 'NONE', *, *, #1207, .F. ) ;
#473 = CYLINDRICAL_SURFACE ( 'NONE', #3527, 1.250000000000000222 ) ;
#474 = DIRECTION ( 'NONE',  ( 1.000000000000000000, 0.000000000000000000, 0.000000000000000000 ) ) ;
#475 = CARTESIAN_POINT ( 'NONE',  ( -5.000000000000024869, -28.31187913226530384, 7.000000000000000000 ) ) ;
#476 = ORIENTED_EDGE ( 'NONE', *, *, #4192, .T. ) ;
#477 = DIRECTION ( 'NONE',  ( 1.000000000000000000, 0.000000000000000000, 0.000000000000000000 ) ) ;
#478 = ORIENTED_EDGE ( 'NONE', *, *, #1168, .F. ) ;
#479 = ORIENTED_EDGE ( 'NONE', *, *, #341, .F. ) ;
#480 = EDGE_CURVE ( 'NONE', #1750, #1368, #2520, .T. ) ;
#481 = DIRECTION ( 'NONE',  ( -0.000000000000000000, -0.000000000000000000, -1.000000000000000000 ) ) ;
#482 = EDGE_CURVE ( 'NONE', #3771, #1514, #4502, .T. ) ;
#483 = FACE_OUTER_BOUND ( 'NONE', #988, .T. ) ;
#484 = DIRECTION ( 'NONE',  ( -0.000000000000000000, -0.000000000000000000, 1.000000000000000000 ) ) ;
#485 = ORIENTED_EDGE ( 'NONE', *, *, #1977, .F. ) ;
#486 = CIRCLE ( 'NONE', #2767, 28.74999999999999645 ) ;
#487 = EDGE_CURVE ( 'NONE', #3180, #346, #2641, .T. ) ;
#488 = CARTESIAN_POINT ( 'NONE',  ( 3.999999999999800604, -28.31187913226533581, 9.000000000000001776 ) ) ;
#489 = CYLINDRICAL_SURFACE ( 'NONE', #3764, 1.250000000000000444 ) ;
#490 = CARTESIAN_POINT ( 'NONE',  ( -3.510458703055410190, -35.92896222341775569, 0.000000000000000000 ) ) ;
#491 = ORIENTED_EDGE ( 'NONE', *, *, #1499, .F. ) ;
#492 = AXIS2_PLACEMENT_3D ( 'NONE', #3549, #868, #3574 ) ;
#493 = CARTESIAN_POINT ( 'NONE',  ( -32.22195349197711067, -13.25248389664818838, 0.000000000000000000 ) ) ;
#494 = ORIENTED_EDGE ( 'NONE', *, *, #3096, .T. ) ;
#495 = FACE_OUTER_BOUND ( 'NONE', #2112, .T. ) ;
#496 = ORIENTED_EDGE ( 'NONE', *, *, #4845, .F. ) ;
#497 = VERTEX_POINT ( 'NONE', #703 ) ;
#498 = CARTESIAN_POINT ( 'NONE',  ( -27.49287058717059296, 24.64369581343301618, 0.000000000000000000 ) ) ;
#499 = DIRECTION ( 'NONE',  ( -0.000000000000000000, -0.000000000000000000, -1.000000000000000000 ) ) ;
#500 = ORIENTED_EDGE ( 'NONE', *, *, #3609, .T. ) ;
#501 = CARTESIAN_POINT ( 'NONE',  ( -35.71612924732121996, -4.511996408314707274, -3.535533905932756404 ) ) ;
#502 = CARTESIAN_POINT ( 'NONE',  ( -2.260458703054892382, 35.92896222341780543, 2.000000000000000000 ) ) ;
#503 = CIRCLE ( 'NONE', #3749, 1.249999999999999334 ) ;
#504 = AXIS2_PLACEMENT_3D ( 'NONE', #4413, #3697, #3284 ) ;
#505 = DIRECTION ( 'NONE',  ( 1.000000000000000000, 0.000000000000000000, 0.000000000000000000 ) ) ;
#506 = FACE_OUTER_BOUND ( 'NONE', #2468, .T. ) ;
#507 = CIRCLE ( 'NONE', #2207, 1.250000000000007994 ) ;
#508 = CARTESIAN_POINT ( 'NONE',  ( 29.12461179749808338, -21.16026908252907646, 0.000000000000000000 ) ) ;
#509 = FACE_OUTER_BOUND ( 'NONE', #2324, .T. ) ;
#510 = AXIS2_PLACEMENT_3D ( 'NONE', #430, #4498, #641 ) ;
#511 = DIRECTION ( 'NONE',  ( 1.000000000000000000, 0.000000000000000000, 0.000000000000000000 ) ) ;
#512 = DIRECTION ( 'NONE',  ( -0.000000000000000000, -0.000000000000000000, -1.000000000000000000 ) ) ;
#513 = DIRECTION ( 'NONE',  ( -0.000000000000000000, -0.000000000000000000, 1.000000000000000000 ) ) ;
#514 = CARTESIAN_POINT ( 'NONE',  ( -21.69726363095296406, -27.73847673992830209, 2.000000000000000000 ) ) ;
#515 = ORIENTED_EDGE ( 'NONE', *, *, #2246, .T. ) ;
#516 = ORIENTED_EDGE ( 'NONE', *, *, #312, .F. ) ;
#517 = EDGE_LOOP ( 'NONE', ( #2000, #3687, #1186, #3921 ) ) ;
#518 = DIRECTION ( 'NONE',  ( 0.000000000000000000, 0.000000000000000000, 1.000000000000000000 ) ) ;
#519 = ADVANCED_FACE ( 'NONE', ( #2248 ), #3064, .F. ) ;
#520 = DIRECTION ( 'NONE',  ( 0.000000000000000000, 0.000000000000000000, 1.000000000000000000 ) ) ;
#521 = CIRCLE ( 'NONE', #1816, 1.250000000000001110 ) ;
#522 = VECTOR ( 'NONE', #1869, 1000.000000000000000 ) ;
#523 = DIRECTION ( 'NONE',  ( -0.000000000000000000, -0.000000000000000000, -1.000000000000000000 ) ) ;
#524 = DIRECTION ( 'NONE',  ( -0.000000000000000000, -0.000000000000000000, -1.000000000000000000 ) ) ;
#525 = CARTESIAN_POINT ( 'NONE',  ( 19.28976461924423447, 30.39580531807231623, -3.535533905932756404 ) ) ;
#526 = AXIS2_PLACEMENT_3D ( 'NONE', #1442, #754, #3043 ) ;
#527 = VECTOR ( 'NONE', #1715, 1000.000000000000000 ) ;
#528 = ORIENTED_EDGE ( 'NONE', *, *, #2351, .T. ) ;
#529 = CYLINDRICAL_SURFACE ( 'NONE', #4833, 1.250000000000007994 ) ;
#530 = CIRCLE ( 'NONE', #2967, 1.250000000000007994 ) ;
#531 = DIRECTION ( 'NONE',  ( 6.938893903907228378E-15, 1.000000000000000000, -0.000000000000000000 ) ) ;
#532 = ORIENTED_EDGE ( 'NONE', *, *, #553, .F. ) ;
#533 = CIRCLE ( 'NONE', #1909, 1.250000000000001110 ) ;
#534 = FACE_OUTER_BOUND ( 'NONE', #1281, .T. ) ;
#535 = DIRECTION ( 'NONE',  ( 0.000000000000000000, 0.000000000000000000, 1.000000000000000000 ) ) ;
#536 = ADVANCED_FACE ( 'NONE', ( #1486 ), #2971, .F. ) ;
#537 = AXIS2_PLACEMENT_3D ( 'NONE', #2335, #4292, #41 ) ;
#538 = FACE_OUTER_BOUND ( 'NONE', #517, .T. ) ;
#539 = ORIENTED_EDGE ( 'NONE', *, *, #2517, .F. ) ;
#540 = VERTEX_POINT ( 'NONE', #4226 ) ;
#541 = DIRECTION ( 'NONE',  ( 1.000000000000000000, 0.000000000000000000, 0.000000000000000000 ) ) ;
#542 = DIRECTION ( 'NONE',  ( 0.000000000000000000, 0.000000000000000000, 1.000000000000000000 ) ) ;
#543 = CARTESIAN_POINT ( 'NONE',  ( 1.010458703055676422, 35.92896222341775569, -3.535533905932756404 ) ) ;
#544 = ADVANCED_FACE ( 'NONE', ( #4177 ), #1890, .F. ) ;
#545 = DIRECTION ( 'NONE',  ( -0.000000000000000000, -0.000000000000000000, -1.000000000000000000 ) ) ;
#546 = EDGE_CURVE ( 'NONE', #2430, #673, #1898, .T. ) ;
#547 = ORIENTED_EDGE ( 'NONE', *, *, #2249, .F. ) ;
#548 = DIRECTION ( 'NONE',  ( 0.000000000000000000, 0.000000000000000000, 1.000000000000000000 ) ) ;
#549 = CARTESIAN_POINT ( 'NONE',  ( 1.500000000000000000, -26.00000000000000000, 3.013393125268148953 ) ) ;
#550 = ADVANCED_FACE ( 'NONE', ( #4199 ), #2685, .F. ) ;
#551 = DIRECTION ( 'NONE',  ( 1.000000000000000000, 0.000000000000000000, 0.000000000000000000 ) ) ;
#552 = CARTESIAN_POINT ( 'NONE',  ( 16.57805449634254202, -32.57377388877674207, 2.000000000000000000 ) ) ;
#553 = EDGE_CURVE ( 'NONE', #3874, #3204, #934, .T. ) ;
#554 = ADVANCED_FACE ( 'NONE', ( #725 ), #2221, .F. ) ;
#555 = ADVANCED_FACE ( 'NONE', ( #4153 ), #2638, .F. ) ;
#556 = EDGE_LOOP ( 'NONE', ( #587, #2850 ) ) ;
#557 = CARTESIAN_POINT ( 'NONE',  ( -31.54704048157895002, 17.34313226766200344, 2.000000000000000000 ) ) ;
#558 = FACE_OUTER_BOUND ( 'NONE', #2427, .T. ) ;
#559 = ORIENTED_EDGE ( 'NONE', *, *, #1844, .F. ) ;
#560 = LINE ( 'NONE', #3576, #423 ) ;
#561 = CARTESIAN_POINT ( 'NONE',  ( 15.32805449634254202, -32.57377388877674207, 2.000000000000000000 ) ) ;
#562 = ORIENTED_EDGE ( 'NONE', *, *, #4691, .T. ) ;
#563 = APPLICATION_CONTEXT ( 'automotive_design' ) ;
#564 = CARTESIAN_POINT ( 'NONE',  ( -32.22195349197711067, -13.25248389664818838, -3.535533905932756404 ) ) ;
#565 = CIRCLE ( 'NONE', #4543, 3.000000000000000000 ) ;
#566 = ORIENTED_EDGE ( 'NONE', *, *, #2795, .T. ) ;
#567 = VERTEX_POINT ( 'NONE', #3461 ) ;
#568 = DIRECTION ( 'NONE',  ( 1.000000000000000000, 0.000000000000000000, 0.000000000000000000 ) ) ;
#569 = DIRECTION ( 'NONE',  ( -1.000000000000000000, 0.000000000000000000, 0.000000000000000000 ) ) ;
#570 = AXIS2_PLACEMENT_3D ( 'NONE', #3979, #460, #2439 ) ;
#571 = ORIENTED_EDGE ( 'NONE', *, *, #3891, .F. ) ;
#572 = EDGE_CURVE ( 'NONE', #2012, #1411, #310, .T. ) ;
#573 = EDGE_LOOP ( 'NONE', ( #2435, #3931, #2832, #4242 ) ) ;
#574 = VECTOR ( 'NONE', #4179, 1000.000000000000000 ) ;
#575 = ORIENTED_EDGE ( 'NONE', *, *, #3150, .F. ) ;
#576 = ORIENTED_EDGE ( 'NONE', *, *, #1050, .F. ) ;
#577 = DIRECTION ( 'NONE',  ( 1.000000000000000000, 0.000000000000000000, 0.000000000000000000 ) ) ;
#578 = CARTESIAN_POINT ( 'NONE',  ( 16.57805449634299322, 32.57377388877652891, 2.000000000000000000 ) ) ;
#579 = CIRCLE ( 'NONE', #3403, 1.250000000000001110 ) ;
#580 = CYLINDRICAL_SURFACE ( 'NONE', #2154, 1.250000000000007994 ) ;
#581 = DIRECTION ( 'NONE',  ( 1.000000000000000000, 0.000000000000000000, 0.000000000000000000 ) ) ;
#582 = ORIENTED_EDGE ( 'NONE', *, *, #2211, .T. ) ;
#583 = DIRECTION ( 'NONE',  ( -0.000000000000000000, -0.000000000000000000, 1.000000000000000000 ) ) ;
#584 = DIRECTION ( 'NONE',  ( -0.000000000000000000, -0.000000000000000000, 1.000000000000000000 ) ) ;
#585 = VERTEX_POINT ( 'NONE', #1437 ) ;
#586 = FACE_BOUND ( 'NONE', #4666, .T. ) ;
#587 = ORIENTED_EDGE ( 'NONE', *, *, #1515, .F. ) ;
#588 = CIRCLE ( 'NONE', #2039, 1.250000000000000444 ) ;
#589 = DIRECTION ( 'NONE',  ( 1.000000000000000000, 0.000000000000000000, 0.000000000000000000 ) ) ;
#590 = ORIENTED_EDGE ( 'NONE', *, *, #2472, .T. ) ;
#591 = CARTESIAN_POINT ( 'NONE',  ( -5.495727325086230408, -35.36234102623276954, 0.000000000000000000 ) ) ;
#592 = ORIENTED_EDGE ( 'NONE', *, *, #866, .T. ) ;
#593 = CARTESIAN_POINT ( 'NONE',  ( 26.24287058717113297, 24.64369581343245486, 0.000000000000000000 ) ) ;
#594 = ORIENTED_EDGE ( 'NONE', *, *, #1087, .T. ) ;
#595 = DIRECTION ( 'NONE',  ( -0.000000000000000000, -0.000000000000000000, -1.000000000000000000 ) ) ;
#596 = DIRECTION ( 'NONE',  ( -0.000000000000000000, -0.000000000000000000, 1.000000000000000000 ) ) ;
#597 = ORIENTED_EDGE ( 'NONE', *, *, #981, .T. ) ;
#598 = EDGE_CURVE ( 'NONE', #3302, #2379, #1917, .T. ) ;
#599 = ORIENTED_EDGE ( 'NONE', *, *, #3978, .F. ) ;
#600 = CYLINDRICAL_SURFACE ( 'NONE', #3283, 1.249999999999999334 ) ;
#601 = DIRECTION ( 'NONE',  ( -0.000000000000000000, -0.000000000000000000, 1.000000000000000000 ) ) ;
#602 = CARTESIAN_POINT ( 'NONE',  ( 30.37461179749808338, -21.16026908252907646, -3.535533905932756404 ) ) ;
#603 = CARTESIAN_POINT ( 'NONE',  ( 11.12461179749801232, -34.23803458662555244, -3.535533905932756404 ) ) ;
#604 = ADVANCED_FACE ( 'NONE', ( #4542 ), #1062, .F. ) ;
#605 = EDGE_LOOP ( 'NONE', ( #194, #3141, #2406, #821 ) ) ;
#606 = ORIENTED_EDGE ( 'NONE', *, *, #1138, .T. ) ;
#607 = CARTESIAN_POINT ( 'NONE',  ( -6.745727325086230408, -35.36234102623276954, 2.000000000000000000 ) ) ;
#608 = EDGE_CURVE ( 'NONE', #372, #3229, #293, .T. ) ;
#609 = CIRCLE ( 'NONE', #4095, 1.250000000000000222 ) ;
#610 = CARTESIAN_POINT ( 'NONE',  ( -33.47195349197696146, 13.25248389664868043, 2.000000000000000000 ) ) ;
#611 = ADVANCED_FACE ( 'NONE', ( #3387 ), #4940, .F. ) ;
#612 = ORIENTED_EDGE ( 'NONE', *, *, #1871, .F. ) ;
#613 = CARTESIAN_POINT ( 'NONE',  ( -26.24287058717094823, -24.64369581343265025, 2.000000000000000000 ) ) ;
#614 = CIRCLE ( 'NONE', #4013, 1.250000000000000222 ) ;
#615 = EDGE_CURVE ( 'NONE', #1455, #1927, #4125, .T. ) ;
#616 = PRODUCT_DEFINITION_SHAPE ( 'NONE', 'NONE',  #3934 ) ;
#617 = CARTESIAN_POINT ( 'NONE',  ( 2.260458703055677088, 35.92896222341775569, 0.000000000000000000 ) ) ;
#618 = EDGE_LOOP ( 'NONE', ( #4493, #1362, #848, #3067 ) ) ;
#619 = DIRECTION ( 'NONE',  ( 1.000000000000000000, 0.000000000000000000, 0.000000000000000000 ) ) ;
#620 = CIRCLE ( 'NONE', #1188, 1.249999999999999334 ) ;
#621 = EDGE_CURVE ( 'NONE', #567, #1253, #2810, .T. ) ;
#622 = EDGE_CURVE ( 'NONE', #4557, #4826, #4428, .T. ) ;
#623 = VERTEX_POINT ( 'NONE', #4333 ) ;
#624 = DIRECTION ( 'NONE',  ( -0.000000000000000000, -0.000000000000000000, 1.000000000000000000 ) ) ;
#625 = VECTOR ( 'NONE', #1131, 1000.000000000000000 ) ;
#626 = DIRECTION ( 'NONE',  ( 1.000000000000000000, 0.000000000000000000, 0.000000000000000000 ) ) ;
#627 = ORIENTED_EDGE ( 'NONE', *, *, #2340, .T. ) ;
#628 = LINE ( 'NONE', #1663, #2230 ) ;
#629 = CYLINDRICAL_SURFACE ( 'NONE', #3417, 1.250000000000001110 ) ;
#630 = FACE_OUTER_BOUND ( 'NONE', #2043, .T. ) ;
#631 = CARTESIAN_POINT ( 'NONE',  ( 26.24287058717076349, -24.64369581343283500, -3.535533905932756404 ) ) ;
#632 = ORIENTED_EDGE ( 'NONE', *, *, #3024, .F. ) ;
#633 = CARTESIAN_POINT ( 'NONE',  ( -1.500000000000000000, -26.00000000000000000, 3.013393125268148953 ) ) ;
#634 = CARTESIAN_POINT ( 'NONE',  ( -36.96612924732121996, -4.511996408314707274, 0.000000000000000000 ) ) ;
#635 = ORIENTED_EDGE ( 'NONE', *, *, #3901, .F. ) ;
#636 = DIRECTION ( 'NONE',  ( 1.000000000000000000, 0.000000000000000000, 0.000000000000000000 ) ) ;
#637 = ADVANCED_FACE ( 'NONE', ( #2407, #881 ), #1966, .T. ) ;
#638 = EDGE_CURVE ( 'NONE', #3014, #4827, #1419, .T. ) ;
#639 = DIRECTION ( 'NONE',  ( 1.000000000000000000, 0.000000000000000000, 0.000000000000000000 ) ) ;
#640 = ORIENTED_EDGE ( 'NONE', *, *, #2276, .F. ) ;
#641 = DIRECTION ( 'NONE',  ( 1.000000000000000000, 0.000000000000000000, 0.000000000000000000 ) ) ;
#642 = ORIENTED_EDGE ( 'NONE', *, *, #598, .F. ) ;
#643 = EDGE_LOOP ( 'NONE', ( #2159, #2104, #2587, #4662 ) ) ;
#644 = DIRECTION ( 'NONE',  ( 0.000000000000000000, 0.000000000000000000, 1.000000000000000000 ) ) ;
#645 = CIRCLE ( 'NONE', #3882, 1.250000000000001110 ) ;
#646 = EDGE_CURVE ( 'NONE', #901, #3000, #3696, .T. ) ;
#647 = CARTESIAN_POINT ( 'NONE',  ( -5.000000000000024869, -28.31187913226530384, 2.000000000000000000 ) ) ;
#648 = EDGE_LOOP ( 'NONE', ( #2218, #2361 ) ) ;
#649 = CARTESIAN_POINT ( 'NONE',  ( 24.99287058717076349, -24.64369581343283500, 0.000000000000000000 ) ) ;
#650 = CARTESIAN_POINT ( 'NONE',  ( 30.37461179749837825, 21.16026908252864658, -3.535533905932756404 ) ) ;
#651 = DIRECTION ( 'NONE',  ( -0.000000000000000000, -0.000000000000000000, 1.000000000000000000 ) ) ;
#652 = CARTESIAN_POINT ( 'NONE',  ( -11.12461179749825746, -34.23803458662548138, -3.535533905932756404 ) ) ;
#653 = CIRCLE ( 'NONE', #4547, 1.249999999999999334 ) ;
#654 = ORIENTED_EDGE ( 'NONE', *, *, #4200, .F. ) ;
#655 = ORIENTED_EDGE ( 'NONE', *, *, #2731, .F. ) ;
#656 = DIRECTION ( 'NONE',  ( 1.000000000000000000, 0.000000000000000000, 0.000000000000000000 ) ) ;
#657 = CIRCLE ( 'NONE', #4387, 1.250000000000001110 ) ;
#658 = DIRECTION ( 'NONE',  ( 1.000000000000000000, 0.000000000000000000, 0.000000000000000000 ) ) ;
#659 = EDGE_LOOP ( 'NONE', ( #4323, #2623, #3877, #3968 ) ) ;
#660 = CARTESIAN_POINT ( 'NONE',  ( -5.495727325086230408, -35.36234102623276954, -3.535533905932756404 ) ) ;
#661 = EDGE_LOOP ( 'NONE', ( #50, #3580 ) ) ;
#662 = CARTESIAN_POINT ( 'NONE',  ( -36.96612924732115602, 4.511996408315208207, 2.000000000000000000 ) ) ;
#663 = DIRECTION ( 'NONE',  ( 1.000000000000000000, 0.000000000000000000, 0.000000000000000000 ) ) ;
#664 = ORIENTED_EDGE ( 'NONE', *, *, #183, .F. ) ;
#665 = DIRECTION ( 'NONE',  ( -0.000000000000000000, -0.000000000000000000, -1.000000000000000000 ) ) ;
#666 = AXIS2_PLACEMENT_3D ( 'NONE', #1214, #4741, #3537 ) ;
#667 = EDGE_CURVE ( 'NONE', #3666, #4067, #1104, .T. ) ;
#668 = DIRECTION ( 'NONE',  ( -0.000000000000000000, -0.000000000000000000, -1.000000000000000000 ) ) ;
#669 = AXIS2_PLACEMENT_3D ( 'NONE', #2452, #145, #4790 ) ;
#670 = ORIENTED_EDGE ( 'NONE', *, *, #1420, .T. ) ;
#671 = VERTEX_POINT ( 'NONE', #498 ) ;
#672 = CARTESIAN_POINT ( 'NONE',  ( 33.47195349197723147, 13.25248389664795212, 0.000000000000000000 ) ) ;
#673 = VERTEX_POINT ( 'NONE', #1638 ) ;
#674 = CARTESIAN_POINT ( 'NONE',  ( 6.745727325085971948, -35.36234102623281217, 2.000000000000000000 ) ) ;
#675 = CARTESIAN_POINT ( 'NONE',  ( 15.32805449634299322, 32.57377388877652891, 0.000000000000000000 ) ) ;
#676 = FACE_BOUND ( 'NONE', #2098, .T. ) ;
#677 = ORIENTED_EDGE ( 'NONE', *, *, #3234, .T. ) ;
#678 = ORIENTED_EDGE ( 'NONE', *, *, #1444, .T. ) ;
#679 = ORIENTED_EDGE ( 'NONE', *, *, #1019, .T. ) ;
#680 = ADVANCED_FACE ( 'NONE', ( #3873 ), #473, .F. ) ;
#681 = CARTESIAN_POINT ( 'NONE',  ( -33.47195349197711778, -13.25248389664818838, -3.535533905932756404 ) ) ;
#682 = CARTESIAN_POINT ( 'NONE',  ( 34.86899380063072584, -8.952835937934791488, 0.000000000000000000 ) ) ;
#683 = VERTEX_POINT ( 'NONE', #2792 ) ;
#684 = DIRECTION ( 'NONE',  ( -0.000000000000000000, -0.000000000000000000, 1.000000000000000000 ) ) ;
#685 = FACE_BOUND ( 'NONE', #4585, .T. ) ;
#686 = CARTESIAN_POINT ( 'NONE',  ( 0.000000000000000000, 0.000000000000000000, 7.000000000000000000 ) ) ;
#687 = AXIS2_PLACEMENT_3D ( 'NONE', #873, #1356, #2006 ) ;
#688 = VERTEX_POINT ( 'NONE', #2709 ) ;
#689 = DIRECTION ( 'NONE',  ( 0.000000000000000000, 0.000000000000000000, -1.000000000000000000 ) ) ;
#690 = AXIS2_PLACEMENT_3D ( 'NONE', #1091, #3364, #1593 ) ;
#691 = CARTESIAN_POINT ( 'NONE',  ( -34.86899380063077558, -8.952835937934539245, -3.535533905932756404 ) ) ;
#692 = VECTOR ( 'NONE', #1073, 1000.000000000000000 ) ;
#693 = ORIENTED_EDGE ( 'NONE', *, *, #991, .T. ) ;
#694 = CARTESIAN_POINT ( 'NONE',  ( -36.11899380063078269, -8.952835937934539245, 0.000000000000000000 ) ) ;
#695 = AXIS2_PLACEMENT_3D ( 'NONE', #561, #917, #1933 ) ;
#696 = CARTESIAN_POINT ( 'NONE',  ( -12.37461179749825746, -34.23803458662548138, 2.000000000000000000 ) ) ;
#697 = EDGE_CURVE ( 'NONE', #2783, #3165, #620, .T. ) ;
#698 = DIRECTION ( 'NONE',  ( 1.000000000000000000, 0.000000000000000000, 0.000000000000000000 ) ) ;
#699 = EDGE_CURVE ( 'NONE', #2162, #4332, #2726, .T. ) ;
#700 = FACE_BOUND ( 'NONE', #5001, .T. ) ;
#701 = AXIS2_PLACEMENT_3D ( 'NONE', #1177, #2725, #4266 ) ;
#702 = ORIENTED_EDGE ( 'NONE', *, *, #1357, .F. ) ;
#703 = CARTESIAN_POINT ( 'NONE',  ( 36.11899380063083953, 8.952835937934295885, 2.000000000000000000 ) ) ;
#704 = ADVANCED_FACE ( 'NONE', ( #450 ), #1996, .F. ) ;
#705 = EDGE_CURVE ( 'NONE', #3724, #367, #78, .T. ) ;
#707 = EDGE_CURVE ( 'NONE', #2542, #3724, #2038, .T. ) ;
#706 = DIRECTION ( 'NONE',  ( 0.000000000000000000, 1.000000000000000000, 0.000000000000000000 ) ) ;
#708 = ORIENTED_EDGE ( 'NONE', *, *, #1718, .T. ) ;
#709 = CARTESIAN_POINT ( 'NONE',  ( 1.010458703055151730, -35.92896222341776991, -3.535533905932756404 ) ) ;
#710 = DIRECTION ( 'NONE',  ( 1.000000000000000000, 0.000000000000000000, 0.000000000000000000 ) ) ;
#711 = DIRECTION ( 'NONE',  ( -0.000000000000000000, -0.000000000000000000, 1.000000000000000000 ) ) ;
#712 = ORIENTED_EDGE ( 'NONE', *, *, #4019, .T. ) ;
#713 = CARTESIAN_POINT ( 'NONE',  ( 30.29704048157907081, -17.34313226766178673, -3.535533905932756404 ) ) ;
#714 = CARTESIAN_POINT ( 'NONE',  ( 24.19726363095315946, 27.73847673992813867, 0.000000000000000000 ) ) ;
#715 = ORIENTED_EDGE ( 'NONE', *, *, #1490, .F. ) ;
#716 = EDGE_LOOP ( 'NONE', ( #4143, #1140, #3728, #2955 ) ) ;
#717 = CARTESIAN_POINT ( 'NONE',  ( -34.74999999999999289, 2.513866563967056016E-13, 0.000000000000000000 ) ) ;
#718 = ORIENTED_EDGE ( 'NONE', *, *, #1439, .T. ) ;
#719 = DIRECTION ( 'NONE',  ( -0.000000000000000000, -0.000000000000000000, -1.000000000000000000 ) ) ;
#720 = DIRECTION ( 'NONE',  ( -0.000000000000000000, -0.000000000000000000, 1.000000000000000000 ) ) ;
#721 = FACE_BOUND ( 'NONE', #648, .T. ) ;
#722 = ORIENTED_EDGE ( 'NONE', *, *, #4147, .T. ) ;
#723 = AXIS2_PLACEMENT_3D ( 'NONE', #1713, #1367, #1339 ) ;
#724 = ORIENTED_EDGE ( 'NONE', *, *, #2193, .T. ) ;
#725 = FACE_OUTER_BOUND ( 'NONE', #2686, .T. ) ;
#726 = CARTESIAN_POINT ( 'NONE',  ( -33.61899380063076848, -8.952835937934539245, -3.535533905932756404 ) ) ;
#727 = ORIENTED_EDGE ( 'NONE', *, *, #3152, .T. ) ;
#728 = CARTESIAN_POINT ( 'NONE',  ( -7.995727325086231296, -35.36234102623276954, -3.535533905932756404 ) ) ;
#729 = AXIS2_PLACEMENT_3D ( 'NONE', #2387, #2002, #939 ) ;
#730 = ORIENTED_EDGE ( 'NONE', *, *, #3681, .F. ) ;
#731 = DIRECTION ( 'NONE',  ( 1.000000000000000000, 0.000000000000000000, 0.000000000000000000 ) ) ;
#732 = CARTESIAN_POINT ( 'NONE',  ( -27.87461179749822549, -21.16026908252886685, 0.000000000000000000 ) ) ;
#733 = CARTESIAN_POINT ( 'NONE',  ( 2.260458703055677088, 35.92896222341775569, 0.000000000000000000 ) ) ;
#734 = DIRECTION ( 'NONE',  ( 1.000000000000000000, 0.000000000000000000, 0.000000000000000000 ) ) ;
#735 = ORIENTED_EDGE ( 'NONE', *, *, #4514, .T. ) ;
#736 = ORIENTED_EDGE ( 'NONE', *, *, #120, .T. ) ;
#737 = DIRECTION ( 'NONE',  ( 1.000000000000000000, 0.000000000000000000, 0.000000000000000000 ) ) ;
#738 = VERTEX_POINT ( 'NONE', #3087 ) ;
#739 = CARTESIAN_POINT ( 'NONE',  ( -2.260458703054892382, 35.92896222341780543, -3.535533905932756404 ) ) ;
#740 = VERTEX_POINT ( 'NONE', #4704 ) ;
#741 = CARTESIAN_POINT ( 'NONE',  ( -34.72195349197696146, 13.25248389664868043, -3.535533905932756404 ) ) ;
#742 = VECTOR ( 'NONE', #4215, 1000.000000000000000 ) ;
#743 = FACE_BOUND ( 'NONE', #2368, .T. ) ;
#744 = AXIS2_PLACEMENT_3D ( 'NONE', #4146, #719, #1911 ) ;
#745 = ORIENTED_EDGE ( 'NONE', *, *, #4531, .F. ) ;
#746 = ORIENTED_EDGE ( 'NONE', *, *, #2936, .T. ) ;
#747 = DIRECTION ( 'NONE',  ( -0.000000000000000000, -0.000000000000000000, -1.000000000000000000 ) ) ;
#748 = AXIS2_PLACEMENT_3D ( 'NONE', #1002, #2471, #619 ) ;
#749 = ADVANCED_FACE ( 'NONE', ( #4642 ), #1221, .F. ) ;
#750 = ORIENTED_EDGE ( 'NONE', *, *, #389, .T. ) ;
#751 = CARTESIAN_POINT ( 'NONE',  ( 29.12461179749808338, -21.16026908252907646, -3.535533905932756404 ) ) ;
#752 = DIRECTION ( 'NONE',  ( 1.000000000000000000, 0.000000000000000000, 0.000000000000000000 ) ) ;
#753 = EDGE_LOOP ( 'NONE', ( #3975, #3011 ) ) ;
#754 = DIRECTION ( 'NONE',  ( 0.000000000000000000, 0.000000000000000000, 1.000000000000000000 ) ) ;
#755 = ORIENTED_EDGE ( 'NONE', *, *, #2517, .T. ) ;
#756 = CYLINDRICAL_SURFACE ( 'NONE', #409, 1.250000000000007994 ) ;
#757 = EDGE_CURVE ( 'NONE', #1460, #2858, #402, .T. ) ;
#758 = FACE_OUTER_BOUND ( 'NONE', #431, .T. ) ;
#759 = ADVANCED_FACE ( 'NONE', ( #3163 ), #3486, .F. ) ;
#760 = CIRCLE ( 'NONE', #4246, 1.250000000000007994 ) ;
#761 = EDGE_CURVE ( 'NONE', #858, #795, #4342, .T. ) ;
#762 = CARTESIAN_POINT ( 'NONE',  ( -4.000000000000194511, -28.31187913226527897, 9.000000000000001776 ) ) ;
#763 = AXIS2_PLACEMENT_3D ( 'NONE', #3824, #4233, #3068 ) ;
#764 = EDGE_CURVE ( 'NONE', #4978, #2749, #371, .T. ) ;
#765 = EDGE_CURVE ( 'NONE', #2118, #1343, #2139, .T. ) ;
#766 = DIRECTION ( 'NONE',  ( -1.000000000000000000, 3.469446951953614189E-15, 0.000000000000000000 ) ) ;
#767 = ADVANCED_FACE ( 'NONE', ( #1313 ), #2088, .F. ) ;
#768 = ORIENTED_EDGE ( 'NONE', *, *, #1238, .F. ) ;
#769 = LINE ( 'NONE', #1554, #2878 ) ;
#770 = EDGE_LOOP ( 'NONE', ( #3734, #1707 ) ) ;
#771 = DIRECTION ( 'NONE',  ( 1.000000000000000000, 0.000000000000000000, 0.000000000000000000 ) ) ;
#772 = AXIS2_PLACEMENT_3D ( 'NONE', #2628, #2583, #1855 ) ;
#773 = VERTEX_POINT ( 'NONE', #1385 ) ;
#774 = DIRECTION ( 'NONE',  ( 0.000000000000000000, 0.000000000000000000, 1.000000000000000000 ) ) ;
#775 = FACE_BOUND ( 'NONE', #2968, .T. ) ;
#776 = ORIENTED_EDGE ( 'NONE', *, *, #1728, .F. ) ;
#777 = AXIS2_PLACEMENT_3D ( 'NONE', #1185, #2341, #468 ) ;
#778 = VERTEX_POINT ( 'NONE', #1738 ) ;
#779 = CARTESIAN_POINT ( 'NONE',  ( -4.999999999999998224, 28.31187913226530739, 9.000000000000001776 ) ) ;
#780 = VECTOR ( 'NONE', #4014, 1000.000000000000000 ) ;
#781 = ORIENTED_EDGE ( 'NONE', *, *, #1650, .F. ) ;
#782 = LINE ( 'NONE', #2687, #1861 ) ;
#783 = AXIS2_PLACEMENT_3D ( 'NONE', #1049, #2160, #1472 ) ;
#784 = CARTESIAN_POINT ( 'NONE',  ( 18.03976461924380104, -30.39580531807259334, -3.535533905932756404 ) ) ;
#785 = ORIENTED_EDGE ( 'NONE', *, *, #4895, .T. ) ;
#786 = DIRECTION ( 'NONE',  ( 0.000000000000000000, 0.000000000000000000, 1.000000000000000000 ) ) ;
#787 = VERTEX_POINT ( 'NONE', #1687 ) ;
#788 = CARTESIAN_POINT ( 'NONE',  ( -7.995727325085742798, 35.36234102623286191, 0.000000000000000000 ) ) ;
#789 = DIRECTION ( 'NONE',  ( -0.000000000000000000, -0.000000000000000000, -1.000000000000000000 ) ) ;
#790 = DIRECTION ( 'NONE',  ( 1.000000000000000000, 0.000000000000000000, 0.000000000000000000 ) ) ;
#791 = DIRECTION ( 'NONE',  ( 1.000000000000000000, 0.000000000000000000, -0.000000000000000000 ) ) ;
#792 = EDGE_CURVE ( 'NONE', #2648, #9, #628, .T. ) ;
#793 = DIRECTION ( 'NONE',  ( -0.000000000000000000, -0.000000000000000000, 1.000000000000000000 ) ) ;
#794 = EDGE_LOOP ( 'NONE', ( #399, #3075, #2567, #1080 ) ) ;
#795 = VERTEX_POINT ( 'NONE', #3224 ) ;
#796 = CARTESIAN_POINT ( 'NONE',  ( -30.37461179749791640, 21.16026908252928962, 2.000000000000000000 ) ) ;
#797 = ORIENTED_EDGE ( 'NONE', *, *, #455, .F. ) ;
#798 = DIRECTION ( 'NONE',  ( -0.000000000000000000, -0.000000000000000000, -1.000000000000000000 ) ) ;
#799 = ORIENTED_EDGE ( 'NONE', *, *, #2710, .F. ) ;
#800 = DIRECTION ( 'NONE',  ( 0.000000000000000000, 0.000000000000000000, 1.000000000000000000 ) ) ;
#801 = DIRECTION ( 'NONE',  ( -0.000000000000000000, -0.000000000000000000, -1.000000000000000000 ) ) ;
#802 = ORIENTED_EDGE ( 'NONE', *, *, #1076, .F. ) ;
#803 = ORIENTED_EDGE ( 'NONE', *, *, #2170, .T. ) ;
#804 = DIRECTION ( 'NONE',  ( 1.000000000000000000, 0.000000000000000000, 0.000000000000000000 ) ) ;
#805 = CARTESIAN_POINT ( 'NONE',  ( 0.000000000000000000, 0.000000000000000000, 2.000000000000001776 ) ) ;
#806 = CARTESIAN_POINT ( 'NONE',  ( 2.260458703055151730, -35.92896222341776991, -3.535533905932756404 ) ) ;
#807 = ORIENTED_EDGE ( 'NONE', *, *, #4897, .F. ) ;
#808 = FILL_AREA_STYLE ('',( #4707 ) ) ;
#809 = VERTEX_POINT ( 'NONE', #4076 ) ;
#810 = DIRECTION ( 'NONE',  ( -0.000000000000000000, -0.000000000000000000, -1.000000000000000000 ) ) ;
#811 = AXIS2_PLACEMENT_3D ( 'NONE', #352, #4223, #1160 ) ;
#812 = DIRECTION ( 'NONE',  ( -0.000000000000000000, -0.000000000000000000, 1.000000000000000000 ) ) ;
#813 = AXIS2_PLACEMENT_3D ( 'NONE', #1849, #410, #1947 ) ;
#814 = DIRECTION ( 'NONE',  ( 1.000000000000000000, 0.000000000000000000, 0.000000000000000000 ) ) ;
#815 = DIRECTION ( 'NONE',  ( 0.000000000000000000, 0.000000000000000000, 1.000000000000000000 ) ) ;
#816 = VERTEX_POINT ( 'NONE', #1363 ) ;
#817 = CIRCLE ( 'NONE', #3005, 1.250000000000000222 ) ;
#818 = DIRECTION ( 'NONE',  ( 1.000000000000000000, 0.000000000000000000, 0.000000000000000000 ) ) ;
#819 = VERTEX_POINT ( 'NONE', #4438 ) ;
#820 = CARTESIAN_POINT ( 'NONE',  ( -5.495727325085741022, 35.36234102623286191, 0.000000000000000000 ) ) ;
#821 = ORIENTED_EDGE ( 'NONE', *, *, #3446, .T. ) ;
#822 = CARTESIAN_POINT ( 'NONE',  ( 26.24287058717113297, 24.64369581343245486, 0.000000000000000000 ) ) ;
#823 = ADVANCED_FACE ( 'NONE', ( #2114 ), #600, .F. ) ;
#824 = EDGE_LOOP ( 'NONE', ( #1507, #2320, #3789, #4767 ) ) ;
#825 = EDGE_CURVE ( 'NONE', #740, #4676, #2537, .T. ) ;
#826 = CARTESIAN_POINT ( 'NONE',  ( -33.47195349197696146, 13.25248389664868043, -3.535533905932756404 ) ) ;
#827 = VERTEX_POINT ( 'NONE', #4460 ) ;
#828 = ORIENTED_EDGE ( 'NONE', *, *, #952, .F. ) ;
#829 = DIRECTION ( 'NONE',  ( 1.000000000000000000, 0.000000000000000000, 0.000000000000000000 ) ) ;
#830 = EDGE_CURVE ( 'NONE', #4110, #1417, #1902, .T. ) ;
#831 = AXIS2_PLACEMENT_3D ( 'NONE', #3563, #1611, #100 ) ;
#832 = AXIS2_PLACEMENT_3D ( 'NONE', #4077, #2115, #2065 ) ;
#833 = CARTESIAN_POINT ( 'NONE',  ( 3.999999999999800604, -28.31187913226533581, 9.000000000000001776 ) ) ;
#834 = EDGE_CURVE ( 'NONE', #1255, #3738, #4099, .T. ) ;
#835 = EDGE_LOOP ( 'NONE', ( #3493, #582, #4714, #2742 ) ) ;
#836 = VECTOR ( 'NONE', #3712, 1000.000000000000000 ) ;
#837 = SURFACE_STYLE_FILL_AREA ( #808 ) ;
#838 = AXIS2_PLACEMENT_3D ( 'NONE', #4302, #4351, #2373 ) ;
#839 = EDGE_LOOP ( 'NONE', ( #4098, #4943 ) ) ;
#840 = EDGE_CURVE ( 'NONE', #2940, #2704, #4674, .T. ) ;
#841 = CARTESIAN_POINT ( 'NONE',  ( 3.999999999999800604, -28.31187913226533581, 9.000000000000001776 ) ) ;
#842 = CARTESIAN_POINT ( 'NONE',  ( 0.000000000000000000, 0.000000000000000000, 55.74011537017760531 ) ) ;
#843 = FACE_OUTER_BOUND ( 'NONE', #2823, .T. ) ;
#844 = AXIS2_PLACEMENT_3D ( 'NONE', #2759, #3080, #849 ) ;
#845 = PLANE ( 'NONE',  #3343 ) ;
#846 = ORIENTED_EDGE ( 'NONE', *, *, #4368, .T. ) ;
#847 = CARTESIAN_POINT ( 'NONE',  ( 6.745727325086488868, 35.36234102623271269, 0.000000000000000000 ) ) ;
#848 = ORIENTED_EDGE ( 'NONE', *, *, #1072, .F. ) ;
#849 = DIRECTION ( 'NONE',  ( 1.000000000000000000, 0.000000000000000000, 0.000000000000000000 ) ) ;
#850 = CIRCLE ( 'NONE', #2803, 3.000000000000000000 ) ;
#851 = LINE ( 'NONE', #3587, #272 ) ;
#852 = ORIENTED_EDGE ( 'NONE', *, *, #3867, .F. ) ;
#853 = EDGE_LOOP ( 'NONE', ( #1789, #1661 ) ) ;
#854 = CARTESIAN_POINT ( 'NONE',  ( 0.000000000000000000, 0.000000000000000000, 2.000000000000001776 ) ) ;
#855 = AXIS2_PLACEMENT_3D ( 'NONE', #1136, #4600, #1116 ) ;
#856 = EDGE_CURVE ( 'NONE', #858, #4336, #4411, .T. ) ;
#857 = EDGE_CURVE ( 'NONE', #1133, #2881, #1344, .T. ) ;
#858 = VERTEX_POINT ( 'NONE', #3590 ) ;
#859 = DIRECTION ( 'NONE',  ( -0.000000000000000000, -0.000000000000000000, -1.000000000000000000 ) ) ;
#860 = AXIS2_PLACEMENT_3D ( 'NONE', #1164, #3511, #1565 ) ;
#861 = AXIS2_PLACEMENT_3D ( 'NONE', #1450, #2929, #2553 ) ;
#862 = VERTEX_POINT ( 'NONE', #2933 ) ;
#863 = CARTESIAN_POINT ( 'NONE',  ( 36.11899380063073295, -8.952835937934791488, -3.535533905932756404 ) ) ;
#864 = EDGE_LOOP ( 'NONE', ( #1586, #1952, #708, #4536 ) ) ;
#865 = AXIS2_PLACEMENT_3D ( 'NONE', #675, #1482, #698 ) ;
#866 = EDGE_CURVE ( 'NONE', #1343, #5008, #3851, .T. ) ;
#867 = EDGE_CURVE ( 'NONE', #3477, #346, #3205, .T. ) ;
#868 = DIRECTION ( 'NONE',  ( 0.000000000000000000, 0.000000000000000000, 1.000000000000000000 ) ) ;
#870 = CIRCLE ( 'NONE', #1833, 1.249999999999999778 ) ;
#869 = DIRECTION ( 'NONE',  ( -0.000000000000000000, -0.000000000000000000, 1.000000000000000000 ) ) ;
#871 = LINE ( 'NONE', #184, #994 ) ;
#872 = CARTESIAN_POINT ( 'NONE',  ( -31.54704048157919161, -17.34313226766155935, 0.000000000000000000 ) ) ;
#873 = CARTESIAN_POINT ( 'NONE',  ( 33.47195349197704672, -13.25248389664843529, 2.000000000000000000 ) ) ;
#874 = DIRECTION ( 'NONE',  ( -0.000000000000000000, -0.000000000000000000, -1.000000000000000000 ) ) ;
#875 = EDGE_LOOP ( 'NONE', ( #104, #3078, #3842, #4011 ) ) ;
#876 = DIRECTION ( 'NONE',  ( 0.000000000000000000, 0.000000000000000000, 1.000000000000000000 ) ) ;
#877 = ORIENTED_EDGE ( 'NONE', *, *, #3528, .F. ) ;
#878 = DIRECTION ( 'NONE',  ( -0.000000000000000000, -0.000000000000000000, 1.000000000000000000 ) ) ;
#879 = ORIENTED_EDGE ( 'NONE', *, *, #4948, .F. ) ;
#880 = EDGE_LOOP ( 'NONE', ( #2985, #1027, #1453, #1484 ) ) ;
#881 = FACE_OUTER_BOUND ( 'NONE', #4634, .T. ) ;
#882 = DIRECTION ( 'NONE',  ( 1.000000000000000000, 0.000000000000000000, 0.000000000000000000 ) ) ;
#883 = ORIENTED_EDGE ( 'NONE', *, *, #1865, .T. ) ;
#884 =( LENGTH_UNIT ( ) NAMED_UNIT ( * ) SI_UNIT ( .MILLI., .METRE. ) );
#885 = CARTESIAN_POINT ( 'NONE',  ( 24.99287058717076349, -24.64369581343283500, 2.000000000000000000 ) ) ;
#886 = DIRECTION ( 'NONE',  ( 1.000000000000000000, 0.000000000000000000, 0.000000000000000000 ) ) ;
#887 = VECTOR ( 'NONE', #3207, 1000.000000000000000 ) ;
#888 = FACE_BOUND ( 'NONE', #839, .T. ) ;
#889 = CYLINDRICAL_SURFACE ( 'NONE', #1274, 3.000000000000000000 ) ;
#890 = VECTOR ( 'NONE', #711, 1000.000000000000000 ) ;
#891 = DIRECTION ( 'NONE',  ( 1.000000000000000000, 0.000000000000000000, 0.000000000000000000 ) ) ;
#892 = EDGE_LOOP ( 'NONE', ( #24, #2172 ) ) ;
#893 = ORIENTED_EDGE ( 'NONE', *, *, #31, .F. ) ;
#894 = EDGE_LOOP ( 'NONE', ( #2196, #3884 ) ) ;
#895 = DIRECTION ( 'NONE',  ( 1.000000000000000000, 0.000000000000000000, 0.000000000000000000 ) ) ;
#896 = ORIENTED_EDGE ( 'NONE', *, *, #1822, .F. ) ;
#897 = TOROIDAL_SURFACE ( 'NONE', #3652, 1.500000000000000000, 1.500000000000000000 ) ;
#898 = CYLINDRICAL_SURFACE ( 'NONE', #911, 1.250000000000001110 ) ;
#899 = CARTESIAN_POINT ( 'NONE',  ( 35.71612924732120575, -4.511996408314965734, 2.000000000000000000 ) ) ;
#900 = VERTEX_POINT ( 'NONE', #4385 ) ;
#901 = VERTEX_POINT ( 'NONE', #4774 ) ;
#902 = LINE ( 'NONE', #1336, #2309 ) ;
#903 = LINE ( 'NONE', #4850, #4073 ) ;
#904 = CARTESIAN_POINT ( 'NONE',  ( 33.47195349197723147, 13.25248389664795212, -3.535533905932756404 ) ) ;
#905 = LINE ( 'NONE', #2356, #1233 ) ;
#906 = ORIENTED_EDGE ( 'NONE', *, *, #4690, .T. ) ;
#907 = DIRECTION ( 'NONE',  ( 1.224646799147353207E-16, 1.000000000000000000, 0.000000000000000000 ) ) ;
#908 = EDGE_CURVE ( 'NONE', #1023, #3363, #902, .T. ) ;
#909 = DIRECTION ( 'NONE',  ( 0.000000000000000000, 0.000000000000000000, 1.000000000000000000 ) ) ;
#910 = AXIS2_PLACEMENT_3D ( 'NONE', #4533, #3806, #3353 ) ;
#911 = AXIS2_PLACEMENT_3D ( 'NONE', #3910, #1980, #2024 ) ;
#912 = VERTEX_POINT ( 'NONE', #4002 ) ;
#913 = FACE_BOUND ( 'NONE', #1999, .T. ) ;
#914 = EDGE_CURVE ( 'NONE', #4327, #17, #134, .T. ) ;
#915 = CIRCLE ( 'NONE', #4567, 1.250000000000001110 ) ;
#916 = EDGE_CURVE ( 'NONE', #4216, #3925, #530, .T. ) ;
#917 = DIRECTION ( 'NONE',  ( 0.000000000000000000, 0.000000000000000000, 1.000000000000000000 ) ) ;
#918 = DIRECTION ( 'NONE',  ( -0.000000000000000000, -0.000000000000000000, 1.000000000000000000 ) ) ;
#919 = ORIENTED_EDGE ( 'NONE', *, *, #3003, .F. ) ;
#920 = EDGE_CURVE ( 'NONE', #1163, #1547, #2484, .T. ) ;
#921 = ORIENTED_EDGE ( 'NONE', *, *, #1446, .F. ) ;
#922 = CARTESIAN_POINT ( 'NONE',  ( 15.32805449634254202, -32.57377388877674207, -3.535533905932756404 ) ) ;
#923 = CARTESIAN_POINT ( 'NONE',  ( -36.11899380063078269, -8.952835937934539245, -3.535533905932756404 ) ) ;
#924 = ADVANCED_FACE ( 'NONE', ( #1883 ), #2190, .F. ) ;
#925 = EDGE_CURVE ( 'NONE', #795, #858, #4910, .T. ) ;
#926 = CYLINDRICAL_SURFACE ( 'NONE', #112, 3.000000000000000000 ) ;
#927 = EDGE_LOOP ( 'NONE', ( #4361, #3624 ) ) ;
#928 = ORIENTED_EDGE ( 'NONE', *, *, #3072, .F. ) ;
#929 = CARTESIAN_POINT ( 'NONE',  ( -26.24287058717094823, -24.64369581343265025, 2.000000000000000000 ) ) ;
#930 = DIRECTION ( 'NONE',  ( 1.000000000000000000, 0.000000000000000000, 0.000000000000000000 ) ) ;
#931 = CIRCLE ( 'NONE', #3515, 1.250000000000007994 ) ;
#932 = DIRECTION ( 'NONE',  ( -0.000000000000000000, -0.000000000000000000, 1.000000000000000000 ) ) ;
#933 = DIRECTION ( 'NONE',  ( -0.000000000000000000, -0.000000000000000000, 1.000000000000000000 ) ) ;
#934 = CIRCLE ( 'NONE', #1415, 1.250000000000001110 ) ;
#935 = ORIENTED_EDGE ( 'NONE', *, *, #1495, .F. ) ;
#936 = VERTEX_POINT ( 'NONE', #717 ) ;
#937 = CARTESIAN_POINT ( 'NONE',  ( 24.99287058717113297, 24.64369581343245486, -3.535533905932756404 ) ) ;
#938 = AXIS2_PLACEMENT_3D ( 'NONE', #4028, #4849, #577 ) ;
#939 = DIRECTION ( 'NONE',  ( 1.000000000000000000, 0.000000000000000000, 0.000000000000000000 ) ) ;
#940 = VERTEX_POINT ( 'NONE', #248 ) ;
#941 = VECTOR ( 'NONE', #2241, 1000.000000000000000 ) ;
#942 = CARTESIAN_POINT ( 'NONE',  ( -33.47195349197696146, 13.25248389664868043, 2.000000000000000000 ) ) ;
#943 = EDGE_CURVE ( 'NONE', #2749, #4881, #1454, .T. ) ;
#944 = CARTESIAN_POINT ( 'NONE',  ( 33.47195349197704672, -13.25248389664843529, 2.000000000000000000 ) ) ;
#945 = AXIS2_PLACEMENT_3D ( 'NONE', #2091, #3672, #1408 ) ;
#946 = ORIENTED_EDGE ( 'NONE', *, *, #2352, .F. ) ;
#947 = CARTESIAN_POINT ( 'NONE',  ( 19.00000000000000000, 2.326828918379970576E-15, 0.000000000000000000 ) ) ;
#948 = CIRCLE ( 'NONE', #1991, 1.250000000000001110 ) ;
#949 = ORIENTED_EDGE ( 'NONE', *, *, #1499, .T. ) ;
#950 = ORIENTED_EDGE ( 'NONE', *, *, #1446, .T. ) ;
#951 = ORIENTED_EDGE ( 'NONE', *, *, #3438, .T. ) ;
#952 = EDGE_CURVE ( 'NONE', #1038, #20, #3607, .T. ) ;
#953 = DIRECTION ( 'NONE',  ( -0.000000000000000000, -0.000000000000000000, 1.000000000000000000 ) ) ;
#954 = DIRECTION ( 'NONE',  ( -0.000000000000000000, -0.000000000000000000, 1.000000000000000000 ) ) ;
#955 = CYLINDRICAL_SURFACE ( 'NONE', #1639, 1.250000000000000444 ) ;
#956 = ORIENTED_EDGE ( 'NONE', *, *, #2127, .F. ) ;
#957 = ORIENTED_EDGE ( 'NONE', *, *, #176, .T. ) ;
#958 = CARTESIAN_POINT ( 'NONE',  ( 0.000000000000000000, 26.00000000000000000, 2.000000000000000000 ) ) ;
#959 = DIRECTION ( 'NONE',  ( -0.000000000000000000, -0.000000000000000000, 1.000000000000000000 ) ) ;
#960 = LINE ( 'NONE', #3287, #2150 ) ;
#961 = FACE_OUTER_BOUND ( 'NONE', #3679, .T. ) ;
#962 = ORIENTED_EDGE ( 'NONE', *, *, #269, .F. ) ;
#963 = CARTESIAN_POINT ( 'NONE',  ( 31.54704048157931595, 17.34313226766133198, 0.000000000000000000 ) ) ;
#964 = LINE ( 'NONE', #3367, #97 ) ;
#965 = ORIENTED_EDGE ( 'NONE', *, *, #391, .T. ) ;
#966 = CARTESIAN_POINT ( 'NONE',  ( 34.86899380063083953, 8.952835937934295885, -3.535533905932756404 ) ) ;
#967 = CARTESIAN_POINT ( 'NONE',  ( -16.57805449634230754, 32.57377388877684155, 0.000000000000000000 ) ) ;
#968 = VERTEX_POINT ( 'NONE', #3007 ) ;
#969 = CARTESIAN_POINT ( 'NONE',  ( 0.000000000000000000, 0.000000000000000000, 2.000000000000000000 ) ) ;
#970 = CIRCLE ( 'NONE', #1698, 1.249999999999999334 ) ;
#971 = EDGE_LOOP ( 'NONE', ( #80, #2200 ) ) ;
#972 = EDGE_LOOP ( 'NONE', ( #14, #494, #3063, #3892 ) ) ;
#973 = FACE_OUTER_BOUND ( 'NONE', #659, .T. ) ;
#974 = LINE ( 'NONE', #3991, #2068 ) ;
#975 = AXIS2_PLACEMENT_3D ( 'NONE', #4263, #789, #1150 ) ;
#976 = EDGE_CURVE ( 'NONE', #1563, #968, #2959, .T. ) ;
#977 = DIRECTION ( 'NONE',  ( 1.000000000000000000, 0.000000000000000000, 0.000000000000000000 ) ) ;
#978 = AXIS2_PLACEMENT_3D ( 'NONE', #751, #3412, #403 ) ;
#979 = ORIENTED_EDGE ( 'NONE', *, *, #3525, .T. ) ;
#980 = DIRECTION ( 'NONE',  ( 8.253873643059921526E-15, 1.000000000000000000, 0.000000000000000000 ) ) ;
#981 = EDGE_CURVE ( 'NONE', #4779, #5008, #2653, .T. ) ;
#982 = FACE_OUTER_BOUND ( 'NONE', #1527, .T. ) ;
#983 = ADVANCED_FACE ( 'NONE', ( #4586 ), #298, .F. ) ;
#984 = VECTOR ( 'NONE', #429, 1000.000000000000000 ) ;
#985 = DIRECTION ( 'NONE',  ( -0.000000000000000000, -0.000000000000000000, -1.000000000000000000 ) ) ;
#986 = CARTESIAN_POINT ( 'NONE',  ( 6.745727325085971948, -35.36234102623281217, 0.000000000000000000 ) ) ;
#987 = VERTEX_POINT ( 'NONE', #4535 ) ;
#988 = EDGE_LOOP ( 'NONE', ( #3223, #635, #4458, #4212 ) ) ;
#989 = EDGE_CURVE ( 'NONE', #3254, #4788, #2302, .T. ) ;
#990 = DIRECTION ( 'NONE',  ( 1.000000000000000000, 0.000000000000000000, 0.000000000000000000 ) ) ;
#991 = EDGE_CURVE ( 'NONE', #1770, #3693, #760, .T. ) ;
#992 = DIRECTION ( 'NONE',  ( 0.000000000000000000, 0.000000000000000000, 1.000000000000000000 ) ) ;
#993 = ORIENTED_EDGE ( 'NONE', *, *, #3765, .T. ) ;
#994 = VECTOR ( 'NONE', #2128, 1000.000000000000000 ) ;
#995 = ADVANCED_FACE ( 'NONE', ( #1109 ), #3380, .F. ) ;
#996 = CARTESIAN_POINT ( 'NONE',  ( -24.99287058717058940, 24.64369581343301618, 2.000000000000000000 ) ) ;
#997 = ORIENTED_EDGE ( 'NONE', *, *, #2724, .T. ) ;
#998 = AXIS2_PLACEMENT_3D ( 'NONE', #2535, #4846, #626 ) ;
#999 = LINE ( 'NONE', #4877, #4210 ) ;
#1000 = VECTOR ( 'NONE', #3333, 1000.000000000000000 ) ;
#1001 = ORIENTED_EDGE ( 'NONE', *, *, #4310, .T. ) ;
#1002 = CARTESIAN_POINT ( 'NONE',  ( 11.12461179749801232, -34.23803458662555244, 2.000000000000000000 ) ) ;
#1003 = AXIS2_PLACEMENT_3D ( 'NONE', #1429, #4999, #1526 ) ;
#1004 = EDGE_LOOP ( 'NONE', ( #1286, #96, #2995, #724 ) ) ;
#1005 = CARTESIAN_POINT ( 'NONE',  ( -35.71612924732115602, 4.511996408315208207, 0.000000000000000000 ) ) ;
#1006 = DIRECTION ( 'NONE',  ( -0.000000000000000000, -0.000000000000000000, 1.000000000000000000 ) ) ;
#1007 = ORIENTED_EDGE ( 'NONE', *, *, #834, .F. ) ;
#1008 = DIRECTION ( 'NONE',  ( -8.253873643059921526E-15, -1.000000000000000000, 0.000000000000000000 ) ) ;
#1009 = DIRECTION ( 'NONE',  ( 1.000000000000000000, 0.000000000000000000, 0.000000000000000000 ) ) ;
#1010 = DIRECTION ( 'NONE',  ( -0.000000000000000000, -0.000000000000000000, 1.000000000000000000 ) ) ;
#1011 = CYLINDRICAL_SURFACE ( 'NONE', #2919, 1.250000000000001110 ) ;
#1012 = ORIENTED_EDGE ( 'NONE', *, *, #108, .F. ) ;
#1013 = EDGE_CURVE ( 'NONE', #4363, #2763, #931, .T. ) ;
#1014 = CARTESIAN_POINT ( 'NONE',  ( 15.32805449634254202, -32.57377388877674207, 2.000000000000000000 ) ) ;
#1015 = EDGE_CURVE ( 'NONE', #1153, #3112, #3758, .T. ) ;
#1016 = CARTESIAN_POINT ( 'NONE',  ( 0.000000000000000000, -26.00000000000000000, 3.013393125268148953 ) ) ;
#1017 = AXIS2_PLACEMENT_3D ( 'NONE', #3038, #3433, #2273 ) ;
#1018 = ORIENTED_EDGE ( 'NONE', *, *, #1515, .T. ) ;
#1019 = EDGE_CURVE ( 'NONE', #4672, #2689, #2474, .T. ) ;
#1020 = FACE_BOUND ( 'NONE', #1544, .T. ) ;
#1021 = AXIS2_PLACEMENT_3D ( 'NONE', #227, #1287, #3309 ) ;
#1022 = CARTESIAN_POINT ( 'NONE',  ( -5.000000000000020428, -26.00000000000000000, 7.000000000000000000 ) ) ;
#1023 = VERTEX_POINT ( 'NONE', #649 ) ;
#1024 = DIRECTION ( 'NONE',  ( 1.000000000000000000, 0.000000000000000000, 0.000000000000000000 ) ) ;
#1025 = CIRCLE ( 'NONE', #1829, 1.250000000000001110 ) ;
#1026 = EDGE_LOOP ( 'NONE', ( #1312, #3703, #3006, #1943 ) ) ;
#1027 = ORIENTED_EDGE ( 'NONE', *, *, #1013, .T. ) ;
#1028 = CARTESIAN_POINT ( 'NONE',  ( 35.71612924732126260, 4.511996408314459472, 2.000000000000000000 ) ) ;
#1029 = AXIS2_PLACEMENT_3D ( 'NONE', #4798, #985, #205 ) ;
#1030 = CARTESIAN_POINT ( 'NONE',  ( -15.32805449634230399, 32.57377388877684155, -3.535533905932756404 ) ) ;
#1031 = ORIENTED_EDGE ( 'NONE', *, *, #2656, .T. ) ;
#1032 = EDGE_LOOP ( 'NONE', ( #750, #3566, #4062, #4501 ) ) ;
#1033 = DIRECTION ( 'NONE',  ( 1.000000000000000000, 0.000000000000000000, 0.000000000000000000 ) ) ;
#1034 = CARTESIAN_POINT ( 'NONE',  ( -24.19726363095296762, -27.73847673992830209, -3.535533905932756404 ) ) ;
#1035 = CARTESIAN_POINT ( 'NONE',  ( -34.72195349197712488, -13.25248389664818838, 0.000000000000000000 ) ) ;
#1036 = LINE ( 'NONE', #3722, #88 ) ;
#1037 = ORIENTED_EDGE ( 'NONE', *, *, #3328, .F. ) ;
#1038 = VERTEX_POINT ( 'NONE', #1809 ) ;
#1039 = CARTESIAN_POINT ( 'NONE',  ( 26.24287058717113297, 24.64369581343245486, 2.000000000000000000 ) ) ;
#1040 = DIRECTION ( 'NONE',  ( 1.000000000000000000, 0.000000000000000000, 0.000000000000000000 ) ) ;
#1041 = ORIENTED_EDGE ( 'NONE', *, *, #4139, .T. ) ;
#1042 = ORIENTED_EDGE ( 'NONE', *, *, #2571, .T. ) ;
#1043 = CARTESIAN_POINT ( 'NONE',  ( 34.86899380063083953, 8.952835937934295885, 2.000000000000000000 ) ) ;
#1044 = ORIENTED_EDGE ( 'NONE', *, *, #3685, .T. ) ;
#1045 = CARTESIAN_POINT ( 'NONE',  ( 5.000000000000000888, -26.00000000000000000, 2.000000000000000000 ) ) ;
#1046 = ORIENTED_EDGE ( 'NONE', *, *, #553, .T. ) ;
#1047 = DIRECTION ( 'NONE',  ( 1.000000000000000000, 0.000000000000000000, 0.000000000000000000 ) ) ;
#1048 = EDGE_LOOP ( 'NONE', ( #1595, #4065 ) ) ;
#1049 = CARTESIAN_POINT ( 'NONE',  ( -35.71612924732115602, 4.511996408315208207, -3.535533905932756404 ) ) ;
#1050 = EDGE_CURVE ( 'NONE', #2272, #1759, #1431, .T. ) ;
#1051 = LINE ( 'NONE', #270, #1795 ) ;
#1052 = ORIENTED_EDGE ( 'NONE', *, *, #3442, .T. ) ;
#1053 = DIRECTION ( 'NONE',  ( 0.000000000000000000, 0.000000000000000000, 1.000000000000000000 ) ) ;
#1054 = ORIENTED_EDGE ( 'NONE', *, *, #4211, .F. ) ;
#1055 = AXIS2_PLACEMENT_3D ( 'NONE', #3512, #151, #4673 ) ;
#1056 = CARTESIAN_POINT ( 'NONE',  ( 36.96612924732126260, 4.511996408314459472, 2.000000000000000000 ) ) ;
#1057 = CARTESIAN_POINT ( 'NONE',  ( -20.53976461924359498, 30.39580531807271768, 0.000000000000000000 ) ) ;
#1058 = FACE_BOUND ( 'NONE', #1237, .T. ) ;
#1059 = VERTEX_POINT ( 'NONE', #2605 ) ;
#1060 = AXIS2_PLACEMENT_3D ( 'NONE', #1176, #812, #2723 ) ;
#1061 = EDGE_LOOP ( 'NONE', ( #313, #935 ) ) ;
#1062 = CYLINDRICAL_SURFACE ( 'NONE', #4171, 1.250000000000001110 ) ;
#1063 = AXIS2_PLACEMENT_3D ( 'NONE', #3705, #584, #2920 ) ;
#1064 = LINE ( 'NONE', #2613, #2534 ) ;
#1065 = VERTEX_POINT ( 'NONE', #4142 ) ;
#1066 = CARTESIAN_POINT ( 'NONE',  ( 18.03976461924423091, 30.39580531807231623, -3.535533905932756404 ) ) ;
#1067 = EDGE_CURVE ( 'NONE', #169, #827, #4162, .T. ) ;
#1068 = FACE_BOUND ( 'NONE', #4880, .T. ) ;
#1069 = DIRECTION ( 'NONE',  ( -0.000000000000000000, -0.000000000000000000, 1.000000000000000000 ) ) ;
#1070 = AXIS2_PLACEMENT_3D ( 'NONE', #966, #484, #2026 ) ;
#1071 = VERTEX_POINT ( 'NONE', #694 ) ;
#1072 = EDGE_CURVE ( 'NONE', #3302, #3640, #2220, .T. ) ;
#1073 = DIRECTION ( 'NONE',  ( -0.000000000000000000, -0.000000000000000000, 1.000000000000000000 ) ) ;
#1074 = EDGE_CURVE ( 'NONE', #987, #1324, #1652, .T. ) ;
#1075 = VECTOR ( 'NONE', #2318, 1000.000000000000000 ) ;
#1076 = EDGE_CURVE ( 'NONE', #125, #175, #769, .T. ) ;
#1077 = CARTESIAN_POINT ( 'NONE',  ( 22.94726363095315591, 27.73847673992813867, -3.535533905932756404 ) ) ;
#1078 = CIRCLE ( 'NONE', #3751, 1.250000000000001110 ) ;
#1079 = AXIS2_PLACEMENT_3D ( 'NONE', #822, #798, #771 ) ;
#1080 = ORIENTED_EDGE ( 'NONE', *, *, #416, .F. ) ;
#1081 = ORIENTED_EDGE ( 'NONE', *, *, #3708, .F. ) ;
#1082 = CARTESIAN_POINT ( 'NONE',  ( -22.94726363095257327, 27.73847673992861829, -3.535533905932756404 ) ) ;
#1083 = VERTEX_POINT ( 'NONE', #2701 ) ;
#1084 = ADVANCED_FACE ( 'NONE', ( #2315 ), #4716, .F. ) ;
#1085 = ADVANCED_FACE ( 'NONE', ( #3557 ), #1213, .F. ) ;
#1086 = DIRECTION ( 'NONE',  ( -0.000000000000000000, -0.000000000000000000, -1.000000000000000000 ) ) ;
#1087 = EDGE_CURVE ( 'NONE', #3076, #3592, #3352, .T. ) ;
#1088 = DIRECTION ( 'NONE',  ( -1.000000000000000000, 0.000000000000000000, 0.000000000000000000 ) ) ;
#1089 = FACE_BOUND ( 'NONE', #3299, .T. ) ;
#1090 = ORIENTED_EDGE ( 'NONE', *, *, #3531, .F. ) ;
#1091 = CARTESIAN_POINT ( 'NONE',  ( -22.94726363095257327, 27.73847673992861829, 2.000000000000000000 ) ) ;
#1092 = CIRCLE ( 'NONE', #1556, 1.699999999999999956 ) ;
#1093 = DIRECTION ( 'NONE',  ( 0.000000000000000000, 0.000000000000000000, 1.000000000000000000 ) ) ;
#1094 = VERTEX_POINT ( 'NONE', #796 ) ;
#1095 = DIRECTION ( 'NONE',  ( 0.000000000000000000, 0.000000000000000000, 1.000000000000000000 ) ) ;
#1096 = CYLINDRICAL_SURFACE ( 'NONE', #4102, 1.250000000000000444 ) ;
#1097 = VECTOR ( 'NONE', #3197, 1000.000000000000000 ) ;
#1098 = LINE ( 'NONE', #4184, #890 ) ;
#1099 = CIRCLE ( 'NONE', #3936, 1.500000000000000000 ) ;
#1100 = ORIENTED_EDGE ( 'NONE', *, *, #4232, .F. ) ;
#1101 = AXIS2_PLACEMENT_3D ( 'NONE', #557, #2842, #1771 ) ;
#1102 = CARTESIAN_POINT ( 'NONE',  ( 32.79704048157906726, -17.34313226766178673, 0.000000000000000000 ) ) ;
#1103 = ADVANCED_BREP_SHAPE_REPRESENTATION ( 'Drum - End', ( #303, #3264 ), #1256 ) ;
#1104 = CIRCLE ( 'NONE', #4256, 1.250000000000001110 ) ;
#1105 = DIRECTION ( 'NONE',  ( 1.000000000000000000, 0.000000000000000000, 0.000000000000000000 ) ) ;
#1106 = AXIS2_PLACEMENT_3D ( 'NONE', #1028, #3736, #3400 ) ;
#1107 = VERTEX_POINT ( 'NONE', #820 ) ;
#1108 = EDGE_LOOP ( 'NONE', ( #664, #1192, #2481, #2105 ) ) ;
#1109 = FACE_OUTER_BOUND ( 'NONE', #2290, .T. ) ;
#1110 = DIRECTION ( 'NONE',  ( 1.000000000000000000, 0.000000000000000000, 0.000000000000000000 ) ) ;
#1111 = DIRECTION ( 'NONE',  ( 0.000000000000000000, 0.000000000000000000, -1.000000000000000000 ) ) ;
#1112 = FACE_BOUND ( 'NONE', #753, .T. ) ;
#1113 = AXIS2_PLACEMENT_3D ( 'NONE', #2826, #1948, #886 ) ;
#1114 = VERTEX_POINT ( 'NONE', #1986 ) ;
#1115 = ORIENTED_EDGE ( 'NONE', *, *, #4777, .T. ) ;
#1116 = DIRECTION ( 'NONE',  ( -1.000000000000000000, 0.000000000000000000, 0.000000000000000000 ) ) ;
#1117 = CARTESIAN_POINT ( 'NONE',  ( -5.000000000000000888, 26.00000000000000000, 7.000000000000000000 ) ) ;
#1118 = VERTEX_POINT ( 'NONE', #4243 ) ;
#1119 = DIRECTION ( 'NONE',  ( 1.000000000000000000, 0.000000000000000000, 0.000000000000000000 ) ) ;
#1120 = EDGE_LOOP ( 'NONE', ( #4227, #1384, #3918, #448 ) ) ;
#1121 = DIRECTION ( 'NONE',  ( 1.000000000000000000, 0.000000000000000000, 0.000000000000000000 ) ) ;
#1122 = DIRECTION ( 'NONE',  ( 1.000000000000000000, 0.000000000000000000, 0.000000000000000000 ) ) ;
#1123 = DIRECTION ( 'NONE',  ( 1.000000000000000000, 0.000000000000000000, 0.000000000000000000 ) ) ;
#1124 = DIRECTION ( 'NONE',  ( -0.000000000000000000, -0.000000000000000000, 1.000000000000000000 ) ) ;
#1125 = ORIENTED_EDGE ( 'NONE', *, *, #2485, .T. ) ;
#1126 = VERTEX_POINT ( 'NONE', #2007 ) ;
#1127 = DIRECTION ( 'NONE',  ( 1.000000000000000000, 0.000000000000000000, 0.000000000000000000 ) ) ;
#1128 = ORIENTED_EDGE ( 'NONE', *, *, #3303, .T. ) ;
#1129 = EDGE_CURVE ( 'NONE', #3308, #688, #128, .T. ) ;
#1130 = LINE ( 'NONE', #2192, #4962 ) ;
#1131 = DIRECTION ( 'NONE',  ( -0.000000000000000000, -0.000000000000000000, -1.000000000000000000 ) ) ;
#1132 = FACE_BOUND ( 'NONE', #3983, .T. ) ;
#1133 = VERTEX_POINT ( 'NONE', #393 ) ;
#1134 = CIRCLE ( 'NONE', #1055, 5.000000000000000888 ) ;
#1135 = ORIENTED_EDGE ( 'NONE', *, *, #1763, .F. ) ;
#1136 = CARTESIAN_POINT ( 'NONE',  ( -1.815570296198429345E-13, -26.00000000000000000, 9.000000000000001776 ) ) ;
#1137 = EDGE_CURVE ( 'NONE', #1808, #4390, #3888, .T. ) ;
#1138 = EDGE_CURVE ( 'NONE', #2155, #1808, #4009, .T. ) ;
#1139 = VECTOR ( 'NONE', #2204, 1000.000000000000000 ) ;
#1140 = ORIENTED_EDGE ( 'NONE', *, *, #2375, .T. ) ;
#1141 = LINE ( 'NONE', #3434, #3805 ) ;
#1142 = DIRECTION ( 'NONE',  ( -0.000000000000000000, -0.000000000000000000, -1.000000000000000000 ) ) ;
#1143 = EDGE_CURVE ( 'NONE', #3000, #901, #300, .T. ) ;
#1144 = VERTEX_POINT ( 'NONE', #2736 ) ;
#1145 = FACE_OUTER_BOUND ( 'NONE', #3625, .T. ) ;
#1146 = CIRCLE ( 'NONE', #3484, 1.250000000000000444 ) ;
#1147 = CARTESIAN_POINT ( 'NONE',  ( 30.37461179749808338, -21.16026908252907646, 0.000000000000000000 ) ) ;
#1148 = ADVANCED_FACE ( 'NONE', ( #47 ), #3176, .F. ) ;
#1149 = EDGE_CURVE ( 'NONE', #2134, #4356, #521, .T. ) ;
#1150 = DIRECTION ( 'NONE',  ( 1.000000000000000000, 0.000000000000000000, 0.000000000000000000 ) ) ;
#1151 = DIRECTION ( 'NONE',  ( -0.000000000000000000, -0.000000000000000000, 1.000000000000000000 ) ) ;
#1152 = CARTESIAN_POINT ( 'NONE',  ( -4.000000000000194511, -28.31187913226527897, 9.000000000000001776 ) ) ;
#1153 = VERTEX_POINT ( 'NONE', #1955 ) ;
#1154 = ORIENTED_EDGE ( 'NONE', *, *, #792, .T. ) ;
#1155 = DIRECTION ( 'NONE',  ( -0.000000000000000000, -0.000000000000000000, 1.000000000000000000 ) ) ;
#1156 = ORIENTED_EDGE ( 'NONE', *, *, #2787, .T. ) ;
#1157 = FACE_OUTER_BOUND ( 'NONE', #4133, .T. ) ;
#1158 = DIRECTION ( 'NONE',  ( -0.000000000000000000, -0.000000000000000000, 1.000000000000000000 ) ) ;
#1159 = AXIS2_PLACEMENT_3D ( 'NONE', #398, #801, #1659 ) ;
#1160 = DIRECTION ( 'NONE',  ( 1.000000000000000000, 0.000000000000000000, 0.000000000000000000 ) ) ;
#1161 = CIRCLE ( 'NONE', #273, 1.250000000000001110 ) ;
#1162 = VERTEX_POINT ( 'NONE', #1262 ) ;
#1163 = VERTEX_POINT ( 'NONE', #3504 ) ;
#1164 = CARTESIAN_POINT ( 'NONE',  ( -6.745727325086230408, -35.36234102623276954, -3.535533905932756404 ) ) ;
#1165 = CIRCLE ( 'NONE', #1962, 1.250000000000001110 ) ;
#1166 = ORIENTED_EDGE ( 'NONE', *, *, #4468, .T. ) ;
#1167 = DIRECTION ( 'NONE',  ( 1.000000000000000000, 0.000000000000000000, 0.000000000000000000 ) ) ;
#1168 = EDGE_CURVE ( 'NONE', #2781, #3037, #2489, .T. ) ;
#1169 = CARTESIAN_POINT ( 'NONE',  ( 34.86899380063083953, 8.952835937934295885, 0.000000000000000000 ) ) ;
#1170 = AXIS2_PLACEMENT_3D ( 'NONE', #1169, #2980, #2301 ) ;
#1171 = VERTEX_POINT ( 'NONE', #2292 ) ;
#1172 = EDGE_CURVE ( 'NONE', #2680, #2014, #1907, .T. ) ;
#1173 = DIRECTION ( 'NONE',  ( -1.000000000000000000, -3.751760746845413587E-16, 0.000000000000000000 ) ) ;
#1174 = ORIENTED_EDGE ( 'NONE', *, *, #4455, .F. ) ;
#1175 = DIRECTION ( 'NONE',  ( 0.000000000000000000, 0.000000000000000000, 1.000000000000000000 ) ) ;
#1176 = CARTESIAN_POINT ( 'NONE',  ( 19.28976461924380459, -30.39580531807259334, -3.535533905932756404 ) ) ;
#1177 = CARTESIAN_POINT ( 'NONE',  ( 0.000000000000000000, 0.000000000000000000, 55.74011537017760531 ) ) ;
#1178 = VECTOR ( 'NONE', #4190, 1000.000000000000000 ) ;
#1179 = LINE ( 'NONE', #3499, #4864 ) ;
#1180 = VECTOR ( 'NONE', #1653, 1000.000000000000000 ) ;
#1181 = FACE_OUTER_BOUND ( 'NONE', #1120, .T. ) ;
#1182 = VECTOR ( 'NONE', #284, 1000.000000000000000 ) ;
#1183 = ORIENTED_EDGE ( 'NONE', *, *, #2636, .F. ) ;
#1184 = ORIENTED_EDGE ( 'NONE', *, *, #4455, .T. ) ;
#1185 = CARTESIAN_POINT ( 'NONE',  ( 0.000000000000000000, -26.00000000000000000, 4.500000000000000000 ) ) ;
#1186 = ORIENTED_EDGE ( 'NONE', *, *, #455, .T. ) ;
#1187 = DIRECTION ( 'NONE',  ( 1.000000000000000000, 0.000000000000000000, 0.000000000000000000 ) ) ;
#1188 = AXIS2_PLACEMENT_3D ( 'NONE', #426, #3543, #1268 ) ;
#1189 = ORIENTED_EDGE ( 'NONE', *, *, #4311, .F. ) ;
#1190 = DIRECTION ( 'NONE',  ( 1.000000000000000000, 0.000000000000000000, 0.000000000000000000 ) ) ;
#1191 = FACE_OUTER_BOUND ( 'NONE', #2859, .T. ) ;
#1192 = ORIENTED_EDGE ( 'NONE', *, *, #2280, .T. ) ;
#1193 = CIRCLE ( 'NONE', #3274, 1.250000000000001110 ) ;
#1194 = VERTEX_POINT ( 'NONE', #3077 ) ;
#1195 = CIRCLE ( 'NONE', #4023, 1.250000000000001110 ) ;
#1196 = CARTESIAN_POINT ( 'NONE',  ( 31.54704048157931595, 17.34313226766133198, -3.535533905932756404 ) ) ;
#1197 = CIRCLE ( 'NONE', #3782, 1.250000000000001110 ) ;
#1198 = ORIENTED_EDGE ( 'NONE', *, *, #334, .T. ) ;
#1199 = DIRECTION ( 'NONE',  ( -1.000000000000000000, 0.000000000000000000, 0.000000000000000000 ) ) ;
#1200 = VECTOR ( 'NONE', #2032, 1000.000000000000000 ) ;
#1201 = DIRECTION ( 'NONE',  ( 1.000000000000000000, 0.000000000000000000, 0.000000000000000000 ) ) ;
#1202 = ORIENTED_EDGE ( 'NONE', *, *, #916, .T. ) ;
#1203 = LINE ( 'NONE', #4780, #2964 ) ;
#1204 = CYLINDRICAL_SURFACE ( 'NONE', #4654, 1.250000000000001110 ) ;
#1205 = CARTESIAN_POINT ( 'NONE',  ( 0.000000000000000000, 0.000000000000000000, 7.000000000000000000 ) ) ;
#1206 = DIRECTION ( 'NONE',  ( -0.000000000000000000, -0.000000000000000000, -1.000000000000000000 ) ) ;
#1207 = EDGE_CURVE ( 'NONE', #673, #2430, #4680, .T. ) ;
#1208 = CARTESIAN_POINT ( 'NONE',  ( -32.79704048157919516, -17.34313226766155935, 2.000000000000000000 ) ) ;
#1209 = EDGE_LOOP ( 'NONE', ( #3614, #2271 ) ) ;
#1210 = DIRECTION ( 'NONE',  ( 1.000000000000000000, 0.000000000000000000, 0.000000000000000000 ) ) ;
#1211 = EDGE_CURVE ( 'NONE', #3281, #1775, #1193, .T. ) ;
#1212 = EDGE_LOOP ( 'NONE', ( #234, #500, #4241, #516 ) ) ;
#1213 = PLANE ( 'NONE',  #2311 ) ;
#1214 = CARTESIAN_POINT ( 'NONE',  ( -22.94726363095296762, -27.73847673992830209, 2.000000000000000000 ) ) ;
#1215 = EDGE_CURVE ( 'NONE', #4298, #2684, #195, .T. ) ;
#1216 = VERTEX_POINT ( 'NONE', #490 ) ;
#1217 = DIRECTION ( 'NONE',  ( -0.000000000000000000, -0.000000000000000000, -1.000000000000000000 ) ) ;
#1218 = CARTESIAN_POINT ( 'NONE',  ( -35.71612924732121996, -4.511996408314707274, 0.000000000000000000 ) ) ;
#1219 = ORIENTED_EDGE ( 'NONE', *, *, #4834, .F. ) ;
#1220 = VERTEX_POINT ( 'NONE', #1761 ) ;
#1221 = CYLINDRICAL_SURFACE ( 'NONE', #860, 1.250000000000000222 ) ;
#1222 = CARTESIAN_POINT ( 'NONE',  ( 0.000000000000000000, -26.00000000000000000, 4.500000000000000000 ) ) ;
#1223 = CIRCLE ( 'NONE', #7, 1.250000000000001110 ) ;
#1224 = ORIENTED_EDGE ( 'NONE', *, *, #3681, .T. ) ;
#1225 = DIRECTION ( 'NONE',  ( -0.000000000000000000, -0.000000000000000000, 1.000000000000000000 ) ) ;
#1226 = EDGE_CURVE ( 'NONE', #2763, #4363, #2729, .T. ) ;
#1227 = ORIENTED_EDGE ( 'NONE', *, *, #2941, .F. ) ;
#1228 = CIRCLE ( 'NONE', #2925, 1.249999999999999778 ) ;
#1229 = CARTESIAN_POINT ( 'NONE',  ( 0.000000000000000000, 26.00000000000000000, -4.808326112068523450 ) ) ;
#1230 = AXIS2_PLACEMENT_3D ( 'NONE', #2097, #4472, #180 ) ;
#1231 = FACE_OUTER_BOUND ( 'NONE', #875, .T. ) ;
#1232 = FACE_OUTER_BOUND ( 'NONE', #2294, .T. ) ;
#1233 = VECTOR ( 'NONE', #1666, 1000.000000000000000 ) ;
#1234 = CARTESIAN_POINT ( 'NONE',  ( 29.12461179749808338, -21.16026908252907646, -3.535533905932756404 ) ) ;
#1235 = AXIS2_PLACEMENT_3D ( 'NONE', #3069, #37, #4650 ) ;
#1236 = EDGE_CURVE ( 'NONE', #2956, #1935, #1025, .T. ) ;
#1237 = EDGE_LOOP ( 'NONE', ( #478, #4315 ) ) ;
#1238 = EDGE_CURVE ( 'NONE', #2814, #1555, #1330, .T. ) ;
#1239 = EDGE_LOOP ( 'NONE', ( #4847, #3718, #3454, #107 ) ) ;
#1240 = DIRECTION ( 'NONE',  ( -5.627641120268128170E-15, 1.000000000000000000, 0.000000000000000000 ) ) ;
#1241 = ORIENTED_EDGE ( 'NONE', *, *, #2879, .F. ) ;
#1242 = CARTESIAN_POINT ( 'NONE',  ( 39.00000000000000000, 4.776122516674677878E-15, 0.000000000000000000 ) ) ;
#1243 = ORIENTED_EDGE ( 'NONE', *, *, #3833, .T. ) ;
#1244 = DIRECTION ( 'NONE',  ( 8.253873643059923104E-15, 1.000000000000000000, 0.000000000000000000 ) ) ;
#1245 = VERTEX_POINT ( 'NONE', #2505 ) ;
#1246 = ORIENTED_EDGE ( 'NONE', *, *, #4439, .T. ) ;
#1247 = EDGE_CURVE ( 'NONE', #2106, #3713, #1667, .T. ) ;
#1248 = EDGE_CURVE ( 'NONE', #1118, #1216, #1424, .T. ) ;
#1249 = DIRECTION ( 'NONE',  ( 1.000000000000000000, 0.000000000000000000, -0.000000000000000000 ) ) ;
#1250 = AXIS2_PLACEMENT_3D ( 'NONE', #4506, #2061, #2888 ) ;
#1251 = CIRCLE ( 'NONE', #1717, 1.250000000000001110 ) ;
#1252 = LINE ( 'NONE', #3591, #3807 ) ;
#1253 = VERTEX_POINT ( 'NONE', #2909 ) ;
#1254 = VECTOR ( 'NONE', #2501, 1000.000000000000000 ) ;
#1255 = VERTEX_POINT ( 'NONE', #2424 ) ;
#1256 =( GEOMETRIC_REPRESENTATION_CONTEXT ( 3 ) GLOBAL_UNCERTAINTY_ASSIGNED_CONTEXT ( ( #3920 ) ) GLOBAL_UNIT_ASSIGNED_CONTEXT ( ( #4800, #1317, #4389 ) ) REPRESENTATION_CONTEXT ( 'NONE', 'WORKASPACE' ) );
#1257 = FACE_OUTER_BOUND ( 'NONE', #4285, .T. ) ;
#1258 = CYLINDRICAL_SURFACE ( 'NONE', #4350, 1.250000000000001110 ) ;
#1259 = DIRECTION ( 'NONE',  ( -0.000000000000000000, -0.000000000000000000, 1.000000000000000000 ) ) ;
#1260 = DIRECTION ( 'NONE',  ( 1.000000000000000000, 0.000000000000000000, 0.000000000000000000 ) ) ;
#1261 = DIRECTION ( 'NONE',  ( -0.000000000000000000, -0.000000000000000000, -1.000000000000000000 ) ) ;
#1262 = CARTESIAN_POINT ( 'NONE',  ( 30.29704048157907081, -17.34313226766178673, 2.000000000000000000 ) ) ;
#1263 = EDGE_LOOP ( 'NONE', ( #1100, #4921 ) ) ;
#1264 = CARTESIAN_POINT ( 'NONE',  ( 26.24287058717076349, -24.64369581343283500, 0.000000000000000000 ) ) ;
#1265 = DIRECTION ( 'NONE',  ( 1.000000000000000000, 0.000000000000000000, -0.000000000000000000 ) ) ;
#1266 = ORIENTED_EDGE ( 'NONE', *, *, #3513, .T. ) ;
#1267 = ORIENTED_EDGE ( 'NONE', *, *, #2656, .F. ) ;
#1268 = DIRECTION ( 'NONE',  ( 1.000000000000000000, 0.000000000000000000, 0.000000000000000000 ) ) ;
#1269 = AXIS2_PLACEMENT_3D ( 'NONE', #4491, #2544, #4084 ) ;
#1270 = CARTESIAN_POINT ( 'NONE',  ( -2.260458703055409746, -35.92896222341775569, 0.000000000000000000 ) ) ;
#1271 = VECTOR ( 'NONE', #4281, 1000.000000000000000 ) ;
#1272 = AXIS2_PLACEMENT_3D ( 'NONE', #3753, #4857, #3730 ) ;
#1273 = VERTEX_POINT ( 'NONE', #3690 ) ;
#1274 = AXIS2_PLACEMENT_3D ( 'NONE', #3893, #1677, #3986 ) ;
#1275 = CYLINDRICAL_SURFACE ( 'NONE', #1783, 1.699999999999999956 ) ;
#1276 = CARTESIAN_POINT ( 'NONE',  ( 37.25000000000000000, 0.000000000000000000, 0.000000000000000000 ) ) ;
#1277 = FACE_BOUND ( 'NONE', #3432, .T. ) ;
#1278 = CARTESIAN_POINT ( 'NONE',  ( -19.00000000000000000, 0.000000000000000000, 2.000000000000001776 ) ) ;
#1279 = LINE ( 'NONE', #2449, #1180 ) ;
#1280 = CARTESIAN_POINT ( 'NONE',  ( -34.86899380063064768, 8.952835937935043731, 0.000000000000000000 ) ) ;
#1281 = EDGE_LOOP ( 'NONE', ( #3604, #2206, #4224, #4541 ) ) ;
#1282 = CARTESIAN_POINT ( 'NONE',  ( 4.000000000000000888, 26.00000000000000000, 7.000000000000000000 ) ) ;
#1283 = DIRECTION ( 'NONE',  ( 1.000000000000000000, 0.000000000000000000, 0.000000000000000000 ) ) ;
#1284 = VERTEX_POINT ( 'NONE', #2882 ) ;
#1285 = EDGE_CURVE ( 'NONE', #4678, #2820, #974, .T. ) ;
#1286 = ORIENTED_EDGE ( 'NONE', *, *, #757, .F. ) ;
#1287 = DIRECTION ( 'NONE',  ( 0.000000000000000000, 0.000000000000000000, 1.000000000000000000 ) ) ;
#1288 = CARTESIAN_POINT ( 'NONE',  ( 0.000000000000000000, 0.000000000000000000, 7.000000000000000000 ) ) ;
#1289 = DIRECTION ( 'NONE',  ( -0.000000000000000000, -0.000000000000000000, -1.000000000000000000 ) ) ;
#1290 = CARTESIAN_POINT ( 'NONE',  ( 1.699999999999999956, -26.00000000000000000, 7.000000000000000000 ) ) ;
#1291 = EDGE_LOOP ( 'NONE', ( #2716, #440, #3864, #445 ) ) ;
#1292 = ADVANCED_FACE ( 'NONE', ( #2852 ), #2477, .F. ) ;
#1293 = DIRECTION ( 'NONE',  ( -0.000000000000000000, -0.000000000000000000, -1.000000000000000000 ) ) ;
#1294 = EDGE_CURVE ( 'NONE', #1478, #1126, #4020, .T. ) ;
#1295 = AXIS2_PLACEMENT_3D ( 'NONE', #11, #3885, #2694 ) ;
#1296 = EDGE_CURVE ( 'NONE', #688, #3308, #3859, .T. ) ;
#1297 = CYLINDRICAL_SURFACE ( 'NONE', #91, 1.249999999999999334 ) ;
#1298 = ORIENTED_EDGE ( 'NONE', *, *, #1357, .T. ) ;
#1299 = AXIS2_PLACEMENT_3D ( 'NONE', #2463, #1691, #882 ) ;
#1300 = EDGE_CURVE ( 'NONE', #1324, #987, #1673, .T. ) ;
#1301 = FACE_BOUND ( 'NONE', #4313, .T. ) ;
#1302 = EDGE_CURVE ( 'NONE', #1436, #1573, #2319, .T. ) ;
#1303 = CARTESIAN_POINT ( 'NONE',  ( 27.87461179749808338, -21.16026908252907646, 0.000000000000000000 ) ) ;
#1304 = DIRECTION ( 'NONE',  ( -0.000000000000000000, -0.000000000000000000, -1.000000000000000000 ) ) ;
#1305 = ORIENTED_EDGE ( 'NONE', *, *, #4923, .F. ) ;
#1306 = CARTESIAN_POINT ( 'NONE',  ( 29.12461179749837825, 21.16026908252864658, -3.535533905932756404 ) ) ;
#1307 = FACE_OUTER_BOUND ( 'NONE', #824, .T. ) ;
#1308 = AXIS2_PLACEMENT_3D ( 'NONE', #4201, #311, #4644 ) ;
#1309 = FACE_OUTER_BOUND ( 'NONE', #1597, .T. ) ;
#1310 = FACE_OUTER_BOUND ( 'NONE', #4461, .T. ) ;
#1311 = ORIENTED_EDGE ( 'NONE', *, *, #3296, .F. ) ;
#1312 = ORIENTED_EDGE ( 'NONE', *, *, #697, .T. ) ;
#1313 = FACE_OUTER_BOUND ( 'NONE', #4969, .T. ) ;
#1314 = CARTESIAN_POINT ( 'NONE',  ( 15.32805449634254202, -32.57377388877674207, -3.535533905932756404 ) ) ;
#1315 = LINE ( 'NONE', #4414, #4345 ) ;
#1316 = DIRECTION ( 'NONE',  ( 1.000000000000000000, 0.000000000000000000, 0.000000000000000000 ) ) ;
#1317 =( NAMED_UNIT ( * ) PLANE_ANGLE_UNIT ( ) SI_UNIT ( $, .RADIAN. ) );
#1318 = ORIENTED_EDGE ( 'NONE', *, *, #3548, .F. ) ;
#1319 = DIRECTION ( 'NONE',  ( 1.000000000000000000, -3.469446951953614189E-15, -0.000000000000000000 ) ) ;
#1320 = CIRCLE ( 'NONE', #3419, 1.249999999999999334 ) ;
#1321 = CARTESIAN_POINT ( 'NONE',  ( -2.260458703054892382, 35.92896222341780543, 0.000000000000000000 ) ) ;
#1322 = EDGE_CURVE ( 'NONE', #1784, #1393, #4348, .T. ) ;
#1323 = AXIS2_PLACEMENT_3D ( 'NONE', #3378, #320, #1853 ) ;
#1324 = VERTEX_POINT ( 'NONE', #3582 ) ;
#1325 = DIRECTION ( 'NONE',  ( -0.000000000000000000, -0.000000000000000000, 1.000000000000000000 ) ) ;
#1326 = DIRECTION ( 'NONE',  ( 1.000000000000000000, 0.000000000000000000, 0.000000000000000000 ) ) ;
#1327 = DIRECTION ( 'NONE',  ( 0.000000000000000000, 0.000000000000000000, 1.000000000000000000 ) ) ;
#1328 = ORIENTED_EDGE ( 'NONE', *, *, #3550, .T. ) ;
#1329 = CARTESIAN_POINT ( 'NONE',  ( 19.00000000000000000, 2.326828918379970576E-15, 55.74011537017760531 ) ) ;
#1330 = LINE ( 'NONE', #4842, #3857 ) ;
#1331 = DIRECTION ( 'NONE',  ( -0.000000000000000000, -0.000000000000000000, 1.000000000000000000 ) ) ;
#1332 = DIRECTION ( 'NONE',  ( 1.000000000000000000, 0.000000000000000000, 0.000000000000000000 ) ) ;
#1333 = ORIENTED_EDGE ( 'NONE', *, *, #4082, .T. ) ;
#1334 = ORIENTED_EDGE ( 'NONE', *, *, #4573, .F. ) ;
#1335 = ORIENTED_EDGE ( 'NONE', *, *, #2795, .F. ) ;
#1336 = CARTESIAN_POINT ( 'NONE',  ( 24.99287058717076349, -24.64369581343283500, -3.535533905932756404 ) ) ;
#1337 = CARTESIAN_POINT ( 'NONE',  ( -12.37461179749777607, 34.23803458662563770, -3.535533905932756404 ) ) ;
#1338 = LINE ( 'NONE', #602, #1592 ) ;
#1339 = DIRECTION ( 'NONE',  ( 1.000000000000000000, 0.000000000000000000, 0.000000000000000000 ) ) ;
#1340 = EDGE_LOOP ( 'NONE', ( #4168, #1298, #1989, #1722 ) ) ;
#1341 = ORIENTED_EDGE ( 'NONE', *, *, #1019, .F. ) ;
#1342 = CARTESIAN_POINT ( 'NONE',  ( -26.24287058717059296, 24.64369581343301618, -3.535533905932756404 ) ) ;
#1343 = VERTEX_POINT ( 'NONE', #4768 ) ;
#1344 = CIRCLE ( 'NONE', #4174, 1.249999999999999334 ) ;
#1346 = AXIS2_PLACEMENT_3D ( 'NONE', #4882, #2958, #4974 ) ;
#1345 = FACE_OUTER_BOUND ( 'NONE', #1212, .T. ) ;
#1347 = ORIENTED_EDGE ( 'NONE', *, *, #3024, .T. ) ;
#1348 = VECTOR ( 'NONE', #4425, 1000.000000000000000 ) ;
#1349 = DIRECTION ( 'NONE',  ( 1.000000000000000000, 0.000000000000000000, 0.000000000000000000 ) ) ;
#1350 = DIRECTION ( 'NONE',  ( 1.000000000000000000, 0.000000000000000000, 0.000000000000000000 ) ) ;
#1351 = CIRCLE ( 'NONE', #3371, 1.250000000000007994 ) ;
#1352 = ORIENTED_EDGE ( 'NONE', *, *, #4671, .T. ) ;
#1353 = CARTESIAN_POINT ( 'NONE',  ( -32.79704048157894647, 17.34313226766200344, -3.535533905932756404 ) ) ;
#1354 = EDGE_CURVE ( 'NONE', #1083, #1882, #1834, .T. ) ;
#1355 = ORIENTED_EDGE ( 'NONE', *, *, #4297, .F. ) ;
#1356 = DIRECTION ( 'NONE',  ( 0.000000000000000000, 0.000000000000000000, 1.000000000000000000 ) ) ;
#1357 = EDGE_CURVE ( 'NONE', #4332, #5012, #2237, .T. ) ;
#1358 = CARTESIAN_POINT ( 'NONE',  ( -5.000000000000182077, -25.99999999999996447, 9.000000000000001776 ) ) ;
#1359 = ADVANCED_FACE ( 'NONE', ( #1307 ), #4404, .F. ) ;
#1360 = DIRECTION ( 'NONE',  ( 1.000000000000000000, 0.000000000000000000, 0.000000000000000000 ) ) ;
#1361 = EDGE_CURVE ( 'NONE', #2118, #4779, #2152, .T. ) ;
#1362 = ORIENTED_EDGE ( 'NONE', *, *, #3473, .F. ) ;
#1363 = CARTESIAN_POINT ( 'NONE',  ( 32.79704048157931595, 17.34313226766133198, 0.000000000000000000 ) ) ;
#1364 = EDGE_CURVE ( 'NONE', #2749, #4978, #3136, .T. ) ;
#1365 = LINE ( 'NONE', #4440, #3825 ) ;
#1366 = CARTESIAN_POINT ( 'NONE',  ( -31.54704048157895002, 17.34313226766200344, 0.000000000000000000 ) ) ;
#1367 = DIRECTION ( 'NONE',  ( -0.000000000000000000, -0.000000000000000000, 1.000000000000000000 ) ) ;
#1368 = VERTEX_POINT ( 'NONE', #3023 ) ;
#1369 = DIRECTION ( 'NONE',  ( -0.000000000000000000, -0.000000000000000000, 1.000000000000000000 ) ) ;
#1370 = LINE ( 'NONE', #2973, #4471 ) ;
#1371 = ORIENTED_EDGE ( 'NONE', *, *, #2934, .T. ) ;
#1372 = DIRECTION ( 'NONE',  ( 0.000000000000000000, 0.000000000000000000, 1.000000000000000000 ) ) ;
#1373 = LINE ( 'NONE', #2594, #1139 ) ;
#1374 = ORIENTED_EDGE ( 'NONE', *, *, #3413, .T. ) ;
#1375 = FACE_OUTER_BOUND ( 'NONE', #4280, .T. ) ;
#1376 = CIRCLE ( 'NONE', #3726, 1.250000000000001110 ) ;
#1377 = EDGE_LOOP ( 'NONE', ( #3933, #4479 ) ) ;
#1378 = DIRECTION ( 'NONE',  ( 0.000000000000000000, 0.000000000000000000, 1.000000000000000000 ) ) ;
#1379 = CIRCLE ( 'NONE', #4383, 28.74999999999999645 ) ;
#1380 = ADVANCED_FACE ( 'NONE', ( #2599 ), #3351, .F. ) ;
#1381 = CARTESIAN_POINT ( 'NONE',  ( 35.71612924732120575, -4.511996408314965734, 0.000000000000000000 ) ) ;
#1382 = EDGE_CURVE ( 'NONE', #1555, #683, #4687, .T. ) ;
#1383 = AXIS2_PLACEMENT_3D ( 'NONE', #1647, #1674, #3211 ) ;
#1384 = ORIENTED_EDGE ( 'NONE', *, *, #3158, .F. ) ;
#1385 = CARTESIAN_POINT ( 'NONE',  ( -27.87461179749791640, 21.16026908252928962, 0.000000000000000000 ) ) ;
#1386 = DIRECTION ( 'NONE',  ( -0.000000000000000000, -0.000000000000000000, 1.000000000000000000 ) ) ;
#1387 = LINE ( 'NONE', #252, #3947 ) ;
#1388 = CARTESIAN_POINT ( 'NONE',  ( 5.495727325086489756, 35.36234102623271269, -3.535533905932756404 ) ) ;
#1389 = EDGE_CURVE ( 'NONE', #1993, #1126, #4267, .T. ) ;
#1390 = ORIENTED_EDGE ( 'NONE', *, *, #1067, .F. ) ;
#1391 = DIRECTION ( 'NONE',  ( 1.000000000000000000, 0.000000000000000000, 0.000000000000000000 ) ) ;
#1392 = FACE_OUTER_BOUND ( 'NONE', #2404, .T. ) ;
#1393 = VERTEX_POINT ( 'NONE', #4480 ) ;
#1394 = CARTESIAN_POINT ( 'NONE',  ( -3.000000000000000000, 26.00000000000000000, 3.013393125268148953 ) ) ;
#1395 = VECTOR ( 'NONE', #1934, 1000.000000000000000 ) ;
#1396 = FACE_OUTER_BOUND ( 'NONE', #2102, .T. ) ;
#1397 = VECTOR ( 'NONE', #4559, 1000.000000000000000 ) ;
#1398 = ORIENTED_EDGE ( 'NONE', *, *, #572, .T. ) ;
#1399 = FACE_OUTER_BOUND ( 'NONE', #2739, .T. ) ;
#1400 = EDGE_LOOP ( 'NONE', ( #4934, #3376 ) ) ;
#1401 = AXIS2_PLACEMENT_3D ( 'NONE', #2337, #3914, #415 ) ;
#1402 = EDGE_LOOP ( 'NONE', ( #3368, #802, #2791, #2841 ) ) ;
#1403 = DIRECTION ( 'NONE',  ( -1.000000000000000000, 0.000000000000000000, 0.000000000000000000 ) ) ;
#1404 = CYLINDRICAL_SURFACE ( 'NONE', #3496, 1.249999999999999334 ) ;
#1405 = ORIENTED_EDGE ( 'NONE', *, *, #4208, .F. ) ;
#1406 = CARTESIAN_POINT ( 'NONE',  ( 36.00000000000000000, 0.000000000000000000, -3.535533905932756404 ) ) ;
#1407 = DIRECTION ( 'NONE',  ( 0.000000000000000000, 0.000000000000000000, 1.000000000000000000 ) ) ;
#1408 = DIRECTION ( 'NONE',  ( 1.000000000000000000, 0.000000000000000000, 0.000000000000000000 ) ) ;
#1409 = CYLINDRICAL_SURFACE ( 'NONE', #3394, 1.249999999999999334 ) ;
#1410 = ORIENTED_EDGE ( 'NONE', *, *, #3548, .T. ) ;
#1411 = VERTEX_POINT ( 'NONE', #4186 ) ;
#1412 = AXIS2_PLACEMENT_3D ( 'NONE', #322, #4613, #1127 ) ;
#1413 = DIRECTION ( 'NONE',  ( -0.000000000000000000, -0.000000000000000000, 1.000000000000000000 ) ) ;
#1414 = CYLINDRICAL_SURFACE ( 'NONE', #258, 1.250000000000001110 ) ;
#1415 = AXIS2_PLACEMENT_3D ( 'NONE', #2612, #747, #2299 ) ;
#1416 = EDGE_LOOP ( 'NONE', ( #392, #4608, #1930, #2577 ) ) ;
#1417 = VERTEX_POINT ( 'NONE', #242 ) ;
#1418 = FACE_BOUND ( 'NONE', #1928, .T. ) ;
#1419 = CIRCLE ( 'NONE', #218, 1.250000000000001110 ) ;
#1420 = EDGE_CURVE ( 'NONE', #3037, #2781, #948, .T. ) ;
#1421 = DIRECTION ( 'NONE',  ( -0.000000000000000000, -0.000000000000000000, 1.000000000000000000 ) ) ;
#1422 = ORIENTED_EDGE ( 'NONE', *, *, #4089, .F. ) ;
#1423 = CARTESIAN_POINT ( 'NONE',  ( 9.874611797498495491, 34.23803458662540322, -3.535533905932756404 ) ) ;
#1424 = CIRCLE ( 'NONE', #4262, 1.250000000000000444 ) ;
#1425 = ORIENTED_EDGE ( 'NONE', *, *, #2340, .F. ) ;
#1426 = ORIENTED_EDGE ( 'NONE', *, *, #316, .F. ) ;
#1427 = CARTESIAN_POINT ( 'NONE',  ( -19.28976461924359498, 30.39580531807271768, 0.000000000000000000 ) ) ;
#1428 = CIRCLE ( 'NONE', #2647, 1.250000000000001110 ) ;
#1429 = CARTESIAN_POINT ( 'NONE',  ( -34.86899380063077558, -8.952835937934539245, 2.000000000000000000 ) ) ;
#1430 = ORIENTED_EDGE ( 'NONE', *, *, #400, .T. ) ;
#1431 = LINE ( 'NONE', #2987, #941 ) ;
#1432 = DIRECTION ( 'NONE',  ( 1.000000000000000000, 0.000000000000000000, 0.000000000000000000 ) ) ;
#1433 = LINE ( 'NONE', #1588, #3443 ) ;
#1434 = FACE_BOUND ( 'NONE', #4191, .T. ) ;
#1435 = EDGE_CURVE ( 'NONE', #2316, #3302, #2183, .T. ) ;
#1436 = VERTEX_POINT ( 'NONE', #1102 ) ;
#1437 = CARTESIAN_POINT ( 'NONE',  ( -24.19726363095257327, 27.73847673992861829, 0.000000000000000000 ) ) ;
#1438 = CARTESIAN_POINT ( 'NONE',  ( -34.46612924732115602, 4.511996408315208207, 2.000000000000000000 ) ) ;
#1439 = EDGE_CURVE ( 'NONE', #936, #3253, #4578, .T. ) ;
#1440 = ORIENTED_EDGE ( 'NONE', *, *, #1901, .T. ) ;
#1441 = EDGE_CURVE ( 'NONE', #2126, #3662, #3286, .T. ) ;
#1442 = CARTESIAN_POINT ( 'NONE',  ( 35.71612924732126260, 4.511996408314459472, 2.000000000000000000 ) ) ;
#1443 = FACE_BOUND ( 'NONE', #2396, .T. ) ;
#1444 = EDGE_CURVE ( 'NONE', #4901, #4375, #3943, .T. ) ;
#1445 = DIRECTION ( 'NONE',  ( 0.000000000000000000, 0.000000000000000000, 1.000000000000000000 ) ) ;
#1446 = EDGE_CURVE ( 'NONE', #1065, #1800, #4599, .T. ) ;
#1447 = EDGE_CURVE ( 'NONE', #1417, #4110, #3699, .T. ) ;
#1448 = ORIENTED_EDGE ( 'NONE', *, *, #183, .T. ) ;
#1449 = EDGE_CURVE ( 'NONE', #1573, #1162, #4952, .T. ) ;
#1450 = CARTESIAN_POINT ( 'NONE',  ( -19.28976461924359498, 30.39580531807271768, -3.535533905932756404 ) ) ;
#1451 = DIRECTION ( 'NONE',  ( -0.000000000000000000, -0.000000000000000000, -1.000000000000000000 ) ) ;
#1452 = ORIENTED_EDGE ( 'NONE', *, *, #2509, .F. ) ;
#1453 = ORIENTED_EDGE ( 'NONE', *, *, #2034, .T. ) ;
#1454 = LINE ( 'NONE', #3791, #3126 ) ;
#1455 = VERTEX_POINT ( 'NONE', #1875 ) ;
#1456 = AXIS2_PLACEMENT_3D ( 'NONE', #899, #2428, #4381 ) ;
#1457 = DIRECTION ( 'NONE',  ( 0.000000000000000000, 0.000000000000000000, 1.000000000000000000 ) ) ;
#1458 = DIRECTION ( 'NONE',  ( -0.000000000000000000, -0.000000000000000000, -1.000000000000000000 ) ) ;
#1459 = FACE_BOUND ( 'NONE', #2197, .T. ) ;
#1460 = VERTEX_POINT ( 'NONE', #2624 ) ;
#1461 = VECTOR ( 'NONE', #2952, 1000.000000000000000 ) ;
#1462 = EDGE_LOOP ( 'NONE', ( #599, #1714 ) ) ;
#1463 = CARTESIAN_POINT ( 'NONE',  ( 6.745727325086488868, 35.36234102623271269, -3.535533905932756404 ) ) ;
#1464 = AXIS2_PLACEMENT_3D ( 'NONE', #4759, #4708, #3191 ) ;
#1465 = CARTESIAN_POINT ( 'NONE',  ( 31.54704048157906726, -17.34313226766178673, 2.000000000000000000 ) ) ;
#1466 = EDGE_CURVE ( 'NONE', #2871, #1932, #3773, .T. ) ;
#1467 = ADVANCED_FACE ( 'NONE', ( #294 ), #3421, .F. ) ;
#1468 = EDGE_LOOP ( 'NONE', ( #4794, #152 ) ) ;
#1469 = DIRECTION ( 'NONE',  ( -0.000000000000000000, -0.000000000000000000, 1.000000000000000000 ) ) ;
#1470 = DIRECTION ( 'NONE',  ( 0.000000000000000000, 0.000000000000000000, 1.000000000000000000 ) ) ;
#1471 = CYLINDRICAL_SURFACE ( 'NONE', #3803, 39.00000000000000000 ) ;
#1472 = DIRECTION ( 'NONE',  ( 1.000000000000000000, 0.000000000000000000, 0.000000000000000000 ) ) ;
#1473 = CIRCLE ( 'NONE', #4647, 1.250000000000001110 ) ;
#1474 = CIRCLE ( 'NONE', #832, 1.250000000000001110 ) ;
#1475 = DIRECTION ( 'NONE',  ( 0.000000000000000000, 0.000000000000000000, 1.000000000000000000 ) ) ;
#1476 = VECTOR ( 'NONE', #1799, 1000.000000000000000 ) ;
#1477 = ORIENTED_EDGE ( 'NONE', *, *, #4736, .F. ) ;
#1478 = VERTEX_POINT ( 'NONE', #3756 ) ;
#1479 = CARTESIAN_POINT ( 'NONE',  ( 33.47195349197723147, 13.25248389664795212, 2.000000000000000000 ) ) ;
#1480 = ORIENTED_EDGE ( 'NONE', *, *, #2352, .T. ) ;
#1481 = CARTESIAN_POINT ( 'NONE',  ( 12.37461179749849549, 34.23803458662540322, 2.000000000000000000 ) ) ;
#1482 = DIRECTION ( 'NONE',  ( -0.000000000000000000, -0.000000000000000000, -1.000000000000000000 ) ) ;
#1483 = CARTESIAN_POINT ( 'NONE',  ( 21.69726363095315591, 27.73847673992813867, 2.000000000000000000 ) ) ;
#1484 = ORIENTED_EDGE ( 'NONE', *, *, #1811, .T. ) ;
#1485 = EDGE_LOOP ( 'NONE', ( #2519, #1884, #1831, #3208 ) ) ;
#1486 = FACE_OUTER_BOUND ( 'NONE', #1513, .T. ) ;
#1487 = PLANE ( 'NONE',  #1308 ) ;
#1488 = ORIENTED_EDGE ( 'NONE', *, *, #3239, .T. ) ;
#1489 = DIRECTION ( 'NONE',  ( 1.000000000000000000, 0.000000000000000000, 0.000000000000000000 ) ) ;
#1490 = EDGE_CURVE ( 'NONE', #4216, #2704, #4096, .T. ) ;
#1491 = LINE ( 'NONE', #4996, #1678 ) ;
#1492 = CIRCLE ( 'NONE', #3847, 1.250000000000001110 ) ;
#1493 = AXIS2_PLACEMENT_3D ( 'NONE', #133, #4756, #433 ) ;
#1494 = DIRECTION ( 'NONE',  ( 0.000000000000000000, 0.000000000000000000, 1.000000000000000000 ) ) ;
#1495 = EDGE_CURVE ( 'NONE', #3229, #372, #2231, .T. ) ;
#1496 = AXIS2_PLACEMENT_3D ( 'NONE', #2145, #3339, #1391 ) ;
#1497 = DIRECTION ( 'NONE',  ( -0.000000000000000000, -0.000000000000000000, 1.000000000000000000 ) ) ;
#1498 = AXIS2_PLACEMENT_3D ( 'NONE', #1196, #4724, #804 ) ;
#1499 = EDGE_CURVE ( 'NONE', #1284, #5000, #4430, .T. ) ;
#1500 = DIRECTION ( 'NONE',  ( -0.000000000000000000, -0.000000000000000000, 1.000000000000000000 ) ) ;
#1501 = CIRCLE ( 'NONE', #1272, 1.250000000000000444 ) ;
#1502 = VECTOR ( 'NONE', #624, 1000.000000000000000 ) ;
#1503 = ADVANCED_FACE ( 'NONE', ( #3127, #4653, #1579, #43 ), #4998, .T. ) ;
#1504 = EDGE_LOOP ( 'NONE', ( #3458, #4075, #4963, #4956, #3634, #2265, #2305, #1154 ) ) ;
#1505 = ORIENTED_EDGE ( 'NONE', *, *, #1865, .F. ) ;
#1506 = DIRECTION ( 'NONE',  ( 1.000000000000000000, 0.000000000000000000, 0.000000000000000000 ) ) ;
#1507 = ORIENTED_EDGE ( 'NONE', *, *, #2284, .F. ) ;
#1508 = VECTOR ( 'NONE', #4639, 1000.000000000000000 ) ;
#1509 = DIRECTION ( 'NONE',  ( -0.000000000000000000, -0.000000000000000000, 1.000000000000000000 ) ) ;
#1510 = EDGE_CURVE ( 'NONE', #4929, #191, #326, .T. ) ;
#1511 = DIRECTION ( 'NONE',  ( 1.000000000000000000, 0.000000000000000000, 0.000000000000000000 ) ) ;
#1512 = FACE_BOUND ( 'NONE', #1048, .T. ) ;
#1513 = EDGE_LOOP ( 'NONE', ( #2176, #2606, #2347, #4805 ) ) ;
#1514 = VERTEX_POINT ( 'NONE', #3470 ) ;
#1515 = EDGE_CURVE ( 'NONE', #1750, #3903, #3639, .T. ) ;
#1516 = ADVANCED_FACE ( 'NONE', ( #3911 ), #2336, .F. ) ;
#1517 = CARTESIAN_POINT ( 'NONE',  ( -35.71612924732115602, 4.511996408315208207, -3.535533905932756404 ) ) ;
#1518 = CARTESIAN_POINT ( 'NONE',  ( -4.000000000000194511, -28.31187913226527897, 7.000000000000000000 ) ) ;
#1519 = CARTESIAN_POINT ( 'NONE',  ( -31.54704048157919161, -17.34313226766155935, 2.000000000000000000 ) ) ;
#1520 = ORIENTED_EDGE ( 'NONE', *, *, #1734, .F. ) ;
#1521 = DIRECTION ( 'NONE',  ( -0.000000000000000000, -0.000000000000000000, -1.000000000000000000 ) ) ;
#1522 = ORIENTED_EDGE ( 'NONE', *, *, #93, .F. ) ;
#1523 = DIRECTION ( 'NONE',  ( -1.000000000000000000, 0.000000000000000000, 0.000000000000000000 ) ) ;
#1524 = CARTESIAN_POINT ( 'NONE',  ( 39.00000000000000000, 4.776122516674677878E-15, 2.000000000000000000 ) ) ;
#1525 = CARTESIAN_POINT ( 'NONE',  ( 0.000000000000000000, 0.000000000000000000, 7.000000000000000000 ) ) ;
#1526 = DIRECTION ( 'NONE',  ( 1.000000000000000000, 0.000000000000000000, 0.000000000000000000 ) ) ;
#1527 = EDGE_LOOP ( 'NONE', ( #2001, #3410, #1328, #4115 ) ) ;
#1528 = ORIENTED_EDGE ( 'NONE', *, *, #765, .T. ) ;
#1529 = CARTESIAN_POINT ( 'NONE',  ( -29.12461179749822549, -21.16026908252886685, 0.000000000000000000 ) ) ;
#1530 = VERTEX_POINT ( 'NONE', #2310 ) ;
#1531 = DIRECTION ( 'NONE',  ( -0.000000000000000000, -0.000000000000000000, 1.000000000000000000 ) ) ;
#1532 = ADVANCED_FACE ( 'NONE', ( #2365 ), #4321, .F. ) ;
#1533 = EDGE_LOOP ( 'NONE', ( #3838, #4244, #4225, #4641 ) ) ;
#1534 = DIRECTION ( 'NONE',  ( 1.000000000000000000, 0.000000000000000000, 0.000000000000000000 ) ) ;
#1535 = ADVANCED_FACE ( 'NONE', ( #843 ), #4239, .F. ) ;
#1536 = FACE_BOUND ( 'NONE', #471, .T. ) ;
#1537 = AXIS2_PLACEMENT_3D ( 'NONE', #2813, #3923, #1265 ) ;
#1538 = ORIENTED_EDGE ( 'NONE', *, *, #1211, .T. ) ;
#1539 = DIRECTION ( 'NONE',  ( -0.000000000000000000, -0.000000000000000000, -1.000000000000000000 ) ) ;
#1540 = VECTOR ( 'NONE', #3020, 1000.000000000000000 ) ;
#1541 = EDGE_CURVE ( 'NONE', #5012, #3746, #1179, .T. ) ;
#1542 = DIRECTION ( 'NONE',  ( 1.000000000000000000, 0.000000000000000000, 0.000000000000000000 ) ) ;
#1543 = CARTESIAN_POINT ( 'NONE',  ( -3.510458703055410190, -35.92896222341775569, 2.000000000000000000 ) ) ;
#1544 = EDGE_LOOP ( 'NONE', ( #263, #3897 ) ) ;
#1545 = FACE_OUTER_BOUND ( 'NONE', #3451, .T. ) ;
#1546 = CIRCLE ( 'NONE', #3568, 1.250000000000001110 ) ;
#1547 = VERTEX_POINT ( 'NONE', #4689 ) ;
#1548 = CARTESIAN_POINT ( 'NONE',  ( 18.03976461924423091, 30.39580531807231623, 0.000000000000000000 ) ) ;
#1549 = CARTESIAN_POINT ( 'NONE',  ( 4.999999999999801048, -28.31187913226534292, 9.000000000000001776 ) ) ;
#1550 = DIRECTION ( 'NONE',  ( -1.000000000000000000, 0.000000000000000000, 0.000000000000000000 ) ) ;
#1551 = DIRECTION ( 'NONE',  ( -0.000000000000000000, -0.000000000000000000, 1.000000000000000000 ) ) ;
#1552 = VERTEX_POINT ( 'NONE', #762 ) ;
#1553 = VECTOR ( 'NONE', #1124, 1000.000000000000000 ) ;
#1554 = CARTESIAN_POINT ( 'NONE',  ( -4.000000000000182077, -25.99999999999997158, 9.000000000000001776 ) ) ;
#1555 = VERTEX_POINT ( 'NONE', #4609 ) ;
#1556 = AXIS2_PLACEMENT_3D ( 'NONE', #4588, #1457, #2215 ) ;
#1557 = CARTESIAN_POINT ( 'NONE',  ( 29.12461179749837825, 21.16026908252864658, 0.000000000000000000 ) ) ;
#1558 = VERTEX_POINT ( 'NONE', #1982 ) ;
#1559 = DIRECTION ( 'NONE',  ( 1.000000000000000000, 0.000000000000000000, 0.000000000000000000 ) ) ;
#1560 = VECTOR ( 'NONE', #596, 1000.000000000000000 ) ;
#1561 = CARTESIAN_POINT ( 'NONE',  ( -6.745727325085741022, 35.36234102623286191, -3.535533905932756404 ) ) ;
#1562 = AXIS2_PLACEMENT_3D ( 'NONE', #1557, #4660, #1187 ) ;
#1563 = VERTEX_POINT ( 'NONE', #1208 ) ;
#1564 = ORIENTED_EDGE ( 'NONE', *, *, #3413, .F. ) ;
#1565 = DIRECTION ( 'NONE',  ( 1.000000000000000000, 0.000000000000000000, 0.000000000000000000 ) ) ;
#1566 = CIRCLE ( 'NONE', #2862, 19.00000000000000000 ) ;
#1567 = FACE_OUTER_BOUND ( 'NONE', #4116, .T. ) ;
#1568 = EDGE_CURVE ( 'NONE', #3112, #1153, #3220, .T. ) ;
#1569 = DIRECTION ( 'NONE',  ( 0.000000000000000000, 0.000000000000000000, 1.000000000000000000 ) ) ;
#1570 = AXIS2_PLACEMENT_3D ( 'NONE', #2277, #1569, #1024 ) ;
#1571 = ORIENTED_EDGE ( 'NONE', *, *, #3306, .F. ) ;
#1572 = PRESENTATION_STYLE_ASSIGNMENT (( #3210 ) ) ;
#1573 = VERTEX_POINT ( 'NONE', #387 ) ;
#1574 = CARTESIAN_POINT ( 'NONE',  ( -34.46612924732115602, 4.511996408315208207, -3.535533905932756404 ) ) ;
#1575 = DIRECTION ( 'NONE',  ( -0.000000000000000000, -0.000000000000000000, 1.000000000000000000 ) ) ;
#1576 = DIRECTION ( 'NONE',  ( 0.000000000000000000, 0.000000000000000000, 1.000000000000000000 ) ) ;
#1577 = ADVANCED_FACE ( 'NONE', ( #3529 ), #4785, .F. ) ;
#1578 = AXIS2_PLACEMENT_3D ( 'NONE', #1406, #3810, #2677 ) ;
#1579 = FACE_BOUND ( 'NONE', #770, .T. ) ;
#1580 = FACE_OUTER_BOUND ( 'NONE', #3866, .T. ) ;
#1581 = VECTOR ( 'NONE', #2359, 1000.000000000000000 ) ;
#1582 = ORIENTED_EDGE ( 'NONE', *, *, #3937, .F. ) ;
#1583 = ORIENTED_EDGE ( 'NONE', *, *, #707, .T. ) ;
#1584 = DIRECTION ( 'NONE',  ( -0.000000000000000000, -0.000000000000000000, -1.000000000000000000 ) ) ;
#1585 = CARTESIAN_POINT ( 'NONE',  ( 37.25000000000000000, 0.000000000000000000, 2.000000000000000000 ) ) ;
#1586 = ORIENTED_EDGE ( 'NONE', *, *, #546, .T. ) ;
#1587 = AXIS2_PLACEMENT_3D ( 'NONE', #4117, #267, #1803 ) ;
#1588 = CARTESIAN_POINT ( 'NONE',  ( 24.19726363095315946, 27.73847673992813867, -3.535533905932756404 ) ) ;
#1589 = CARTESIAN_POINT ( 'NONE',  ( 15.32805449634254202, -32.57377388877674207, 0.000000000000000000 ) ) ;
#1590 = ORIENTED_EDGE ( 'NONE', *, *, #1604, .T. ) ;
#1591 = ORIENTED_EDGE ( 'NONE', *, *, #546, .F. ) ;
#1592 = VECTOR ( 'NONE', #720, 1000.000000000000000 ) ;
#1593 = DIRECTION ( 'NONE',  ( 1.000000000000000000, 0.000000000000000000, 0.000000000000000000 ) ) ;
#1594 = DIRECTION ( 'NONE',  ( 1.000000000000000000, 0.000000000000000000, 0.000000000000000000 ) ) ;
#1595 = ORIENTED_EDGE ( 'NONE', *, *, #4671, .F. ) ;
#1596 = DIRECTION ( 'NONE',  ( -1.000000000000000000, -3.469446951953614189E-15, -0.000000000000000000 ) ) ;
#1597 = EDGE_LOOP ( 'NONE', ( #1994, #1430, #1042, #3583 ) ) ;
#1598 = ADVANCED_FACE ( 'NONE', ( #1232 ), #464, .F. ) ;
#1599 = FACE_OUTER_BOUND ( 'NONE', #1862, .T. ) ;
#1600 = EDGE_CURVE ( 'NONE', #2379, #3915, #4373, .T. ) ;
#1601 = CYLINDRICAL_SURFACE ( 'NONE', #3053, 1.249999999999999334 ) ;
#1602 = DIRECTION ( 'NONE',  ( 1.000000000000000000, -3.469446951953614189E-15, -0.000000000000000000 ) ) ;
#1603 = EDGE_CURVE ( 'NONE', #1094, #2855, #645, .T. ) ;
#1604 = EDGE_CURVE ( 'NONE', #1245, #787, #268, .T. ) ;
#1605 = CARTESIAN_POINT ( 'NONE',  ( -22.94726363095257327, 27.73847673992861829, 0.000000000000000000 ) ) ;
#1606 = EDGE_CURVE ( 'NONE', #3037, #3662, #4832, .T. ) ;
#1607 = EDGE_LOOP ( 'NONE', ( #354, #2760, #2591, #4270 ) ) ;
#1608 = DIRECTION ( 'NONE',  ( 1.000000000000000000, 0.000000000000000000, 0.000000000000000000 ) ) ;
#1609 = ORIENTED_EDGE ( 'NONE', *, *, #4394, .F. ) ;
#1610 = CARTESIAN_POINT ( 'NONE',  ( -37.25000000000000000, 2.515397372465990016E-13, 0.000000000000000000 ) ) ;
#1611 = DIRECTION ( 'NONE',  ( 0.000000000000000000, 0.000000000000000000, 1.000000000000000000 ) ) ;
#1612 = VERTEX_POINT ( 'NONE', #2804 ) ;
#1613 = ORIENTED_EDGE ( 'NONE', *, *, #3993, .T. ) ;
#1614 = DIRECTION ( 'NONE',  ( -1.000000000000000000, 0.000000000000000000, 0.000000000000000000 ) ) ;
#1615 = AXIS2_PLACEMENT_3D ( 'NONE', #2753, #3071, #413 ) ;
#1616 = CYLINDRICAL_SURFACE ( 'NONE', #2839, 1.250000000000007994 ) ;
#1617 = VECTOR ( 'NONE', #3743, 1000.000000000000000 ) ;
#1618 = DIRECTION ( 'NONE',  ( 1.000000000000000000, 0.000000000000000000, 0.000000000000000000 ) ) ;
#1619 = VERTEX_POINT ( 'NONE', #138 ) ;
#1620 = FACE_OUTER_BOUND ( 'NONE', #1485, .T. ) ;
#1621 = ORIENTED_EDGE ( 'NONE', *, *, #4197, .T. ) ;
#1622 = VECTOR ( 'NONE', #4112, 1000.000000000000000 ) ;
#1623 = DIRECTION ( 'NONE',  ( -0.000000000000000000, -0.000000000000000000, -1.000000000000000000 ) ) ;
#1624 = VECTOR ( 'NONE', #1979, 1000.000000000000000 ) ;
#1625 = DIRECTION ( 'NONE',  ( -0.000000000000000000, -0.000000000000000000, -1.000000000000000000 ) ) ;
#1626 = FACE_BOUND ( 'NONE', #53, .T. ) ;
#1627 = VECTOR ( 'NONE', #2819, 1000.000000000000000 ) ;
#1628 = DIRECTION ( 'NONE',  ( -0.000000000000000000, -0.000000000000000000, -1.000000000000000000 ) ) ;
#1629 = CYLINDRICAL_SURFACE ( 'NONE', #3598, 1.250000000000001110 ) ;
#1630 = ORIENTED_EDGE ( 'NONE', *, *, #1236, .T. ) ;
#1631 = DIRECTION ( 'NONE',  ( 1.000000000000000000, 0.000000000000000000, 0.000000000000000000 ) ) ;
#1632 = ORIENTED_EDGE ( 'NONE', *, *, #3232, .F. ) ;
#1633 = CARTESIAN_POINT ( 'NONE',  ( 0.000000000000000000, 0.000000000000000000, 2.000000000000000000 ) ) ;
#1634 = EDGE_LOOP ( 'NONE', ( #736, #4740 ) ) ;
#1635 = DIRECTION ( 'NONE',  ( -0.000000000000000000, -0.000000000000000000, -1.000000000000000000 ) ) ;
#1636 = EDGE_LOOP ( 'NONE', ( #3487, #4503, #2323, #3183 ) ) ;
#1637 = ORIENTED_EDGE ( 'NONE', *, *, #1247, .T. ) ;
#1638 = CARTESIAN_POINT ( 'NONE',  ( -34.72195349197696146, 13.25248389664868043, 0.000000000000000000 ) ) ;
#1639 = AXIS2_PLACEMENT_3D ( 'NONE', #3279, #3638, #223 ) ;
#1640 = AXIS2_PLACEMENT_3D ( 'NONE', #4485, #171, #1009 ) ;
#1641 = LINE ( 'NONE', #3187, #1627 ) ;
#1642 = ORIENTED_EDGE ( 'NONE', *, *, #336, .F. ) ;
#1643 = CIRCLE ( 'NONE', #2044, 1.250000000000001110 ) ;
#1644 = CARTESIAN_POINT ( 'NONE',  ( 3.999999999999996447, 28.31187913226530739, 7.000000000000000000 ) ) ;
#1645 = ORIENTED_EDGE ( 'NONE', *, *, #3234, .F. ) ;
#1646 = AXIS2_PLACEMENT_3D ( 'NONE', #4257, #3091, #663 ) ;
#1647 = CARTESIAN_POINT ( 'NONE',  ( 34.86899380063083953, 8.952835937934295885, 2.000000000000000000 ) ) ;
#1648 = CARTESIAN_POINT ( 'NONE',  ( -3.999999999999998224, 28.31187913226530739, 9.000000000000001776 ) ) ;
#1649 = DIRECTION ( 'NONE',  ( 1.000000000000000000, 0.000000000000000000, 0.000000000000000000 ) ) ;
#1650 = EDGE_CURVE ( 'NONE', #405, #2412, #4807, .T. ) ;
#1651 = DIRECTION ( 'NONE',  ( 0.000000000000000000, -0.000000000000000000, -1.000000000000000000 ) ) ;
#1652 = CIRCLE ( 'NONE', #777, 1.699999999999999956 ) ;
#1653 = DIRECTION ( 'NONE',  ( -0.000000000000000000, -0.000000000000000000, 1.000000000000000000 ) ) ;
#1654 = ORIENTED_EDGE ( 'NONE', *, *, #3088, .T. ) ;
#1655 = CARTESIAN_POINT ( 'NONE',  ( 11.12461179749849549, 34.23803458662540322, 2.000000000000000000 ) ) ;
#1656 = CARTESIAN_POINT ( 'NONE',  ( -32.22195349197695435, 13.25248389664868043, 0.000000000000000000 ) ) ;
#1657 = CIRCLE ( 'NONE', #3691, 1.250000000000001110 ) ;
#1658 = ADVANCED_FACE ( 'NONE', ( #2076 ), #2902, .F. ) ;
#1659 = DIRECTION ( 'NONE',  ( 1.000000000000000000, 0.000000000000000000, 0.000000000000000000 ) ) ;
#1660 = ADVANCED_FACE ( 'NONE', ( #534 ), #3981, .F. ) ;
#1661 = ORIENTED_EDGE ( 'NONE', *, *, #2438, .F. ) ;
#1662 = ORIENTED_EDGE ( 'NONE', *, *, #4781, .F. ) ;
#1663 = CARTESIAN_POINT ( 'NONE',  ( 4.999999999999801048, -28.31187913226534292, 9.000000000000001776 ) ) ;
#1664 = DIRECTION ( 'NONE',  ( -0.000000000000000000, -0.000000000000000000, 1.000000000000000000 ) ) ;
#1665 = EDGE_CURVE ( 'NONE', #2179, #1775, #871, .T. ) ;
#1666 = DIRECTION ( 'NONE',  ( 1.875880373422709653E-15, -1.000000000000000000, 0.000000000000000000 ) ) ;
#1667 = CIRCLE ( 'NONE', #137, 1.249999999999999334 ) ;
#1668 = ADVANCED_FACE ( 'NONE', ( #2049 ), #3961, .F. ) ;
#1669 = ADVANCED_FACE ( 'NONE', ( #506 ), #89, .F. ) ;
#1670 = ORIENTED_EDGE ( 'NONE', *, *, #1211, .F. ) ;
#1671 = CARTESIAN_POINT ( 'NONE',  ( 29.12461179749837825, 21.16026908252864658, 2.000000000000000000 ) ) ;
#1672 = CIRCLE ( 'NONE', #1029, 1.250000000000001110 ) ;
#1673 = CIRCLE ( 'NONE', #3373, 1.699999999999999956 ) ;
#1674 = DIRECTION ( 'NONE',  ( 0.000000000000000000, 0.000000000000000000, 1.000000000000000000 ) ) ;
#1675 = CARTESIAN_POINT ( 'NONE',  ( 29.12461179749837825, 21.16026908252864658, -3.535533905932756404 ) ) ;
#1676 = DIRECTION ( 'NONE',  ( 1.000000000000000000, 0.000000000000000000, 0.000000000000000000 ) ) ;
#1677 = DIRECTION ( 'NONE',  ( -0.000000000000000000, -0.000000000000000000, -1.000000000000000000 ) ) ;
#1678 = VECTOR ( 'NONE', #3906, 1000.000000000000000 ) ;
#1679 = CARTESIAN_POINT ( 'NONE',  ( -35.71612924732121996, -4.511996408314707274, -3.535533905932756404 ) ) ;
#1680 = ORIENTED_EDGE ( 'NONE', *, *, #2280, .F. ) ;
#1681 = CARTESIAN_POINT ( 'NONE',  ( -32.79704048157894647, 17.34313226766200344, 0.000000000000000000 ) ) ;
#1682 = DIRECTION ( 'NONE',  ( 1.000000000000000000, 0.000000000000000000, 0.000000000000000000 ) ) ;
#1683 = LINE ( 'NONE', #4817, #3101 ) ;
#1684 = CARTESIAN_POINT ( 'NONE',  ( -22.94726363095296762, -27.73847673992830209, -3.535533905932756404 ) ) ;
#1685 = ORIENTED_EDGE ( 'NONE', *, *, #1143, .F. ) ;
#1686 = EDGE_LOOP ( 'NONE', ( #1198, #2598, #4135, #4258 ) ) ;
#1687 = CARTESIAN_POINT ( 'NONE',  ( 21.69726363095276866, -27.73847673992845486, 2.000000000000000000 ) ) ;
#1688 = CARTESIAN_POINT ( 'NONE',  ( -33.47195349197711778, -13.25248389664818838, -3.535533905932756404 ) ) ;
#1689 = EDGE_CURVE ( 'NONE', #1732, #372, #560, .T. ) ;
#1690 = DIRECTION ( 'NONE',  ( -0.000000000000000000, -0.000000000000000000, 1.000000000000000000 ) ) ;
#1691 = DIRECTION ( 'NONE',  ( 0.000000000000000000, 0.000000000000000000, 1.000000000000000000 ) ) ;
#1692 = CARTESIAN_POINT ( 'NONE',  ( -24.99287058717094823, -24.64369581343265025, 2.000000000000000000 ) ) ;
#1693 = ORIENTED_EDGE ( 'NONE', *, *, #3772, .T. ) ;
#1694 = DIRECTION ( 'NONE',  ( -0.000000000000000000, -0.000000000000000000, 1.000000000000000000 ) ) ;
#1695 = ORIENTED_EDGE ( 'NONE', *, *, #271, .T. ) ;
#1696 = CARTESIAN_POINT ( 'NONE',  ( 2.260458703055151730, -35.92896222341776991, 0.000000000000000000 ) ) ;
#1697 = EDGE_LOOP ( 'NONE', ( #201, #3735, #4055, #467 ) ) ;
#1698 = AXIS2_PLACEMENT_3D ( 'NONE', #986, #2893, #581 ) ;
#1699 = FACE_BOUND ( 'NONE', #4584, .T. ) ;
#1700 = CARTESIAN_POINT ( 'NONE',  ( 5.495727325086489756, 35.36234102623271269, 2.000000000000000000 ) ) ;
#1701 = AXIS2_PLACEMENT_3D ( 'NONE', #4318, #4367, #2417 ) ;
#1702 = CARTESIAN_POINT ( 'NONE',  ( -21.69726363095257327, 27.73847673992861829, -3.535533905932756404 ) ) ;
#1703 = CARTESIAN_POINT ( 'NONE',  ( -11.12461179749825746, -34.23803458662548138, -3.535533905932756404 ) ) ;
#1704 = DIRECTION ( 'NONE',  ( 1.000000000000000000, 0.000000000000000000, 0.000000000000000000 ) ) ;
#1705 = FACE_OUTER_BOUND ( 'NONE', #3999, .T. ) ;
#1706 = FACE_OUTER_BOUND ( 'NONE', #2149, .T. ) ;
#1707 = ORIENTED_EDGE ( 'NONE', *, *, #2727, .F. ) ;
#1708 = ORIENTED_EDGE ( 'NONE', *, *, #989, .F. ) ;
#1709 = CARTESIAN_POINT ( 'NONE',  ( -27.49287058717094823, -24.64369581343265025, -3.535533905932756404 ) ) ;
#1710 = CARTESIAN_POINT ( 'NONE',  ( 34.72195349197705383, -13.25248389664843529, 0.000000000000000000 ) ) ;
#1711 = DIRECTION ( 'NONE',  ( 1.000000000000000000, 0.000000000000000000, 0.000000000000000000 ) ) ;
#1712 = AXIS2_PLACEMENT_3D ( 'NONE', #2872, #1325, #1649 ) ;
#1713 = CARTESIAN_POINT ( 'NONE',  ( -26.24287058717094823, -24.64369581343265025, -3.535533905932756404 ) ) ;
#1714 = ORIENTED_EDGE ( 'NONE', *, *, #1361, .F. ) ;
#1715 = DIRECTION ( 'NONE',  ( -0.000000000000000000, -0.000000000000000000, -1.000000000000000000 ) ) ;
#1716 = ORIENTED_EDGE ( 'NONE', *, *, #2343, .F. ) ;
#1717 = AXIS2_PLACEMENT_3D ( 'NONE', #4983, #3407, #1432 ) ;
#1718 = EDGE_CURVE ( 'NONE', #1530, #2367, #2545, .T. ) ;
#1719 = DIRECTION ( 'NONE',  ( 0.000000000000000000, 0.000000000000000000, 1.000000000000000000 ) ) ;
#1720 = VECTOR ( 'NONE', #159, 1000.000000000000000 ) ;
#1721 = CIRCLE ( 'NONE', #3671, 39.00000000000000000 ) ;
#1722 = ORIENTED_EDGE ( 'NONE', *, *, #4835, .F. ) ;
#1723 = CARTESIAN_POINT ( 'NONE',  ( 35.71612924732126260, 4.511996408314459472, -3.535533905932756404 ) ) ;
#1724 = ADVANCED_FACE ( 'NONE', ( #4423, #4371, #2497, #4038, #888, #1277, #157, #2827, #2443, #4012, #3599, #3213, #3654, #1699, #2525, #4448, #3240, #4784, #1301, #2846, #4063, #586, #1626, #4396, #913, #2469, #3630, #315, #2976, #2174, #288, #1794, #4876, #2644, #2592, #3707, #3783, #236, #1020, #1848, #4902, #1418, #2229, #4130, #4548, #4574, #685, #1068, #2619, #1443, #4159, #3345 ), #4524, .T. ) ;
#1725 = LINE ( 'NONE', #2978, #1461 ) ;
#1726 = VERTEX_POINT ( 'NONE', #4927 ) ;
#1727 = CARTESIAN_POINT ( 'NONE',  ( -9.874611797498259236, -34.23803458662548138, -3.535533905932756404 ) ) ;
#1728 = EDGE_CURVE ( 'NONE', #4788, #4308, #261, .T. ) ;
#1729 = ORIENTED_EDGE ( 'NONE', *, *, #1762, .F. ) ;
#1730 = VERTEX_POINT ( 'NONE', #2923 ) ;
#1731 = VECTOR ( 'NONE', #1531, 1000.000000000000000 ) ;
#1732 = VERTEX_POINT ( 'NONE', #4111 ) ;
#1733 = CARTESIAN_POINT ( 'NONE',  ( 33.47195349197723147, 13.25248389664795212, 0.000000000000000000 ) ) ;
#1734 = EDGE_CURVE ( 'NONE', #5008, #1343, #219, .T. ) ;
#1735 = CARTESIAN_POINT ( 'NONE',  ( -5.000000000000000888, 26.00000000000000000, 2.000000000000000000 ) ) ;
#1736 = ORIENTED_EDGE ( 'NONE', *, *, #916, .F. ) ;
#1737 = EDGE_LOOP ( 'NONE', ( #3816, #4619, #4264, #4646 ) ) ;
#1738 = CARTESIAN_POINT ( 'NONE',  ( 27.49287058717076704, -24.64369581343283500, 0.000000000000000000 ) ) ;
#1739 = LINE ( 'NONE', #1337, #1000 ) ;
#1740 = CIRCLE ( 'NONE', #3930, 1.250000000000001110 ) ;
#1741 = VECTOR ( 'NONE', #3094, 1000.000000000000000 ) ;
#1742 = CARTESIAN_POINT ( 'NONE',  ( 19.28976461924380459, -30.39580531807259334, 2.000000000000000000 ) ) ;
#1743 = CARTESIAN_POINT ( 'NONE',  ( 5.000000000000000888, 26.00000000000000000, 2.000000000000000000 ) ) ;
#1744 = AXIS2_PLACEMENT_3D ( 'NONE', #1342, #4445, #990 ) ;
#1745 = VERTEX_POINT ( 'NONE', #4946 ) ;
#1746 = CARTESIAN_POINT ( 'NONE',  ( -34.86899380063077558, -8.952835937934539245, -3.535533905932756404 ) ) ;
#1747 = AXIS2_PLACEMENT_3D ( 'NONE', #1039, #1843, #2589 ) ;
#1749 = AXIS2_PLACEMENT_3D ( 'NONE', #319, #665, #3787 ) ;
#1748 = CYLINDRICAL_SURFACE ( 'NONE', #1230, 3.000000000000000000 ) ;
#1750 = VERTEX_POINT ( 'NONE', #2202 ) ;
#1751 = CIRCLE ( 'NONE', #4990, 1.250000000000001110 ) ;
#1752 = DIRECTION ( 'NONE',  ( -0.000000000000000000, -0.000000000000000000, 1.000000000000000000 ) ) ;
#1753 = EDGE_CURVE ( 'NONE', #497, #4697, #3047, .T. ) ;
#1754 = EDGE_CURVE ( 'NONE', #2986, #1937, #1501, .T. ) ;
#1755 = LINE ( 'NONE', #4091, #331 ) ;
#1756 = AXIS2_PLACEMENT_3D ( 'NONE', #2864, #3619, #4851 ) ;
#1757 = ORIENTED_EDGE ( 'NONE', *, *, #386, .F. ) ;
#1758 = DIRECTION ( 'NONE',  ( -1.000000000000000000, 0.000000000000000000, 0.000000000000000000 ) ) ;
#1759 = VERTEX_POINT ( 'NONE', #3680 ) ;
#1760 = VERTEX_POINT ( 'NONE', #212 ) ;
#1761 = CARTESIAN_POINT ( 'NONE',  ( 1.699999999999999956, 26.00000000000000000, 7.000000000000000000 ) ) ;
#1762 = EDGE_CURVE ( 'NONE', #2386, #4820, #3285, .T. ) ;
#1763 = EDGE_CURVE ( 'NONE', #3363, #1171, #2147, .T. ) ;
#1764 = CARTESIAN_POINT ( 'NONE',  ( -2.260458703054892382, 35.92896222341780543, 2.000000000000000000 ) ) ;
#1765 = ORIENTED_EDGE ( 'NONE', *, *, #3623, .T. ) ;
#1766 = DIRECTION ( 'NONE',  ( 0.000000000000000000, 0.000000000000000000, 1.000000000000000000 ) ) ;
#1767 = LINE ( 'NONE', #2458, #1878 ) ;
#1768 = FACE_OUTER_BOUND ( 'NONE', #880, .T. ) ;
#1769 = DIRECTION ( 'NONE',  ( 1.000000000000000000, 0.000000000000000000, 0.000000000000000000 ) ) ;
#1770 = VERTEX_POINT ( 'NONE', #2997 ) ;
#1771 = DIRECTION ( 'NONE',  ( 1.000000000000000000, 0.000000000000000000, 0.000000000000000000 ) ) ;
#1772 = ORIENTED_EDGE ( 'NONE', *, *, #1879, .F. ) ;
#1773 = DIRECTION ( 'NONE',  ( 0.000000000000000000, 0.000000000000000000, 1.000000000000000000 ) ) ;
#1774 = FACE_OUTER_BOUND ( 'NONE', #318, .T. ) ;
#1775 = VERTEX_POINT ( 'NONE', #996 ) ;
#1776 = DIRECTION ( 'NONE',  ( 1.000000000000000000, 0.000000000000000000, 0.000000000000000000 ) ) ;
#1777 = AXIS2_PLACEMENT_3D ( 'NONE', #123, #3139, #1283 ) ;
#1778 = ORIENTED_EDGE ( 'NONE', *, *, #4690, .F. ) ;
#1779 = ORIENTED_EDGE ( 'NONE', *, *, #697, .F. ) ;
#1780 = CARTESIAN_POINT ( 'NONE',  ( 33.61899380063071163, -8.952835937934791488, -3.535533905932756404 ) ) ;
#1781 = AXIS2_PLACEMENT_3D ( 'NONE', #4550, #1069, #3710 ) ;
#1782 = DIRECTION ( 'NONE',  ( 1.000000000000000000, 0.000000000000000000, 0.000000000000000000 ) ) ;
#1783 = AXIS2_PLACEMENT_3D ( 'NONE', #1229, #4830, #4544 ) ;
#1784 = VERTEX_POINT ( 'NONE', #1394 ) ;
#1785 = CARTESIAN_POINT ( 'NONE',  ( -26.24287058717059296, 24.64369581343301618, -3.535533905932756404 ) ) ;
#1786 = DIRECTION ( 'NONE',  ( -0.000000000000000000, -0.000000000000000000, 1.000000000000000000 ) ) ;
#1787 = CARTESIAN_POINT ( 'NONE',  ( -35.71612924732115602, 4.511996408315208207, 2.000000000000000000 ) ) ;
#1788 = CARTESIAN_POINT ( 'NONE',  ( 34.74999999999999289, 1.530808498934196747E-16, -3.535533905932756404 ) ) ;
#1789 = ORIENTED_EDGE ( 'NONE', *, *, #2724, .F. ) ;
#1790 = ORIENTED_EDGE ( 'NONE', *, *, #830, .F. ) ;
#1791 = CARTESIAN_POINT ( 'NONE',  ( -39.00000000000000000, 0.000000000000000000, 2.000000000000000000 ) ) ;
#1792 = CARTESIAN_POINT ( 'NONE',  ( -36.00000000000000000, 2.513866563967056016E-13, 0.000000000000000000 ) ) ;
#1793 = ORIENTED_EDGE ( 'NONE', *, *, #4981, .F. ) ;
#1794 = FACE_BOUND ( 'NONE', #3390, .T. ) ;
#1795 = VECTOR ( 'NONE', #668, 1000.000000000000000 ) ;
#1796 = FACE_OUTER_BOUND ( 'NONE', #3338, .T. ) ;
#1797 = VECTOR ( 'NONE', #513, 1000.000000000000000 ) ;
#1798 = VERTEX_POINT ( 'NONE', #2950 ) ;
#1799 = DIRECTION ( 'NONE',  ( -0.000000000000000000, -0.000000000000000000, 1.000000000000000000 ) ) ;
#1800 = VERTEX_POINT ( 'NONE', #3018 ) ;
#1801 = ORIENTED_EDGE ( 'NONE', *, *, #18, .F. ) ;
#1802 = CIRCLE ( 'NONE', #3257, 1.249999999999999334 ) ;
#1803 = DIRECTION ( 'NONE',  ( 1.000000000000000000, 0.000000000000000000, 0.000000000000000000 ) ) ;
#1804 = ADVANCED_FACE ( 'NONE', ( #4494 ), #1096, .F. ) ;
#1805 = AXIS2_PLACEMENT_3D ( 'NONE', #1519, #4992, #1201 ) ;
#1806 = CARTESIAN_POINT ( 'NONE',  ( 32.79704048157931595, 17.34313226766133198, 2.000000000000000000 ) ) ;
#1807 = EDGE_LOOP ( 'NONE', ( #361, #1452 ) ) ;
#1808 = VERTEX_POINT ( 'NONE', #1975 ) ;
#1809 = CARTESIAN_POINT ( 'NONE',  ( -30.29704048157894647, 17.34313226766200344, 0.000000000000000000 ) ) ;
#1810 = DIRECTION ( 'NONE',  ( 1.000000000000000000, 0.000000000000000000, 0.000000000000000000 ) ) ;
#1811 = EDGE_CURVE ( 'NONE', #3693, #1770, #2812, .T. ) ;
#1812 = DIRECTION ( 'NONE',  ( 1.000000000000000000, 0.000000000000000000, 0.000000000000000000 ) ) ;
#1813 = EDGE_CURVE ( 'NONE', #1937, #4141, #435, .T. ) ;
#1814 = FACE_BOUND ( 'NONE', #1377, .T. ) ;
#1815 = ORIENTED_EDGE ( 'NONE', *, *, #1977, .T. ) ;
#1816 = AXIS2_PLACEMENT_3D ( 'NONE', #3946, #4739, #1929 ) ;
#1817 = EDGE_CURVE ( 'NONE', #3204, #3874, #4176, .T. ) ;
#1818 = DIRECTION ( 'NONE',  ( -0.000000000000000000, -0.000000000000000000, 1.000000000000000000 ) ) ;
#1819 = VECTOR ( 'NONE', #3416, 1000.000000000000000 ) ;
#1820 = EDGE_CURVE ( 'NONE', #2473, #4157, #2306, .T. ) ;
#1822 = EDGE_CURVE ( 'NONE', #3165, #1153, #3880, .T. ) ;
#1821 = DIRECTION ( 'NONE',  ( 1.000000000000000000, 0.000000000000000000, 0.000000000000000000 ) ) ;
#1823 = VECTOR ( 'NONE', #583, 1000.000000000000000 ) ;
#1824 = ORIENTED_EDGE ( 'NONE', *, *, #459, .F. ) ;
#1825 = CARTESIAN_POINT ( 'NONE',  ( 27.87461179749837825, 21.16026908252864658, -3.535533905932756404 ) ) ;
#1826 = DIRECTION ( 'NONE',  ( -1.000000000000000000, 0.000000000000000000, 0.000000000000000000 ) ) ;
#1827 = AXIS2_PLACEMENT_3D ( 'NONE', #929, #548, #127 ) ;
#1828 = LINE ( 'NONE', #1022, #3320 ) ;
#1829 = AXIS2_PLACEMENT_3D ( 'NONE', #4377, #3248, #568 ) ;
#1830 = CIRCLE ( 'NONE', #695, 1.249999999999999334 ) ;
#1831 = ORIENTED_EDGE ( 'NONE', *, *, #1871, .T. ) ;
#1832 = DIRECTION ( 'NONE',  ( 1.875880373422709653E-15, -1.000000000000000000, 0.000000000000000000 ) ) ;
#1833 = AXIS2_PLACEMENT_3D ( 'NONE', #462, #2003, #814 ) ;
#1834 = CIRCLE ( 'NONE', #142, 1.250000000000001110 ) ;
#1835 = LINE ( 'NONE', #2626, #2856 ) ;
#1836 = VERTEX_POINT ( 'NONE', #1923 ) ;
#1837 = DIRECTION ( 'NONE',  ( 1.000000000000000000, 0.000000000000000000, 0.000000000000000000 ) ) ;
#1838 = ORIENTED_EDGE ( 'NONE', *, *, #3391, .F. ) ;
#1839 = DIRECTION ( 'NONE',  ( 1.000000000000000000, 0.000000000000000000, 0.000000000000000000 ) ) ;
#1840 = CARTESIAN_POINT ( 'NONE',  ( 2.260458703055151730, -35.92896222341776991, -3.535533905932756404 ) ) ;
#1841 = FACE_BOUND ( 'NONE', #3899, .T. ) ;
#1842 = VERTEX_POINT ( 'NONE', #788 ) ;
#1843 = DIRECTION ( 'NONE',  ( 0.000000000000000000, 0.000000000000000000, 1.000000000000000000 ) ) ;
#1844 = EDGE_CURVE ( 'NONE', #1038, #3666, #3439, .T. ) ;
#1845 = DIRECTION ( 'NONE',  ( -0.000000000000000000, -0.000000000000000000, -1.000000000000000000 ) ) ;
#1846 = ORIENTED_EDGE ( 'NONE', *, *, #3772, .F. ) ;
#1847 = CARTESIAN_POINT ( 'NONE',  ( 35.71612924732126260, 4.511996408314459472, -3.535533905932756404 ) ) ;
#1848 = FACE_BOUND ( 'NONE', #3350, .T. ) ;
#1849 = CARTESIAN_POINT ( 'NONE',  ( 29.12461179749808338, -21.16026908252907646, 2.000000000000000000 ) ) ;
#1850 = ORIENTED_EDGE ( 'NONE', *, *, #480, .T. ) ;
#1851 = CARTESIAN_POINT ( 'NONE',  ( -34.74999999999999289, 2.513866563967056016E-13, -3.535533905932756404 ) ) ;
#1852 = AXIS2_PLACEMENT_3D ( 'NONE', #826, #3540, #4665 ) ;
#1853 = DIRECTION ( 'NONE',  ( 1.000000000000000000, 0.000000000000000000, 0.000000000000000000 ) ) ;
#1854 = ORIENTED_EDGE ( 'NONE', *, *, #3152, .F. ) ;
#1855 = DIRECTION ( 'NONE',  ( 1.000000000000000000, 0.000000000000000000, 0.000000000000000000 ) ) ;
#1856 = ORIENTED_EDGE ( 'NONE', *, *, #2998, .F. ) ;
#1857 = AXIS2_PLACEMENT_3D ( 'NONE', #40, #1575, #2283 ) ;
#1858 = DIRECTION ( 'NONE',  ( -1.000000000000000000, 0.000000000000000000, 0.000000000000000000 ) ) ;
#1859 = DIRECTION ( 'NONE',  ( 0.000000000000000000, 0.000000000000000000, 1.000000000000000000 ) ) ;
#1860 = DIRECTION ( 'NONE',  ( -0.000000000000000000, -0.000000000000000000, 1.000000000000000000 ) ) ;
#1861 = VECTOR ( 'NONE', #2327, 1000.000000000000000 ) ;
#1862 = EDGE_LOOP ( 'NONE', ( #4713, #2158, #2529, #1125 ) ) ;
#1863 = DIRECTION ( 'NONE',  ( -0.000000000000000000, -0.000000000000000000, 1.000000000000000000 ) ) ;
#1864 = AXIS2_PLACEMENT_3D ( 'NONE', #1117, #1866, #4228 ) ;
#1865 = EDGE_CURVE ( 'NONE', #4087, #4577, #4593, .T. ) ;
#1866 = DIRECTION ( 'NONE',  ( -1.000000000000000000, 0.000000000000000000, 0.000000000000000000 ) ) ;
#1867 = ORIENTED_EDGE ( 'NONE', *, *, #615, .T. ) ;
#1868 = AXIS2_PLACEMENT_3D ( 'NONE', #1946, #4627, #2255 ) ;
#1869 = DIRECTION ( 'NONE',  ( -0.000000000000000000, -0.000000000000000000, 1.000000000000000000 ) ) ;
#1870 = CARTESIAN_POINT ( 'NONE',  ( 14.07805449634299322, 32.57377388877652891, 2.000000000000000000 ) ) ;
#1871 = EDGE_CURVE ( 'NONE', #1436, #738, #1491, .T. ) ;
#1872 = EDGE_CURVE ( 'NONE', #1460, #912, #4523, .T. ) ;
#1873 = DIRECTION ( 'NONE',  ( 1.000000000000000000, 0.000000000000000000, 0.000000000000000000 ) ) ;
#1874 = ADVANCED_FACE ( 'NONE', ( #3206 ), #4776, .T. ) ;
#1875 = CARTESIAN_POINT ( 'NONE',  ( 20.53976461924380459, -30.39580531807259334, 0.000000000000000000 ) ) ;
#1876 = CIRCLE ( 'NONE', #1159, 1.249999999999999334 ) ;
#1877 = EDGE_CURVE ( 'NONE', #816, #4459, #2282, .T. ) ;
#1878 = VECTOR ( 'NONE', #4004, 1000.000000000000000 ) ;
#1879 = EDGE_CURVE ( 'NONE', #4157, #4459, #2279, .T. ) ;
#1880 = FACE_OUTER_BOUND ( 'NONE', #3786, .T. ) ;
#1881 = AXIS2_PLACEMENT_3D ( 'NONE', #1152, #2697, #766 ) ;
#1882 = VERTEX_POINT ( 'NONE', #3801 ) ;
#1883 = FACE_OUTER_BOUND ( 'NONE', #3723, .T. ) ;
#1884 = ORIENTED_EDGE ( 'NONE', *, *, #4948, .T. ) ;
#1885 = FACE_OUTER_BOUND ( 'NONE', #3209, .T. ) ;
#1886 = DIRECTION ( 'NONE',  ( 1.000000000000000000, 0.000000000000000000, 0.000000000000000000 ) ) ;
#1887 = FACE_BOUND ( 'NONE', #1263, .T. ) ;
#1888 = VERTEX_POINT ( 'NONE', #3494 ) ;
#1889 = EDGE_LOOP ( 'NONE', ( #4288, #485 ) ) ;
#1890 = CYLINDRICAL_SURFACE ( 'NONE', #2307, 1.250000000000007994 ) ;
#1891 = CARTESIAN_POINT ( 'NONE',  ( -19.28976461924401775, -30.39580531807245478, 0.000000000000000000 ) ) ;
#1892 = CARTESIAN_POINT ( 'NONE',  ( -20.53976461924359498, 30.39580531807271768, 2.000000000000000000 ) ) ;
#1893 = EDGE_LOOP ( 'NONE', ( #5009, #2242 ) ) ;
#1894 = FACE_OUTER_BOUND ( 'NONE', #72, .T. ) ;
#1895 = CARTESIAN_POINT ( 'NONE',  ( 33.61899380063083953, 8.952835937934295885, 0.000000000000000000 ) ) ;
#1896 = VECTOR ( 'NONE', #1225, 1000.000000000000000 ) ;
#1897 = DIRECTION ( 'NONE',  ( -0.000000000000000000, -0.000000000000000000, 1.000000000000000000 ) ) ;
#1898 = CIRCLE ( 'NONE', #130, 1.250000000000001110 ) ;
#1899 = ADVANCED_FACE ( 'NONE', ( #4206 ), #3856, .F. ) ;
#1900 = DIRECTION ( 'NONE',  ( 0.000000000000000000, 0.000000000000000000, 1.000000000000000000 ) ) ;
#1901 = EDGE_CURVE ( 'NONE', #1417, #3592, #6, .T. ) ;
#1902 = CIRCLE ( 'NONE', #4761, 1.250000000000001110 ) ;
#1903 = CARTESIAN_POINT ( 'NONE',  ( -5.000000000000020428, -26.00000000000000000, 2.000000000000000000 ) ) ;
#1904 = AXIS2_PLACEMENT_3D ( 'NONE', #4289, #1175, #731 ) ;
#1905 = VERTEX_POINT ( 'NONE', #1870 ) ;
#1906 = VERTEX_POINT ( 'NONE', #1548 ) ;
#1907 = LINE ( 'NONE', #3450, #2637 ) ;
#1908 = ORIENTED_EDGE ( 'NONE', *, *, #1568, .F. ) ;
#1909 = AXIS2_PLACEMENT_3D ( 'NONE', #3631, #800, #3082 ) ;
#1910 = ADVANCED_FACE ( 'NONE', ( #3826 ), #1204, .F. ) ;
#1911 = DIRECTION ( 'NONE',  ( 1.000000000000000000, 0.000000000000000000, 0.000000000000000000 ) ) ;
#1912 = ORIENTED_EDGE ( 'NONE', *, *, #4457, .T. ) ;
#1913 = CARTESIAN_POINT ( 'NONE',  ( 0.000000000000000000, 26.00000000000000000, 4.500000000000000000 ) ) ;
#1914 = FACE_BOUND ( 'NONE', #4437, .T. ) ;
#1915 = EDGE_LOOP ( 'NONE', ( #4727, #4738, #447, #654 ) ) ;
#1916 = EDGE_LOOP ( 'NONE', ( #3290, #2614, #1044, #3855 ) ) ;
#1917 = LINE ( 'NONE', #4964, #1182 ) ;
#1918 = DIRECTION ( 'NONE',  ( 1.000000000000000000, 0.000000000000000000, 0.000000000000000000 ) ) ;
#1919 = LINE ( 'NONE', #4624, #2124 ) ;
#1920 = ORIENTED_EDGE ( 'NONE', *, *, #4291, .T. ) ;
#1921 = DIRECTION ( 'NONE',  ( 1.000000000000000000, 0.000000000000000000, 0.000000000000000000 ) ) ;
#1922 = ORIENTED_EDGE ( 'NONE', *, *, #416, .T. ) ;
#1923 = CARTESIAN_POINT ( 'NONE',  ( 34.74999999999999289, 1.530808498934200938E-16, 2.000000000000000000 ) ) ;
#1924 = CYLINDRICAL_SURFACE ( 'NONE', #1857, 1.250000000000001110 ) ;
#1925 = DIRECTION ( 'NONE',  ( -0.000000000000000000, -0.000000000000000000, -1.000000000000000000 ) ) ;
#1926 = CARTESIAN_POINT ( 'NONE',  ( 24.99287058717113297, 24.64369581343245486, 0.000000000000000000 ) ) ;
#1927 = VERTEX_POINT ( 'NONE', #2669 ) ;
#1928 = EDGE_LOOP ( 'NONE', ( #4329, #3406 ) ) ;
#1929 = DIRECTION ( 'NONE',  ( 1.000000000000000000, 0.000000000000000000, 0.000000000000000000 ) ) ;
#1930 = ORIENTED_EDGE ( 'NONE', *, *, #2030, .T. ) ;
#1931 = DIRECTION ( 'NONE',  ( 5.252465045583578824E-15, -1.000000000000000000, 0.000000000000000000 ) ) ;
#1932 = VERTEX_POINT ( 'NONE', #1895 ) ;
#1933 = DIRECTION ( 'NONE',  ( 1.000000000000000000, 0.000000000000000000, 0.000000000000000000 ) ) ;
#1934 = DIRECTION ( 'NONE',  ( -0.000000000000000000, -0.000000000000000000, 1.000000000000000000 ) ) ;
#1935 = VERTEX_POINT ( 'NONE', #1147 ) ;
#1936 = AXIS2_PLACEMENT_3D ( 'NONE', #805, #859, #1594 ) ;
#1937 = VERTEX_POINT ( 'NONE', #2692 ) ;
#1938 = CARTESIAN_POINT ( 'NONE',  ( 5.495727325085972836, -35.36234102623281217, -3.535533905932756404 ) ) ;
#1939 = CIRCLE ( 'NONE', #1701, 1.249999999999999334 ) ;
#1940 = CYLINDRICAL_SURFACE ( 'NONE', #4473, 1.250000000000001110 ) ;
#1941 = ADVANCED_FACE ( 'NONE', ( #4235 ), #756, .F. ) ;
#1942 = CARTESIAN_POINT ( 'NONE',  ( 11.12461179749849549, 34.23803458662540322, 2.000000000000000000 ) ) ;
#1943 = ORIENTED_EDGE ( 'NONE', *, *, #243, .F. ) ;
#1944 = LINE ( 'NONE', #4286, #1581 ) ;
#1945 = CIRCLE ( 'NONE', #1383, 1.250000000000001110 ) ;
#1946 = CARTESIAN_POINT ( 'NONE',  ( 31.54704048157931595, 17.34313226766133198, 2.000000000000000000 ) ) ;
#1947 = DIRECTION ( 'NONE',  ( 1.000000000000000000, 0.000000000000000000, 0.000000000000000000 ) ) ;
#1948 = DIRECTION ( 'NONE',  ( -0.000000000000000000, -0.000000000000000000, -1.000000000000000000 ) ) ;
#1949 = EDGE_LOOP ( 'NONE', ( #2080, #3542, #3845, #4783 ) ) ;
#1950 = DIRECTION ( 'NONE',  ( 1.000000000000000000, 0.000000000000000000, 0.000000000000000000 ) ) ;
#1951 = CARTESIAN_POINT ( 'NONE',  ( 6.745727325085971948, -35.36234102623281217, 2.000000000000000000 ) ) ;
#1952 = ORIENTED_EDGE ( 'NONE', *, *, #2754, .T. ) ;
#1953 = ORIENTED_EDGE ( 'NONE', *, *, #185, .T. ) ;
#1954 = CIRCLE ( 'NONE', #3015, 1.249999999999999334 ) ;
#1955 = CARTESIAN_POINT ( 'NONE',  ( -16.57805449634230754, 32.57377388877684155, 2.000000000000000000 ) ) ;
#1956 = EDGE_LOOP ( 'NONE', ( #3426, #238 ) ) ;
#1957 = AXIS2_PLACEMENT_3D ( 'NONE', #2702, #2342, #3559 ) ;
#1958 = EDGE_CURVE ( 'NONE', #4308, #3887, #4088, .T. ) ;
#1959 = DIRECTION ( 'NONE',  ( 1.000000000000000000, 0.000000000000000000, 0.000000000000000000 ) ) ;
#1960 = ORIENTED_EDGE ( 'NONE', *, *, #3482, .T. ) ;
#1961 = PLANE ( 'NONE',  #4105 ) ;
#1962 = AXIS2_PLACEMENT_3D ( 'NONE', #1605, #3102, #3944 ) ;
#1963 = CARTESIAN_POINT ( 'NONE',  ( -3.000000000000000000, -26.00000000000000000, 3.013393125268148953 ) ) ;
#1964 = ORIENTED_EDGE ( 'NONE', *, *, #26, .F. ) ;
#1965 = ORIENTED_EDGE ( 'NONE', *, *, #840, .T. ) ;
#1966 = PLANE ( 'NONE',  #2645 ) ;
#1967 = ADVANCED_FACE ( 'NONE', ( #982 ), #2963, .F. ) ;
#1968 = EDGE_CURVE ( 'NONE', #2986, #2790, #903, .T. ) ;
#1969 = FACE_OUTER_BOUND ( 'NONE', #1032, .T. ) ;
#1970 = APPLICATION_PROTOCOL_DEFINITION ( 'draft international standard', 'automotive_design', 1998, #563 ) ;
#1971 = ADVANCED_FACE ( 'NONE', ( #149 ), #629, .F. ) ;
#1972 = ORIENTED_EDGE ( 'NONE', *, *, #3553, .F. ) ;
#1973 = CARTESIAN_POINT ( 'NONE',  ( -9.874611797497777843, 34.23803458662563770, -3.535533905932756404 ) ) ;
#1974 = EDGE_LOOP ( 'NONE', ( #2447, #632 ) ) ;
#1975 = CARTESIAN_POINT ( 'NONE',  ( -16.57805449634276229, -32.57377388877662838, 0.000000000000000000 ) ) ;
#1976 = ADVANCED_FACE ( 'NONE', ( #3720 ), #2486, .F. ) ;
#1977 = EDGE_CURVE ( 'NONE', #346, #3180, #1474, .T. ) ;
#1978 = ADVANCED_FACE ( 'NONE', ( #2557 ), #3178, .F. ) ;
#1979 = DIRECTION ( 'NONE',  ( -0.000000000000000000, -0.000000000000000000, -1.000000000000000000 ) ) ;
#1980 = DIRECTION ( 'NONE',  ( -0.000000000000000000, -0.000000000000000000, 1.000000000000000000 ) ) ;
#1981 = AXIS2_PLACEMENT_3D ( 'NONE', #16, #2782, #4696 ) ;
#1982 = CARTESIAN_POINT ( 'NONE',  ( -20.53976461924401775, -30.39580531807245478, 0.000000000000000000 ) ) ;
#1983 = DIRECTION ( 'NONE',  ( 1.000000000000000000, 0.000000000000000000, 0.000000000000000000 ) ) ;
#1984 = VECTOR ( 'NONE', #2918, 1000.000000000000000 ) ;
#1985 = VERTEX_POINT ( 'NONE', #4030 ) ;
#1986 = CARTESIAN_POINT ( 'NONE',  ( -30.75000000000000355, 0.000000000000000000, 2.000000000000000000 ) ) ;
#1987 = DIRECTION ( 'NONE',  ( 0.000000000000000000, 0.000000000000000000, 1.000000000000000000 ) ) ;
#1988 = AXIS2_PLACEMENT_3D ( 'NONE', #958, #518, #202 ) ;
#1989 = ORIENTED_EDGE ( 'NONE', *, *, #3553, .T. ) ;
#1990 = AXIS2_PLACEMENT_3D ( 'NONE', #2719, #810, #2362 ) ;
#1991 = AXIS2_PLACEMENT_3D ( 'NONE', #4137, #3377, #4532 ) ;
#1992 = FACE_OUTER_BOUND ( 'NONE', #605, .T. ) ;
#1993 = VERTEX_POINT ( 'NONE', #2165 ) ;
#1994 = ORIENTED_EDGE ( 'NONE', *, *, #3148, .F. ) ;
#1995 = AXIS2_PLACEMENT_3D ( 'NONE', #4984, #2990, #1812 ) ;
#1996 = CYLINDRICAL_SURFACE ( 'NONE', #3046, 1.250000000000001110 ) ;
#1997 = AXIS2_PLACEMENT_3D ( 'NONE', #66, #1576, #2364 ) ;
#1998 = LINE ( 'NONE', #3929, #2522 ) ;
#1999 = EDGE_LOOP ( 'NONE', ( #1174, #2454 ) ) ;
#2000 = ORIENTED_EDGE ( 'NONE', *, *, #867, .F. ) ;
#2001 = ORIENTED_EDGE ( 'NONE', *, *, #1137, .F. ) ;
#2002 = DIRECTION ( 'NONE',  ( 0.000000000000000000, 0.000000000000000000, 1.000000000000000000 ) ) ;
#2003 = DIRECTION ( 'NONE',  ( 0.000000000000000000, 0.000000000000000000, 1.000000000000000000 ) ) ;
#2004 = DIRECTION ( 'NONE',  ( 1.000000000000000000, 0.000000000000000000, 0.000000000000000000 ) ) ;
#2005 = DIRECTION ( 'NONE',  ( 1.000000000000000000, 0.000000000000000000, -0.000000000000000000 ) ) ;
#2006 = DIRECTION ( 'NONE',  ( 1.000000000000000000, 0.000000000000000000, 0.000000000000000000 ) ) ;
#2007 = CARTESIAN_POINT ( 'NONE',  ( 3.000000000000000000, -26.00000000000000000, 0.000000000000000000 ) ) ;
#2008 = ORIENTED_EDGE ( 'NONE', *, *, #90, .T. ) ;
#2009 = DIRECTION ( 'NONE',  ( 0.000000000000000000, 0.000000000000000000, 1.000000000000000000 ) ) ;
#2010 = CARTESIAN_POINT ( 'NONE',  ( 33.61899380063071163, -8.952835937934791488, 0.000000000000000000 ) ) ;
#2011 = ORIENTED_EDGE ( 'NONE', *, *, #251, .F. ) ;
#2012 = VERTEX_POINT ( 'NONE', #1710 ) ;
#2013 = DIRECTION ( 'NONE',  ( -0.000000000000000000, -0.000000000000000000, 1.000000000000000000 ) ) ;
#2014 = VERTEX_POINT ( 'NONE', #578 ) ;
#2015 = CARTESIAN_POINT ( 'NONE',  ( 18.03976461924380104, -30.39580531807259334, 2.000000000000000000 ) ) ;
#2016 = VECTOR ( 'NONE', #1860, 1000.000000000000000 ) ;
#2017 = ORIENTED_EDGE ( 'NONE', *, *, #608, .T. ) ;
#2018 = DIRECTION ( 'NONE',  ( 1.000000000000000000, 0.000000000000000000, 0.000000000000000000 ) ) ;
#2019 = ORIENTED_EDGE ( 'NONE', *, *, #4803, .T. ) ;
#2020 = ORIENTED_EDGE ( 'NONE', *, *, #1296, .T. ) ;
#2021 = EDGE_CURVE ( 'NONE', #1478, #1324, #2383, .T. ) ;
#2022 = CARTESIAN_POINT ( 'NONE',  ( 36.00000000000000000, 0.000000000000000000, 0.000000000000000000 ) ) ;
#2023 = AXIS2_PLACEMENT_3D ( 'NONE', #2022, #3168, #4420 ) ;
#2024 = DIRECTION ( 'NONE',  ( 1.000000000000000000, 0.000000000000000000, 0.000000000000000000 ) ) ;
#2025 = ADVANCED_FACE ( 'NONE', ( #250 ), #2090, .F. ) ;
#2026 = DIRECTION ( 'NONE',  ( 1.000000000000000000, 0.000000000000000000, 0.000000000000000000 ) ) ;
#2027 = EDGE_CURVE ( 'NONE', #1745, #4672, #1739, .T. ) ;
#2028 = EDGE_CURVE ( 'NONE', #1144, #1094, #1365, .T. ) ;
#2029 = CARTESIAN_POINT ( 'NONE',  ( 24.19726363095315946, 27.73847673992813867, 2.000000000000000000 ) ) ;
#2030 = EDGE_CURVE ( 'NONE', #3331, #862, #2784, .T. ) ;
#2031 = ORIENTED_EDGE ( 'NONE', *, *, #4082, .F. ) ;
#2032 = DIRECTION ( 'NONE',  ( -0.000000000000000000, -0.000000000000000000, -1.000000000000000000 ) ) ;
#2033 = DIRECTION ( 'NONE',  ( 1.000000000000000000, 0.000000000000000000, 0.000000000000000000 ) ) ;
#2034 = EDGE_CURVE ( 'NONE', #2763, #3693, #1767, .T. ) ;
#2035 = EDGE_CURVE ( 'NONE', #540, #2225, #113, .T. ) ;
#2036 = CARTESIAN_POINT ( 'NONE',  ( 30.29704048157931950, 17.34313226766133198, 2.000000000000000000 ) ) ;
#2037 = ORIENTED_EDGE ( 'NONE', *, *, #1817, .T. ) ;
#2038 = LINE ( 'NONE', #5010, #4016 ) ;
#2039 = AXIS2_PLACEMENT_3D ( 'NONE', #1764, #3329, #3307 ) ;
#2040 = AXIS2_PLACEMENT_3D ( 'NONE', #4822, #4101, #203 ) ;
#2041 = CARTESIAN_POINT ( 'NONE',  ( 31.54704048157931595, 17.34313226766133198, -3.535533905932756404 ) ) ;
#2042 = EDGE_LOOP ( 'NONE', ( #2500, #1960, #3808, #1522 ) ) ;
#2043 = EDGE_LOOP ( 'NONE', ( #576, #3104, #718, #1184 ) ) ;
#2044 = AXIS2_PLACEMENT_3D ( 'NONE', #3171, #2422, #466 ) ;
#2045 = DIRECTION ( 'NONE',  ( 1.000000000000000000, -6.938893903907228378E-15, 0.000000000000000000 ) ) ;
#2046 = CIRCLE ( 'NONE', #1170, 1.250000000000001110 ) ;
#2047 = LINE ( 'NONE', #4010, #3729 ) ;
#2048 = DIRECTION ( 'NONE',  ( -0.000000000000000000, -0.000000000000000000, 1.000000000000000000 ) ) ;
#2049 = FACE_OUTER_BOUND ( 'NONE', #4094, .T. ) ;
#2050 = LINE ( 'NONE', #158, #780 ) ;
#2051 = CYLINDRICAL_SURFACE ( 'NONE', #3500, 1.250000000000001110 ) ;
#2052 = ADVANCED_FACE ( 'NONE', ( #4463 ), #3311, .F. ) ;
#2053 = AXIS2_PLACEMENT_3D ( 'NONE', #1529, #71, #1631 ) ;
#2054 = CIRCLE ( 'NONE', #2715, 1.250000000000001110 ) ;
#2055 = DIRECTION ( 'NONE',  ( -0.000000000000000000, -0.000000000000000000, -1.000000000000000000 ) ) ;
#2056 = EDGE_CURVE ( 'NONE', #3000, #1133, #1130, .T. ) ;
#2057 = DIRECTION ( 'NONE',  ( 1.000000000000000000, 0.000000000000000000, 0.000000000000000000 ) ) ;
#2058 = VERTEX_POINT ( 'NONE', #4614 ) ;
#2059 = DIRECTION ( 'NONE',  ( 1.000000000000000000, 0.000000000000000000, 0.000000000000000000 ) ) ;
#2060 = AXIS2_PLACEMENT_3D ( 'NONE', #257, #4854, #3231 ) ;
#2061 = DIRECTION ( 'NONE',  ( -0.000000000000000000, -0.000000000000000000, 1.000000000000000000 ) ) ;
#2062 = VERTEX_POINT ( 'NONE', #696 ) ;
#2063 = CARTESIAN_POINT ( 'NONE',  ( -21.69726363095296406, -27.73847673992830209, -3.535533905932756404 ) ) ;
#2064 = AXIS2_PLACEMENT_3D ( 'NONE', #1082, #3405, #3740 ) ;
#2065 = DIRECTION ( 'NONE',  ( 1.000000000000000000, 0.000000000000000000, 0.000000000000000000 ) ) ;
#2066 = CYLINDRICAL_SURFACE ( 'NONE', #4919, 1.250000000000001110 ) ;
#2067 = DIRECTION ( 'NONE',  ( 1.000000000000000000, 0.000000000000000000, 0.000000000000000000 ) ) ;
#2068 = VECTOR ( 'NONE', #162, 1000.000000000000000 ) ;
#2069 = EDGE_LOOP ( 'NONE', ( #951, #2573, #2303, #776 ) ) ;
#2070 = LINE ( 'NONE', #2465, #527 ) ;
#2071 = AXIS2_PLACEMENT_3D ( 'NONE', #2444, #3138, #1190 ) ;
#2072 = AXIS2_PLACEMENT_3D ( 'NONE', #343, #689, #1403 ) ;
#2073 = DIRECTION ( 'NONE',  ( -1.000000000000000000, 6.938893903907228378E-15, 0.000000000000000000 ) ) ;
#2074 = EDGE_CURVE ( 'NONE', #4881, #2992, #1251, .T. ) ;
#2075 = EDGE_LOOP ( 'NONE', ( #4993, #1333, #4083, #3872 ) ) ;
#2076 = FACE_OUTER_BOUND ( 'NONE', #4703, .T. ) ;
#2077 = ORIENTED_EDGE ( 'NONE', *, *, #178, .T. ) ;
#2078 = CARTESIAN_POINT ( 'NONE',  ( -19.00000000000000000, 0.000000000000000000, 55.74011537017760531 ) ) ;
#2079 = DIRECTION ( 'NONE',  ( 1.000000000000000000, 0.000000000000000000, 0.000000000000000000 ) ) ;
#2080 = ORIENTED_EDGE ( 'NONE', *, *, #4744, .F. ) ;
#2081 = DIRECTION ( 'NONE',  ( 1.000000000000000000, 0.000000000000000000, 0.000000000000000000 ) ) ;
#2082 = DIRECTION ( 'NONE',  ( -0.000000000000000000, -0.000000000000000000, 1.000000000000000000 ) ) ;
#2083 = CARTESIAN_POINT ( 'NONE',  ( -31.54704048157895002, 17.34313226766200344, -3.535533905932756404 ) ) ;
#2084 = CARTESIAN_POINT ( 'NONE',  ( 32.22195349197721725, 13.25248389664795212, 0.000000000000000000 ) ) ;
#2085 = VERTEX_POINT ( 'NONE', #4220 ) ;
#2086 = ORIENTED_EDGE ( 'NONE', *, *, #2416, .F. ) ;
#2087 = ORIENTED_EDGE ( 'NONE', *, *, #1072, .T. ) ;
#2088 = CYLINDRICAL_SURFACE ( 'NONE', #4987, 1.250000000000001110 ) ;
#2089 = ADVANCED_FACE ( 'NONE', ( #2584 ), #3741, .F. ) ;
#2090 = CYLINDRICAL_SURFACE ( 'NONE', #2040, 1.250000000000001110 ) ;
#2091 = CARTESIAN_POINT ( 'NONE',  ( -35.71612924732121996, -4.511996408314707274, 0.000000000000000000 ) ) ;
#2092 = DIRECTION ( 'NONE',  ( 1.000000000000000000, 0.000000000000000000, 0.000000000000000000 ) ) ;
#2093 = ORIENTED_EDGE ( 'NONE', *, *, #1172, .F. ) ;
#2094 = DIRECTION ( 'NONE',  ( 0.000000000000000000, 0.000000000000000000, 1.000000000000000000 ) ) ;
#2095 = EDGE_LOOP ( 'NONE', ( #1591, #472 ) ) ;
#2096 = ADVANCED_FACE ( 'NONE', ( #4511 ), #2989, .F. ) ;
#2097 = CARTESIAN_POINT ( 'NONE',  ( 0.000000000000000000, -26.00000000000000000, 4.500000000000000000 ) ) ;
#2098 = EDGE_LOOP ( 'NONE', ( #4735, #2603 ) ) ;
#2099 = DIRECTION ( 'NONE',  ( 0.000000000000000000, 0.000000000000000000, 1.000000000000000000 ) ) ;
#2100 = DIRECTION ( 'NONE',  ( 0.000000000000000000, 0.000000000000000000, 1.000000000000000000 ) ) ;
#2101 = AXIS2_PLACEMENT_3D ( 'NONE', #2646, #2363, #1873 ) ;
#2102 = EDGE_LOOP ( 'NONE', ( #1695, #539, #2425, #4507 ) ) ;
#2103 = LINE ( 'NONE', #2927, #2948 ) ;
#2104 = ORIENTED_EDGE ( 'NONE', *, *, #4923, .T. ) ;
#2105 = ORIENTED_EDGE ( 'NONE', *, *, #1149, .T. ) ;
#2106 = VERTEX_POINT ( 'NONE', #1481 ) ;
#2107 = CARTESIAN_POINT ( 'NONE',  ( -2.260458703055409746, -35.92896222341775569, 0.000000000000000000 ) ) ;
#2108 = AXIS2_PLACEMENT_3D ( 'NONE', #4569, #4967, #1167 ) ;
#2109 = EDGE_LOOP ( 'NONE', ( #1908, #390 ) ) ;
#2110 = FACE_OUTER_BOUND ( 'NONE', #2042, .T. ) ;
#2111 = VECTOR ( 'NONE', #362, 1000.000000000000000 ) ;
#2112 = EDGE_LOOP ( 'NONE', ( #4564, #2629, #2917, #2911 ) ) ;
#2113 = ORIENTED_EDGE ( 'NONE', *, *, #3937, .T. ) ;
#2114 = FACE_OUTER_BOUND ( 'NONE', #383, .T. ) ;
#2115 = DIRECTION ( 'NONE',  ( 0.000000000000000000, 0.000000000000000000, 1.000000000000000000 ) ) ;
#2116 = CARTESIAN_POINT ( 'NONE',  ( -5.000000000000194511, -28.31187913226527542, 9.000000000000001776 ) ) ;
#2117 = CYLINDRICAL_SURFACE ( 'NONE', #3471, 1.249999999999999334 ) ;
#2118 = VERTEX_POINT ( 'NONE', #369 ) ;
#2119 = EDGE_CURVE ( 'NONE', #4375, #4901, #2287, .T. ) ;
#2120 = CARTESIAN_POINT ( 'NONE',  ( -5.000000000000000888, 26.00000000000000000, 9.000000000000001776 ) ) ;
#2121 = ADVANCED_FACE ( 'NONE', ( #3382 ), #4537, .F. ) ;
#2122 = AXIS2_PLACEMENT_3D ( 'NONE', #4044, #4097, #1782 ) ;
#2123 = CARTESIAN_POINT ( 'NONE',  ( 14.07805449634299322, 32.57377388877652891, 0.000000000000000000 ) ) ;
#2124 = VECTOR ( 'NONE', #30, 1000.000000000000000 ) ;
#2125 = AXIS2_PLACEMENT_3D ( 'NONE', #2083, #163, #2059 ) ;
#2126 = VERTEX_POINT ( 'NONE', #1056 ) ;
#2127 = EDGE_CURVE ( 'NONE', #795, #4875, #3008, .T. ) ;
#2128 = DIRECTION ( 'NONE',  ( -0.000000000000000000, -0.000000000000000000, 1.000000000000000000 ) ) ;
#2129 = DIRECTION ( 'NONE',  ( 0.000000000000000000, 0.000000000000000000, 1.000000000000000000 ) ) ;
#2130 = EDGE_LOOP ( 'NONE', ( #3109, #131, #1001, #4611 ) ) ;
#2131 = LINE ( 'NONE', #1702, #2698 ) ;
#2132 = ORIENTED_EDGE ( 'NONE', *, *, #2445, .F. ) ;
#2133 = DIRECTION ( 'NONE',  ( -0.000000000000000000, -0.000000000000000000, -1.000000000000000000 ) ) ;
#2134 = VERTEX_POINT ( 'NONE', #3793 ) ;
#2135 = DIRECTION ( 'NONE',  ( 1.000000000000000000, 0.000000000000000000, 0.000000000000000000 ) ) ;
#2136 = CARTESIAN_POINT ( 'NONE',  ( 11.12461179749801232, -34.23803458662555244, 0.000000000000000000 ) ) ;
#2137 = ORIENTED_EDGE ( 'NONE', *, *, #2035, .T. ) ;
#2138 = VERTEX_POINT ( 'NONE', #3059 ) ;
#2139 = LINE ( 'NONE', #1709, #3770 ) ;
#2140 = CARTESIAN_POINT ( 'NONE',  ( -15.32805449634276229, -32.57377388877662838, -3.535533905932756404 ) ) ;
#2141 = DIRECTION ( 'NONE',  ( 1.000000000000000000, 0.000000000000000000, 0.000000000000000000 ) ) ;
#2142 = CYLINDRICAL_SURFACE ( 'NONE', #723, 1.250000000000001110 ) ;
#2143 = AXIS2_PLACEMENT_3D ( 'NONE', #1014, #3675, #3626 ) ;
#2144 = EDGE_LOOP ( 'NONE', ( #768, #3246, #1115, #4045 ) ) ;
#2145 = CARTESIAN_POINT ( 'NONE',  ( -35.71612924732121996, -4.511996408314707274, 2.000000000000000000 ) ) ;
#2146 = AXIS2_PLACEMENT_3D ( 'NONE', #55, #3142, #2766 ) ;
#2147 = CIRCLE ( 'NONE', #3440, 1.250000000000001110 ) ;
#2148 = CARTESIAN_POINT ( 'NONE',  ( 15.32805449634299322, 32.57377388877652891, 2.000000000000000000 ) ) ;
#2149 = EDGE_LOOP ( 'NONE', ( #956, #4979, #2551, #2756 ) ) ;
#2150 = VECTOR ( 'NONE', #150, 1000.000000000000000 ) ;
#2151 = DIRECTION ( 'NONE',  ( 0.000000000000000000, 0.000000000000000000, 1.000000000000000000 ) ) ;
#2152 = CIRCLE ( 'NONE', #2977, 1.250000000000001110 ) ;
#2153 = DIRECTION ( 'NONE',  ( -0.000000000000000000, -0.000000000000000000, -1.000000000000000000 ) ) ;
#2154 = AXIS2_PLACEMENT_3D ( 'NONE', #904, #3700, #2141 ) ;
#2155 = VERTEX_POINT ( 'NONE', #324 ) ;
#2156 = CARTESIAN_POINT ( 'NONE',  ( 36.96612924732126260, 4.511996408314459472, -3.535533905932756404 ) ) ;
#2157 = VERTEX_POINT ( 'NONE', #2293 ) ;
#2158 = ORIENTED_EDGE ( 'NONE', *, *, #2794, .F. ) ;
#2159 = ORIENTED_EDGE ( 'NONE', *, *, #2885, .T. ) ;
#2160 = DIRECTION ( 'NONE',  ( -0.000000000000000000, -0.000000000000000000, 1.000000000000000000 ) ) ;
#2161 = CARTESIAN_POINT ( 'NONE',  ( -5.000000000000182077, -25.99999999999996447, 9.000000000000001776 ) ) ;
#2162 = VERTEX_POINT ( 'NONE', #3033 ) ;
#2163 = ORIENTED_EDGE ( 'NONE', *, *, #3303, .F. ) ;
#2164 = DIRECTION ( 'NONE',  ( 0.000000000000000000, 0.000000000000000000, 1.000000000000000000 ) ) ;
#2165 = CARTESIAN_POINT ( 'NONE',  ( -3.000000000000000000, -26.00000000000000000, 0.000000000000000000 ) ) ;
#2166 = CARTESIAN_POINT ( 'NONE',  ( -15.32805449634230399, 32.57377388877684155, -3.535533905932756404 ) ) ;
#2167 = DIRECTION ( 'NONE',  ( 1.000000000000000000, 0.000000000000000000, 0.000000000000000000 ) ) ;
#2168 = ORIENTED_EDGE ( 'NONE', *, *, #638, .T. ) ;
#2169 = DIRECTION ( 'NONE',  ( 1.000000000000000000, 0.000000000000000000, 0.000000000000000000 ) ) ;
#2170 = EDGE_CURVE ( 'NONE', #1836, #2291, #3026, .T. ) ;
#2171 = CARTESIAN_POINT ( 'NONE',  ( -1.500000000000000000, 26.00000000000000000, 3.013393125268148953 ) ) ;
#2172 = ORIENTED_EDGE ( 'NONE', *, *, #1603, .F. ) ;
#2173 = ADVANCED_FACE ( 'NONE', ( #3356 ), #302, .T. ) ;
#2174 = FACE_BOUND ( 'NONE', #892, .T. ) ;
#2175 = CARTESIAN_POINT ( 'NONE',  ( 0.000000000000000000, 0.000000000000000000, 2.000000000000000000 ) ) ;
#2176 = ORIENTED_EDGE ( 'NONE', *, *, #3995, .T. ) ;
#2177 = DIRECTION ( 'NONE',  ( -1.000000000000000000, 0.000000000000000000, 0.000000000000000000 ) ) ;
#2178 = VECTOR ( 'NONE', #57, 1000.000000000000000 ) ;
#2179 = VERTEX_POINT ( 'NONE', #3841 ) ;
#2180 = ORIENTED_EDGE ( 'NONE', *, *, #2568, .T. ) ;
#2181 = EDGE_CURVE ( 'NONE', #5000, #1284, #1092, .T. ) ;
#2182 = EDGE_LOOP ( 'NONE', ( #1422, #1390 ) ) ;
#2183 = LINE ( 'NONE', #4553, #3530 ) ;
#2184 = ADVANCED_FACE ( 'NONE', ( #1885 ), #3452, .F. ) ;
#2185 = EDGE_CURVE ( 'NONE', #987, #1284, #5004, .T. ) ;
#2186 = DIRECTION ( 'NONE',  ( -0.000000000000000000, -0.000000000000000000, -1.000000000000000000 ) ) ;
#2187 = VECTOR ( 'NONE', #3294, 1000.000000000000000 ) ;
#2188 = ORIENTED_EDGE ( 'NONE', *, *, #2119, .F. ) ;
#2189 = ORIENTED_EDGE ( 'NONE', *, *, #1968, .T. ) ;
#2190 = CYLINDRICAL_SURFACE ( 'NONE', #2064, 1.250000000000001110 ) ;
#2191 = EDGE_CURVE ( 'NONE', #3771, #4827, #4121, .T. ) ;
#2192 = CARTESIAN_POINT ( 'NONE',  ( 7.995727325086487980, 35.36234102623271269, -3.535533905932756404 ) ) ;
#2193 = EDGE_CURVE ( 'NONE', #2138, #2858, #2372, .T. ) ;
#2194 = DIRECTION ( 'NONE',  ( -0.000000000000000000, -0.000000000000000000, -1.000000000000000000 ) ) ;
#2195 = DIRECTION ( 'NONE',  ( 1.000000000000000000, 0.000000000000000000, 0.000000000000000000 ) ) ;
#2196 = ORIENTED_EDGE ( 'NONE', *, *, #2518, .F. ) ;
#2197 = EDGE_LOOP ( 'NONE', ( #1685, #4217 ) ) ;
#2198 = DIRECTION ( 'NONE',  ( -1.000000000000000000, 5.252465045583586713E-15, 0.000000000000000000 ) ) ;
#2199 = DIRECTION ( 'NONE',  ( 1.000000000000000000, 0.000000000000000000, 0.000000000000000000 ) ) ;
#2200 = ORIENTED_EDGE ( 'NONE', *, *, #421, .F. ) ;
#2201 = VECTOR ( 'NONE', #296, 1000.000000000000000 ) ;
#2202 = CARTESIAN_POINT ( 'NONE',  ( 3.510458703055677088, 35.92896222341775569, 0.000000000000000000 ) ) ;
#2203 = CIRCLE ( 'NONE', #33, 28.74999999999999645 ) ;
#2204 = DIRECTION ( 'NONE',  ( -0.000000000000000000, -0.000000000000000000, 1.000000000000000000 ) ) ;
#2205 = CIRCLE ( 'NONE', #3341, 1.250000000000001110 ) ;
#2206 = ORIENTED_EDGE ( 'NONE', *, *, #1606, .T. ) ;
#2207 = AXIS2_PLACEMENT_3D ( 'NONE', #2805, #4346, #2777 ) ;
#2208 = DIRECTION ( 'NONE',  ( -0.000000000000000000, -0.000000000000000000, -1.000000000000000000 ) ) ;
#2209 = AXIS2_PLACEMENT_3D ( 'NONE', #525, #3514, #2411 ) ;
#2210 = CARTESIAN_POINT ( 'NONE',  ( -5.000000000000194511, -28.31187913226527542, 9.000000000000001776 ) ) ;
#2211 = EDGE_CURVE ( 'NONE', #4772, #1730, #4719, .T. ) ;
#2212 = ORIENTED_EDGE ( 'NONE', *, *, #2181, .T. ) ;
#2213 = CARTESIAN_POINT ( 'NONE',  ( -34.86899380063064768, 8.952835937935043731, 2.000000000000000000 ) ) ;
#2214 = EDGE_LOOP ( 'NONE', ( #2086, #132, #1398, #4638 ) ) ;
#2215 = DIRECTION ( 'NONE',  ( 1.000000000000000000, 0.000000000000000000, 0.000000000000000000 ) ) ;
#2216 = CARTESIAN_POINT ( 'NONE',  ( -1.010458703054891938, 35.92896222341780543, 2.000000000000000000 ) ) ;
#2217 = FACE_BOUND ( 'NONE', #4596, .T. ) ;
#2218 = ORIENTED_EDGE ( 'NONE', *, *, #3374, .F. ) ;
#2219 = ORIENTED_EDGE ( 'NONE', *, *, #4392, .F. ) ;
#2220 = CIRCLE ( 'NONE', #1981, 4.000000000000000888 ) ;
#2221 = CYLINDRICAL_SURFACE ( 'NONE', #4669, 1.250000000000001110 ) ;
#2222 = AXIS2_PLACEMENT_3D ( 'NONE', #1703, #4018, #541 ) ;
#2223 = PLANE ( 'NONE',  #1864 ) ;
#2224 = CIRCLE ( 'NONE', #2558, 1.250000000000001110 ) ;
#2225 = VERTEX_POINT ( 'NONE', #1242 ) ;
#2226 = EDGE_LOOP ( 'NONE', ( #147, #309, #2979, #2895 ) ) ;
#2227 = CARTESIAN_POINT ( 'NONE',  ( -3.510458703055410190, -35.92896222341775569, -3.535533905932756404 ) ) ;
#2228 = VECTOR ( 'NONE', #2837, 1000.000000000000000 ) ;
#2229 = FACE_BOUND ( 'NONE', #2476, .T. ) ;
#2230 = VECTOR ( 'NONE', #980, 1000.000000000000000 ) ;
#2231 = CIRCLE ( 'NONE', #1587, 1.250000000000001110 ) ;
#2232 = DIRECTION ( 'NONE',  ( -0.000000000000000000, -0.000000000000000000, 1.000000000000000000 ) ) ;
#2233 = VECTOR ( 'NONE', #373, 1000.000000000000000 ) ;
#2234 = EDGE_LOOP ( 'NONE', ( #4397, #1334 ) ) ;
#2235 = CARTESIAN_POINT ( 'NONE',  ( 34.86899380063083953, 8.952835937934295885, 0.000000000000000000 ) ) ;
#2236 = CIRCLE ( 'NONE', #1113, 1.250000000000007994 ) ;
#2237 = CIRCLE ( 'NONE', #2493, 28.74999999999999645 ) ;
#2238 = CARTESIAN_POINT ( 'NONE',  ( 0.000000000000000000, 26.00000000000000000, 4.500000000000000000 ) ) ;
#2239 = VERTEX_POINT ( 'NONE', #3135 ) ;
#2240 = ORIENTED_EDGE ( 'NONE', *, *, #4287, .F. ) ;
#2241 = DIRECTION ( 'NONE',  ( -0.000000000000000000, -0.000000000000000000, 1.000000000000000000 ) ) ;
#2242 = ORIENTED_EDGE ( 'NONE', *, *, #3676, .F. ) ;
#2243 = DIRECTION ( 'NONE',  ( 1.000000000000000000, 0.000000000000000000, 0.000000000000000000 ) ) ;
#2244 = CARTESIAN_POINT ( 'NONE',  ( -27.87461179749791640, 21.16026908252928962, 2.000000000000000000 ) ) ;
#2245 = FACE_BOUND ( 'NONE', #179, .T. ) ;
#2246 = EDGE_CURVE ( 'NONE', #1798, #1273, #204, .T. ) ;
#2247 = ORIENTED_EDGE ( 'NONE', *, *, #26, .T. ) ;
#2248 = FACE_OUTER_BOUND ( 'NONE', #3992, .T. ) ;
#2249 = EDGE_CURVE ( 'NONE', #4336, #4875, #3744, .T. ) ;
#2250 = DIRECTION ( 'NONE',  ( 1.000000000000000000, 0.000000000000000000, 0.000000000000000000 ) ) ;
#2251 = ADVANCED_FACE ( 'NONE', ( #1157 ), #48, .F. ) ;
#2252 = ORIENTED_EDGE ( 'NONE', *, *, #1441, .T. ) ;
#2253 = EDGE_CURVE ( 'NONE', #3724, #2162, #3948, .T. ) ;
#2254 = CYLINDRICAL_SURFACE ( 'NONE', #4580, 1.250000000000001110 ) ;
#2255 = DIRECTION ( 'NONE',  ( 1.000000000000000000, 0.000000000000000000, 0.000000000000000000 ) ) ;
#2256 = ADVANCED_FACE ( 'NONE', ( #4328 ), #73, .F. ) ;
#2257 = LINE ( 'NONE', #4683, #3478 ) ;
#2258 = ORIENTED_EDGE ( 'NONE', *, *, #4457, .F. ) ;
#2259 = CARTESIAN_POINT ( 'NONE',  ( -26.24287058717094823, -24.64369581343265025, 0.000000000000000000 ) ) ;
#2260 = AXIS2_PLACEMENT_3D ( 'NONE', #2915, #2966, #3314 ) ;
#2261 = CARTESIAN_POINT ( 'NONE',  ( -36.00000000000000000, 2.513866563967056016E-13, 2.000000000000000000 ) ) ;
#2262 = ORIENTED_EDGE ( 'NONE', *, *, #3747, .T. ) ;
#2263 = ORIENTED_EDGE ( 'NONE', *, *, #830, .T. ) ;
#2264 = DIRECTION ( 'NONE',  ( -0.000000000000000000, -0.000000000000000000, -1.000000000000000000 ) ) ;
#2265 = ORIENTED_EDGE ( 'NONE', *, *, #825, .T. ) ;
#2266 = VECTOR ( 'NONE', #2843, 1000.000000000000000 ) ;
#2267 = DIRECTION ( 'NONE',  ( 1.000000000000000000, 1.875880373422709653E-15, -0.000000000000000000 ) ) ;
#2268 = DIRECTION ( 'NONE',  ( -0.000000000000000000, -0.000000000000000000, -1.000000000000000000 ) ) ;
#2269 = FACE_BOUND ( 'NONE', #3916, .T. ) ;
#2270 = AXIS2_PLACEMENT_3D ( 'NONE', #2148, #3342, #4036 ) ;
#2271 = ORIENTED_EDGE ( 'NONE', *, *, #3828, .F. ) ;
#2272 = VERTEX_POINT ( 'NONE', #1610 ) ;
#2273 = DIRECTION ( 'NONE',  ( 1.000000000000000000, 0.000000000000000000, 0.000000000000000000 ) ) ;
#2274 = CIRCLE ( 'NONE', #3167, 1.250000000000001110 ) ;
#2275 = CARTESIAN_POINT ( 'NONE',  ( -4.999999999999998224, 28.31187913226530739, 9.000000000000001776 ) ) ;
#2276 = EDGE_CURVE ( 'NONE', #1023, #778, #4151, .T. ) ;
#2277 = CARTESIAN_POINT ( 'NONE',  ( 26.24287058717076349, -24.64369581343283500, 2.000000000000000000 ) ) ;
#2278 = EDGE_LOOP ( 'NONE', ( #2660, #4793, #3237, #353 ) ) ;
#2279 = CIRCLE ( 'NONE', #1868, 1.250000000000001110 ) ;
#2280 = EDGE_CURVE ( 'NONE', #1906, #2800, #428, .T. ) ;
#2281 = CARTESIAN_POINT ( 'NONE',  ( 0.000000000000000000, 26.00000000000000000, 0.000000000000000000 ) ) ;
#2282 = LINE ( 'NONE', #4971, #2111 ) ;
#2283 = DIRECTION ( 'NONE',  ( 1.000000000000000000, 0.000000000000000000, 0.000000000000000000 ) ) ;
#2284 = EDGE_CURVE ( 'NONE', #2778, #4746, #19, .T. ) ;
#2285 = CARTESIAN_POINT ( 'NONE',  ( -6.745727325085741022, 35.36234102623286191, -3.535533905932756404 ) ) ;
#2286 = AXIS2_PLACEMENT_3D ( 'NONE', #1684, #2854, #4408 ) ;
#2287 = CIRCLE ( 'NONE', #744, 1.250000000000001110 ) ;
#2288 = DIRECTION ( 'NONE',  ( 1.000000000000000000, 0.000000000000000000, 0.000000000000000000 ) ) ;
#2289 = AXIS2_PLACEMENT_3D ( 'NONE', #1234, #3533, #4712 ) ;
#2290 = EDGE_LOOP ( 'NONE', ( #496, #207, #3349, #566 ) ) ;
#2291 = VERTEX_POINT ( 'NONE', #1585 ) ;
#2292 = CARTESIAN_POINT ( 'NONE',  ( 27.49287058717076704, -24.64369581343283500, 2.000000000000000000 ) ) ;
#2293 = CARTESIAN_POINT ( 'NONE',  ( -14.07805449634276407, -32.57377388877662838, 2.000000000000000000 ) ) ;
#2294 = EDGE_LOOP ( 'NONE', ( #3131, #4464, #2974, #1645 ) ) ;
#2295 = FACE_OUTER_BOUND ( 'NONE', #1737, .T. ) ;
#2296 = FACE_BOUND ( 'NONE', #1462, .T. ) ;
#2297 = ORIENTED_EDGE ( 'NONE', *, *, #3438, .F. ) ;
#2298 = ORIENTED_EDGE ( 'NONE', *, *, #1074, .F. ) ;
#2299 = DIRECTION ( 'NONE',  ( 1.000000000000000000, 0.000000000000000000, 0.000000000000000000 ) ) ;
#2300 = CARTESIAN_POINT ( 'NONE',  ( -6.745727325085741022, 35.36234102623286191, 2.000000000000000000 ) ) ;
#2301 = DIRECTION ( 'NONE',  ( 1.000000000000000000, 0.000000000000000000, 0.000000000000000000 ) ) ;
#2302 = CIRCLE ( 'NONE', #4419, 1.250000000000000222 ) ;
#2303 = ORIENTED_EDGE ( 'NONE', *, *, #461, .T. ) ;
#2304 = DIRECTION ( 'NONE',  ( -0.000000000000000000, -0.000000000000000000, 1.000000000000000000 ) ) ;
#2305 = ORIENTED_EDGE ( 'NONE', *, *, #249, .T. ) ;
#2306 = LINE ( 'NONE', #4679, #4670 ) ;
#2307 = AXIS2_PLACEMENT_3D ( 'NONE', #681, #4989, #330 ) ;
#2308 = CARTESIAN_POINT ( 'NONE',  ( 4.000000000000000888, 26.00000000000000000, 9.000000000000001776 ) ) ;
#2309 = VECTOR ( 'NONE', #2457, 1000.000000000000000 ) ;
#2310 = CARTESIAN_POINT ( 'NONE',  ( -34.72195349197696146, 13.25248389664868043, 2.000000000000000000 ) ) ;
#2311 = AXIS2_PLACEMENT_3D ( 'NONE', #3840, #3106, #1240 ) ;
#2312 = FACE_OUTER_BOUND ( 'NONE', #3173, .T. ) ;
#2313 = VERTEX_POINT ( 'NONE', #493 ) ;
#2314 = ORIENTED_EDGE ( 'NONE', *, *, #4834, .T. ) ;
#2315 = FACE_OUTER_BOUND ( 'NONE', #4723, .T. ) ;
#2316 = VERTEX_POINT ( 'NONE', #2398 ) ;
#2317 = AXIS2_PLACEMENT_3D ( 'NONE', #2585, #1111, #1088 ) ;
#2318 = DIRECTION ( 'NONE',  ( -0.000000000000000000, -0.000000000000000000, 1.000000000000000000 ) ) ;
#2319 = CIRCLE ( 'NONE', #4029, 1.250000000000001110 ) ;
#2320 = ORIENTED_EDGE ( 'NONE', *, *, #3232, .T. ) ;
#2321 = DIRECTION ( 'NONE',  ( 1.000000000000000000, 0.000000000000000000, 0.000000000000000000 ) ) ;
#2322 = FACE_BOUND ( 'NONE', #4635, .T. ) ;
#2323 = ORIENTED_EDGE ( 'NONE', *, *, #2338, .T. ) ;
#2324 = EDGE_LOOP ( 'NONE', ( #1778, #678, #3683, #4841 ) ) ;
#2325 = CARTESIAN_POINT ( 'NONE',  ( 29.12461179749837825, 21.16026908252864658, 2.000000000000000000 ) ) ;
#2326 = ORIENTED_EDGE ( 'NONE', *, *, #2886, .T. ) ;
#2327 = DIRECTION ( 'NONE',  ( -0.000000000000000000, -0.000000000000000000, -1.000000000000000000 ) ) ;
#2328 = DIRECTION ( 'NONE',  ( 1.000000000000000000, 0.000000000000000000, 0.000000000000000000 ) ) ;
#2329 = ORIENTED_EDGE ( 'NONE', *, *, #991, .F. ) ;
#2330 = DIRECTION ( 'NONE',  ( 1.000000000000000000, 0.000000000000000000, 0.000000000000000000 ) ) ;
#2331 = CARTESIAN_POINT ( 'NONE',  ( 6.745727325085971948, -35.36234102623281217, 0.000000000000000000 ) ) ;
#2332 = CYLINDRICAL_SURFACE ( 'NONE', #10, 28.74999999999999645 ) ;
#2333 = EDGE_LOOP ( 'NONE', ( #2906, #3896 ) ) ;
#2334 = EDGE_CURVE ( 'NONE', #4356, #2134, #3665, .T. ) ;
#2335 = CARTESIAN_POINT ( 'NONE',  ( 35.71612924732120575, -4.511996408314965734, 2.000000000000000000 ) ) ;
#2336 = CYLINDRICAL_SURFACE ( 'NONE', #4937, 1.250000000000000222 ) ;
#2337 = CARTESIAN_POINT ( 'NONE',  ( -11.12461179749777784, 34.23803458662563770, 0.000000000000000000 ) ) ;
#2338 = EDGE_CURVE ( 'NONE', #2704, #2940, #3258, .T. ) ;
#2339 = ORIENTED_EDGE ( 'NONE', *, *, #1238, .T. ) ;
#2340 = EDGE_CURVE ( 'NONE', #787, #1245, #2863, .T. ) ;
#2341 = DIRECTION ( 'NONE',  ( -0.000000000000000000, -0.000000000000000000, 1.000000000000000000 ) ) ;
#2342 = DIRECTION ( 'NONE',  ( -0.000000000000000000, -0.000000000000000000, -1.000000000000000000 ) ) ;
#2343 = EDGE_CURVE ( 'NONE', #1732, #4659, #434, .T. ) ;
#2344 = ORIENTED_EDGE ( 'NONE', *, *, #4362, .F. ) ;
#2345 = DIRECTION ( 'NONE',  ( -1.000000000000000000, 0.000000000000000000, 0.000000000000000000 ) ) ;
#2346 = CARTESIAN_POINT ( 'NONE',  ( 12.37461179749801055, -34.23803458662555244, 0.000000000000000000 ) ) ;
#2347 = ORIENTED_EDGE ( 'NONE', *, *, #4566, .F. ) ;
#2348 = VECTOR ( 'NONE', #2432, 1000.000000000000000 ) ;
#2349 = EDGE_LOOP ( 'NONE', ( #1662, #1846 ) ) ;
#2350 = ADVANCED_FACE ( 'NONE', ( #3179 ), #3108, .F. ) ;
#2351 = EDGE_CURVE ( 'NONE', #3280, #454, #1721, .T. ) ;
#2352 = EDGE_CURVE ( 'NONE', #3162, #2820, #122, .T. ) ;
#2353 = DIRECTION ( 'NONE',  ( 0.000000000000000000, 0.000000000000000000, 1.000000000000000000 ) ) ;
#2354 = AXIS2_PLACEMENT_3D ( 'NONE', #3271, #1445, #2999 ) ;
#2355 = ORIENTED_EDGE ( 'NONE', *, *, #2634, .T. ) ;
#2356 = CARTESIAN_POINT ( 'NONE',  ( 3.999999999999996447, 28.31187913226530739, 7.000000000000000000 ) ) ;
#2357 = DIRECTION ( 'NONE',  ( -0.000000000000000000, -0.000000000000000000, 1.000000000000000000 ) ) ;
#2358 = EDGE_LOOP ( 'NONE', ( #274, #3694 ) ) ;
#2359 = DIRECTION ( 'NONE',  ( -1.000000000000000000, 0.000000000000000000, 0.000000000000000000 ) ) ;
#2360 = CIRCLE ( 'NONE', #2270, 1.249999999999999334 ) ;
#2361 = ORIENTED_EDGE ( 'NONE', *, *, #2849, .F. ) ;
#2362 = DIRECTION ( 'NONE',  ( 1.000000000000000000, 0.000000000000000000, 0.000000000000000000 ) ) ;
#2363 = DIRECTION ( 'NONE',  ( 0.000000000000000000, 0.000000000000000000, 1.000000000000000000 ) ) ;
#2364 = DIRECTION ( 'NONE',  ( 1.000000000000000000, 0.000000000000000000, 0.000000000000000000 ) ) ;
#2365 = FACE_OUTER_BOUND ( 'NONE', #3945, .T. ) ;
#2366 = CARTESIAN_POINT ( 'NONE',  ( -3.999999999999998224, 28.31187913226530739, 9.000000000000001776 ) ) ;
#2367 = VERTEX_POINT ( 'NONE', #3479 ) ;
#2368 = EDGE_LOOP ( 'NONE', ( #3706, #1405 ) ) ;
#2369 = CIRCLE ( 'NONE', #3581, 1.250000000000001110 ) ;
#2370 = DIRECTION ( 'NONE',  ( -0.000000000000000000, -0.000000000000000000, -1.000000000000000000 ) ) ;
#2371 = ORIENTED_EDGE ( 'NONE', *, *, #4362, .T. ) ;
#2372 = CIRCLE ( 'NONE', #188, 1.249999999999999334 ) ;
#2373 = DIRECTION ( 'NONE',  ( 1.000000000000000000, 0.000000000000000000, 0.000000000000000000 ) ) ;
#2374 = ORIENTED_EDGE ( 'NONE', *, *, #2421, .F. ) ;
#2375 = EDGE_CURVE ( 'NONE', #1514, #3771, #4568, .T. ) ;
#2376 = CIRCLE ( 'NONE', #1003, 1.250000000000007994 ) ;
#2377 = CARTESIAN_POINT ( 'NONE',  ( 3.999999999999819700, -26.00000000000002487, 9.000000000000001776 ) ) ;
#2378 = ORIENTED_EDGE ( 'NONE', *, *, #3079, .F. ) ;
#2379 = VERTEX_POINT ( 'NONE', #1282 ) ;
#2380 = DIRECTION ( 'NONE',  ( 1.000000000000000000, 0.000000000000000000, 0.000000000000000000 ) ) ;
#2381 = CARTESIAN_POINT ( 'NONE',  ( 36.11899380063073295, -8.952835937934791488, 0.000000000000000000 ) ) ;
#2382 = ORIENTED_EDGE ( 'NONE', *, *, #2127, .T. ) ;
#2383 = CIRCLE ( 'NONE', #2618, 1.500000000000000000 ) ;
#2384 =( NAMED_UNIT ( * ) SI_UNIT ( $, .STERADIAN. ) SOLID_ANGLE_UNIT ( ) );
#2385 = ORIENTED_EDGE ( 'NONE', *, *, #761, .T. ) ;
#2386 = VERTEX_POINT ( 'NONE', #3637 ) ;
#2387 = CARTESIAN_POINT ( 'NONE',  ( -15.32805449634276229, -32.57377388877662838, 2.000000000000000000 ) ) ;
#2388 = DIRECTION ( 'NONE',  ( 0.000000000000000000, 0.000000000000000000, 1.000000000000000000 ) ) ;
#2389 = DIRECTION ( 'NONE',  ( -0.000000000000000000, -0.000000000000000000, 1.000000000000000000 ) ) ;
#2390 = AXIS2_PLACEMENT_3D ( 'NONE', #501, #4259, #2018 ) ;
#2391 = ORIENTED_EDGE ( 'NONE', *, *, #2181, .F. ) ;
#2392 = CARTESIAN_POINT ( 'NONE',  ( -20.53976461924401775, -30.39580531807245478, 2.000000000000000000 ) ) ;
#2393 =( GEOMETRIC_REPRESENTATION_CONTEXT ( 3 ) GLOBAL_UNCERTAINTY_ASSIGNED_CONTEXT ( ( #3561 ) ) GLOBAL_UNIT_ASSIGNED_CONTEXT ( ( #884, #3956, #2384 ) ) REPRESENTATION_CONTEXT ( 'NONE', 'WORKASPACE' ) );
#2394 = EDGE_LOOP ( 'NONE', ( #2928, #3790, #1815, #797 ) ) ;
#2395 = DIRECTION ( 'NONE',  ( -0.000000000000000000, -0.000000000000000000, 1.000000000000000000 ) ) ;
#2396 = EDGE_LOOP ( 'NONE', ( #3030, #2595 ) ) ;
#2397 = EDGE_CURVE ( 'NONE', #3903, #3612, #4043, .T. ) ;
#2398 = CARTESIAN_POINT ( 'NONE',  ( 3.999999999999996447, 28.31187913226530739, 9.000000000000001776 ) ) ;
#2399 = VECTOR ( 'NONE', #1818, 1000.000000000000000 ) ;
#2400 = ORIENTED_EDGE ( 'NONE', *, *, #3330, .F. ) ;
#2401 = AXIS2_PLACEMENT_3D ( 'NONE', #1005, #3326, #4930 ) ;
#2402 = DIRECTION ( 'NONE',  ( 1.000000000000000000, 0.000000000000000000, 0.000000000000000000 ) ) ;
#2403 = ADVANCED_FACE ( 'NONE', ( #1705 ), #4406, .F. ) ;
#2404 = EDGE_LOOP ( 'NONE', ( #4303, #1528, #592, #2866 ) ) ;
#2405 = AXIS2_PLACEMENT_3D ( 'NONE', #2632, #2194, #3359 ) ;
#2406 = ORIENTED_EDGE ( 'NONE', *, *, #825, .F. ) ;
#2407 = FACE_BOUND ( 'NONE', #1468, .T. ) ;
#2408 = AXIS2_PLACEMENT_3D ( 'NONE', #4320, #2388, #3980 ) ;
#2409 = CARTESIAN_POINT ( 'NONE',  ( -4.000000000000000888, 26.00000000000000000, 7.000000000000000000 ) ) ;
#2410 = ADVANCED_FACE ( 'NONE', ( #4021 ), #4379, .F. ) ;
#2411 = DIRECTION ( 'NONE',  ( 1.000000000000000000, 0.000000000000000000, 0.000000000000000000 ) ) ;
#2412 = VERTEX_POINT ( 'NONE', #3994 ) ;
#2413 = ADVANCED_FACE ( 'NONE', ( #1309 ), #3249, .T. ) ;
#2414 = CARTESIAN_POINT ( 'NONE',  ( 3.999999999999800604, -28.31187913226533581, 9.000000000000001776 ) ) ;
#2415 = ORIENTED_EDGE ( 'NONE', *, *, #4597, .F. ) ;
#2416 = EDGE_CURVE ( 'NONE', #1888, #2579, #1683, .T. ) ;
#2417 = DIRECTION ( 'NONE',  ( 1.000000000000000000, 0.000000000000000000, 0.000000000000000000 ) ) ;
#2418 = DIRECTION ( 'NONE',  ( 1.000000000000000000, 0.000000000000000000, 0.000000000000000000 ) ) ;
#2419 = EDGE_CURVE ( 'NONE', #1071, #1547, #3218, .T. ) ;
#2420 = CARTESIAN_POINT ( 'NONE',  ( 34.46612924732125549, 4.511996408314459472, -3.535533905932756404 ) ) ;
#2421 = EDGE_CURVE ( 'NONE', #4875, #4336, #2205, .T. ) ;
#2422 = DIRECTION ( 'NONE',  ( 0.000000000000000000, 0.000000000000000000, 1.000000000000000000 ) ) ;
#2423 = DIRECTION ( 'NONE',  ( 0.000000000000000000, 0.000000000000000000, 1.000000000000000000 ) ) ;
#2424 = CARTESIAN_POINT ( 'NONE',  ( 9.874611797498012322, -34.23803458662555244, 0.000000000000000000 ) ) ;
#2425 = ORIENTED_EDGE ( 'NONE', *, *, #4883, .F. ) ;
#2426 = CARTESIAN_POINT ( 'NONE',  ( 3.000000000000000000, 26.00000000000000000, 4.500000000000000000 ) ) ;
#2427 = EDGE_LOOP ( 'NONE', ( #3534, #5003, #1922, #3347 ) ) ;
#2428 = DIRECTION ( 'NONE',  ( 0.000000000000000000, 0.000000000000000000, 1.000000000000000000 ) ) ;
#2429 = ORIENTED_EDGE ( 'NONE', *, *, #1718, .F. ) ;
#2430 = VERTEX_POINT ( 'NONE', #1656 ) ;
#2431 = DIRECTION ( 'NONE',  ( 0.000000000000000000, 0.000000000000000000, 1.000000000000000000 ) ) ;
#2432 = DIRECTION ( 'NONE',  ( -0.000000000000000000, -0.000000000000000000, 1.000000000000000000 ) ) ;
#2433 = AXIS2_PLACEMENT_3D ( 'NONE', #4305, #3969, #75 ) ;
#2434 = SHAPE_DEFINITION_REPRESENTATION ( #616, #1103 ) ;
#2435 = ORIENTED_EDGE ( 'NONE', *, *, #1820, .F. ) ;
#2436 = DIRECTION ( 'NONE',  ( -0.000000000000000000, -0.000000000000000000, 1.000000000000000000 ) ) ;
#2437 = AXIS2_PLACEMENT_3D ( 'NONE', #686, #3731, #1350 ) ;
#2438 = EDGE_CURVE ( 'NONE', #3822, #1927, #1161, .T. ) ;
#2439 = DIRECTION ( 'NONE',  ( 1.000000000000000000, 0.000000000000000000, 0.000000000000000000 ) ) ;
#2440 = ADVANCED_FACE ( 'NONE', ( #4769 ), #898, .F. ) ;
#2441 = CIRCLE ( 'NONE', #729, 1.249999999999999334 ) ;
#2442 = CARTESIAN_POINT ( 'NONE',  ( 11.12461179749801232, -34.23803458662555244, -3.535533905932756404 ) ) ;
#2443 = FACE_BOUND ( 'NONE', #2524, .T. ) ;
#2444 = CARTESIAN_POINT ( 'NONE',  ( -15.32805449634230399, 32.57377388877684155, 0.000000000000000000 ) ) ;
#2445 = EDGE_CURVE ( 'NONE', #2542, #381, #3960, .T. ) ;
#2446 = DIRECTION ( 'NONE',  ( -0.000000000000000000, -0.000000000000000000, -1.000000000000000000 ) ) ;
#2447 = ORIENTED_EDGE ( 'NONE', *, *, #38, .F. ) ;
#2448 = EDGE_LOOP ( 'NONE', ( #3589, #4307, #4594, #4113, #1912 ) ) ;
#2449 = CARTESIAN_POINT ( 'NONE',  ( -30.37461179749822549, -21.16026908252886685, -3.535533905932756404 ) ) ;
#2450 = DIRECTION ( 'NONE',  ( 1.000000000000000000, 0.000000000000000000, 0.000000000000000000 ) ) ;
#2451 = EDGE_LOOP ( 'NONE', ( #1267, #2743 ) ) ;
#2452 = CARTESIAN_POINT ( 'NONE',  ( 15.32805449634299322, 32.57377388877652891, -3.535533905932756404 ) ) ;
#2453 = FACE_BOUND ( 'NONE', #2536, .T. ) ;
#2454 = ORIENTED_EDGE ( 'NONE', *, *, #2507, .F. ) ;
#2455 = ORIENTED_EDGE ( 'NONE', *, *, #3777, .F. ) ;
#2456 = EDGE_LOOP ( 'NONE', ( #4180, #2666, #597, #4587 ) ) ;
#2457 = DIRECTION ( 'NONE',  ( -0.000000000000000000, -0.000000000000000000, 1.000000000000000000 ) ) ;
#2458 = CARTESIAN_POINT ( 'NONE',  ( 34.72195349197723857, 13.25248389664795212, -3.535533905932756404 ) ) ;
#2459 = ADVANCED_FACE ( 'NONE', ( #1231 ), #4760, .F. ) ;
#2460 = AXIS2_PLACEMENT_3D ( 'NONE', #1077, #2651, #4140 ) ;
#2461 = VECTOR ( 'NONE', #1931, 1000.000000000000000 ) ;
#2462 = CARTESIAN_POINT ( 'NONE',  ( -34.86899380063077558, -8.952835937934539245, 0.000000000000000000 ) ) ;
#2463 = CARTESIAN_POINT ( 'NONE',  ( 2.260458703055677088, 35.92896222341775569, 2.000000000000000000 ) ) ;
#2464 = ORIENTED_EDGE ( 'NONE', *, *, #1813, .F. ) ;
#2465 = CARTESIAN_POINT ( 'NONE',  ( -3.000000000000000000, -26.00000000000000000, 4.500000000000000000 ) ) ;
#2466 = AXIS2_PLACEMENT_3D ( 'NONE', #2574, #2713, #2177 ) ;
#2467 = DIRECTION ( 'NONE',  ( 1.000000000000000000, 0.000000000000000000, 0.000000000000000000 ) ) ;
#2468 = EDGE_LOOP ( 'NONE', ( #4912, #3573, #1693, #612 ) ) ;
#2469 = FACE_BOUND ( 'NONE', #2451, .T. ) ;
#2470 = CARTESIAN_POINT ( 'NONE',  ( 0.000000000000000000, 0.000000000000000000, 2.000000000000000000 ) ) ;
#2471 = DIRECTION ( 'NONE',  ( 0.000000000000000000, 0.000000000000000000, 1.000000000000000000 ) ) ;
#2472 = EDGE_CURVE ( 'NONE', #3280, #2225, #2802, .T. ) ;
#2473 = VERTEX_POINT ( 'NONE', #412 ) ;
#2474 = CIRCLE ( 'NONE', #4022, 1.249999999999999334 ) ;
#2475 = VECTOR ( 'NONE', #4337, 1000.000000000000000 ) ;
#2476 = EDGE_LOOP ( 'NONE', ( #3044, #1505 ) ) ;
#2477 = CYLINDRICAL_SURFACE ( 'NONE', #3128, 1.249999999999999334 ) ;
#2478 = DIRECTION ( 'NONE',  ( 0.000000000000000000, 0.000000000000000000, 1.000000000000000000 ) ) ;
#2479 = ORIENTED_EDGE ( 'NONE', *, *, #461, .F. ) ;
#2480 = CARTESIAN_POINT ( 'NONE',  ( 0.000000000000000000, 26.00000000000000000, 4.500000000000000000 ) ) ;
#2481 = ORIENTED_EDGE ( 'NONE', *, *, #4752, .T. ) ;
#2482 = ORIENTED_EDGE ( 'NONE', *, *, #572, .F. ) ;
#2483 = CARTESIAN_POINT ( 'NONE',  ( 9.874611797498012322, -34.23803458662555244, -3.535533905932756404 ) ) ;
#2484 = CIRCLE ( 'NONE', #772, 1.250000000000007994 ) ;
#2485 = EDGE_CURVE ( 'NONE', #1220, #809, #35, .T. ) ;
#2486 = CYLINDRICAL_SURFACE ( 'NONE', #1640, 1.249999999999999334 ) ;
#2487 = DIRECTION ( 'NONE',  ( 0.000000000000000000, 0.000000000000000000, 1.000000000000000000 ) ) ;
#2488 = CYLINDRICAL_SURFACE ( 'NONE', #2260, 1.250000000000007994 ) ;
#2489 = CIRCLE ( 'NONE', #4829, 1.250000000000001110 ) ;
#2490 = VECTOR ( 'NONE', #1158, 1000.000000000000000 ) ;
#2491 = ORIENTED_EDGE ( 'NONE', *, *, #4310, .F. ) ;
#2492 = CARTESIAN_POINT ( 'NONE',  ( -19.28976461924401775, -30.39580531807245478, 2.000000000000000000 ) ) ;
#2493 = AXIS2_PLACEMENT_3D ( 'NONE', #3605, #144, #1682 ) ;
#2494 = DIRECTION ( 'NONE',  ( 0.000000000000000000, 0.000000000000000000, 1.000000000000000000 ) ) ;
#2495 = EDGE_LOOP ( 'NONE', ( #4354, #359, #3686, #1477 ) ) ;
#2496 = ADVANCED_FACE ( 'NONE', ( #2774 ), #3169, .F. ) ;
#2497 = FACE_BOUND ( 'NONE', #1974, .T. ) ;
#2498 = CARTESIAN_POINT ( 'NONE',  ( 5.000000000000000888, 26.00000000000000000, 9.000000000000001776 ) ) ;
#2499 = EDGE_CURVE ( 'NONE', #1800, #968, #3147, .T. ) ;
#2500 = ORIENTED_EDGE ( 'NONE', *, *, #2658, .F. ) ;
#2501 = DIRECTION ( 'NONE',  ( -0.000000000000000000, -0.000000000000000000, 1.000000000000000000 ) ) ;
#2502 = ORIENTED_EDGE ( 'NONE', *, *, #4192, .F. ) ;
#2503 = EDGE_LOOP ( 'NONE', ( #376, #1219 ) ) ;
#2504 = EDGE_LOOP ( 'NONE', ( #3093, #3362 ) ) ;
#2505 = CARTESIAN_POINT ( 'NONE',  ( 24.19726363095276866, -27.73847673992845486, 2.000000000000000000 ) ) ;
#2506 = DIRECTION ( 'NONE',  ( 1.000000000000000000, 0.000000000000000000, 0.000000000000000000 ) ) ;
#2507 = EDGE_CURVE ( 'NONE', #1759, #3253, #306, .T. ) ;
#2508 = CARTESIAN_POINT ( 'NONE',  ( 18.03976461924423091, 30.39580531807231623, 2.000000000000000000 ) ) ;
#2509 = EDGE_CURVE ( 'NONE', #1071, #2691, #2236, .T. ) ;
#2510 = ORIENTED_EDGE ( 'NONE', *, *, #2419, .T. ) ;
#2511 = ORIENTED_EDGE ( 'NONE', *, *, #943, .F. ) ;
#2512 = CARTESIAN_POINT ( 'NONE',  ( 34.86899380063072584, -8.952835937934791488, 0.000000000000000000 ) ) ;
#2513 = DIRECTION ( 'NONE',  ( 1.000000000000000000, 0.000000000000000000, 0.000000000000000000 ) ) ;
#2514 = CYLINDRICAL_SURFACE ( 'NONE', #65, 1.250000000000001110 ) ;
#2515 = CARTESIAN_POINT ( 'NONE',  ( 26.24287058717113297, 24.64369581343245486, -3.535533905932756404 ) ) ;
#2516 = ADVANCED_FACE ( 'NONE', ( #3498 ), #4341, .F. ) ;
#2517 = EDGE_CURVE ( 'NONE', #2316, #3153, #3597, .T. ) ;
#2518 = EDGE_CURVE ( 'NONE', #862, #3331, #870, .T. ) ;
#2519 = ORIENTED_EDGE ( 'NONE', *, *, #1449, .F. ) ;
#2520 = LINE ( 'NONE', #4057, #1823 ) ;
#2521 = AXIS2_PLACEMENT_3D ( 'NONE', #3099, #1925, #1123 ) ;
#2522 = VECTOR ( 'NONE', #451, 1000.000000000000000 ) ;
#2523 = CYLINDRICAL_SURFACE ( 'NONE', #1063, 1.250000000000001110 ) ;
#2524 = EDGE_LOOP ( 'NONE', ( #479, #1856 ) ) ;
#2525 = FACE_BOUND ( 'NONE', #4450, .T. ) ;
#2526 = CARTESIAN_POINT ( 'NONE',  ( 2.260458703055151730, -35.92896222341776991, 0.000000000000000000 ) ) ;
#2527 = VERTEX_POINT ( 'NONE', #1276 ) ;
#2528 = CYLINDRICAL_SURFACE ( 'NONE', #3103, 39.00000000000000000 ) ;
#2529 = ORIENTED_EDGE ( 'NONE', *, *, #3528, .T. ) ;
#2530 = ORIENTED_EDGE ( 'NONE', *, *, #3708, .T. ) ;
#2531 = CARTESIAN_POINT ( 'NONE',  ( 19.28976461924380459, -30.39580531807259334, 0.000000000000000000 ) ) ;
#2532 = ORIENTED_EDGE ( 'NONE', *, *, #3460, .F. ) ;
#2533 = DIRECTION ( 'NONE',  ( -0.000000000000000000, -0.000000000000000000, 1.000000000000000000 ) ) ;
#2534 = VECTOR ( 'NONE', #4156, 1000.000000000000000 ) ;
#2535 = CARTESIAN_POINT ( 'NONE',  ( -6.745727325085741022, 35.36234102623286191, 2.000000000000000000 ) ) ;
#2536 = EDGE_LOOP ( 'NONE', ( #3547, #4558 ) ) ;
#2537 = LINE ( 'NONE', #4795, #4100 ) ;
#2538 = DIRECTION ( 'NONE',  ( 1.000000000000000000, 0.000000000000000000, 0.000000000000000000 ) ) ;
#2539 = DIRECTION ( 'NONE',  ( 1.000000000000000000, 0.000000000000000000, 0.000000000000000000 ) ) ;
#2540 = AXIS2_PLACEMENT_3D ( 'NONE', #364, #1900, #3444 ) ;
#2541 = LINE ( 'NONE', #1788, #1617 ) ;
#2542 = VERTEX_POINT ( 'NONE', #4369 ) ;
#2543 = VERTEX_POINT ( 'NONE', #4686 ) ;
#2544 = DIRECTION ( 'NONE',  ( -0.000000000000000000, -0.000000000000000000, -1.000000000000000000 ) ) ;
#2545 = CIRCLE ( 'NONE', #4561, 1.250000000000001110 ) ;
#2546 = CIRCLE ( 'NONE', #3990, 1.250000000000001110 ) ;
#2547 = CARTESIAN_POINT ( 'NONE',  ( -20.53976461924401775, -30.39580531807245478, -3.535533905932756404 ) ) ;
#2548 = EDGE_LOOP ( 'NONE', ( #2779, #2031, #4939, #4571 ) ) ;
#2549 = CARTESIAN_POINT ( 'NONE',  ( -2.260458703055409746, -35.92896222341775569, -3.535533905932756404 ) ) ;
#2550 = DIRECTION ( 'NONE',  ( -0.000000000000000000, -0.000000000000000000, 1.000000000000000000 ) ) ;
#2551 = ORIENTED_EDGE ( 'NONE', *, *, #856, .T. ) ;
#2552 = LINE ( 'NONE', #564, #1720 ) ;
#2553 = DIRECTION ( 'NONE',  ( 1.000000000000000000, 0.000000000000000000, 0.000000000000000000 ) ) ;
#2554 = CARTESIAN_POINT ( 'NONE',  ( 27.87461179749808338, -21.16026908252907646, -3.535533905932756404 ) ) ;
#2555 = ORIENTED_EDGE ( 'NONE', *, *, #3398, .F. ) ;
#2556 = DIRECTION ( 'NONE',  ( 1.000000000000000000, 0.000000000000000000, 0.000000000000000000 ) ) ;
#2557 = FACE_OUTER_BOUND ( 'NONE', #3431, .T. ) ;
#2558 = AXIS2_PLACEMENT_3D ( 'NONE', #2897, #2867, #3265 ) ;
#2559 = DIRECTION ( 'NONE',  ( -0.000000000000000000, -0.000000000000000000, 1.000000000000000000 ) ) ;
#2560 = DIRECTION ( 'NONE',  ( -0.000000000000000000, -0.000000000000000000, 1.000000000000000000 ) ) ;
#2561 = ADVANCED_FACE ( 'NONE', ( #2752 ), #1258, .F. ) ;
#2562 = ORIENTED_EDGE ( 'NONE', *, *, #4812, .T. ) ;
#2563 = LINE ( 'NONE', #937, #2887 ) ;
#2564 = VECTOR ( 'NONE', #3255, 1000.000000000000000 ) ;
#2565 = CARTESIAN_POINT ( 'NONE',  ( -36.00000000000000000, 2.513866563967056016E-13, 0.000000000000000000 ) ) ;
#2566 = ADVANCED_FACE ( 'NONE', ( #483 ), #3212, .F. ) ;
#2567 = ORIENTED_EDGE ( 'NONE', *, *, #4947, .T. ) ;
#2568 = EDGE_CURVE ( 'NONE', #1612, #70, #4685, .T. ) ;
#2569 = AXIS2_PLACEMENT_3D ( 'NONE', #2681, #4172, #4512 ) ;
#2570 = DIRECTION ( 'NONE',  ( 1.000000000000000000, 0.000000000000000000, 0.000000000000000000 ) ) ;
#2571 = EDGE_CURVE ( 'NONE', #3272, #1114, #2899, .T. ) ;
#2572 = CARTESIAN_POINT ( 'NONE',  ( 3.999999999999996447, 28.31187913226530739, 7.000000000000000000 ) ) ;
#2573 = ORIENTED_EDGE ( 'NONE', *, *, #235, .T. ) ;
#2574 = CARTESIAN_POINT ( 'NONE',  ( 0.000000000000000000, -26.00000000000000000, 0.000000000000000000 ) ) ;
#2575 = ADVANCED_FACE ( 'NONE', ( #3125 ), #1601, .F. ) ;
#2576 = ORIENTED_EDGE ( 'NONE', *, *, #386, .T. ) ;
#2577 = ORIENTED_EDGE ( 'NONE', *, *, #2631, .F. ) ;
#2578 = ADVANCED_FACE ( 'NONE', ( #1768 ), #580, .F. ) ;
#2579 = VERTEX_POINT ( 'NONE', #3313 ) ;
#2580 = DIRECTION ( 'NONE',  ( 1.000000000000000000, 0.000000000000000000, 0.000000000000000000 ) ) ;
#2581 = CARTESIAN_POINT ( 'NONE',  ( 4.999999999999996447, 28.31187913226531094, 9.000000000000001776 ) ) ;
#2582 = ORIENTED_EDGE ( 'NONE', *, *, #2868, .T. ) ;
#2583 = DIRECTION ( 'NONE',  ( 0.000000000000000000, 0.000000000000000000, 1.000000000000000000 ) ) ;
#2584 = FACE_OUTER_BOUND ( 'NONE', #2926, .T. ) ;
#2585 = CARTESIAN_POINT ( 'NONE',  ( 0.000000000000000000, 26.00000000000000000, 0.000000000000000000 ) ) ;
#2586 = LINE ( 'NONE', #1743, #4380 ) ;
#2587 = ORIENTED_EDGE ( 'NONE', *, *, #2438, .T. ) ;
#2588 = ORIENTED_EDGE ( 'NONE', *, *, #4392, .T. ) ;
#2589 = DIRECTION ( 'NONE',  ( 1.000000000000000000, 0.000000000000000000, 0.000000000000000000 ) ) ;
#2590 = DIRECTION ( 'NONE',  ( -0.000000000000000000, -0.000000000000000000, -1.000000000000000000 ) ) ;
#2591 = ORIENTED_EDGE ( 'NONE', *, *, #2874, .T. ) ;
#2592 = FACE_BOUND ( 'NONE', #69, .T. ) ;
#2593 = EDGE_CURVE ( 'NONE', #3477, #623, #3134, .T. ) ;
#2594 = CARTESIAN_POINT ( 'NONE',  ( 14.07805449634299322, 32.57377388877652891, -3.535533905932756404 ) ) ;
#2595 = ORIENTED_EDGE ( 'NONE', *, *, #2170, .F. ) ;
#2596 = CARTESIAN_POINT ( 'NONE',  ( 4.999999999999982236, -26.00000000000000000, 7.000000000000000000 ) ) ;
#2597 = CIRCLE ( 'NONE', #408, 1.250000000000000444 ) ;
#2598 = ORIENTED_EDGE ( 'NONE', *, *, #2253, .F. ) ;
#2599 = FACE_OUTER_BOUND ( 'NONE', #2707, .T. ) ;
#2600 = AXIS2_PLACEMENT_3D ( 'NONE', #3682, #214, #4997 ) ;
#2601 = CARTESIAN_POINT ( 'NONE',  ( 19.00000000000000000, 2.326828918379970576E-15, 2.000000000000001776 ) ) ;
#2602 = AXIS2_PLACEMENT_3D ( 'NONE', #209, #2494, #3750 ) ;
#2603 = ORIENTED_EDGE ( 'NONE', *, *, #3399, .F. ) ;
#2604 = ORIENTED_EDGE ( 'NONE', *, *, #2185, .T. ) ;
#2605 = CARTESIAN_POINT ( 'NONE',  ( 12.37461179749849549, 34.23803458662540322, 0.000000000000000000 ) ) ;
#2606 = ORIENTED_EDGE ( 'NONE', *, *, #3446, .F. ) ;
#2607 = CARTESIAN_POINT ( 'NONE',  ( -1.699999999999999956, -26.00000000000000000, -4.808326112068523450 ) ) ;
#2608 = CYLINDRICAL_SURFACE ( 'NONE', #378, 1.249999999999999778 ) ;
#2609 = FACE_BOUND ( 'NONE', #3042, .T. ) ;
#2610 = ORIENTED_EDGE ( 'NONE', *, *, #3296, .T. ) ;
#2611 = ORIENTED_EDGE ( 'NONE', *, *, #2021, .T. ) ;
#2612 = CARTESIAN_POINT ( 'NONE',  ( 22.94726363095276866, -27.73847673992845486, 0.000000000000000000 ) ) ;
#2613 = CARTESIAN_POINT ( 'NONE',  ( -1.699999999999999956, 26.00000000000000000, -4.808326112068523450 ) ) ;
#2614 = ORIENTED_EDGE ( 'NONE', *, *, #2509, .T. ) ;
#2615 = AXIS2_PLACEMENT_3D ( 'NONE', #4183, #1372, #3393 ) ;
#2616 = CIRCLE ( 'NONE', #4403, 1.249999999999999334 ) ;
#2617 = LINE ( 'NONE', #2227, #1819 ) ;
#2618 = AXIS2_PLACEMENT_3D ( 'NONE', #549, #3669, #3225 ) ;
#2619 = FACE_BOUND ( 'NONE', #1956, .T. ) ;
#2620 = VECTOR ( 'NONE', #2186, 1000.000000000000000 ) ;
#2621 = CARTESIAN_POINT ( 'NONE',  ( -14.07805449634230577, 32.57377388877684155, 2.000000000000000000 ) ) ;
#2622 = AXIS2_PLACEMENT_3D ( 'NONE', #944, #2100, #1559 ) ;
#2623 = ORIENTED_EDGE ( 'NONE', *, *, #2849, .T. ) ;
#2624 = CARTESIAN_POINT ( 'NONE',  ( 5.495727325085972836, -35.36234102623281217, 0.000000000000000000 ) ) ;
#2625 = EDGE_CURVE ( 'NONE', #1107, #4490, #2965, .T. ) ;
#2626 = CARTESIAN_POINT ( 'NONE',  ( -18.03976461924359498, 30.39580531807271768, -3.535533905932756404 ) ) ;
#2627 = VERTEX_POINT ( 'NONE', #4441 ) ;
#2628 = CARTESIAN_POINT ( 'NONE',  ( -34.86899380063077558, -8.952835937934539245, 2.000000000000000000 ) ) ;
#2629 = ORIENTED_EDGE ( 'NONE', *, *, #1207, .T. ) ;
#2630 = DIRECTION ( 'NONE',  ( -1.000000000000000000, 0.000000000000000000, 0.000000000000000000 ) ) ;
#2631 = EDGE_CURVE ( 'NONE', #3510, #862, #1387, .T. ) ;
#2632 = CARTESIAN_POINT ( 'NONE',  ( -11.12461179749825746, -34.23803458662548138, 0.000000000000000000 ) ) ;
#2633 = FACE_BOUND ( 'NONE', #1807, .T. ) ;
#2634 = EDGE_CURVE ( 'NONE', #2691, #1071, #1351, .T. ) ;
#2635 = ORIENTED_EDGE ( 'NONE', *, *, #1382, .T. ) ;
#2636 = EDGE_CURVE ( 'NONE', #20, #1038, #1197, .T. ) ;
#2637 = VECTOR ( 'NONE', #5002, 1000.000000000000000 ) ;
#2638 = CYLINDRICAL_SURFACE ( 'NONE', #4908, 1.699999999999999956 ) ;
#2639 = ADVANCED_FACE ( 'NONE', ( #630 ), #2514, .F. ) ;
#2640 = LINE ( 'NONE', #3463, #574 ) ;
#2641 = CIRCLE ( 'NONE', #1496, 1.250000000000001110 ) ;
#2642 = ORIENTED_EDGE ( 'NONE', *, *, #2421, .T. ) ;
#2643 = DIRECTION ( 'NONE',  ( 0.000000000000000000, 0.000000000000000000, 1.000000000000000000 ) ) ;
#2644 = FACE_BOUND ( 'NONE', #2109, .T. ) ;
#2645 = AXIS2_PLACEMENT_3D ( 'NONE', #4312, #4668, #1249 ) ;
#2646 = CARTESIAN_POINT ( 'NONE',  ( -29.12461179749791640, 21.16026908252928962, 2.000000000000000000 ) ) ;
#2647 = AXIS2_PLACEMENT_3D ( 'NONE', #3110, #1217, #4700 ) ;
#2648 = VERTEX_POINT ( 'NONE', #4052 ) ;
#2649 = CARTESIAN_POINT ( 'NONE',  ( -33.47195349197711778, -13.25248389664818838, 2.000000000000000000 ) ) ;
#2650 = VECTOR ( 'NONE', #3883, 1000.000000000000000 ) ;
#2651 = DIRECTION ( 'NONE',  ( -0.000000000000000000, -0.000000000000000000, 1.000000000000000000 ) ) ;
#2652 = ORIENTED_EDGE ( 'NONE', *, *, #4824, .F. ) ;
#2653 = LINE ( 'NONE', #4980, #1178 ) ;
#2654 = ORIENTED_EDGE ( 'NONE', *, *, #4835, .T. ) ;
#2655 = CARTESIAN_POINT ( 'NONE',  ( 0.000000000000000000, 0.000000000000000000, 7.000000000000000000 ) ) ;
#2656 = EDGE_CURVE ( 'NONE', #3592, #3076, #4182, .T. ) ;
#2657 = CARTESIAN_POINT ( 'NONE',  ( 36.11899380063083953, 8.952835937934295885, 0.000000000000000000 ) ) ;
#2658 = EDGE_CURVE ( 'NONE', #1784, #4772, #4848, .T. ) ;
#2659 = FACE_BOUND ( 'NONE', #556, .T. ) ;
#2660 = ORIENTED_EDGE ( 'NONE', *, *, #2886, .F. ) ;
#2661 = EDGE_LOOP ( 'NONE', ( #76, #2835, #417, #3871 ) ) ;
#2662 = CARTESIAN_POINT ( 'NONE',  ( -33.47195349197696146, 13.25248389664868043, 0.000000000000000000 ) ) ;
#2663 = EDGE_CURVE ( 'NONE', #1552, #125, #960, .T. ) ;
#2664 = ADVANCED_FACE ( 'NONE', ( #4891 ), #2066, .F. ) ;
#2665 = DIRECTION ( 'NONE',  ( -0.000000000000000000, -0.000000000000000000, -1.000000000000000000 ) ) ;
#2666 = ORIENTED_EDGE ( 'NONE', *, *, #1361, .T. ) ;
#2667 = DIRECTION ( 'NONE',  ( 3.751760746845413587E-16, -1.000000000000000000, 0.000000000000000000 ) ) ;
#2668 = EDGE_LOOP ( 'NONE', ( #2385, #2382, #2642, #4706 ) ) ;
#2669 = CARTESIAN_POINT ( 'NONE',  ( 20.53976461924380459, -30.39580531807259334, 2.000000000000000000 ) ) ;
#2670 = CARTESIAN_POINT ( 'NONE',  ( -7.995727325086231296, -35.36234102623276954, 0.000000000000000000 ) ) ;
#2671 = CARTESIAN_POINT ( 'NONE',  ( -29.12461179749791640, 21.16026908252928962, 2.000000000000000000 ) ) ;
#2672 = AXIS2_PLACEMENT_3D ( 'NONE', #2775, #2389, #3942 ) ;
#2673 = CIRCLE ( 'NONE', #1456, 1.250000000000001110 ) ;
#2674 = DIRECTION ( 'NONE',  ( 1.000000000000000000, 0.000000000000000000, 0.000000000000000000 ) ) ;
#2675 = ORIENTED_EDGE ( 'NONE', *, *, #1435, .T. ) ;
#2676 = ORIENTED_EDGE ( 'NONE', *, *, #3827, .F. ) ;
#2677 = DIRECTION ( 'NONE',  ( 1.000000000000000000, 0.000000000000000000, 0.000000000000000000 ) ) ;
#2678 = CIRCLE ( 'NONE', #4711, 1.249999999999999778 ) ;
#2679 = DIRECTION ( 'NONE',  ( 0.000000000000000000, 0.000000000000000000, 1.000000000000000000 ) ) ;
#2680 = VERTEX_POINT ( 'NONE', #4823 ) ;
#2681 = CARTESIAN_POINT ( 'NONE',  ( -29.12461179749822549, -21.16026908252886685, 2.000000000000000000 ) ) ;
#2682 = FACE_BOUND ( 'NONE', #2811, .T. ) ;
#2683 = ORIENTED_EDGE ( 'NONE', *, *, #2507, .T. ) ;
#2684 = VERTEX_POINT ( 'NONE', #2116 ) ;
#2685 = PLANE ( 'NONE',  #3600 ) ;
#2686 = EDGE_LOOP ( 'NONE', ( #3107, #1613, #594, #4219 ) ) ;
#2687 = CARTESIAN_POINT ( 'NONE',  ( -39.00000000000000000, 0.000000000000000000, 2.000000000000000000 ) ) ;
#2688 = CARTESIAN_POINT ( 'NONE',  ( 31.54704048157906726, -17.34313226766178673, 0.000000000000000000 ) ) ;
#2689 = VERTEX_POINT ( 'NONE', #4079 ) ;
#2690 = CARTESIAN_POINT ( 'NONE',  ( -28.74999999999999645, 0.000000000000000000, 7.000000000000000000 ) ) ;
#2691 = VERTEX_POINT ( 'NONE', #4465 ) ;
#2692 = CARTESIAN_POINT ( 'NONE',  ( -3.510458703054893270, 35.92896222341780543, 0.000000000000000000 ) ) ;
#2693 = LINE ( 'NONE', #4607, #3889 ) ;
#2694 = DIRECTION ( 'NONE',  ( 1.000000000000000000, 0.000000000000000000, 0.000000000000000000 ) ) ;
#2695 = CIRCLE ( 'NONE', #2943, 1.249999999999999334 ) ;
#2696 = AXIS2_PLACEMENT_3D ( 'NONE', #2655, #277, #2630 ) ;
#2697 = DIRECTION ( 'NONE',  ( 3.469446951953614189E-15, 1.000000000000000000, -0.000000000000000000 ) ) ;
#2698 = VECTOR ( 'NONE', #2876, 1000.000000000000000 ) ;
#2699 = ORIENTED_EDGE ( 'NONE', *, *, #3079, .T. ) ;
#2700 = ORIENTED_EDGE ( 'NONE', *, *, #4200, .T. ) ;
#2701 = CARTESIAN_POINT ( 'NONE',  ( -33.61899380063064768, 8.952835937935043731, 0.000000000000000000 ) ) ;
#2702 = CARTESIAN_POINT ( 'NONE',  ( 0.000000000000000000, 26.00000000000000000, 9.000000000000001776 ) ) ;
#2703 = CIRCLE ( 'NONE', #1570, 1.250000000000001110 ) ;
#2704 = VERTEX_POINT ( 'NONE', #3226 ) ;
#2705 = LINE ( 'NONE', #2740, #4915 ) ;
#2706 = FACE_BOUND ( 'NONE', #109, .T. ) ;
#2707 = EDGE_LOOP ( 'NONE', ( #2907, #2263, #1440, #1031 ) ) ;
#2708 = EDGE_LOOP ( 'NONE', ( #1243, #1448, #4534, #3745 ) ) ;
#2709 = CARTESIAN_POINT ( 'NONE',  ( -30.37461179749822549, -21.16026908252886685, 0.000000000000000000 ) ) ;
#2710 = EDGE_CURVE ( 'NONE', #1760, #4499, #1672, .T. ) ;
#2711 = ORIENTED_EDGE ( 'NONE', *, *, #4777, .F. ) ;
#2712 = CARTESIAN_POINT ( 'NONE',  ( -4.000000000000000888, 26.00000000000000000, 9.000000000000001776 ) ) ;
#2713 = DIRECTION ( 'NONE',  ( 0.000000000000000000, 0.000000000000000000, -1.000000000000000000 ) ) ;
#2714 = AXIS2_PLACEMENT_3D ( 'NONE', #3154, #4272, #1608 ) ;
#2715 = AXIS2_PLACEMENT_3D ( 'NONE', #593, #2133, #4546 ) ;
#2716 = ORIENTED_EDGE ( 'NONE', *, *, #4211, .T. ) ;
#2717 = CARTESIAN_POINT ( 'NONE',  ( -4.000000000000182077, -25.99999999999997158, 7.000000000000000000 ) ) ;
#2718 = ORIENTED_EDGE ( 'NONE', *, *, #2472, .F. ) ;
#2719 = CARTESIAN_POINT ( 'NONE',  ( 22.94726363095276866, -27.73847673992845486, 0.000000000000000000 ) ) ;
#2720 = CIRCLE ( 'NONE', #526, 1.250000000000001110 ) ;
#2721 = VECTOR ( 'NONE', #1863, 1000.000000000000000 ) ;
#2722 = EDGE_CURVE ( 'NONE', #1760, #70, #1315, .T. ) ;
#2723 = DIRECTION ( 'NONE',  ( 1.000000000000000000, 0.000000000000000000, 0.000000000000000000 ) ) ;
#2724 = EDGE_CURVE ( 'NONE', #1927, #3822, #4843, .T. ) ;
#2725 = DIRECTION ( 'NONE',  ( -0.000000000000000000, -0.000000000000000000, -1.000000000000000000 ) ) ;
#2726 = CIRCLE ( 'NONE', #4595, 28.74999999999999645 ) ;
#2727 = EDGE_CURVE ( 'NONE', #809, #1220, #301, .T. ) ;
#2728 = DIRECTION ( 'NONE',  ( 1.000000000000000000, 0.000000000000000000, 0.000000000000000000 ) ) ;
#2729 = CIRCLE ( 'NONE', #3200, 1.250000000000007994 ) ;
#2730 = CIRCLE ( 'NONE', #3289, 1.250000000000007994 ) ;
#2731 = EDGE_CURVE ( 'NONE', #1935, #1798, #1338, .T. ) ;
#2732 = LINE ( 'NONE', #4269, #3997 ) ;
#2733 = ADVANCED_FACE ( 'NONE', ( #3843 ), #3766, .F. ) ;
#2734 = ORIENTED_EDGE ( 'NONE', *, *, #401, .T. ) ;
#2735 = ORIENTED_EDGE ( 'NONE', *, *, #4229, .F. ) ;
#2736 = CARTESIAN_POINT ( 'NONE',  ( -30.37461179749791640, 21.16026908252928962, 0.000000000000000000 ) ) ;
#2737 = CIRCLE ( 'NONE', #2569, 1.250000000000001110 ) ;
#2738 = CARTESIAN_POINT ( 'NONE',  ( 34.86899380063072584, -8.952835937934791488, 2.000000000000000000 ) ) ;
#2739 = EDGE_LOOP ( 'NONE', ( #893, #2020, #677, #197 ) ) ;
#2740 = CARTESIAN_POINT ( 'NONE',  ( 3.999999999999800604, -28.31187913226533581, 7.000000000000000000 ) ) ;
#2741 = DIRECTION ( 'NONE',  ( -0.000000000000000000, -0.000000000000000000, 1.000000000000000000 ) ) ;
#2742 = ORIENTED_EDGE ( 'NONE', *, *, #1322, .F. ) ;
#2743 = ORIENTED_EDGE ( 'NONE', *, *, #1087, .F. ) ;
#2744 = CARTESIAN_POINT ( 'NONE',  ( -6.745727325086230408, -35.36234102623276954, -3.535533905932756404 ) ) ;
#2745 = CARTESIAN_POINT ( 'NONE',  ( -7.995727325086231296, -35.36234102623276954, 2.000000000000000000 ) ) ;
#2746 = CARTESIAN_POINT ( 'NONE',  ( -29.12461179749822549, -21.16026908252886685, -3.535533905932756404 ) ) ;
#2747 = EDGE_LOOP ( 'NONE', ( #1266, #4856, #3055, #2675, #2087, #3593, #1583, #3588 ) ) ;
#2748 = LINE ( 'NONE', #1644, #4977 ) ;
#2749 = VERTEX_POINT ( 'NONE', #1057 ) ;
#2750 = DIRECTION ( 'NONE',  ( 1.000000000000000000, 0.000000000000000000, 0.000000000000000000 ) ) ;
#2751 = CARTESIAN_POINT ( 'NONE',  ( 15.32805449634254202, -32.57377388877674207, 0.000000000000000000 ) ) ;
#2752 = FACE_OUTER_BOUND ( 'NONE', #716, .T. ) ;
#2753 = CARTESIAN_POINT ( 'NONE',  ( -2.260458703055409746, -35.92896222341775569, 2.000000000000000000 ) ) ;
#2754 = EDGE_CURVE ( 'NONE', #673, #1530, #3383, .T. ) ;
#2755 = PLANE ( 'NONE',  #1881 ) ;
#2756 = ORIENTED_EDGE ( 'NONE', *, *, #2249, .T. ) ;
#2757 = AXIS2_PLACEMENT_3D ( 'NONE', #4294, #815, #4268 ) ;
#2758 = DIRECTION ( 'NONE',  ( 0.000000000000000000, 0.000000000000000000, 1.000000000000000000 ) ) ;
#2759 = CARTESIAN_POINT ( 'NONE',  ( 29.12461179749808338, -21.16026908252907646, 2.000000000000000000 ) ) ;
#2760 = ORIENTED_EDGE ( 'NONE', *, *, #120, .F. ) ;
#2761 = LINE ( 'NONE', #4304, #2490 ) ;
#2762 = CARTESIAN_POINT ( 'NONE',  ( 12.37461179749801055, -34.23803458662555244, -3.535533905932756404 ) ) ;
#2763 = VERTEX_POINT ( 'NONE', #4122 ) ;
#2764 = CIRCLE ( 'NONE', #570, 1.249999999999999334 ) ;
#2765 = EDGE_LOOP ( 'NONE', ( #727, #2132, #1037, #465 ) ) ;
#2766 = DIRECTION ( 'NONE',  ( 1.000000000000000000, 0.000000000000000000, 0.000000000000000000 ) ) ;
#2767 = AXIS2_PLACEMENT_3D ( 'NONE', #4972, #1494, #3858 ) ;
#2768 = DIRECTION ( 'NONE',  ( -0.000000000000000000, -0.000000000000000000, 1.000000000000000000 ) ) ;
#2769 = DIRECTION ( 'NONE',  ( 0.000000000000000000, 0.000000000000000000, 1.000000000000000000 ) ) ;
#2770 = ORIENTED_EDGE ( 'NONE', *, *, #4579, .F. ) ;
#2771 = AXIS2_PLACEMENT_3D ( 'NONE', #3090, #4255, #1918 ) ;
#2772 = ORIENTED_EDGE ( 'NONE', *, *, #989, .T. ) ;
#2773 = FACE_OUTER_BOUND ( 'NONE', #4521, .T. ) ;
#2774 = FACE_OUTER_BOUND ( 'NONE', #3480, .T. ) ;
#2775 = CARTESIAN_POINT ( 'NONE',  ( 0.000000000000000000, 26.00000000000000000, 3.013393125268148953 ) ) ;
#2776 = EDGE_CURVE ( 'NONE', #255, #321, #2737, .T. ) ;
#2777 = DIRECTION ( 'NONE',  ( 1.000000000000000000, 0.000000000000000000, 0.000000000000000000 ) ) ;
#2778 = VERTEX_POINT ( 'NONE', #304 ) ;
#2779 = ORIENTED_EDGE ( 'NONE', *, *, #3482, .F. ) ;
#2780 = VECTOR ( 'NONE', #2931, 1000.000000000000000 ) ;
#2781 = VERTEX_POINT ( 'NONE', #4959 ) ;
#2782 = DIRECTION ( 'NONE',  ( -0.000000000000000000, -0.000000000000000000, -1.000000000000000000 ) ) ;
#2783 = VERTEX_POINT ( 'NONE', #4222 ) ;
#2784 = CIRCLE ( 'NONE', #4319, 1.249999999999999778 ) ;
#2785 = DIRECTION ( 'NONE',  ( -0.000000000000000000, -0.000000000000000000, -1.000000000000000000 ) ) ;
#2786 = ADVANCED_FACE ( 'NONE', ( #2295 ), #2608, .F. ) ;
#2787 = EDGE_CURVE ( 'NONE', #2680, #3571, #3203, .T. ) ;
#2788 = CIRCLE ( 'NONE', #748, 1.249999999999999334 ) ;
#2789 = CARTESIAN_POINT ( 'NONE',  ( 2.260458703055677088, 35.92896222341775569, -3.535533905932756404 ) ) ;
#2790 = VERTEX_POINT ( 'NONE', #2216 ) ;
#2791 = ORIENTED_EDGE ( 'NONE', *, *, #2663, .F. ) ;
#2792 = CARTESIAN_POINT ( 'NONE',  ( -32.22195349197711067, -13.25248389664818838, 2.000000000000000000 ) ) ;
#2793 = AXIS2_PLACEMENT_3D ( 'NONE', #806, #2357, #3902 ) ;
#2794 = EDGE_CURVE ( 'NONE', #4175, #2627, #458, .T. ) ;
#2795 = EDGE_CURVE ( 'NONE', #1775, #3281, #63, .T. ) ;
#2796 = DIRECTION ( 'NONE',  ( 1.000000000000000000, 0.000000000000000000, 0.000000000000000000 ) ) ;
#2797 = EDGE_CURVE ( 'NONE', #778, #1023, #1751, .T. ) ;
#2798 = ORIENTED_EDGE ( 'NONE', *, *, #2119, .T. ) ;
#2799 = CYLINDRICAL_SURFACE ( 'NONE', #56, 1.250000000000001110 ) ;
#2800 = VERTEX_POINT ( 'NONE', #4538 ) ;
#2801 = LINE ( 'NONE', #4393, #2266 ) ;
#2802 = LINE ( 'NONE', #86, #4155 ) ;
#2803 = AXIS2_PLACEMENT_3D ( 'NONE', #2281, #4158, #4572 ) ;
#2804 = CARTESIAN_POINT ( 'NONE',  ( 36.96612924732120575, -4.511996408314965734, 2.000000000000000000 ) ) ;
#2805 = CARTESIAN_POINT ( 'NONE',  ( -33.47195349197711778, -13.25248389664818838, 0.000000000000000000 ) ) ;
#2806 = VECTOR ( 'NONE', #1369, 1000.000000000000000 ) ;
#2807 = DIRECTION ( 'NONE',  ( -0.000000000000000000, -0.000000000000000000, -1.000000000000000000 ) ) ;
#2808 = CARTESIAN_POINT ( 'NONE',  ( 35.71612924732126260, 4.511996408314459472, 0.000000000000000000 ) ) ;
#2809 = DIRECTION ( 'NONE',  ( 1.000000000000000000, 0.000000000000000000, 0.000000000000000000 ) ) ;
#2810 = CIRCLE ( 'NONE', #690, 1.250000000000001110 ) ;
#2811 = EDGE_LOOP ( 'NONE', ( #3379, #4905 ) ) ;
#2812 = CIRCLE ( 'NONE', #1904, 1.250000000000007994 ) ;
#2813 = CARTESIAN_POINT ( 'NONE',  ( 0.000000000000000000, 0.000000000000000000, 0.000000000000000000 ) ) ;
#2814 = VERTEX_POINT ( 'NONE', #1035 ) ;
#2815 = AXIS2_PLACEMENT_3D ( 'NONE', #1913, #4936, #3455 ) ;
#2816 = CARTESIAN_POINT ( 'NONE',  ( 0.000000000000000000, 0.000000000000000000, 7.000000000000000000 ) ) ;
#2817 = EDGE_CURVE ( 'NONE', #2012, #1888, #2730, .T. ) ;
#2818 = EDGE_CURVE ( 'NONE', #1730, #1393, #4515, .T. ) ;
#2819 = DIRECTION ( 'NONE',  ( -0.000000000000000000, -0.000000000000000000, 1.000000000000000000 ) ) ;
#2820 = VERTEX_POINT ( 'NONE', #350 ) ;
#2821 = ORIENTED_EDGE ( 'NONE', *, *, #4775, .F. ) ;
#2822 = DIRECTION ( 'NONE',  ( 1.000000000000000000, 0.000000000000000000, 0.000000000000000000 ) ) ;
#2823 = EDGE_LOOP ( 'NONE', ( #323, #3354, #4124, #4720 ) ) ;
#2824 = EDGE_CURVE ( 'NONE', #1882, #169, #4591, .T. ) ;
#2825 = DIRECTION ( 'NONE',  ( -0.000000000000000000, -0.000000000000000000, 1.000000000000000000 ) ) ;
#2826 = CARTESIAN_POINT ( 'NONE',  ( -34.86899380063077558, -8.952835937934539245, 0.000000000000000000 ) ) ;
#2827 = FACE_BOUND ( 'NONE', #853, .T. ) ;
#2828 = CARTESIAN_POINT ( 'NONE',  ( -19.28976461924401775, -30.39580531807245478, 0.000000000000000000 ) ) ;
#2829 = VERTEX_POINT ( 'NONE', #3742 ) ;
#2830 = CARTESIAN_POINT ( 'NONE',  ( 22.94726363095315591, 27.73847673992813867, 2.000000000000000000 ) ) ;
#2831 = DIRECTION ( 'NONE',  ( 1.000000000000000000, 0.000000000000000000, 0.000000000000000000 ) ) ;
#2832 = ORIENTED_EDGE ( 'NONE', *, *, #1877, .T. ) ;
#2833 = CARTESIAN_POINT ( 'NONE',  ( 0.000000000000000000, 0.000000000000000000, 7.000000000000000000 ) ) ;
#2834 = CARTESIAN_POINT ( 'NONE',  ( -9.874611797498259236, -34.23803458662548138, 0.000000000000000000 ) ) ;
#2835 = ORIENTED_EDGE ( 'NONE', *, *, #2028, .T. ) ;
#2836 = DIRECTION ( 'NONE',  ( 1.000000000000000000, 0.000000000000000000, 0.000000000000000000 ) ) ;
#2837 = DIRECTION ( 'NONE',  ( -0.000000000000000000, -0.000000000000000000, 1.000000000000000000 ) ) ;
#2838 = LINE ( 'NONE', #4388, #984 ) ;
#2839 = AXIS2_PLACEMENT_3D ( 'NONE', #4725, #3954, #474 ) ;
#2840 = CARTESIAN_POINT ( 'NONE',  ( 0.000000000000000000, 0.000000000000000000, 0.000000000000000000 ) ) ;
#2841 = ORIENTED_EDGE ( 'NONE', *, *, #3158, .T. ) ;
#2842 = DIRECTION ( 'NONE',  ( 0.000000000000000000, 0.000000000000000000, 1.000000000000000000 ) ) ;
#2843 = DIRECTION ( 'NONE',  ( 1.125528224053625752E-15, 1.000000000000000000, 0.000000000000000000 ) ) ;
#2844 = AXIS2_PLACEMENT_3D ( 'NONE', #2946, #2900, #4492 ) ;
#2845 = ORIENTED_EDGE ( 'NONE', *, *, #4951, .F. ) ;
#2846 = FACE_BOUND ( 'NONE', #2234, .T. ) ;
#2847 = DIRECTION ( 'NONE',  ( -0.000000000000000000, -0.000000000000000000, -1.000000000000000000 ) ) ;
#2848 = CARTESIAN_POINT ( 'NONE',  ( 22.94726363095276866, -27.73847673992845486, -3.535533905932756404 ) ) ;
#2849 = EDGE_CURVE ( 'NONE', #940, #4152, #4601, .T. ) ;
#2850 = ORIENTED_EDGE ( 'NONE', *, *, #3034, .F. ) ;
#2851 = EDGE_LOOP ( 'NONE', ( #2735, #2821 ) ) ;
#2852 = FACE_OUTER_BOUND ( 'NONE', #1004, .T. ) ;
#2853 = CARTESIAN_POINT ( 'NONE',  ( 19.28976461924380459, -30.39580531807259334, 2.000000000000000000 ) ) ;
#2854 = DIRECTION ( 'NONE',  ( -0.000000000000000000, -0.000000000000000000, 1.000000000000000000 ) ) ;
#2855 = VERTEX_POINT ( 'NONE', #2244 ) ;
#2856 = VECTOR ( 'NONE', #4163, 1000.000000000000000 ) ;
#2857 = AXIS2_PLACEMENT_3D ( 'NONE', #3505, #4698, #2809 ) ;
#2858 = VERTEX_POINT ( 'NONE', #3794 ) ;
#2859 = EDGE_LOOP ( 'NONE', ( #3519, #3799, #1850, #441 ) ) ;
#2860 = CARTESIAN_POINT ( 'NONE',  ( 6.745727325086488868, 35.36234102623271269, 2.000000000000000000 ) ) ;
#2861 = DIRECTION ( 'NONE',  ( 0.000000000000000000, 0.000000000000000000, 1.000000000000000000 ) ) ;
#2862 = AXIS2_PLACEMENT_3D ( 'NONE', #4811, #3684, #1758 ) ;
#2863 = CIRCLE ( 'NONE', #838, 1.250000000000001110 ) ;
#2864 = CARTESIAN_POINT ( 'NONE',  ( 0.000000000000000000, 26.00000000000000000, 3.013393125268148953 ) ) ;
#2865 = CYLINDRICAL_SURFACE ( 'NONE', #3073, 1.250000000000001110 ) ;
#2866 = ORIENTED_EDGE ( 'NONE', *, *, #981, .F. ) ;
#2867 = DIRECTION ( 'NONE',  ( -0.000000000000000000, -0.000000000000000000, -1.000000000000000000 ) ) ;
#2868 = EDGE_CURVE ( 'NONE', #191, #4929, #140, .T. ) ;
#2869 = AXIS2_PLACEMENT_3D ( 'NONE', #2746, #4114, #752 ) ;
#2870 = DIRECTION ( 'NONE',  ( 1.000000000000000000, 0.000000000000000000, 0.000000000000000000 ) ) ;
#2871 = VERTEX_POINT ( 'NONE', #2657 ) ;
#2872 = CARTESIAN_POINT ( 'NONE',  ( 31.54704048157906726, -17.34313226766178673, -3.535533905932756404 ) ) ;
#2873 = EDGE_CURVE ( 'NONE', #4166, #1478, #222, .T. ) ;
#2874 = EDGE_CURVE ( 'NONE', #3760, #1114, #4194, .T. ) ;
#2875 = DIRECTION ( 'NONE',  ( 1.000000000000000000, 0.000000000000000000, -0.000000000000000000 ) ) ;
#2876 = DIRECTION ( 'NONE',  ( -0.000000000000000000, -0.000000000000000000, 1.000000000000000000 ) ) ;
#2877 = ORIENTED_EDGE ( 'NONE', *, *, #3397, .F. ) ;
#2878 = VECTOR ( 'NONE', #3535, 1000.000000000000000 ) ;
#2879 = EDGE_CURVE ( 'NONE', #4375, #4577, #1433, .T. ) ;
#2880 = VECTOR ( 'NONE', #2045, 1000.000000000000000 ) ;
#2881 = VERTEX_POINT ( 'NONE', #1700 ) ;
#2882 = CARTESIAN_POINT ( 'NONE',  ( -1.699999999999999956, -26.00000000000000000, 7.000000000000000000 ) ) ;
#2883 = CARTESIAN_POINT ( 'NONE',  ( -22.94726363095296762, -27.73847673992830209, 2.000000000000000000 ) ) ;
#2884 = EDGE_CURVE ( 'NONE', #2239, #3949, #4664, .T. ) ;
#2885 = EDGE_CURVE ( 'NONE', #1455, #1619, #1428, .T. ) ;
#2886 = EDGE_CURVE ( 'NONE', #1932, #4697, #2761, .T. ) ;
#2887 = VECTOR ( 'NONE', #4470, 1000.000000000000000 ) ;
#2888 = DIRECTION ( 'NONE',  ( 1.000000000000000000, 0.000000000000000000, 0.000000000000000000 ) ) ;
#2889 = EDGE_LOOP ( 'NONE', ( #2957, #1790 ) ) ;
#2890 = CARTESIAN_POINT ( 'NONE',  ( -35.71612924732115602, 4.511996408315208207, 0.000000000000000000 ) ) ;
#2891 = AXIS2_PLACEMENT_3D ( 'NONE', #1525, #4631, #791 ) ;
#2892 = DIRECTION ( 'NONE',  ( 1.000000000000000000, 0.000000000000000000, 0.000000000000000000 ) ) ;
#2893 = DIRECTION ( 'NONE',  ( -0.000000000000000000, -0.000000000000000000, -1.000000000000000000 ) ) ;
#2894 = CIRCLE ( 'NONE', #3366, 1.250000000000001110 ) ;
#2895 = ORIENTED_EDGE ( 'NONE', *, *, #4522, .F. ) ;
#2896 = ORIENTED_EDGE ( 'NONE', *, *, #3003, .T. ) ;
#2897 = CARTESIAN_POINT ( 'NONE',  ( 36.00000000000000000, 0.000000000000000000, 0.000000000000000000 ) ) ;
#2898 = EDGE_LOOP ( 'NONE', ( #1582, #3140 ) ) ;
#2899 = CIRCLE ( 'NONE', #1997, 30.75000000000000355 ) ;
#2900 = DIRECTION ( 'NONE',  ( 0.000000000000000000, 0.000000000000000000, 1.000000000000000000 ) ) ;
#2901 = EDGE_LOOP ( 'NONE', ( #946, #2455, #4755, #231, #3474 ) ) ;
#2902 = CYLINDRICAL_SURFACE ( 'NONE', #3985, 1.250000000000001110 ) ;
#2903 = LINE ( 'NONE', #4526, #1622 ) ;
#2904 = VERTEX_POINT ( 'NONE', #4277 ) ;
#2905 = LINE ( 'NONE', #4860, #4236 ) ;
#2906 = ORIENTED_EDGE ( 'NONE', *, *, #1226, .F. ) ;
#2907 = ORIENTED_EDGE ( 'NONE', *, *, #3993, .F. ) ;
#2908 = LINE ( 'NONE', #1329, #3193 ) ;
#2909 = CARTESIAN_POINT ( 'NONE',  ( -24.19726363095257327, 27.73847673992861829, 2.000000000000000000 ) ) ;
#2910 = LINE ( 'NONE', #2554, #1560 ) ;
#2911 = ORIENTED_EDGE ( 'NONE', *, *, #3460, .T. ) ;
#2912 = DIRECTION ( 'NONE',  ( -0.000000000000000000, -0.000000000000000000, 1.000000000000000000 ) ) ;
#2913 = CARTESIAN_POINT ( 'NONE',  ( 0.000000000000000000, 0.000000000000000000, 0.000000000000000000 ) ) ;
#2914 = CARTESIAN_POINT ( 'NONE',  ( -22.94726363095296762, -27.73847673992830209, -3.535533905932756404 ) ) ;
#2915 = CARTESIAN_POINT ( 'NONE',  ( 33.47195349197704672, -13.25248389664843529, -3.535533905932756404 ) ) ;
#2916 = EDGE_LOOP ( 'NONE', ( #4925, #3965 ) ) ;
#2917 = ORIENTED_EDGE ( 'NONE', *, *, #3779, .T. ) ;
#2918 = DIRECTION ( 'NONE',  ( -0.000000000000000000, -0.000000000000000000, -1.000000000000000000 ) ) ;
#2919 = AXIS2_PLACEMENT_3D ( 'NONE', #631, #2560, #4825 ) ;
#2920 = DIRECTION ( 'NONE',  ( 1.000000000000000000, 0.000000000000000000, 0.000000000000000000 ) ) ;
#2921 = ORIENTED_EDGE ( 'NONE', *, *, #2731, .T. ) ;
#2922 = CIRCLE ( 'NONE', #3970, 1.250000000000001110 ) ;
#2923 = CARTESIAN_POINT ( 'NONE',  ( 3.000000000000000000, 26.00000000000000000, 0.000000000000000000 ) ) ;
#2924 = CYLINDRICAL_SURFACE ( 'NONE', #1781, 1.250000000000001110 ) ;
#2925 = AXIS2_PLACEMENT_3D ( 'NONE', #1696, #481, #84 ) ;
#2926 = EDGE_LOOP ( 'NONE', ( #2464, #425, #2189, #4119 ) ) ;
#2927 = CARTESIAN_POINT ( 'NONE',  ( 20.53976461924423447, 30.39580531807231623, -3.535533905932756404 ) ) ;
#2928 = ORIENTED_EDGE ( 'NONE', *, *, #4232, .T. ) ;
#2929 = DIRECTION ( 'NONE',  ( -0.000000000000000000, -0.000000000000000000, 1.000000000000000000 ) ) ;
#2930 = ADVANCED_FACE ( 'NONE', ( #3601 ), #1961, .T. ) ;
#2931 = DIRECTION ( 'NONE',  ( -0.000000000000000000, -0.000000000000000000, 1.000000000000000000 ) ) ;
#2932 = ORIENTED_EDGE ( 'NONE', *, *, #3459, .T. ) ;
#2933 = CARTESIAN_POINT ( 'NONE',  ( 3.510458703055151730, -35.92896222341776991, 2.000000000000000000 ) ) ;
#2934 = EDGE_CURVE ( 'NONE', #773, #2855, #2050, .T. ) ;
#2935 = CARTESIAN_POINT ( 'NONE',  ( -6.745727325086230408, -35.36234102623276954, 2.000000000000000000 ) ) ;
#2936 = EDGE_CURVE ( 'NONE', #3165, #2783, #4265, .T. ) ;
#2937 = DIRECTION ( 'NONE',  ( -0.000000000000000000, -0.000000000000000000, -1.000000000000000000 ) ) ;
#2938 = ADVANCED_FACE ( 'NONE', ( #420 ), #889, .F. ) ;
#2939 = CARTESIAN_POINT ( 'NONE',  ( -1.815570296198429345E-13, -26.00000000000000000, 7.000000000000000000 ) ) ;
#2940 = VERTEX_POINT ( 'NONE', #4039 ) ;
#2941 = EDGE_CURVE ( 'NONE', #2412, #4678, #2705, .T. ) ;
#2942 = DIRECTION ( 'NONE',  ( 1.000000000000000000, 0.000000000000000000, 0.000000000000000000 ) ) ;
#2943 = AXIS2_PLACEMENT_3D ( 'NONE', #3054, #1451, #734 ) ;
#2944 = AXIS2_PLACEMENT_3D ( 'NONE', #1314, #959, #2513 ) ;
#2945 = EDGE_CURVE ( 'NONE', #4459, #4157, #533, .T. ) ;
#2947 = EDGE_CURVE ( 'NONE', #1935, #2956, #2894, .T. ) ;
#2946 = CARTESIAN_POINT ( 'NONE',  ( -11.12461179749825746, -34.23803458662548138, 2.000000000000000000 ) ) ;
#2948 = VECTOR ( 'NONE', #4451, 1000.000000000000000 ) ;
#2949 = ORIENTED_EDGE ( 'NONE', *, *, #4749, .T. ) ;
#2950 = CARTESIAN_POINT ( 'NONE',  ( 30.37461179749808338, -21.16026908252907646, 2.000000000000000000 ) ) ;
#2951 = VECTOR ( 'NONE', #3116, 1000.000000000000000 ) ;
#2952 = DIRECTION ( 'NONE',  ( 1.125528224053625752E-15, 1.000000000000000000, 0.000000000000000000 ) ) ;
#2953 = ORIENTED_EDGE ( 'NONE', *, *, #3092, .F. ) ;
#2954 = CARTESIAN_POINT ( 'NONE',  ( -18.03976461924359498, 30.39580531807271768, 0.000000000000000000 ) ) ;
#2955 = ORIENTED_EDGE ( 'NONE', *, *, #316, .T. ) ;
#2956 = VERTEX_POINT ( 'NONE', #1303 ) ;
#2957 = ORIENTED_EDGE ( 'NONE', *, *, #1447, .F. ) ;
#2958 = DIRECTION ( 'NONE',  ( -0.000000000000000000, -0.000000000000000000, -1.000000000000000000 ) ) ;
#2959 = CIRCLE ( 'NONE', #1412, 1.250000000000001110 ) ;
#2960 = FACE_OUTER_BOUND ( 'NONE', #4656, .T. ) ;
#2961 = EDGE_LOOP ( 'NONE', ( #4221, #4443 ) ) ;
#2962 = CARTESIAN_POINT ( 'NONE',  ( -6.745727325086230408, -35.36234102623276954, 0.000000000000000000 ) ) ;
#2963 = CYLINDRICAL_SURFACE ( 'NONE', #4234, 1.249999999999999334 ) ;
#2964 = VECTOR ( 'NONE', #4677, 1000.000000000000000 ) ;
#2965 = LINE ( 'NONE', #4005, #3536 ) ;
#2966 = DIRECTION ( 'NONE',  ( -0.000000000000000000, -0.000000000000000000, 1.000000000000000000 ) ) ;
#2967 = AXIS2_PLACEMENT_3D ( 'NONE', #2512, #3282, #4887 ) ;
#2968 = EDGE_LOOP ( 'NONE', ( #2188, #3853 ) ) ;
#2969 = EDGE_CURVE ( 'NONE', #585, #4540, #1195, .T. ) ;
#2970 = ORIENTED_EDGE ( 'NONE', *, *, #638, .F. ) ;
#2971 = CYLINDRICAL_SURFACE ( 'NONE', #855, 4.000000000000000888 ) ;
#2972 = ADVANCED_FACE ( 'NONE', ( #3507 ), #3214, .T. ) ;
#2973 = CARTESIAN_POINT ( 'NONE',  ( 1.699999999999999956, 26.00000000000000000, -4.808326112068523450 ) ) ;
#2974 = ORIENTED_EDGE ( 'NONE', *, *, #4573, .T. ) ;
#2975 = AXIS2_PLACEMENT_3D ( 'NONE', #4917, #3813, #1886 ) ;
#2976 = FACE_BOUND ( 'NONE', #4728, .T. ) ;
#2977 = AXIS2_PLACEMENT_3D ( 'NONE', #2259, #2208, #2982 ) ;
#2978 = CARTESIAN_POINT ( 'NONE',  ( -4.000000000000000888, 26.00000000000000000, 7.000000000000000000 ) ) ;
#2979 = ORIENTED_EDGE ( 'NONE', *, *, #2074, .T. ) ;
#2980 = DIRECTION ( 'NONE',  ( -0.000000000000000000, -0.000000000000000000, -1.000000000000000000 ) ) ;
#2981 = ORIENTED_EDGE ( 'NONE', *, *, #1728, .T. ) ;
#2982 = DIRECTION ( 'NONE',  ( 1.000000000000000000, 0.000000000000000000, 0.000000000000000000 ) ) ;
#2983 = AXIS2_PLACEMENT_3D ( 'NONE', #2331, #407, #3520 ) ;
#2984 = CARTESIAN_POINT ( 'NONE',  ( 36.96612924732120575, -4.511996408314965734, 0.000000000000000000 ) ) ;
#2985 = ORIENTED_EDGE ( 'NONE', *, *, #4197, .F. ) ;
#2986 = VERTEX_POINT ( 'NONE', #51 ) ;
#2987 = CARTESIAN_POINT ( 'NONE',  ( -37.25000000000000000, 2.515397372465990016E-13, -3.535533905932756404 ) ) ;
#2988 = EDGE_LOOP ( 'NONE', ( #3976, #77, #735, #1166 ) ) ;
#2989 = CYLINDRICAL_SURFACE ( 'NONE', #2696, 28.74999999999999645 ) ;
#2990 = DIRECTION ( 'NONE',  ( -0.000000000000000000, -0.000000000000000000, 1.000000000000000000 ) ) ;
#2991 = FACE_BOUND ( 'NONE', #3839, .T. ) ;
#2992 = VERTEX_POINT ( 'NONE', #397 ) ;
#2993 = DIRECTION ( 'NONE',  ( -5.252465045583586713E-15, -1.000000000000000000, 0.000000000000000000 ) ) ;
#2994 = CARTESIAN_POINT ( 'NONE',  ( 3.510458703055151730, -35.92896222341776991, 0.000000000000000000 ) ) ;
#2995 = ORIENTED_EDGE ( 'NONE', *, *, #3230, .T. ) ;
#2996 = CARTESIAN_POINT ( 'NONE',  ( 0.000000000000000000, 0.000000000000000000, 2.000000000000000000 ) ) ;
#2997 = CARTESIAN_POINT ( 'NONE',  ( 32.22195349197721725, 13.25248389664795212, 2.000000000000000000 ) ) ;
#2998 = EDGE_CURVE ( 'NONE', #4746, #3958, #1830, .T. ) ;
#2999 = DIRECTION ( 'NONE',  ( 1.000000000000000000, 0.000000000000000000, 0.000000000000000000 ) ) ;
#3000 = VERTEX_POINT ( 'NONE', #187 ) ;
#3001 = DIRECTION ( 'NONE',  ( -0.000000000000000000, -0.000000000000000000, -1.000000000000000000 ) ) ;
#3002 = AXIS2_PLACEMENT_3D ( 'NONE', #4858, #2232, #3346 ) ;
#3003 = EDGE_CURVE ( 'NONE', #454, #3280, #3129, .T. ) ;
#3004 = FACE_OUTER_BOUND ( 'NONE', #3653, .T. ) ;
#3005 = AXIS2_PLACEMENT_3D ( 'NONE', #3907, #3959, #111 ) ;
#3006 = ORIENTED_EDGE ( 'NONE', *, *, #1015, .T. ) ;
#3007 = CARTESIAN_POINT ( 'NONE',  ( -30.29704048157919161, -17.34313226766155935, 2.000000000000000000 ) ) ;
#3008 = LINE ( 'NONE', #1034, #1397 ) ;
#3009 = DIRECTION ( 'NONE',  ( 1.000000000000000000, 0.000000000000000000, 0.000000000000000000 ) ) ;
#3010 = DIRECTION ( 'NONE',  ( 0.000000000000000000, 0.000000000000000000, 1.000000000000000000 ) ) ;
#3011 = ORIENTED_EDGE ( 'NONE', *, *, #1364, .F. ) ;
#3012 = CARTESIAN_POINT ( 'NONE',  ( 20.53976461924380459, -30.39580531807259334, -3.535533905932756404 ) ) ;
#3013 = CARTESIAN_POINT ( 'NONE',  ( 9.874611797498495491, 34.23803458662540322, 2.000000000000000000 ) ) ;
#3014 = VERTEX_POINT ( 'NONE', #3481 ) ;
#3015 = AXIS2_PLACEMENT_3D ( 'NONE', #1589, #4701, #2402 ) ;
#3016 = CARTESIAN_POINT ( 'NONE',  ( 5.000000000000000888, 26.00000000000000000, 7.000000000000000000 ) ) ;
#3017 = AXIS2_PLACEMENT_3D ( 'NONE', #2935, #2861, #3616 ) ;
#3018 = CARTESIAN_POINT ( 'NONE',  ( -30.29704048157919161, -17.34313226766155935, 0.000000000000000000 ) ) ;
#3019 = AXIS2_PLACEMENT_3D ( 'NONE', #1679, #918, #1776 ) ;
#3020 = DIRECTION ( 'NONE',  ( -0.000000000000000000, -0.000000000000000000, 1.000000000000000000 ) ) ;
#3021 = AXIS2_PLACEMENT_3D ( 'NONE', #2738, #2009, #2033 ) ;
#3022 = EDGE_CURVE ( 'NONE', #4826, #2386, #21, .T. ) ;
#3023 = CARTESIAN_POINT ( 'NONE',  ( 3.510458703055677088, 35.92896222341775569, 2.000000000000000000 ) ) ;
#3024 = EDGE_CURVE ( 'NONE', #2579, #1411, #4178, .T. ) ;
#3025 = CYLINDRICAL_SURFACE ( 'NONE', #2460, 1.250000000000001110 ) ;
#3026 = CIRCLE ( 'NONE', #4885, 1.250000000000001110 ) ;
#3027 = EDGE_LOOP ( 'NONE', ( #4801, #4545 ) ) ;
#3028 = ORIENTED_EDGE ( 'NONE', *, *, #2787, .F. ) ;
#3029 = CARTESIAN_POINT ( 'NONE',  ( -31.54704048157895002, 17.34313226766200344, 0.000000000000000000 ) ) ;
#3030 = ORIENTED_EDGE ( 'NONE', *, *, #4468, .F. ) ;
#3031 = PRODUCT_RELATED_PRODUCT_CATEGORY ( 'part', '', ( #3617 ) ) ;
#3032 = EDGE_CURVE ( 'NONE', #3874, #1245, #1755, .T. ) ;
#3033 = CARTESIAN_POINT ( 'NONE',  ( -4.999999999999998224, 28.31187913226530739, 7.000000000000000000 ) ) ;
#3034 = EDGE_CURVE ( 'NONE', #3903, #1750, #166, .T. ) ;
#3035 = DIRECTION ( 'NONE',  ( 1.000000000000000000, 0.000000000000000000, 0.000000000000000000 ) ) ;
#3036 = FACE_BOUND ( 'NONE', #2503, .T. ) ;
#3037 = VERTEX_POINT ( 'NONE', #291 ) ;
#3038 = CARTESIAN_POINT ( 'NONE',  ( 15.32805449634299322, 32.57377388877652891, -3.535533905932756404 ) ) ;
#3039 = VECTOR ( 'NONE', #684, 1000.000000000000000 ) ;
#3040 = FACE_OUTER_BOUND ( 'NONE', #2278, .T. ) ;
#3041 = VECTOR ( 'NONE', #1319, 1000.000000000000000 ) ;
#3042 = EDGE_LOOP ( 'NONE', ( #1054, #1632 ) ) ;
#3043 = DIRECTION ( 'NONE',  ( 1.000000000000000000, 0.000000000000000000, 0.000000000000000000 ) ) ;
#3044 = ORIENTED_EDGE ( 'NONE', *, *, #87, .F. ) ;
#3045 = DIRECTION ( 'NONE',  ( 0.000000000000000000, 0.000000000000000000, 1.000000000000000000 ) ) ;
#3046 = AXIS2_PLACEMENT_3D ( 'NONE', #4358, #25, #3972 ) ;
#3047 = CIRCLE ( 'NONE', #3698, 1.250000000000001110 ) ;
#3048 = AXIS2_PLACEMENT_3D ( 'NONE', #2235, #4161, #2580 ) ;
#3049 = DIRECTION ( 'NONE',  ( -1.000000000000000000, 0.000000000000000000, 0.000000000000000000 ) ) ;
#3050 = AXIS2_PLACEMENT_3D ( 'NONE', #325, #1859, #3408 ) ;
#3051 = ADVANCED_FACE ( 'NONE', ( #1796 ), #3298, .F. ) ;
#3052 = DIRECTION ( 'NONE',  ( 1.000000000000000000, 0.000000000000000000, 0.000000000000000000 ) ) ;
#3053 = AXIS2_PLACEMENT_3D ( 'NONE', #2166, #4031, #229 ) ;
#3054 = CARTESIAN_POINT ( 'NONE',  ( 11.12461179749801232, -34.23803458662555244, 0.000000000000000000 ) ) ;
#3055 = ORIENTED_EDGE ( 'NONE', *, *, #4883, .T. ) ;
#3056 = EDGE_LOOP ( 'NONE', ( #3658, #45 ) ) ;
#3057 = DIRECTION ( 'NONE',  ( -0.000000000000000000, -0.000000000000000000, -1.000000000000000000 ) ) ;
#3058 = ORIENTED_EDGE ( 'NONE', *, *, #4622, .F. ) ;
#3059 = CARTESIAN_POINT ( 'NONE',  ( 7.995727325085971060, -35.36234102623281217, 2.000000000000000000 ) ) ;
#3060 = CARTESIAN_POINT ( 'NONE',  ( -36.11899380063064768, 8.952835937935043731, -3.535533905932756404 ) ) ;
#3061 = FACE_BOUND ( 'NONE', #2961, .T. ) ;
#3062 = ORIENTED_EDGE ( 'NONE', *, *, #2818, .F. ) ;
#3063 = ORIENTED_EDGE ( 'NONE', *, *, #251, .T. ) ;
#3064 = CYLINDRICAL_SURFACE ( 'NONE', #1017, 1.249999999999999334 ) ;
#3065 = DIRECTION ( 'NONE',  ( 0.000000000000000000, 0.000000000000000000, 1.000000000000000000 ) ) ;
#3066 = CARTESIAN_POINT ( 'NONE',  ( 21.69726363095315591, 27.73847673992813867, 0.000000000000000000 ) ) ;
#3067 = ORIENTED_EDGE ( 'NONE', *, *, #598, .T. ) ;
#3068 = DIRECTION ( 'NONE',  ( 1.000000000000000000, 0.000000000000000000, 0.000000000000000000 ) ) ;
#3069 = CARTESIAN_POINT ( 'NONE',  ( 0.000000000000000000, -26.00000000000000000, -4.808326112068523450 ) ) ;
#3070 = LINE ( 'NONE', #3495, #1540 ) ;
#3071 = DIRECTION ( 'NONE',  ( 0.000000000000000000, 0.000000000000000000, 1.000000000000000000 ) ) ;
#3072 = EDGE_CURVE ( 'NONE', #4298, #2543, #1828, .T. ) ;
#3073 = AXIS2_PLACEMENT_3D ( 'NONE', #2515, #206, #4173 ) ;
#3074 = CARTESIAN_POINT ( 'NONE',  ( -21.69726363095257327, 27.73847673992861829, 0.000000000000000000 ) ) ;
#3075 = ORIENTED_EDGE ( 'NONE', *, *, #1294, .T. ) ;
#3076 = VERTEX_POINT ( 'NONE', #662 ) ;
#3077 = CARTESIAN_POINT ( 'NONE',  ( 9.874611797498495491, 34.23803458662540322, 0.000000000000000000 ) ) ;
#3078 = ORIENTED_EDGE ( 'NONE', *, *, #39, .T. ) ;
#3079 = EDGE_CURVE ( 'NONE', #60, #4416, #1379, .T. ) ;
#3080 = DIRECTION ( 'NONE',  ( 0.000000000000000000, 0.000000000000000000, 1.000000000000000000 ) ) ;
#3081 = ORIENTED_EDGE ( 'NONE', *, *, #2021, .F. ) ;
#3082 = DIRECTION ( 'NONE',  ( 1.000000000000000000, 0.000000000000000000, 0.000000000000000000 ) ) ;
#3083 = FACE_BOUND ( 'NONE', #4081, .T. ) ;
#3084 = CIRCLE ( 'NONE', #2844, 1.249999999999999334 ) ;
#3085 = ORIENTED_EDGE ( 'NONE', *, *, #3988, .T. ) ;
#3086 = ORIENTED_EDGE ( 'NONE', *, *, #3685, .F. ) ;
#3087 = CARTESIAN_POINT ( 'NONE',  ( 32.79704048157906726, -17.34313226766178673, 2.000000000000000000 ) ) ;
#3088 = EDGE_CURVE ( 'NONE', #3571, #1905, #1373, .T. ) ;
#3089 = ADVANCED_FACE ( 'NONE', ( #1774 ), #3754, .F. ) ;
#3090 = CARTESIAN_POINT ( 'NONE',  ( 15.32805449634299322, 32.57377388877652891, 2.000000000000000000 ) ) ;
#3091 = DIRECTION ( 'NONE',  ( -0.000000000000000000, -0.000000000000000000, 1.000000000000000000 ) ) ;
#3092 = EDGE_CURVE ( 'NONE', #900, #2062, #4792, .T. ) ;
#3093 = ORIENTED_EDGE ( 'NONE', *, *, #2868, .F. ) ;
#3094 = DIRECTION ( 'NONE',  ( -0.000000000000000000, -0.000000000000000000, 1.000000000000000000 ) ) ;
#3095 = CARTESIAN_POINT ( 'NONE',  ( 22.94726363095315591, 27.73847673992813867, 2.000000000000000000 ) ) ;
#3096 = EDGE_CURVE ( 'NONE', #1882, #1083, #2922, .T. ) ;
#3097 = ADVANCED_FACE ( 'NONE', ( #237 ), #2924, .F. ) ;
#3098 = CARTESIAN_POINT ( 'NONE',  ( -34.74999999999999289, 2.513866563967056016E-13, 2.000000000000000000 ) ) ;
#3099 = CARTESIAN_POINT ( 'NONE',  ( 0.000000000000000000, 26.00000000000000000, 7.000000000000000000 ) ) ;
#3100 = CIRCLE ( 'NONE', #4808, 1.250000000000001110 ) ;
#3101 = VECTOR ( 'NONE', #1331, 1000.000000000000000 ) ;
#3102 = DIRECTION ( 'NONE',  ( -0.000000000000000000, -0.000000000000000000, -1.000000000000000000 ) ) ;
#3103 = AXIS2_PLACEMENT_3D ( 'NONE', #969, #1304, #3273 ) ;
#3104 = ORIENTED_EDGE ( 'NONE', *, *, #3618, .T. ) ;
#3105 = ORIENTED_EDGE ( 'NONE', *, *, #1248, .T. ) ;
#3106 = DIRECTION ( 'NONE',  ( 1.000000000000000000, 5.627641120268128170E-15, -0.000000000000000000 ) ) ;
#3107 = ORIENTED_EDGE ( 'NONE', *, *, #1447, .T. ) ;
#3108 = CYLINDRICAL_SURFACE ( 'NONE', #3913, 1.250000000000001110 ) ;
#3109 = ORIENTED_EDGE ( 'NONE', *, *, #1754, .T. ) ;
#3110 = CARTESIAN_POINT ( 'NONE',  ( 19.28976461924380459, -30.39580531807259334, 0.000000000000000000 ) ) ;
#3111 = CARTESIAN_POINT ( 'NONE',  ( -3.510458703054893270, 35.92896222341780543, 2.000000000000000000 ) ) ;
#3112 = VERTEX_POINT ( 'NONE', #2621 ) ;
#3113 = ORIENTED_EDGE ( 'NONE', *, *, #480, .F. ) ;
#3114 = DIRECTION ( 'NONE',  ( -0.000000000000000000, -0.000000000000000000, 1.000000000000000000 ) ) ;
#3115 = CARTESIAN_POINT ( 'NONE',  ( -30.75000000000000355, 0.000000000000000000, 7.000000000000000000 ) ) ;
#3116 = DIRECTION ( 'NONE',  ( -0.000000000000000000, -0.000000000000000000, 1.000000000000000000 ) ) ;
#3117 = AXIS2_PLACEMENT_3D ( 'NONE', #3029, #2264, #1837 ) ;
#3118 = ORIENTED_EDGE ( 'NONE', *, *, #342, .T. ) ;
#3119 = ADVANCED_FACE ( 'NONE', ( #1396 ), #4476, .F. ) ;
#3120 = CYLINDRICAL_SURFACE ( 'NONE', #2390, 1.250000000000001110 ) ;
#3121 = ORIENTED_EDGE ( 'NONE', *, *, #4693, .F. ) ;
#3122 = DIRECTION ( 'NONE',  ( -0.000000000000000000, -0.000000000000000000, 1.000000000000000000 ) ) ;
#3123 = CIRCLE ( 'NONE', #3522, 1.500000000000000000 ) ;
#3124 = CARTESIAN_POINT ( 'NONE',  ( 24.99287058717113297, 24.64369581343245486, 2.000000000000000000 ) ) ;
#3125 = FACE_OUTER_BOUND ( 'NONE', #1026, .T. ) ;
#3126 = VECTOR ( 'NONE', #4957, 1000.000000000000000 ) ;
#3127 = FACE_BOUND ( 'NONE', #3971, .T. ) ;
#3128 = AXIS2_PLACEMENT_3D ( 'NONE', #121, #2533, #1704 ) ;
#3129 = CIRCLE ( 'NONE', #3532, 39.00000000000000000 ) ;
#3130 = DIRECTION ( 'NONE',  ( -0.000000000000000000, -0.000000000000000000, 1.000000000000000000 ) ) ;
#3131 = ORIENTED_EDGE ( 'NONE', *, *, #1129, .T. ) ;
#3132 = ORIENTED_EDGE ( 'NONE', *, *, #3995, .F. ) ;
#3133 = CARTESIAN_POINT ( 'NONE',  ( -15.32805449634276229, -32.57377388877662838, 0.000000000000000000 ) ) ;
#3134 = CIRCLE ( 'NONE', #945, 1.250000000000001110 ) ;
#3135 = CARTESIAN_POINT ( 'NONE',  ( 5.000000000000000888, 26.00000000000000000, 9.000000000000001776 ) ) ;
#3136 = CIRCLE ( 'NONE', #4106, 1.250000000000001110 ) ;
#3137 = ORIENTED_EDGE ( 'NONE', *, *, #2499, .F. ) ;
#3138 = DIRECTION ( 'NONE',  ( -0.000000000000000000, -0.000000000000000000, -1.000000000000000000 ) ) ;
#3139 = DIRECTION ( 'NONE',  ( -0.000000000000000000, -0.000000000000000000, -1.000000000000000000 ) ) ;
#3140 = ORIENTED_EDGE ( 'NONE', *, *, #2074, .F. ) ;
#3141 = ORIENTED_EDGE ( 'NONE', *, *, #3835, .F. ) ;
#3142 = DIRECTION ( 'NONE',  ( -0.000000000000000000, -0.000000000000000000, -1.000000000000000000 ) ) ;
#3143 = DIRECTION ( 'NONE',  ( 1.000000000000000000, 0.000000000000000000, 0.000000000000000000 ) ) ;
#3144 = ORIENTED_EDGE ( 'NONE', *, *, #2343, .T. ) ;
#3145 = EDGE_LOOP ( 'NONE', ( #2532, #2429 ) ) ;
#3146 = LINE ( 'NONE', #436, #1624 ) ;
#3147 = LINE ( 'NONE', #3551, #2650 ) ;
#3148 = EDGE_CURVE ( 'NONE', #102, #3760, #4630, .T. ) ;
#3149 = DIRECTION ( 'NONE',  ( 0.000000000000000000, 0.000000000000000000, 1.000000000000000000 ) ) ;
#3150 = EDGE_CURVE ( 'NONE', #1118, #191, #999, .T. ) ;
#3151 = PLANE ( 'NONE',  #4486 ) ;
#3152 = EDGE_CURVE ( 'NONE', #3915, #381, #1725, .T. ) ;
#3153 = VERTEX_POINT ( 'NONE', #2572 ) ;
#3154 = CARTESIAN_POINT ( 'NONE',  ( 33.47195349197704672, -13.25248389664843529, -3.535533905932756404 ) ) ;
#3155 = ORIENTED_EDGE ( 'NONE', *, *, #1172, .T. ) ;
#3156 = DIRECTION ( 'NONE',  ( -0.000000000000000000, -0.000000000000000000, 1.000000000000000000 ) ) ;
#3157 = VECTOR ( 'NONE', #4123, 1000.000000000000000 ) ;
#3158 = EDGE_CURVE ( 'NONE', #1552, #3746, #2903, .T. ) ;
#3159 = PLANE ( 'NONE',  #4482 ) ;
#3160 = ORIENTED_EDGE ( 'NONE', *, *, #952, .T. ) ;
#3161 = CIRCLE ( 'NONE', #2600, 1.249999999999999334 ) ;
#3162 = VERTEX_POINT ( 'NONE', #1045 ) ;
#3163 = FACE_OUTER_BOUND ( 'NONE', #573, .T. ) ;
#3164 = LINE ( 'NONE', #4006, #2348 ) ;
#3165 = VERTEX_POINT ( 'NONE', #967 ) ;
#3166 = DIRECTION ( 'NONE',  ( -0.000000000000000000, -0.000000000000000000, 1.000000000000000000 ) ) ;
#3167 = AXIS2_PLACEMENT_3D ( 'NONE', #1465, #3065, #3143 ) ;
#3168 = DIRECTION ( 'NONE',  ( -0.000000000000000000, -0.000000000000000000, -1.000000000000000000 ) ) ;
#3169 = CYLINDRICAL_SURFACE ( 'NONE', #225, 1.250000000000001110 ) ;
#3170 = DIRECTION ( 'NONE',  ( -0.000000000000000000, -0.000000000000000000, 1.000000000000000000 ) ) ;
#3171 = CARTESIAN_POINT ( 'NONE',  ( -19.28976461924401775, -30.39580531807245478, 2.000000000000000000 ) ) ;
#3172 = EDGE_CURVE ( 'NONE', #2829, #3510, #2678, .T. ) ;
#3173 = EDGE_LOOP ( 'NONE', ( #3, #1621, #693, #3660 ) ) ;
#3174 = EDGE_CURVE ( 'NONE', #1059, #1194, #3161, .T. ) ;
#3175 = CIRCLE ( 'NONE', #831, 1.249999999999999334 ) ;
#3176 = CYLINDRICAL_SURFACE ( 'NONE', #289, 1.250000000000001110 ) ;
#3177 = ORIENTED_EDGE ( 'NONE', *, *, #3831, .F. ) ;
#3178 = TOROIDAL_SURFACE ( 'NONE', #504, 1.500000000000000000, 1.500000000000000000 ) ;
#3179 = FACE_OUTER_BOUND ( 'NONE', #3792, .T. ) ;
#3180 = VERTEX_POINT ( 'NONE', #385 ) ;
#3181 = CIRCLE ( 'NONE', #1805, 1.250000000000001110 ) ;
#3182 = DIRECTION ( 'NONE',  ( 1.000000000000000000, 0.000000000000000000, 0.000000000000000000 ) ) ;
#3183 = ORIENTED_EDGE ( 'NONE', *, *, #241, .F. ) ;
#3184 = ORIENTED_EDGE ( 'NONE', *, *, #3032, .F. ) ;
#3185 = ADVANCED_FACE ( 'NONE', ( #339 ), #1924, .F. ) ;
#3186 = DIRECTION ( 'NONE',  ( -0.000000000000000000, -0.000000000000000000, -1.000000000000000000 ) ) ;
#3187 = CARTESIAN_POINT ( 'NONE',  ( -32.22195349197695435, 13.25248389664868043, -3.535533905932756404 ) ) ;
#3188 = EDGE_LOOP ( 'NONE', ( #3957, #2772, #2981, #4695 ) ) ;
#3189 = ORIENTED_EDGE ( 'NONE', *, *, #401, .F. ) ;
#3190 = CARTESIAN_POINT ( 'NONE',  ( -14.07805449634230577, 32.57377388877684155, -3.535533905932756404 ) ) ;
#3191 = DIRECTION ( 'NONE',  ( 1.000000000000000000, 0.000000000000000000, 0.000000000000000000 ) ) ;
#3192 = CARTESIAN_POINT ( 'NONE',  ( -31.54704048157919161, -17.34313226766155935, -3.535533905932756404 ) ) ;
#3193 = VECTOR ( 'NONE', #2807, 1000.000000000000000 ) ;
#3194 = DIRECTION ( 'NONE',  ( -0.000000000000000000, -0.000000000000000000, 1.000000000000000000 ) ) ;
#3195 = CARTESIAN_POINT ( 'NONE',  ( 4.999999999999993783, -28.31187913226531094, 7.000000000000000000 ) ) ;
#3196 = CYLINDRICAL_SURFACE ( 'NONE', #2222, 1.249999999999999334 ) ;
#3197 = DIRECTION ( 'NONE',  ( -5.252465045583578824E-15, -1.000000000000000000, 0.000000000000000000 ) ) ;
#3198 = ORIENTED_EDGE ( 'NONE', *, *, #3988, .F. ) ;
#3199 = DIRECTION ( 'NONE',  ( 1.000000000000000000, 0.000000000000000000, 0.000000000000000000 ) ) ;
#3200 = AXIS2_PLACEMENT_3D ( 'NONE', #1733, #3277, #3217 ) ;
#3201 = DIRECTION ( 'NONE',  ( -0.000000000000000000, -0.000000000000000000, 1.000000000000000000 ) ) ;
#3202 = EDGE_LOOP ( 'NONE', ( #1374, #928, #852, #4699 ) ) ;
#3203 = CIRCLE ( 'NONE', #865, 1.249999999999999334 ) ;
#3204 = VERTEX_POINT ( 'NONE', #3830 ) ;
#3205 = LINE ( 'NONE', #170, #4505 ) ;
#3206 = FACE_OUTER_BOUND ( 'NONE', #1607, .T. ) ;
#3207 = DIRECTION ( 'NONE',  ( -0.000000000000000000, -0.000000000000000000, -1.000000000000000000 ) ) ;
#3208 = ORIENTED_EDGE ( 'NONE', *, *, #4781, .T. ) ;
#3209 = EDGE_LOOP ( 'NONE', ( #4409, #642, #4107, #755 ) ) ;
#3210 = SURFACE_STYLE_USAGE ( .BOTH. , #456 ) ;
#3211 = DIRECTION ( 'NONE',  ( 1.000000000000000000, 0.000000000000000000, 0.000000000000000000 ) ) ;
#3212 = CYLINDRICAL_SURFACE ( 'NONE', #701, 19.00000000000000000 ) ;
#3213 = FACE_BOUND ( 'NONE', #894, .T. ) ;
#3214 = CYLINDRICAL_SURFACE ( 'NONE', #4681, 5.000000000000000888 ) ;
#3215 = CYLINDRICAL_SURFACE ( 'NONE', #4814, 1.250000000000001110 ) ;
#3216 = ORIENTED_EDGE ( 'NONE', *, *, #1689, .F. ) ;
#3217 = DIRECTION ( 'NONE',  ( 1.000000000000000000, 0.000000000000000000, 0.000000000000000000 ) ) ;
#3218 = LINE ( 'NONE', #923, #4966 ) ;
#3219 = CARTESIAN_POINT ( 'NONE',  ( -5.495727325086230408, -35.36234102623276954, 2.000000000000000000 ) ) ;
#3220 = CIRCLE ( 'NONE', #2757, 1.249999999999999334 ) ;
#3221 = EDGE_CURVE ( 'NONE', #1273, #1798, #411, .T. ) ;
#3222 = ORIENTED_EDGE ( 'NONE', *, *, #243, .T. ) ;
#3223 = ORIENTED_EDGE ( 'NONE', *, *, #39, .F. ) ;
#3224 = CARTESIAN_POINT ( 'NONE',  ( -24.19726363095296762, -27.73847673992830209, 0.000000000000000000 ) ) ;
#3225 = DIRECTION ( 'NONE',  ( 0.000000000000000000, 0.000000000000000000, -1.000000000000000000 ) ) ;
#3226 = CARTESIAN_POINT ( 'NONE',  ( 33.61899380063071163, -8.952835937934791488, 2.000000000000000000 ) ) ;
#3227 = CARTESIAN_POINT ( 'NONE',  ( 0.000000000000000000, 26.00000000000000000, 3.013393125268148953 ) ) ;
#3228 = AXIS2_PLACEMENT_3D ( 'NONE', #2041, #2768, #106 ) ;
#3229 = VERTEX_POINT ( 'NONE', #3124 ) ;
#3230 = EDGE_CURVE ( 'NONE', #912, #2138, #3070, .T. ) ;
#3231 = DIRECTION ( 'NONE',  ( 1.000000000000000000, 0.000000000000000000, 0.000000000000000000 ) ) ;
#3232 = EDGE_CURVE ( 'NONE', #2778, #819, #653, .T. ) ;
#3233 = VECTOR ( 'NONE', #317, 1000.000000000000000 ) ;
#3234 = EDGE_CURVE ( 'NONE', #3308, #255, #363, .T. ) ;
#3235 = CARTESIAN_POINT ( 'NONE',  ( -11.12461179749777784, 34.23803458662563770, -3.535533905932756404 ) ) ;
#3236 = CIRCLE ( 'NONE', #4797, 1.500000000000000000 ) ;
#3237 = ORIENTED_EDGE ( 'NONE', *, *, #4520, .T. ) ;
#3238 = EDGE_CURVE ( 'NONE', #2855, #1094, #254, .T. ) ;
#3239 = EDGE_CURVE ( 'NONE', #1059, #2106, #2257, .T. ) ;
#3240 = FACE_BOUND ( 'NONE', #3465, .T. ) ;
#3241 = EDGE_CURVE ( 'NONE', #2648, #4678, #3802, .T. ) ;
#3242 = DIRECTION ( 'NONE',  ( -0.000000000000000000, -0.000000000000000000, -1.000000000000000000 ) ) ;
#3243 = APPLICATION_CONTEXT ( 'automotive_design' ) ;
#3244 = FACE_OUTER_BOUND ( 'NONE', #4878, .T. ) ;
#3245 = ORIENTED_EDGE ( 'NONE', *, *, #1466, .F. ) ;
#3246 = ORIENTED_EDGE ( 'NONE', *, *, #4590, .T. ) ;
#3247 = DIRECTION ( 'NONE',  ( 1.000000000000000000, 0.000000000000000000, 0.000000000000000000 ) ) ;
#3248 = DIRECTION ( 'NONE',  ( -0.000000000000000000, -0.000000000000000000, -1.000000000000000000 ) ) ;
#3249 = CYLINDRICAL_SURFACE ( 'NONE', #196, 30.75000000000000355 ) ;
#3250 = FACE_OUTER_BOUND ( 'NONE', #835, .T. ) ;
#3251 = AXIS2_PLACEMENT_3D ( 'NONE', #1561, #878, #3508 ) ;
#3252 = AXIS2_PLACEMENT_3D ( 'NONE', #469, #2785, #419 ) ;
#3253 = VERTEX_POINT ( 'NONE', #3098 ) ;
#3254 = VERTEX_POINT ( 'NONE', #2670 ) ;
#3255 = DIRECTION ( 'NONE',  ( -0.000000000000000000, -0.000000000000000000, 1.000000000000000000 ) ) ;
#3256 = DIRECTION ( 'NONE',  ( -0.000000000000000000, -0.000000000000000000, 1.000000000000000000 ) ) ;
#3257 = AXIS2_PLACEMENT_3D ( 'NONE', #1951, #13, #1210 ) ;
#3258 = CIRCLE ( 'NONE', #3021, 1.250000000000007994 ) ;
#3259 = DIRECTION ( 'NONE',  ( 0.000000000000000000, 0.000000000000000000, 1.000000000000000000 ) ) ;
#3260 = DIRECTION ( 'NONE',  ( -0.000000000000000000, -0.000000000000000000, 1.000000000000000000 ) ) ;
#3261 = ORIENTED_EDGE ( 'NONE', *, *, #3996, .T. ) ;
#3262 = ADVANCED_FACE ( 'NONE', ( #758 ), #2332, .F. ) ;
#3263 = ORIENTED_EDGE ( 'NONE', *, *, #1510, .T. ) ;
#3264 = AXIS2_PLACEMENT_3D ( 'NONE', #2840, #2769, #1618 ) ;
#3265 = DIRECTION ( 'NONE',  ( 1.000000000000000000, 0.000000000000000000, 0.000000000000000000 ) ) ;
#3266 = CARTESIAN_POINT ( 'NONE',  ( -14.07805449634276407, -32.57377388877662838, -3.535533905932756404 ) ) ;
#3267 = AXIS2_PLACEMENT_3D ( 'NONE', #2913, #520, #228 ) ;
#3268 = ADVANCED_FACE ( 'NONE', ( #4209 ), #3441, .F. ) ;
#3269 = ORIENTED_EDGE ( 'NONE', *, *, #2625, .F. ) ;
#3270 = DIRECTION ( 'NONE',  ( -8.253873643059921526E-15, -1.000000000000000000, 0.000000000000000000 ) ) ;
#3271 = CARTESIAN_POINT ( 'NONE',  ( -11.12461179749825746, -34.23803458662548138, 2.000000000000000000 ) ) ;
#3272 = VERTEX_POINT ( 'NONE', #3420 ) ;
#3273 = DIRECTION ( 'NONE',  ( -1.000000000000000000, 0.000000000000000000, 0.000000000000000000 ) ) ;
#3274 = AXIS2_PLACEMENT_3D ( 'NONE', #4815, #542, #2135 ) ;
#3275 = AXIS2_PLACEMENT_3D ( 'NONE', #3977, #1293, #477 ) ;
#3276 = DIRECTION ( 'NONE',  ( 1.000000000000000000, 0.000000000000000000, 0.000000000000000000 ) ) ;
#3277 = DIRECTION ( 'NONE',  ( -0.000000000000000000, -0.000000000000000000, -1.000000000000000000 ) ) ;
#3278 = CIRCLE ( 'NONE', #4339, 1.250000000000001110 ) ;
#3279 = CARTESIAN_POINT ( 'NONE',  ( -2.260458703054892382, 35.92896222341780543, -3.535533905932756404 ) ) ;
#3280 = VERTEX_POINT ( 'NONE', #1524 ) ;
#3281 = VERTEX_POINT ( 'NONE', #4949 ) ;
#3282 = DIRECTION ( 'NONE',  ( -0.000000000000000000, -0.000000000000000000, -1.000000000000000000 ) ) ;
#3283 = AXIS2_PLACEMENT_3D ( 'NONE', #3695, #2912, #2836 ) ;
#3284 = DIRECTION ( 'NONE',  ( 1.000000000000000000, 0.000000000000000000, 0.000000000000000000 ) ) ;
#3285 = CIRCLE ( 'NONE', #4344, 19.00000000000000000 ) ;
#3286 = CIRCLE ( 'NONE', #1106, 1.250000000000001110 ) ;
#3287 = CARTESIAN_POINT ( 'NONE',  ( -4.000000000000194511, -28.31187913226527897, 9.000000000000001776 ) ) ;
#3288 = CARTESIAN_POINT ( 'NONE',  ( 4.999999999999996447, 28.31187913226531094, 9.000000000000001776 ) ) ;
#3289 = AXIS2_PLACEMENT_3D ( 'NONE', #4560, #2268, #3035 ) ;
#3290 = ORIENTED_EDGE ( 'NONE', *, *, #2419, .F. ) ;
#3291 = CARTESIAN_POINT ( 'NONE',  ( 3.999999999999819700, -26.00000000000002487, 7.000000000000000000 ) ) ;
#3292 = AXIS2_PLACEMENT_3D ( 'NONE', #1787, #3334, #2892 ) ;
#3293 = ADVANCED_FACE ( 'NONE', ( #3469 ), #1471, .T. ) ;
#3294 = DIRECTION ( 'NONE',  ( -0.000000000000000000, -0.000000000000000000, -1.000000000000000000 ) ) ;
#3295 = ORIENTED_EDGE ( 'NONE', *, *, #4145, .T. ) ;
#3296 = EDGE_CURVE ( 'NONE', #3571, #2680, #4871, .T. ) ;
#3297 = DIRECTION ( 'NONE',  ( 1.000000000000000000, 0.000000000000000000, 0.000000000000000000 ) ) ;
#3298 = CYLINDRICAL_SURFACE ( 'NONE', #3002, 1.250000000000001110 ) ;
#3299 = EDGE_LOOP ( 'NONE', ( #3245, #3752 ) ) ;
#3300 = CARTESIAN_POINT ( 'NONE',  ( 0.000000000000000000, 0.000000000000000000, 2.000000000000000000 ) ) ;
#3301 = EDGE_CURVE ( 'NONE', #585, #1253, #2693, .T. ) ;
#3302 = VERTEX_POINT ( 'NONE', #2308 ) ;
#3303 = EDGE_CURVE ( 'NONE', #4499, #1612, #1098, .T. ) ;
#3304 = ORIENTED_EDGE ( 'NONE', *, *, #3088, .F. ) ;
#3305 = DIRECTION ( 'NONE',  ( -1.000000000000000000, 0.000000000000000000, 0.000000000000000000 ) ) ;
#3306 = EDGE_CURVE ( 'NONE', #4678, #2085, #486, .T. ) ;
#3307 = DIRECTION ( 'NONE',  ( 1.000000000000000000, 0.000000000000000000, 0.000000000000000000 ) ) ;
#3308 = VERTEX_POINT ( 'NONE', #732 ) ;
#3309 = DIRECTION ( 'NONE',  ( 1.000000000000000000, 0.000000000000000000, 0.000000000000000000 ) ) ;
#3310 = EDGE_CURVE ( 'NONE', #2790, #4141, #4941, .T. ) ;
#3311 = CYLINDRICAL_SURFACE ( 'NONE', #2944, 1.249999999999999334 ) ;
#3312 = ADVANCED_FACE ( 'NONE', ( #2773 ), #1297, .F. ) ;
#3313 = CARTESIAN_POINT ( 'NONE',  ( 32.22195349197703962, -13.25248389664843529, 2.000000000000000000 ) ) ;
#3314 = DIRECTION ( 'NONE',  ( 1.000000000000000000, 0.000000000000000000, 0.000000000000000000 ) ) ;
#3315 = ORIENTED_EDGE ( 'NONE', *, *, #3996, .F. ) ;
#3316 = CARTESIAN_POINT ( 'NONE',  ( -4.000000000000194511, -28.31187913226527897, 9.000000000000001776 ) ) ;
#3317 = AXIS2_PLACEMENT_3D ( 'NONE', #4750, #499, #4334 ) ;
#3318 = LINE ( 'NONE', #2547, #4718 ) ;
#3319 = ORIENTED_EDGE ( 'NONE', *, *, #4529, .T. ) ;
#3320 = VECTOR ( 'NONE', #2153, 1000.000000000000000 ) ;
#3321 = CARTESIAN_POINT ( 'NONE',  ( 0.000000000000000000, 0.000000000000000000, 0.000000000000000000 ) ) ;
#3322 = DIRECTION ( 'NONE',  ( 1.000000000000000000, 3.469446951953614189E-15, 0.000000000000000000 ) ) ;
#3323 = CIRCLE ( 'NONE', #12, 1.250000000000001110 ) ;
#3324 = EDGE_LOOP ( 'NONE', ( #2588, #1972, #15, #366, #211 ) ) ;
#3325 = CYLINDRICAL_SURFACE ( 'NONE', #1646, 1.249999999999999334 ) ;
#3326 = DIRECTION ( 'NONE',  ( -0.000000000000000000, -0.000000000000000000, -1.000000000000000000 ) ) ;
#3327 = AXIS2_PLACEMENT_3D ( 'NONE', #1288, #4386, #1523 ) ;
#3328 = EDGE_CURVE ( 'NONE', #3640, #2542, #2801, .T. ) ;
#3329 = DIRECTION ( 'NONE',  ( 0.000000000000000000, 0.000000000000000000, 1.000000000000000000 ) ) ;
#3330 = EDGE_CURVE ( 'NONE', #2689, #4672, #1939, .T. ) ;
#3331 = VERTEX_POINT ( 'NONE', #4804 ) ;
#3332 = CARTESIAN_POINT ( 'NONE',  ( -15.32805449634230399, 32.57377388877684155, 2.000000000000000000 ) ) ;
#3333 = DIRECTION ( 'NONE',  ( -0.000000000000000000, -0.000000000000000000, 1.000000000000000000 ) ) ;
#3334 = DIRECTION ( 'NONE',  ( 0.000000000000000000, 0.000000000000000000, 1.000000000000000000 ) ) ;
#3335 = FACE_OUTER_BOUND ( 'NONE', #1915, .T. ) ;
#3336 = EDGE_CURVE ( 'NONE', #778, #1171, #2047, .T. ) ;
#3337 = ORIENTED_EDGE ( 'NONE', *, *, #4129, .F. ) ;
#3338 = EDGE_LOOP ( 'NONE', ( #2371, #266, #1041, #2163 ) ) ;
#3339 = DIRECTION ( 'NONE',  ( 0.000000000000000000, 0.000000000000000000, 1.000000000000000000 ) ) ;
#3340 = CIRCLE ( 'NONE', #3908, 1.699999999999999956 ) ;
#3341 = AXIS2_PLACEMENT_3D ( 'NONE', #2883, #2478, #2506 ) ;
#3342 = DIRECTION ( 'NONE',  ( 0.000000000000000000, 0.000000000000000000, 1.000000000000000000 ) ) ;
#3343 = AXIS2_PLACEMENT_3D ( 'NONE', #3886, #3502, #2005 ) ;
#3344 = EDGE_LOOP ( 'NONE', ( #3028, #1311 ) ) ;
#3345 = FACE_OUTER_BOUND ( 'NONE', #4839, .T. ) ;
#3346 = DIRECTION ( 'NONE',  ( 1.000000000000000000, 0.000000000000000000, 0.000000000000000000 ) ) ;
#3347 = ORIENTED_EDGE ( 'NONE', *, *, #1389, .T. ) ;
#3348 = CARTESIAN_POINT ( 'NONE',  ( -27.49287058717059296, 24.64369581343301618, -3.535533905932756404 ) ) ;
#3349 = ORIENTED_EDGE ( 'NONE', *, *, #1665, .T. ) ;
#3350 = EDGE_LOOP ( 'NONE', ( #124, #2845 ) ) ;
#3351 = CYLINDRICAL_SURFACE ( 'NONE', #783, 1.250000000000001110 ) ;
#3352 = CIRCLE ( 'NONE', #4510, 1.250000000000001110 ) ;
#3353 = DIRECTION ( 'NONE',  ( 1.000000000000000000, 0.000000000000000000, 0.000000000000000000 ) ) ;
#3354 = ORIENTED_EDGE ( 'NONE', *, *, #1285, .F. ) ;
#3355 = DIRECTION ( 'NONE',  ( -0.000000000000000000, -0.000000000000000000, -1.000000000000000000 ) ) ;
#3356 = FACE_OUTER_BOUND ( 'NONE', #3202, .T. ) ;
#3357 = CIRCLE ( 'NONE', #370, 30.75000000000000355 ) ;
#3358 = AXIS2_PLACEMENT_3D ( 'NONE', #1671, #786, #2330 ) ;
#3359 = DIRECTION ( 'NONE',  ( 1.000000000000000000, 0.000000000000000000, 0.000000000000000000 ) ) ;
#3360 = LINE ( 'NONE', #3870, #2016 ) ;
#3361 = VECTOR ( 'NONE', #3114, 1000.000000000000000 ) ;
#3362 = ORIENTED_EDGE ( 'NONE', *, *, #1510, .F. ) ;
#3363 = VERTEX_POINT ( 'NONE', #885 ) ;
#3364 = DIRECTION ( 'NONE',  ( 0.000000000000000000, 0.000000000000000000, 1.000000000000000000 ) ) ;
#3365 = VECTOR ( 'NONE', #595, 1000.000000000000000 ) ;
#3366 = AXIS2_PLACEMENT_3D ( 'NONE', #508, #3655, #2321 ) ;
#3367 = CARTESIAN_POINT ( 'NONE',  ( -5.000000000000024869, -28.31187913226530384, 7.000000000000000000 ) ) ;
#3368 = ORIENTED_EDGE ( 'NONE', *, *, #3891, .T. ) ;
#3369 = ORIENTED_EDGE ( 'NONE', *, *, #914, .T. ) ;
#3370 = LINE ( 'NONE', #1066, #3039 ) ;
#3371 = AXIS2_PLACEMENT_3D ( 'NONE', #2462, #2937, #4487 ) ;
#3372 = CARTESIAN_POINT ( 'NONE',  ( 26.24287058717076349, -24.64369581343283500, 2.000000000000000000 ) ) ;
#3373 = AXIS2_PLACEMENT_3D ( 'NONE', #4432, #953, #3305 ) ;
#3374 = EDGE_CURVE ( 'NONE', #4152, #940, #2764, .T. ) ;
#3375 = CARTESIAN_POINT ( 'NONE',  ( -34.86899380063064768, 8.952835937935043731, -3.535533905932756404 ) ) ;
#3376 = ORIENTED_EDGE ( 'NONE', *, *, #3644, .F. ) ;
#3377 = DIRECTION ( 'NONE',  ( -0.000000000000000000, -0.000000000000000000, -1.000000000000000000 ) ) ;
#3378 = CARTESIAN_POINT ( 'NONE',  ( -1.815570296198429345E-13, -26.00000000000000000, 9.000000000000001776 ) ) ;
#3379 = ORIENTED_EDGE ( 'NONE', *, *, #4019, .F. ) ;
#3380 = CYLINDRICAL_SURFACE ( 'NONE', #49, 1.250000000000001110 ) ;
#3381 = EDGE_LOOP ( 'NONE', ( #3295, #4034, #1538, #4069 ) ) ;
#3382 = FACE_OUTER_BOUND ( 'NONE', #2226, .T. ) ;
#3383 = LINE ( 'NONE', #741, #2233 ) ;
#3384 = FACE_BOUND ( 'NONE', #2889, .T. ) ;
#3385 = ADVANCED_FACE ( 'NONE', ( #3939 ), #3595, .F. ) ;
#3386 = ORIENTED_EDGE ( 'NONE', *, *, #3837, .F. ) ;
#3387 = FACE_OUTER_BOUND ( 'NONE', #4279, .T. ) ;
#3388 = DIRECTION ( 'NONE',  ( -0.000000000000000000, -0.000000000000000000, -1.000000000000000000 ) ) ;
#3389 = ADVANCED_FACE ( 'NONE', ( #1257 ), #3628, .F. ) ;
#3390 = EDGE_LOOP ( 'NONE', ( #4421, #3423 ) ) ;
#3391 = EDGE_CURVE ( 'NONE', #3510, #2829, #1228, .T. ) ;
#3392 = DIRECTION ( 'NONE',  ( 0.000000000000000000, 0.000000000000000000, -1.000000000000000000 ) ) ;
#3393 = DIRECTION ( 'NONE',  ( 1.000000000000000000, 0.000000000000000000, -0.000000000000000000 ) ) ;
#3394 = AXIS2_PLACEMENT_3D ( 'NONE', #4870, #253, #4104 ) ;
#3395 = CARTESIAN_POINT ( 'NONE',  ( -27.87461179749822549, -21.16026908252886685, -3.535533905932756404 ) ) ;
#3396 = AXIS2_PLACEMENT_3D ( 'NONE', #841, #531, #2073 ) ;
#3397 = EDGE_CURVE ( 'NONE', #2157, #4390, #2441, .T. ) ;
#3398 = EDGE_CURVE ( 'NONE', #1937, #2986, #1146, .T. ) ;
#3399 = EDGE_CURVE ( 'NONE', #299, #2527, #414, .T. ) ;
#3400 = DIRECTION ( 'NONE',  ( 1.000000000000000000, 0.000000000000000000, 0.000000000000000000 ) ) ;
#3401 = AXIS2_PLACEMENT_3D ( 'NONE', #4899, #992, #2199 ) ;
#3402 = DIRECTION ( 'NONE',  ( 0.000000000000000000, 0.000000000000000000, 1.000000000000000000 ) ) ;
#3403 = AXIS2_PLACEMENT_3D ( 'NONE', #1891, #1845, #1542 ) ;
#3404 = EDGE_LOOP ( 'NONE', ( #606, #4047, #1410, #4025 ) ) ;
#3405 = DIRECTION ( 'NONE',  ( -0.000000000000000000, -0.000000000000000000, 1.000000000000000000 ) ) ;
#3406 = ORIENTED_EDGE ( 'NONE', *, *, #2334, .F. ) ;
#3407 = DIRECTION ( 'NONE',  ( 0.000000000000000000, 0.000000000000000000, 1.000000000000000000 ) ) ;
#3408 = DIRECTION ( 'NONE',  ( 1.000000000000000000, 0.000000000000000000, 0.000000000000000000 ) ) ;
#3409 = FACE_BOUND ( 'NONE', #971, .T. ) ;
#3410 = ORIENTED_EDGE ( 'NONE', *, *, #4208, .T. ) ;
#3411 = CARTESIAN_POINT ( 'NONE',  ( 19.28976461924380459, -30.39580531807259334, -3.535533905932756404 ) ) ;
#3412 = DIRECTION ( 'NONE',  ( -0.000000000000000000, -0.000000000000000000, 1.000000000000000000 ) ) ;
#3413 = EDGE_CURVE ( 'NONE', #3162, #2543, #3973, .T. ) ;
#3414 = ORIENTED_EDGE ( 'NONE', *, *, #1754, .F. ) ;
#3415 = AXIS2_PLACEMENT_3D ( 'NONE', #3717, #245, #4481 ) ;
#3416 = DIRECTION ( 'NONE',  ( -0.000000000000000000, -0.000000000000000000, 1.000000000000000000 ) ) ;
#3417 = AXIS2_PLACEMENT_3D ( 'NONE', #3643, #1786, #930 ) ;
#3418 = CARTESIAN_POINT ( 'NONE',  ( 19.28976461924423447, 30.39580531807231623, -3.535533905932756404 ) ) ;
#3419 = AXIS2_PLACEMENT_3D ( 'NONE', #365, #3788, #3445 ) ;
#3420 = CARTESIAN_POINT ( 'NONE',  ( 30.75000000000000355, 3.765788907378111328E-15, 2.000000000000000000 ) ) ;
#3421 = CYLINDRICAL_SURFACE ( 'NONE', #861, 1.250000000000001110 ) ;
#3422 = CARTESIAN_POINT ( 'NONE',  ( -16.57805449634276229, -32.57377388877662838, 2.000000000000000000 ) ) ;
#3423 = ORIENTED_EDGE ( 'NONE', *, *, #4439, .F. ) ;
#3424 = ORIENTED_EDGE ( 'NONE', *, *, #1382, .F. ) ;
#3425 = DIRECTION ( 'NONE',  ( -0.000000000000000000, -0.000000000000000000, 1.000000000000000000 ) ) ;
#3426 = ORIENTED_EDGE ( 'NONE', *, *, #1441, .F. ) ;
#3427 = CARTESIAN_POINT ( 'NONE',  ( 0.000000000000000000, -26.00000000000000000, 7.000000000000000000 ) ) ;
#3428 = ORIENTED_EDGE ( 'NONE', *, *, #4617, .F. ) ;
#3429 = DIRECTION ( 'NONE',  ( -0.000000000000000000, -0.000000000000000000, 1.000000000000000000 ) ) ;
#3430 = FACE_BOUND ( 'NONE', #4046, .T. ) ;
#3431 = EDGE_LOOP ( 'NONE', ( #3955, #965, #260, #3081 ) ) ;
#3432 = EDGE_LOOP ( 'NONE', ( #807, #1135 ) ) ;
#3433 = DIRECTION ( 'NONE',  ( -0.000000000000000000, -0.000000000000000000, 1.000000000000000000 ) ) ;
#3434 = CARTESIAN_POINT ( 'NONE',  ( -5.000000000000000888, 26.00000000000000000, 2.000000000000000000 ) ) ;
#3435 = DIRECTION ( 'NONE',  ( 0.000000000000000000, 0.000000000000000000, 1.000000000000000000 ) ) ;
#3436 = ORIENTED_EDGE ( 'NONE', *, *, #185, .F. ) ;
#3437 = CARTESIAN_POINT ( 'NONE',  ( 30.75000000000000355, 3.765788907378111328E-15, 7.000000000000000000 ) ) ;
#3438 = EDGE_CURVE ( 'NONE', #4788, #3254, #817, .T. ) ;
#3439 = LINE ( 'NONE', #3468, #2228 ) ;
#3440 = AXIS2_PLACEMENT_3D ( 'NONE', #3372, #2151, #2570 ) ;
#3441 = CYLINDRICAL_SURFACE ( 'NONE', #1060, 1.250000000000001110 ) ;
#3442 = EDGE_CURVE ( 'NONE', #4697, #497, #1945, .T. ) ;
#3443 = VECTOR ( 'NONE', #4248, 1000.000000000000000 ) ;
#3444 = DIRECTION ( 'NONE',  ( 1.000000000000000000, 0.000000000000000000, 0.000000000000000000 ) ) ;
#3445 = DIRECTION ( 'NONE',  ( 1.000000000000000000, 0.000000000000000000, 0.000000000000000000 ) ) ;
#3446 = EDGE_CURVE ( 'NONE', #740, #405, #3146, .T. ) ;
#3447 = ORIENTED_EDGE ( 'NONE', *, *, #1302, .F. ) ;
#3448 = ADVANCED_FACE ( 'NONE', ( #3524 ), #64, .F. ) ;
#3449 = ORIENTED_EDGE ( 'NONE', *, *, #3818, .F. ) ;
#3450 = CARTESIAN_POINT ( 'NONE',  ( 16.57805449634299322, 32.57377388877652891, -3.535533905932756404 ) ) ;
#3451 = EDGE_LOOP ( 'NONE', ( #292, #670, #2019, #2252 ) ) ;
#3452 = PLANE ( 'NONE',  #3922 ) ;
#3453 = ADVANCED_FACE ( 'NONE', ( #1599 ), #1275, .F. ) ;
#3454 = ORIENTED_EDGE ( 'NONE', *, *, #3336, .T. ) ;
#3455 = DIRECTION ( 'NONE',  ( -1.000000000000000000, 0.000000000000000000, 0.000000000000000000 ) ) ;
#3456 = FACE_BOUND ( 'NONE', #2095, .T. ) ;
#3457 = ORIENTED_EDGE ( 'NONE', *, *, #2824, .T. ) ;
#3458 = ORIENTED_EDGE ( 'NONE', *, *, #3867, .T. ) ;
#3459 = EDGE_CURVE ( 'NONE', #2014, #1905, #2360, .T. ) ;
#3460 = EDGE_CURVE ( 'NONE', #2367, #1530, #3323, .T. ) ;
#3461 = CARTESIAN_POINT ( 'NONE',  ( -21.69726363095257327, 27.73847673992861829, 2.000000000000000000 ) ) ;
#3462 = ORIENTED_EDGE ( 'NONE', *, *, #4889, .T. ) ;
#3463 = CARTESIAN_POINT ( 'NONE',  ( 5.000000000000000888, 26.00000000000000000, 7.000000000000000000 ) ) ;
#3464 = CARTESIAN_POINT ( 'NONE',  ( 0.000000000000000000, 0.000000000000000000, 0.000000000000000000 ) ) ;
#3465 = EDGE_LOOP ( 'NONE', ( #3058, #1824 ) ) ;
#3466 = CARTESIAN_POINT ( 'NONE',  ( 0.000000000000000000, 0.000000000000000000, 7.000000000000000000 ) ) ;
#3467 = ORIENTED_EDGE ( 'NONE', *, *, #1600, .F. ) ;
#3468 = CARTESIAN_POINT ( 'NONE',  ( -30.29704048157894647, 17.34313226766200344, -3.535533905932756404 ) ) ;
#3469 = FACE_OUTER_BOUND ( 'NONE', #226, .T. ) ;
#3470 = CARTESIAN_POINT ( 'NONE',  ( 27.87461179749837825, 21.16026908252864658, 0.000000000000000000 ) ) ;
#3471 = AXIS2_PLACEMENT_3D ( 'NONE', #652, #933, #2195 ) ;
#3472 = CARTESIAN_POINT ( 'NONE',  ( -33.47195349197696146, 13.25248389664868043, -3.535533905932756404 ) ) ;
#3473 = EDGE_CURVE ( 'NONE', #3640, #3915, #3651, .T. ) ;
#3474 = ORIENTED_EDGE ( 'NONE', *, *, #1285, .T. ) ;
#3475 = ORIENTED_EDGE ( 'NONE', *, *, #866, .F. ) ;
#3476 = DIRECTION ( 'NONE',  ( -0.000000000000000000, -0.000000000000000000, -1.000000000000000000 ) ) ;
#3477 = VERTEX_POINT ( 'NONE', #634 ) ;
#3478 = VECTOR ( 'NONE', #4237, 1000.000000000000000 ) ;
#3479 = CARTESIAN_POINT ( 'NONE',  ( -32.22195349197695435, 13.25248389664868043, 2.000000000000000000 ) ) ;
#3480 = EDGE_LOOP ( 'NONE', ( #3177, #950, #4469, #785 ) ) ;
#3481 = CARTESIAN_POINT ( 'NONE',  ( 27.87461179749837825, 21.16026908252864658, 2.000000000000000000 ) ) ;
#3482 = EDGE_CURVE ( 'NONE', #1784, #2627, #3236, .T. ) ;
#3483 = CYLINDRICAL_SURFACE ( 'NONE', #4072, 1.250000000000000222 ) ;
#3484 = AXIS2_PLACEMENT_3D ( 'NONE', #1321, #1623, #2870 ) ;
#3485 = ORIENTED_EDGE ( 'NONE', *, *, #334, .F. ) ;
#3486 = CYLINDRICAL_SURFACE ( 'NONE', #1498, 1.250000000000001110 ) ;
#3487 = ORIENTED_EDGE ( 'NONE', *, *, #3767, .T. ) ;
#3488 = DIRECTION ( 'NONE',  ( -0.000000000000000000, -0.000000000000000000, 1.000000000000000000 ) ) ;
#3489 = DIRECTION ( 'NONE',  ( 1.000000000000000000, 0.000000000000000000, 0.000000000000000000 ) ) ;
#3490 = EDGE_LOOP ( 'NONE', ( #1426, #2970 ) ) ;
#3491 = CARTESIAN_POINT ( 'NONE',  ( 34.74999999999999289, 1.530808498934200938E-16, 0.000000000000000000 ) ) ;
#3492 = VECTOR ( 'NONE', #3170, 1000.000000000000000 ) ;
#3493 = ORIENTED_EDGE ( 'NONE', *, *, #2658, .T. ) ;
#3494 = CARTESIAN_POINT ( 'NONE',  ( 32.22195349197703962, -13.25248389664843529, 0.000000000000000000 ) ) ;
#3495 = CARTESIAN_POINT ( 'NONE',  ( 7.995727325085971060, -35.36234102623281217, -3.535533905932756404 ) ) ;
#3496 = AXIS2_PLACEMENT_3D ( 'NONE', #1030, #1006, #1332 ) ;
#3497 = VECTOR ( 'NONE', #4274, 1000.000000000000000 ) ;
#3498 = FACE_OUTER_BOUND ( 'NONE', #4000, .T. ) ;
#3499 = CARTESIAN_POINT ( 'NONE',  ( -4.000000000000194511, -28.31187913226527897, 7.000000000000000000 ) ) ;
#3500 = AXIS2_PLACEMENT_3D ( 'NONE', #3603, #4879, #3489 ) ;
#3501 = AXIS2_PLACEMENT_3D ( 'NONE', #4732, #114, #505 ) ;
#3502 = DIRECTION ( 'NONE',  ( 0.000000000000000000, 0.000000000000000000, 1.000000000000000000 ) ) ;
#3503 = EDGE_LOOP ( 'NONE', ( #3121, #5005, #282, #1920 ) ) ;
#3504 = CARTESIAN_POINT ( 'NONE',  ( -33.61899380063076848, -8.952835937934539245, 2.000000000000000000 ) ) ;
#3505 = CARTESIAN_POINT ( 'NONE',  ( -31.54704048157919161, -17.34313226766155935, -3.535533905932756404 ) ) ;
#3506 = EDGE_LOOP ( 'NONE', ( #962, #3579 ) ) ;
#3507 = FACE_OUTER_BOUND ( 'NONE', #3667, .T. ) ;
#3508 = DIRECTION ( 'NONE',  ( 1.000000000000000000, 0.000000000000000000, 0.000000000000000000 ) ) ;
#3509 = EDGE_LOOP ( 'NONE', ( #54, #3641 ) ) ;
#3510 = VERTEX_POINT ( 'NONE', #2994 ) ;
#3511 = DIRECTION ( 'NONE',  ( -0.000000000000000000, -0.000000000000000000, 1.000000000000000000 ) ) ;
#3512 = CARTESIAN_POINT ( 'NONE',  ( -1.815570296198428335E-13, -25.99999999999998579, 9.000000000000001776 ) ) ;
#3513 = EDGE_CURVE ( 'NONE', #367, #2239, #4632, .T. ) ;
#3514 = DIRECTION ( 'NONE',  ( -0.000000000000000000, -0.000000000000000000, 1.000000000000000000 ) ) ;
#3515 = AXIS2_PLACEMENT_3D ( 'NONE', #672, #3057, #4913 ) ;
#3516 = VECTOR ( 'NONE', #1469, 1000.000000000000000 ) ;
#3517 = EDGE_LOOP ( 'NONE', ( #3105, #1953, #3263, #575 ) ) ;
#3518 = LINE ( 'NONE', #863, #4663 ) ;
#3519 = ORIENTED_EDGE ( 'NONE', *, *, #2397, .F. ) ;
#3520 = DIRECTION ( 'NONE',  ( 1.000000000000000000, 0.000000000000000000, 0.000000000000000000 ) ) ;
#3521 = AXIS2_PLACEMENT_3D ( 'NONE', #2531, #1261, #3276 ) ;
#3522 = AXIS2_PLACEMENT_3D ( 'NONE', #633, #907, #4008 ) ;
#3523 = ADVANCED_FACE ( 'NONE', ( #1392 ), #1414, .F. ) ;
#3524 = FACE_OUTER_BOUND ( 'NONE', #4886, .T. ) ;
#3525 = EDGE_CURVE ( 'NONE', #936, #2272, #1546, .T. ) ;
#3526 = DIRECTION ( 'NONE',  ( -0.000000000000000000, -0.000000000000000000, -1.000000000000000000 ) ) ;
#3527 = AXIS2_PLACEMENT_3D ( 'NONE', #2744, #2013, #3567 ) ;
#3528 = EDGE_CURVE ( 'NONE', #4175, #1220, #1370, .T. ) ;
#3529 = FACE_OUTER_BOUND ( 'NONE', #2548, .T. ) ;
#3530 = VECTOR ( 'NONE', #1832, 1000.000000000000000 ) ;
#3531 = EDGE_CURVE ( 'NONE', #2062, #900, #3084, .T. ) ;
#3532 = AXIS2_PLACEMENT_3D ( 'NONE', #2470, #535, #1326 ) ;
#3533 = DIRECTION ( 'NONE',  ( -0.000000000000000000, -0.000000000000000000, 1.000000000000000000 ) ) ;
#3534 = ORIENTED_EDGE ( 'NONE', *, *, #1294, .F. ) ;
#3535 = DIRECTION ( 'NONE',  ( -0.000000000000000000, -0.000000000000000000, -1.000000000000000000 ) ) ;
#3536 = VECTOR ( 'NONE', #4869, 1000.000000000000000 ) ;
#3537 = DIRECTION ( 'NONE',  ( 1.000000000000000000, 0.000000000000000000, 0.000000000000000000 ) ) ;
#3538 = AXIS2_PLACEMENT_3D ( 'NONE', #221, #874, #4789 ) ;
#3539 = ORIENTED_EDGE ( 'NONE', *, *, #1300, .T. ) ;
#3540 = DIRECTION ( 'NONE',  ( -0.000000000000000000, -0.000000000000000000, 1.000000000000000000 ) ) ;
#3541 = EDGE_LOOP ( 'NONE', ( #4907, #3732 ) ) ;
#3542 = ORIENTED_EDGE ( 'NONE', *, *, #2636, .T. ) ;
#3543 = DIRECTION ( 'NONE',  ( -0.000000000000000000, -0.000000000000000000, -1.000000000000000000 ) ) ;
#3544 = FACE_OUTER_BOUND ( 'NONE', #4410, .T. ) ;
#3545 = CYLINDRICAL_SURFACE ( 'NONE', #2209, 1.250000000000001110 ) ;
#3546 = ORIENTED_EDGE ( 'NONE', *, *, #1354, .T. ) ;
#3547 = ORIENTED_EDGE ( 'NONE', *, *, #1389, .F. ) ;
#3548 = EDGE_CURVE ( 'NONE', #4390, #2157, #3895, .T. ) ;
#3549 = CARTESIAN_POINT ( 'NONE',  ( 0.000000000000000000, -26.00000000000000000, 2.000000000000000000 ) ) ;
#3550 = EDGE_CURVE ( 'NONE', #2155, #2157, #285, .T. ) ;
#3551 = CARTESIAN_POINT ( 'NONE',  ( -30.29704048157919161, -17.34313226766155935, -3.535533905932756404 ) ) ;
#3552 = CARTESIAN_POINT ( 'NONE',  ( -29.12461179749822549, -21.16026908252886685, -3.535533905932756404 ) ) ;
#3553 = EDGE_CURVE ( 'NONE', #5012, #4516, #964, .T. ) ;
#3554 = ADVANCED_FACE ( 'NONE', ( #1345 ), #2523, .F. ) ;
#3555 = CYLINDRICAL_SURFACE ( 'NONE', #3586, 1.250000000000007994 ) ;
#3556 = ORIENTED_EDGE ( 'NONE', *, *, #920, .F. ) ;
#3557 = FACE_OUTER_BOUND ( 'NONE', #3324, .T. ) ;
#3558 = ORIENTED_EDGE ( 'NONE', *, *, #1300, .F. ) ;
#3559 = DIRECTION ( 'NONE',  ( -1.000000000000000000, 0.000000000000000000, 0.000000000000000000 ) ) ;
#3560 = CIRCLE ( 'NONE', #4462, 1.250000000000001110 ) ;
#3561 = UNCERTAINTY_MEASURE_WITH_UNIT (LENGTH_MEASURE( 1.000000000000000082E-05 ), #884, 'distance_accuracy_value', 'NONE');
#3562 = ORIENTED_EDGE ( 'NONE', *, *, #4744, .T. ) ;
#3563 = CARTESIAN_POINT ( 'NONE',  ( 11.12461179749801232, -34.23803458662555244, 2.000000000000000000 ) ) ;
#3564 = AXIS2_PLACEMENT_3D ( 'NONE', #617, #262, #4131 ) ;
#3565 = ORIENTED_EDGE ( 'NONE', *, *, #3676, .T. ) ;
#3566 = ORIENTED_EDGE ( 'NONE', *, *, #1820, .T. ) ;
#3567 = DIRECTION ( 'NONE',  ( 1.000000000000000000, 0.000000000000000000, 0.000000000000000000 ) ) ;
#3568 = AXIS2_PLACEMENT_3D ( 'NONE', #2565, #2590, #1821 ) ;
#3569 = ORIENTED_EDGE ( 'NONE', *, *, #1248, .F. ) ;
#3570 = LINE ( 'NONE', #833, #887 ) ;
#3571 = VERTEX_POINT ( 'NONE', #2123 ) ;
#3572 = LINE ( 'NONE', #406, #210 ) ;
#3573 = ORIENTED_EDGE ( 'NONE', *, *, #1449, .T. ) ;
#3574 = DIRECTION ( 'NONE',  ( 1.000000000000000000, 0.000000000000000000, 0.000000000000000000 ) ) ;
#3575 = DIRECTION ( 'NONE',  ( -0.000000000000000000, -0.000000000000000000, -1.000000000000000000 ) ) ;
#3576 = CARTESIAN_POINT ( 'NONE',  ( 27.49287058717113297, 24.64369581343245486, -3.535533905932756404 ) ) ;
#3577 = VECTOR ( 'NONE', #3270, 1000.000000000000000 ) ;
#3578 = CARTESIAN_POINT ( 'NONE',  ( 0.000000000000000000, -26.00000000000000000, 3.013393125268148953 ) ) ;
#3579 = ORIENTED_EDGE ( 'NONE', *, *, #4136, .F. ) ;
#3580 = ORIENTED_EDGE ( 'NONE', *, *, #3618, .F. ) ;
#3581 = AXIS2_PLACEMENT_3D ( 'NONE', #4187, #1475, #1105 ) ;
#3582 = CARTESIAN_POINT ( 'NONE',  ( 1.699999999999999956, -26.00000000000000000, 4.500000000000000000 ) ) ;
#3583 = ORIENTED_EDGE ( 'NONE', *, *, #2874, .F. ) ;
#3584 = AXIS2_PLACEMENT_3D ( 'NONE', #4935, #4169, #1810 ) ;
#3585 = CARTESIAN_POINT ( 'NONE',  ( 14.07805449634254380, -32.57377388877674207, -3.535533905932756404 ) ) ;
#3586 = AXIS2_PLACEMENT_3D ( 'NONE', #3863, #3130, #388 ) ;
#3587 = CARTESIAN_POINT ( 'NONE',  ( 32.22195349197721725, 13.25248389664795212, -3.535533905932756404 ) ) ;
#3588 = ORIENTED_EDGE ( 'NONE', *, *, #705, .T. ) ;
#3589 = ORIENTED_EDGE ( 'NONE', *, *, #3747, .F. ) ;
#3590 = CARTESIAN_POINT ( 'NONE',  ( -21.69726363095296406, -27.73847673992830209, 0.000000000000000000 ) ) ;
#3591 = CARTESIAN_POINT ( 'NONE',  ( 5.000000000000000888, -26.00000000000000000, 7.000000000000000000 ) ) ;
#3592 = VERTEX_POINT ( 'NONE', #1438 ) ;
#3593 = ORIENTED_EDGE ( 'NONE', *, *, #3328, .T. ) ;
#3594 = FACE_OUTER_BOUND ( 'NONE', #2394, .T. ) ;
#3595 = PLANE ( 'NONE',  #3396 ) ;
#3596 = AXIS2_PLACEMENT_3D ( 'NONE', #3016, #1173, #2667 ) ;
#3597 = LINE ( 'NONE', #437, #4605 ) ;
#3598 = AXIS2_PLACEMENT_3D ( 'NONE', #1306, #4347, #511 ) ;
#3599 = FACE_BOUND ( 'NONE', #3739, .T. ) ;
#3600 = AXIS2_PLACEMENT_3D ( 'NONE', #3797, #2198, #2993 ) ;
#3601 = FACE_OUTER_BOUND ( 'NONE', #2747, .T. ) ;
#3602 = ADVANCED_FACE ( 'NONE', ( #558 ), #1748, .F. ) ;
#3603 = CARTESIAN_POINT ( 'NONE',  ( 22.94726363095315591, 27.73847673992813867, -3.535533905932756404 ) ) ;
#3604 = ORIENTED_EDGE ( 'NONE', *, *, #1168, .T. ) ;
#3605 = CARTESIAN_POINT ( 'NONE',  ( 0.000000000000000000, 0.000000000000000000, 7.000000000000000000 ) ) ;
#3606 = DIRECTION ( 'NONE',  ( -0.000000000000000000, -0.000000000000000000, -1.000000000000000000 ) ) ;
#3607 = CIRCLE ( 'NONE', #3117, 1.250000000000001110 ) ;
#3608 = ORIENTED_EDGE ( 'NONE', *, *, #18, .T. ) ;
#3609 = EDGE_CURVE ( 'NONE', #1558, #4603, #3318, .T. ) ;
#3610 = CARTESIAN_POINT ( 'NONE',  ( 21.69726363095276866, -27.73847673992845486, -3.535533905932756404 ) ) ;
#3611 = ADVANCED_FACE ( 'NONE', ( #233 ), #897, .F. ) ;
#3612 = VERTEX_POINT ( 'NONE', #4874 ) ;
#3613 = VECTOR ( 'NONE', #651, 1000.000000000000000 ) ;
#3614 = ORIENTED_EDGE ( 'NONE', *, *, #115, .F. ) ;
#3615 = DIRECTION ( 'NONE',  ( -0.000000000000000000, -0.000000000000000000, 1.000000000000000000 ) ) ;
#3616 = DIRECTION ( 'NONE',  ( 1.000000000000000000, 0.000000000000000000, 0.000000000000000000 ) ) ;
#3617 = PRODUCT ( 'Drum - End', 'Drum - End', '', ( #3622 ) ) ;
#3618 = EDGE_CURVE ( 'NONE', #2272, #936, #657, .T. ) ;
#3619 = DIRECTION ( 'NONE',  ( -0.000000000000000000, -0.000000000000000000, 1.000000000000000000 ) ) ;
#3620 = FACE_OUTER_BOUND ( 'NONE', #794, .T. ) ;
#3621 = ADVANCED_FACE ( 'NONE', ( #3850 ), #1487, .F. ) ;
#3622 = PRODUCT_CONTEXT ( 'NONE', #563, 'mechanical' ) ;
#3623 = EDGE_CURVE ( 'NONE', #4331, #4490, #172, .T. ) ;
#3624 = ORIENTED_EDGE ( 'NONE', *, *, #3096, .F. ) ;
#3625 = EDGE_LOOP ( 'NONE', ( #3261, #224, #4995, #4382, #1224 ) ) ;
#3626 = DIRECTION ( 'NONE',  ( 1.000000000000000000, 0.000000000000000000, 0.000000000000000000 ) ) ;
#3627 = ORIENTED_EDGE ( 'NONE', *, *, #3238, .T. ) ;
#3628 = CYLINDRICAL_SURFACE ( 'NONE', #4214, 1.250000000000001110 ) ;
#3629 = ORIENTED_EDGE ( 'NONE', *, *, #4522, .T. ) ;
#3630 = FACE_BOUND ( 'NONE', #2182, .T. ) ;
#3631 = CARTESIAN_POINT ( 'NONE',  ( 31.54704048157931595, 17.34313226766133198, 2.000000000000000000 ) ) ;
#3632 = LINE ( 'NONE', #2156, #836 ) ;
#3633 = EDGE_LOOP ( 'NONE', ( #2770, #921 ) ) ;
#3634 = ORIENTED_EDGE ( 'NONE', *, *, #4566, .T. ) ;
#3635 = ORIENTED_EDGE ( 'NONE', *, *, #1495, .T. ) ;
#3636 = DIRECTION ( 'NONE',  ( 1.000000000000000000, 0.000000000000000000, 0.000000000000000000 ) ) ;
#3637 = CARTESIAN_POINT ( 'NONE',  ( -19.00000000000000000, 0.000000000000000000, 0.000000000000000000 ) ) ;
#3638 = DIRECTION ( 'NONE',  ( -0.000000000000000000, -0.000000000000000000, 1.000000000000000000 ) ) ;
#3639 = CIRCLE ( 'NONE', #85, 1.250000000000000222 ) ;
#3640 = VERTEX_POINT ( 'NONE', #2712 ) ;
#3641 = ORIENTED_EDGE ( 'NONE', *, *, #3623, .F. ) ;
#3642 = DIRECTION ( 'NONE',  ( -0.000000000000000000, -0.000000000000000000, -1.000000000000000000 ) ) ;
#3643 = CARTESIAN_POINT ( 'NONE',  ( -34.86899380063064768, 8.952835937935043731, -3.535533905932756404 ) ) ;
#3644 = EDGE_CURVE ( 'NONE', #671, #2179, #4132, .T. ) ;
#3645 = CARTESIAN_POINT ( 'NONE',  ( 0.000000000000000000, 26.00000000000000000, 7.000000000000000000 ) ) ;
#3646 = DIRECTION ( 'NONE',  ( -0.000000000000000000, -0.000000000000000000, -1.000000000000000000 ) ) ;
#3647 = AXIS2_PLACEMENT_3D ( 'NONE', #603, #4442, #2167 ) ;
#3648 = ORIENTED_EDGE ( 'NONE', *, *, #4229, .T. ) ;
#3649 = DIRECTION ( 'NONE',  ( 1.000000000000000000, 0.000000000000000000, 0.000000000000000000 ) ) ;
#3650 = AXIS2_PLACEMENT_3D ( 'NONE', #4160, #4836, #3322 ) ;
#3651 = LINE ( 'NONE', #4060, #2187 ) ;
#3652 = AXIS2_PLACEMENT_3D ( 'NONE', #1016, #259, #3727 ) ;
#3653 = EDGE_LOOP ( 'NONE', ( #2798, #906, #883, #1241 ) ) ;
#3654 = FACE_BOUND ( 'NONE', #2504, .T. ) ;
#3655 = DIRECTION ( 'NONE',  ( -0.000000000000000000, -0.000000000000000000, -1.000000000000000000 ) ) ;
#3656 = ORIENTED_EDGE ( 'NONE', *, *, #269, .T. ) ;
#3657 = DIRECTION ( 'NONE',  ( -0.000000000000000000, -0.000000000000000000, 1.000000000000000000 ) ) ;
#3658 = ORIENTED_EDGE ( 'NONE', *, *, #2568, .F. ) ;
#3659 = ORIENTED_EDGE ( 'NONE', *, *, #389, .F. ) ;
#3660 = ORIENTED_EDGE ( 'NONE', *, *, #2034, .F. ) ;
#3661 = DIRECTION ( 'NONE',  ( -0.000000000000000000, -0.000000000000000000, -1.000000000000000000 ) ) ;
#3662 = VERTEX_POINT ( 'NONE', #379 ) ;
#3663 = FACE_OUTER_BOUND ( 'NONE', #2130, .T. ) ;
#3664 = CIRCLE ( 'NONE', #998, 1.250000000000000222 ) ;
#3665 = CIRCLE ( 'NONE', #4649, 1.250000000000001110 ) ;
#3666 = VERTEX_POINT ( 'NONE', #3778 ) ;
#3667 = EDGE_LOOP ( 'NONE', ( #3369, #730, #4092, #2949 ) ) ;
#3668 = DIRECTION ( 'NONE',  ( -0.000000000000000000, -0.000000000000000000, 1.000000000000000000 ) ) ;
#3669 = DIRECTION ( 'NONE',  ( 0.000000000000000000, -1.000000000000000000, 0.000000000000000000 ) ) ;
#3670 = AXIS2_PLACEMENT_3D ( 'NONE', #3578, #117, #68 ) ;
#3671 = AXIS2_PLACEMENT_3D ( 'NONE', #1633, #876, #1959 ) ;
#3672 = DIRECTION ( 'NONE',  ( -0.000000000000000000, -0.000000000000000000, -1.000000000000000000 ) ) ;
#3673 = FACE_OUTER_BOUND ( 'NONE', #1533, .T. ) ;
#3674 = ORIENTED_EDGE ( 'NONE', *, *, #976, .F. ) ;
#3675 = DIRECTION ( 'NONE',  ( 0.000000000000000000, 0.000000000000000000, 1.000000000000000000 ) ) ;
#3676 = EDGE_CURVE ( 'NONE', #1905, #2014, #4950, .T. ) ;
#3677 = DIRECTION ( 'NONE',  ( -0.000000000000000000, -0.000000000000000000, 1.000000000000000000 ) ) ;
#3678 = EDGE_CURVE ( 'NONE', #181, #1558, #579, .T. ) ;
#3679 = EDGE_LOOP ( 'NONE', ( #1757, #2077, #3846, #2017 ) ) ;
#3680 = CARTESIAN_POINT ( 'NONE',  ( -37.25000000000000000, 2.515397372465990016E-13, 2.000000000000000000 ) ) ;
#3681 = EDGE_CURVE ( 'NONE', #2239, #17, #2640, .T. ) ;
#3682 = CARTESIAN_POINT ( 'NONE',  ( 11.12461179749849549, 34.23803458662540322, 0.000000000000000000 ) ) ;
#3683 = ORIENTED_EDGE ( 'NONE', *, *, #2879, .T. ) ;
#3684 = DIRECTION ( 'NONE',  ( 0.000000000000000000, 0.000000000000000000, -1.000000000000000000 ) ) ;
#3685 = EDGE_CURVE ( 'NONE', #2691, #1163, #357, .T. ) ;
#3686 = ORIENTED_EDGE ( 'NONE', *, *, #3531, .T. ) ;
#3687 = ORIENTED_EDGE ( 'NONE', *, *, #2593, .T. ) ;
#3688 = CIRCLE ( 'NONE', #1493, 1.250000000000000222 ) ;
#3689 = LINE ( 'NONE', #709, #1741 ) ;
#3690 = CARTESIAN_POINT ( 'NONE',  ( 27.87461179749808338, -21.16026908252907646, 2.000000000000000000 ) ) ;
#3691 = AXIS2_PLACEMENT_3D ( 'NONE', #2492, #4035, #2169 ) ;
#3692 = LINE ( 'NONE', #3610, #4731 ) ;
#3693 = VERTEX_POINT ( 'NONE', #4623 ) ;
#3694 = ORIENTED_EDGE ( 'NONE', *, *, #925, .F. ) ;
#3695 = CARTESIAN_POINT ( 'NONE',  ( 11.12461179749849549, 34.23803458662540322, -3.535533905932756404 ) ) ;
#3696 = CIRCLE ( 'NONE', #452, 1.249999999999999334 ) ;
#3697 = DIRECTION ( 'NONE',  ( -0.000000000000000000, -0.000000000000000000, 1.000000000000000000 ) ) ;
#3698 = AXIS2_PLACEMENT_3D ( 'NONE', #1043, #1470, #3297 ) ;
#3699 = CIRCLE ( 'NONE', #2401, 1.250000000000001110 ) ;
#3700 = DIRECTION ( 'NONE',  ( -0.000000000000000000, -0.000000000000000000, 1.000000000000000000 ) ) ;
#3701 = FACE_OUTER_BOUND ( 'NONE', #2456, .T. ) ;
#3702 = AXIS2_PLACEMENT_3D ( 'NONE', #279, #5006, #1534 ) ;
#3703 = ORIENTED_EDGE ( 'NONE', *, *, #1822, .T. ) ;
#3704 = DIRECTION ( 'NONE',  ( 1.000000000000000000, 0.000000000000000000, 0.000000000000000000 ) ) ;
#3705 = CARTESIAN_POINT ( 'NONE',  ( -19.28976461924401775, -30.39580531807245478, -3.535533905932756404 ) ) ;
#3706 = ORIENTED_EDGE ( 'NONE', *, *, #1138, .F. ) ;
#3707 = FACE_BOUND ( 'NONE', #3509, .T. ) ;
#3708 = EDGE_CURVE ( 'NONE', #454, #540, #782, .T. ) ;
#3709 = ADVANCED_FACE ( 'NONE', ( #1567 ), #3875, .F. ) ;
#3710 = DIRECTION ( 'NONE',  ( 1.000000000000000000, 0.000000000000000000, 0.000000000000000000 ) ) ;
#3711 = EDGE_LOOP ( 'NONE', ( #3436, #160, #457, #2582 ) ) ;
#3712 = DIRECTION ( 'NONE',  ( -0.000000000000000000, -0.000000000000000000, 1.000000000000000000 ) ) ;
#3713 = VERTEX_POINT ( 'NONE', #3013 ) ;
#3714 = ORIENTED_EDGE ( 'NONE', *, *, #2397, .T. ) ;
#3715 = DIRECTION ( 'NONE',  ( -0.000000000000000000, -0.000000000000000000, 1.000000000000000000 ) ) ;
#3716 = ADVANCED_FACE ( 'NONE', ( #3040 ), #1940, .F. ) ;
#3717 = CARTESIAN_POINT ( 'NONE',  ( 0.000000000000000000, 0.000000000000000000, 2.000000000000000000 ) ) ;
#3718 = ORIENTED_EDGE ( 'NONE', *, *, #2276, .T. ) ;
#3719 = DIRECTION ( 'NONE',  ( 1.000000000000000000, 0.000000000000000000, 0.000000000000000000 ) ) ;
#3720 = FACE_OUTER_BOUND ( 'NONE', #1697, .T. ) ;
#3721 = CARTESIAN_POINT ( 'NONE',  ( -36.00000000000000000, 2.513866563967056016E-13, -3.535533905932756404 ) ) ;
#3722 = CARTESIAN_POINT ( 'NONE',  ( -36.96612924732115602, 4.511996408315208207, -3.535533905932756404 ) ) ;
#3723 = EDGE_LOOP ( 'NONE', ( #4859, #4757, #2562, #4203 ) ) ;
#3724 = VERTEX_POINT ( 'NONE', #2275 ) ;
#3725 = CARTESIAN_POINT ( 'NONE',  ( 27.49287058717113297, 24.64369581343245486, 2.000000000000000000 ) ) ;
#3726 = AXIS2_PLACEMENT_3D ( 'NONE', #230, #3646, #1769 ) ;
#3727 = DIRECTION ( 'NONE',  ( 1.000000000000000000, 0.000000000000000000, 0.000000000000000000 ) ) ;
#3728 = ORIENTED_EDGE ( 'NONE', *, *, #2191, .T. ) ;
#3729 = VECTOR ( 'NONE', #4730, 1000.000000000000000 ) ;
#3730 = DIRECTION ( 'NONE',  ( 1.000000000000000000, 0.000000000000000000, 0.000000000000000000 ) ) ;
#3731 = DIRECTION ( 'NONE',  ( 0.000000000000000000, 0.000000000000000000, 1.000000000000000000 ) ) ;
#3732 = ORIENTED_EDGE ( 'NONE', *, *, #1296, .F. ) ;
#3733 = FACE_OUTER_BOUND ( 'NONE', #1108, .T. ) ;
#3734 = ORIENTED_EDGE ( 'NONE', *, *, #2485, .F. ) ;
#3735 = ORIENTED_EDGE ( 'NONE', *, *, #4892, .T. ) ;
#3736 = DIRECTION ( 'NONE',  ( 0.000000000000000000, 0.000000000000000000, 1.000000000000000000 ) ) ;
#3737 = CARTESIAN_POINT ( 'NONE',  ( -5.495727325085741022, 35.36234102623286191, 2.000000000000000000 ) ) ;
#3738 = VERTEX_POINT ( 'NONE', #29 ) ;
#3739 = EDGE_LOOP ( 'NONE', ( #4378, #3428 ) ) ;
#3740 = DIRECTION ( 'NONE',  ( 1.000000000000000000, 0.000000000000000000, 0.000000000000000000 ) ) ;
#3741 = CYLINDRICAL_SURFACE ( 'NONE', #4400, 1.250000000000000444 ) ;
#3742 = CARTESIAN_POINT ( 'NONE',  ( 1.010458703055151730, -35.92896222341776991, 0.000000000000000000 ) ) ;
#3743 = DIRECTION ( 'NONE',  ( -0.000000000000000000, -0.000000000000000000, 1.000000000000000000 ) ) ;
#3744 = CIRCLE ( 'NONE', #666, 1.250000000000001110 ) ;
#3745 = ORIENTED_EDGE ( 'NONE', *, *, #4752, .F. ) ;
#3746 = VERTEX_POINT ( 'NONE', #1518 ) ;
#3747 = EDGE_CURVE ( 'NONE', #4327, #60, #1141, .T. ) ;
#3748 = DIRECTION ( 'NONE',  ( 1.000000000000000000, 0.000000000000000000, 0.000000000000000000 ) ) ;
#3749 = AXIS2_PLACEMENT_3D ( 'NONE', #470, #446, #52 ) ;
#3750 = DIRECTION ( 'NONE',  ( 1.000000000000000000, 0.000000000000000000, 0.000000000000000000 ) ) ;
#3751 = AXIS2_PLACEMENT_3D ( 'NONE', #44, #4737, #818 ) ;
#3752 = ORIENTED_EDGE ( 'NONE', *, *, #4898, .F. ) ;
#3753 = CARTESIAN_POINT ( 'NONE',  ( -2.260458703054892382, 35.92896222341780543, 0.000000000000000000 ) ) ;
#3754 = CYLINDRICAL_SURFACE ( 'NONE', #4945, 1.250000000000001110 ) ;
#3755 = EDGE_LOOP ( 'NONE', ( #1609, #993, #4271, #877 ) ) ;
#3756 = CARTESIAN_POINT ( 'NONE',  ( 3.000000000000000000, -26.00000000000000000, 3.013393125268148953 ) ) ;
#3757 = ADVANCED_FACE ( 'NONE', ( #3819 ), #2223, .T. ) ;
#3758 = CIRCLE ( 'NONE', #4661, 1.249999999999999334 ) ;
#3759 = LINE ( 'NONE', #4610, #1553 ) ;
#3760 = VERTEX_POINT ( 'NONE', #3115 ) ;
#3761 = DIRECTION ( 'NONE',  ( 0.000000000000000000, 0.000000000000000000, 1.000000000000000000 ) ) ;
#3762 = ORIENTED_EDGE ( 'NONE', *, *, #1143, .T. ) ;
#3763 = DIRECTION ( 'NONE',  ( 0.000000000000000000, 0.000000000000000000, 1.000000000000000000 ) ) ;
#3764 = AXIS2_PLACEMENT_3D ( 'NONE', #119, #4068, #2081 ) ;
#3765 = EDGE_CURVE ( 'NONE', #2627, #809, #1064, .T. ) ;
#3766 = CYLINDRICAL_SURFACE ( 'NONE', #1995, 1.699999999999999956 ) ;
#3767 = EDGE_CURVE ( 'NONE', #3925, #4216, #4722, .T. ) ;
#3768 = CARTESIAN_POINT ( 'NONE',  ( -34.86899380063064768, 8.952835937935043731, 2.000000000000000000 ) ) ;
#3769 = VECTOR ( 'NONE', #3122, 1000.000000000000000 ) ;
#3770 = VECTOR ( 'NONE', #4048, 1000.000000000000000 ) ;
#3771 = VERTEX_POINT ( 'NONE', #4942 ) ;
#3772 = EDGE_CURVE ( 'NONE', #1162, #738, #2274, .T. ) ;
#3773 = CIRCLE ( 'NONE', #3048, 1.250000000000001110 ) ;
#3774 = DIRECTION ( 'NONE',  ( -0.000000000000000000, -0.000000000000000000, -1.000000000000000000 ) ) ;
#3775 = AXIS2_PLACEMENT_3D ( 'NONE', #2213, #3761, #4556 ) ;
#3776 = EDGE_CURVE ( 'NONE', #940, #2062, #2838, .T. ) ;
#3777 = EDGE_CURVE ( 'NONE', #9, #3162, #1252, .T. ) ;
#3779 = EDGE_CURVE ( 'NONE', #2430, #2367, #1641, .T. ) ;
#3778 = CARTESIAN_POINT ( 'NONE',  ( -30.29704048157894647, 17.34313226766200344, 2.000000000000000000 ) ) ;
#3780 = ORIENTED_EDGE ( 'NONE', *, *, #4691, .F. ) ;
#3781 = CARTESIAN_POINT ( 'NONE',  ( 2.260458703055677088, 35.92896222341775569, 2.000000000000000000 ) ) ;
#3782 = AXIS2_PLACEMENT_3D ( 'NONE', #1366, #523, #173 ) ;
#3783 = FACE_BOUND ( 'NONE', #4483, .T. ) ;
#3784 = AXIS2_PLACEMENT_3D ( 'NONE', #922, #2082, #3636 ) ;
#3785 = DIRECTION ( 'NONE',  ( -0.000000000000000000, -0.000000000000000000, -1.000000000000000000 ) ) ;
#3786 = EDGE_LOOP ( 'NONE', ( #2355, #2510, #4717, #3086 ) ) ;
#3787 = DIRECTION ( 'NONE',  ( 1.000000000000000000, 0.000000000000000000, 0.000000000000000000 ) ) ;
#3788 = DIRECTION ( 'NONE',  ( 0.000000000000000000, 0.000000000000000000, 1.000000000000000000 ) ) ;
#3789 = ORIENTED_EDGE ( 'NONE', *, *, #4275, .T. ) ;
#3790 = ORIENTED_EDGE ( 'NONE', *, *, #867, .T. ) ;
#3791 = CARTESIAN_POINT ( 'NONE',  ( -20.53976461924359498, 30.39580531807271768, -3.535533905932756404 ) ) ;
#3792 = EDGE_LOOP ( 'NONE', ( #4555, #329, #1128, #2180 ) ) ;
#3793 = CARTESIAN_POINT ( 'NONE',  ( 20.53976461924423447, 30.39580531807231623, 2.000000000000000000 ) ) ;
#3794 = CARTESIAN_POINT ( 'NONE',  ( 5.495727325085972836, -35.36234102623281217, 2.000000000000000000 ) ) ;
#3795 = FACE_BOUND ( 'NONE', #661, .T. ) ;
#3796 = EDGE_LOOP ( 'NONE', ( #2877, #1318 ) ) ;
#3797 = CARTESIAN_POINT ( 'NONE',  ( -4.000000000000194511, -28.31187913226527897, 9.000000000000001776 ) ) ;
#3798 = DIRECTION ( 'NONE',  ( 1.000000000000000000, 0.000000000000000000, 0.000000000000000000 ) ) ;
#3799 = ORIENTED_EDGE ( 'NONE', *, *, #3034, .T. ) ;
#3800 = CARTESIAN_POINT ( 'NONE',  ( 2.260458703055677088, 35.92896222341775569, -3.535533905932756404 ) ) ;
#3801 = CARTESIAN_POINT ( 'NONE',  ( -36.11899380063064768, 8.952835937935043731, 0.000000000000000000 ) ) ;
#3802 = LINE ( 'NONE', #1549, #3233 ) ;
#3803 = AXIS2_PLACEMENT_3D ( 'NONE', #8, #4629, #3049 ) ;
#3804 = DIRECTION ( 'NONE',  ( 1.000000000000000000, 0.000000000000000000, 0.000000000000000000 ) ) ;
#3805 = VECTOR ( 'NONE', #706, 1000.000000000000000 ) ;
#3806 = DIRECTION ( 'NONE',  ( 0.000000000000000000, 0.000000000000000000, 1.000000000000000000 ) ) ;
#3807 = VECTOR ( 'NONE', #1289, 1000.000000000000000 ) ;
#3808 = ORIENTED_EDGE ( 'NONE', *, *, #4394, .T. ) ;
#3809 = ORIENTED_EDGE ( 'NONE', *, *, #914, .F. ) ;
#3810 = DIRECTION ( 'NONE',  ( -0.000000000000000000, -0.000000000000000000, 1.000000000000000000 ) ) ;
#3811 = ORIENTED_EDGE ( 'NONE', *, *, #2027, .T. ) ;
#3812 = DIRECTION ( 'NONE',  ( -1.875880373422709653E-15, 1.000000000000000000, 0.000000000000000000 ) ) ;
#3813 = DIRECTION ( 'NONE',  ( -0.000000000000000000, -0.000000000000000000, 1.000000000000000000 ) ) ;
#3814 = FACE_BOUND ( 'NONE', #308, .T. ) ;
#3815 = EDGE_LOOP ( 'NONE', ( #547, #2374 ) ) ;
#3816 = ORIENTED_EDGE ( 'NONE', *, *, #126, .F. ) ;
#3817 = CARTESIAN_POINT ( 'NONE',  ( 0.000000000000000000, -26.00000000000000000, -4.808326112068523450 ) ) ;
#3818 = EDGE_CURVE ( 'NONE', #3153, #2379, #905, .T. ) ;
#3819 = FACE_OUTER_BOUND ( 'NONE', #2448, .T. ) ;
#3820 = EDGE_LOOP ( 'NONE', ( #4185, #2339, #2635, #2711 ) ) ;
#3821 = LINE ( 'NONE', #1423, #356 ) ;
#3822 = VERTEX_POINT ( 'NONE', #2015 ) ;
#3823 = AXIS2_PLACEMENT_3D ( 'NONE', #4818, #4071, #1360 ) ;
#3824 = CARTESIAN_POINT ( 'NONE',  ( 34.86899380063072584, -8.952835937934791488, -3.535533905932756404 ) ) ;
#3825 = VECTOR ( 'NONE', #4050, 1000.000000000000000 ) ;
#3826 = FACE_OUTER_BOUND ( 'NONE', #2708, .T. ) ;
#3827 = EDGE_CURVE ( 'NONE', #683, #1555, #4061, .T. ) ;
#3828 = EDGE_CURVE ( 'NONE', #3612, #1368, #4710, .T. ) ;
#3829 = CIRCLE ( 'NONE', #1323, 4.000000000000000888 ) ;
#3830 = CARTESIAN_POINT ( 'NONE',  ( 21.69726363095276866, -27.73847673992845486, 0.000000000000000000 ) ) ;
#3831 = EDGE_CURVE ( 'NONE', #1065, #1563, #3164, .T. ) ;
#3832 = CIRCLE ( 'NONE', #2466, 3.000000000000000000 ) ;
#3833 = EDGE_CURVE ( 'NONE', #2800, #1906, #4126, .T. ) ;
#3834 = DIRECTION ( 'NONE',  ( 1.000000000000000000, 0.000000000000000000, 0.000000000000000000 ) ) ;
#3835 = EDGE_CURVE ( 'NONE', #4676, #2412, #3570, .T. ) ;
#3836 = DIRECTION ( 'NONE',  ( -0.000000000000000000, -0.000000000000000000, 1.000000000000000000 ) ) ;
#3837 = EDGE_CURVE ( 'NONE', #1216, #1118, #2597, .T. ) ;
#3838 = ORIENTED_EDGE ( 'NONE', *, *, #2797, .T. ) ;
#3839 = EDGE_LOOP ( 'NONE', ( #3659, #1355 ) ) ;
#3840 = CARTESIAN_POINT ( 'NONE',  ( -5.000000000000020428, -26.00000000000000000, 7.000000000000000000 ) ) ;
#3841 = CARTESIAN_POINT ( 'NONE',  ( -24.99287058717058940, 24.64369581343301618, 0.000000000000000000 ) ) ;
#3842 = ORIENTED_EDGE ( 'NONE', *, *, #4824, .T. ) ;
#3843 = FACE_OUTER_BOUND ( 'NONE', #3755, .T. ) ;
#3844 = FACE_BOUND ( 'NONE', #3541, .T. ) ;
#3845 = ORIENTED_EDGE ( 'NONE', *, *, #1844, .T. ) ;
#3846 = ORIENTED_EDGE ( 'NONE', *, *, #1689, .T. ) ;
#3847 = AXIS2_PLACEMENT_3D ( 'NONE', #2830, #2423, #4376 ) ;
#3848 = DIRECTION ( 'NONE',  ( -0.000000000000000000, -0.000000000000000000, 1.000000000000000000 ) ) ;
#3849 = CIRCLE ( 'NONE', #2143, 1.249999999999999334 ) ;
#3850 = FACE_OUTER_BOUND ( 'NONE', #2765, .T. ) ;
#3851 = CIRCLE ( 'NONE', #1827, 1.250000000000001110 ) ;
#3852 = LINE ( 'NONE', #784, #2951 ) ;
#3853 = ORIENTED_EDGE ( 'NONE', *, *, #1444, .F. ) ;
#3854 = DIRECTION ( 'NONE',  ( -0.000000000000000000, -0.000000000000000000, 1.000000000000000000 ) ) ;
#3855 = ORIENTED_EDGE ( 'NONE', *, *, #920, .T. ) ;
#3856 = CYLINDRICAL_SURFACE ( 'NONE', #1235, 1.699999999999999956 ) ;
#3857 = VECTOR ( 'NONE', #4454, 1000.000000000000000 ) ;
#3858 = DIRECTION ( 'NONE',  ( 1.000000000000000000, 0.000000000000000000, 0.000000000000000000 ) ) ;
#3859 = CIRCLE ( 'NONE', #3538, 1.250000000000001110 ) ;
#3860 = ADVANCED_FACE ( 'NONE', ( #3620 ), #3900, .F. ) ;
#3861 = CARTESIAN_POINT ( 'NONE',  ( 0.000000000000000000, 0.000000000000000000, 7.000000000000000000 ) ) ;
#3862 = ADVANCED_FACE ( 'NONE', ( #1969 ), #3974, .F. ) ;
#3863 = CARTESIAN_POINT ( 'NONE',  ( 33.47195349197723147, 13.25248389664795212, -3.535533905932756404 ) ) ;
#3864 = ORIENTED_EDGE ( 'NONE', *, *, #2998, .T. ) ;
#3865 = CARTESIAN_POINT ( 'NONE',  ( -35.71612924732115602, 4.511996408315208207, 2.000000000000000000 ) ) ;
#3866 = EDGE_LOOP ( 'NONE', ( #2240, #1630, #2921, #515 ) ) ;
#3867 = EDGE_CURVE ( 'NONE', #9, #4298, #1134, .T. ) ;
#3868 = DIRECTION ( 'NONE',  ( 1.000000000000000000, 0.000000000000000000, 0.000000000000000000 ) ) ;
#3869 = CARTESIAN_POINT ( 'NONE',  ( -22.94726363095257327, 27.73847673992861829, 0.000000000000000000 ) ) ;
#3870 = CARTESIAN_POINT ( 'NONE',  ( 1.699999999999999956, -26.00000000000000000, -4.808326112068523450 ) ) ;
#3871 = ORIENTED_EDGE ( 'NONE', *, *, #2934, .F. ) ;
#3872 = ORIENTED_EDGE ( 'NONE', *, *, #108, .T. ) ;
#3873 = FACE_OUTER_BOUND ( 'NONE', #2069, .T. ) ;
#3874 = VERTEX_POINT ( 'NONE', #4359 ) ;
#3875 = CYLINDRICAL_SURFACE ( 'NONE', #978, 1.250000000000001110 ) ;
#3876 = PLANE ( 'NONE',  #4003 ) ;
#3877 = ORIENTED_EDGE ( 'NONE', *, *, #4736, .T. ) ;
#3878 = CARTESIAN_POINT ( 'NONE',  ( -30.37461179749822549, -21.16026908252886685, 2.000000000000000000 ) ) ;
#3879 = ORIENTED_EDGE ( 'NONE', *, *, #1604, .F. ) ;
#3880 = LINE ( 'NONE', #4261, #3769 ) ;
#3881 = DIRECTION ( 'NONE',  ( -0.000000000000000000, -0.000000000000000000, 1.000000000000000000 ) ) ;
#3882 = AXIS2_PLACEMENT_3D ( 'NONE', #2671, #4213, #3834 ) ;
#3883 = DIRECTION ( 'NONE',  ( -0.000000000000000000, -0.000000000000000000, 1.000000000000000000 ) ) ;
#3884 = ORIENTED_EDGE ( 'NONE', *, *, #2030, .F. ) ;
#3885 = DIRECTION ( 'NONE',  ( -0.000000000000000000, -0.000000000000000000, 1.000000000000000000 ) ) ;
#3886 = CARTESIAN_POINT ( 'NONE',  ( -1.815570296198428335E-13, -25.99999999999998579, 9.000000000000001776 ) ) ;
#3887 = VERTEX_POINT ( 'NONE', #2745 ) ;
#3888 = LINE ( 'NONE', #4326, #4495 ) ;
#3889 = VECTOR ( 'NONE', #3881, 1000.000000000000000 ) ;
#3890 = CARTESIAN_POINT ( 'NONE',  ( -4.999999999999998224, 28.31187913226530739, 9.000000000000001776 ) ) ;
#3891 = EDGE_CURVE ( 'NONE', #3746, #175, #129, .T. ) ;
#3892 = ORIENTED_EDGE ( 'NONE', *, *, #4089, .T. ) ;
#3893 = CARTESIAN_POINT ( 'NONE',  ( 0.000000000000000000, 26.00000000000000000, 4.500000000000000000 ) ) ;
#3894 = CYLINDRICAL_SURFACE ( 'NONE', #3251, 1.250000000000000222 ) ;
#3895 = CIRCLE ( 'NONE', #2602, 1.249999999999999334 ) ;
#3896 = ORIENTED_EDGE ( 'NONE', *, *, #1013, .F. ) ;
#3897 = ORIENTED_EDGE ( 'NONE', *, *, #4529, .F. ) ;
#3898 = CARTESIAN_POINT ( 'NONE',  ( -31.54704048157895002, 17.34313226766200344, 2.000000000000000000 ) ) ;
#3899 = EDGE_LOOP ( 'NONE', ( #1838, #4508 ) ) ;
#3900 = CYLINDRICAL_SURFACE ( 'NONE', #164, 3.000000000000000000 ) ;
#3901 = EDGE_CURVE ( 'NONE', #4826, #4557, #4293, .T. ) ;
#3902 = DIRECTION ( 'NONE',  ( 1.000000000000000000, 0.000000000000000000, 0.000000000000000000 ) ) ;
#3903 = VERTEX_POINT ( 'NONE', #4314 ) ;
#3904 = LINE ( 'NONE', #1973, #1896 ) ;
#3905 = EDGE_LOOP ( 'NONE', ( #4773, #640 ) ) ;
#3906 = DIRECTION ( 'NONE',  ( -0.000000000000000000, -0.000000000000000000, 1.000000000000000000 ) ) ;
#3907 = CARTESIAN_POINT ( 'NONE',  ( -6.745727325086230408, -35.36234102623276954, 0.000000000000000000 ) ) ;
#3908 = AXIS2_PLACEMENT_3D ( 'NONE', #2238, #1500, #4118 ) ;
#3909 = AXIS2_PLACEMENT_3D ( 'NONE', #3427, #1086, #1858 ) ;
#3910 = CARTESIAN_POINT ( 'NONE',  ( -29.12461179749791640, 21.16026908252928962, -3.535533905932756404 ) ) ;
#3911 = FACE_OUTER_BOUND ( 'NONE', #4986, .T. ) ;
#3912 = AXIS2_PLACEMENT_3D ( 'NONE', #872, #1628, #1260 ) ;
#3913 = AXIS2_PLACEMENT_3D ( 'NONE', #443, #3156, #394 ) ;
#3914 = DIRECTION ( 'NONE',  ( -0.000000000000000000, -0.000000000000000000, -1.000000000000000000 ) ) ;
#3915 = VERTEX_POINT ( 'NONE', #2409 ) ;
#3916 = EDGE_LOOP ( 'NONE', ( #4771, #1736 ) ) ;
#3917 = DIRECTION ( 'NONE',  ( 1.000000000000000000, 0.000000000000000000, 0.000000000000000000 ) ) ;
#3918 = ORIENTED_EDGE ( 'NONE', *, *, #453, .F. ) ;
#3919 = DIRECTION ( 'NONE',  ( -0.000000000000000000, -0.000000000000000000, -1.000000000000000000 ) ) ;
#3920 = UNCERTAINTY_MEASURE_WITH_UNIT (LENGTH_MEASURE( 1.000000000000000082E-05 ), #4800, 'distance_accuracy_value', 'NONE');
#3921 = ORIENTED_EDGE ( 'NONE', *, *, #487, .T. ) ;
#3922 = AXIS2_PLACEMENT_3D ( 'NONE', #4193, #2267, #3812 ) ;
#3923 = DIRECTION ( 'NONE',  ( 0.000000000000000000, 0.000000000000000000, 1.000000000000000000 ) ) ;
#3924 = ORIENTED_EDGE ( 'NONE', *, *, #2191, .F. ) ;
#3925 = VERTEX_POINT ( 'NONE', #2381 ) ;
#3926 = DIRECTION ( 'NONE',  ( 1.000000000000000000, 0.000000000000000000, 0.000000000000000000 ) ) ;
#3927 = EDGE_CURVE ( 'NONE', #2085, #1726, #1998, .T. ) ;
#3928 = ADVANCED_FACE ( 'NONE', ( #3544 ), #1616, .F. ) ;
#3929 = CARTESIAN_POINT ( 'NONE',  ( 4.999999999999996447, 28.31187913226531094, 7.000000000000000000 ) ) ;
#3930 = AXIS2_PLACEMENT_3D ( 'NONE', #94, #2055, #3247 ) ;
#3931 = ORIENTED_EDGE ( 'NONE', *, *, #4297, .T. ) ;
#3932 = CARTESIAN_POINT ( 'NONE',  ( -27.87461179749822549, -21.16026908252886685, 2.000000000000000000 ) ) ;
#3933 = ORIENTED_EDGE ( 'NONE', *, *, #482, .F. ) ;
#3934 = PRODUCT_DEFINITION ( 'UNKNOWN', '', #42, #74 ) ;
#3935 = ADVANCED_FACE ( 'NONE', ( #3701 ), #2142, .F. ) ;
#3936 = AXIS2_PLACEMENT_3D ( 'NONE', #4181, #382, #3392 ) ;
#3937 = EDGE_CURVE ( 'NONE', #2992, #4881, #3560, .T. ) ;
#3938 = CIRCLE ( 'NONE', #2060, 1.250000000000007994 ) ;
#3939 = FACE_OUTER_BOUND ( 'NONE', #4474, .T. ) ;
#3940 = DIRECTION ( 'NONE',  ( 1.000000000000000000, 0.000000000000000000, 0.000000000000000000 ) ) ;
#3941 = AXIS2_PLACEMENT_3D ( 'NONE', #1463, #4565, #656 ) ;
#3942 = DIRECTION ( 'NONE',  ( 1.000000000000000000, 0.000000000000000000, 0.000000000000000000 ) ) ;
#3943 = CIRCLE ( 'NONE', #1346, 1.250000000000001110 ) ;
#3944 = DIRECTION ( 'NONE',  ( 1.000000000000000000, 0.000000000000000000, 0.000000000000000000 ) ) ;
#3945 = EDGE_LOOP ( 'NONE', ( #562, #3811, #679, #1642 ) ) ;
#3946 = CARTESIAN_POINT ( 'NONE',  ( 19.28976461924423447, 30.39580531807231623, 2.000000000000000000 ) ) ;
#3947 = VECTOR ( 'NONE', #2559, 1000.000000000000000 ) ;
#3948 = LINE ( 'NONE', #3890, #3497 ) ;
#3949 = VERTEX_POINT ( 'NONE', #3288 ) ;
#3950 = FACE_OUTER_BOUND ( 'NONE', #4417, .T. ) ;
#3951 = ORIENTED_EDGE ( 'NONE', *, *, #1466, .T. ) ;
#3952 = ORIENTED_EDGE ( 'NONE', *, *, #1067, .T. ) ;
#3953 = DIRECTION ( 'NONE',  ( 1.000000000000000000, 0.000000000000000000, 0.000000000000000000 ) ) ;
#3954 = DIRECTION ( 'NONE',  ( -0.000000000000000000, -0.000000000000000000, 1.000000000000000000 ) ) ;
#3955 = ORIENTED_EDGE ( 'NONE', *, *, #2873, .F. ) ;
#3956 =( NAMED_UNIT ( * ) PLANE_ANGLE_UNIT ( ) SI_UNIT ( $, .RADIAN. ) );
#3957 = ORIENTED_EDGE ( 'NONE', *, *, #235, .F. ) ;
#3958 = VERTEX_POINT ( 'NONE', #552 ) ;
#3959 = DIRECTION ( 'NONE',  ( -0.000000000000000000, -0.000000000000000000, -1.000000000000000000 ) ) ;
#3960 = LINE ( 'NONE', #1648, #4816 ) ;
#3961 = CYLINDRICAL_SURFACE ( 'NONE', #1070, 1.250000000000001110 ) ;
#3962 = FACE_OUTER_BOUND ( 'NONE', #1504, .T. ) ;
#3963 = CARTESIAN_POINT ( 'NONE',  ( 5.000000000000000888, 26.00000000000000000, 2.000000000000000000 ) ) ;
#3964 = CARTESIAN_POINT ( 'NONE',  ( -3.000000000000000000, 26.00000000000000000, 4.500000000000000000 ) ) ;
#3965 = ORIENTED_EDGE ( 'NONE', *, *, #4147, .F. ) ;
#3966 = CARTESIAN_POINT ( 'NONE',  ( 19.28976461924423447, 30.39580531807231623, 2.000000000000000000 ) ) ;
#3967 = CIRCLE ( 'NONE', #1777, 1.250000000000001110 ) ;
#3968 = ORIENTED_EDGE ( 'NONE', *, *, #3092, .T. ) ;
#3969 = DIRECTION ( 'NONE',  ( -0.000000000000000000, -0.000000000000000000, -1.000000000000000000 ) ) ;
#3970 = AXIS2_PLACEMENT_3D ( 'NONE', #4496, #3785, #4449 ) ;
#3971 = EDGE_LOOP ( 'NONE', ( #3485, #1854, #3467, #3449, #4196, #1571, #1227, #781, #3132, #571, #4988, #702, #4530 ) ) ;
#3972 = DIRECTION ( 'NONE',  ( 1.000000000000000000, 0.000000000000000000, 0.000000000000000000 ) ) ;
#3973 = CIRCLE ( 'NONE', #492, 5.000000000000000888 ) ;
#3974 = CYLINDRICAL_SURFACE ( 'NONE', #3228, 1.250000000000001110 ) ;
#3975 = ORIENTED_EDGE ( 'NONE', *, *, #764, .F. ) ;
#3976 = ORIENTED_EDGE ( 'NONE', *, *, #4051, .F. ) ;
#3977 = CARTESIAN_POINT ( 'NONE',  ( -33.47195349197711778, -13.25248389664818838, 0.000000000000000000 ) ) ;
#3978 = EDGE_CURVE ( 'NONE', #4779, #2118, #1376, .T. ) ;
#3979 = CARTESIAN_POINT ( 'NONE',  ( -11.12461179749825746, -34.23803458662548138, 0.000000000000000000 ) ) ;
#3980 = DIRECTION ( 'NONE',  ( 1.000000000000000000, 0.000000000000000000, 0.000000000000000000 ) ) ;
#3981 = CYLINDRICAL_SURFACE ( 'NONE', #4806, 1.250000000000001110 ) ;
#3982 = ADVANCED_FACE ( 'NONE', ( #4080 ), #1409, .F. ) ;
#3983 = EDGE_LOOP ( 'NONE', ( #532, #4349 ) ) ;
#3984 = ADVANCED_FACE ( 'NONE', ( #4488 ), #2488, .F. ) ;
#3985 = AXIS2_PLACEMENT_3D ( 'NONE', #4733, #1259, #1676 ) ;
#3986 = DIRECTION ( 'NONE',  ( -1.000000000000000000, 0.000000000000000000, 0.000000000000000000 ) ) ;
#3987 = CARTESIAN_POINT ( 'NONE',  ( -7.995727325085742798, 35.36234102623286191, -3.535533905932756404 ) ) ;
#3988 = EDGE_CURVE ( 'NONE', #901, #2881, #4513, .T. ) ;
#3989 = LINE ( 'NONE', #2690, #4170 ) ;
#3990 = AXIS2_PLACEMENT_3D ( 'NONE', #2261, #3402, #2288 ) ;
#3991 = CARTESIAN_POINT ( 'NONE',  ( 4.999999999999993783, -28.31187913226531094, 7.000000000000000000 ) ) ;
#3992 = EDGE_LOOP ( 'NONE', ( #1156, #1654, #3565, #2093 ) ) ;
#3993 = EDGE_CURVE ( 'NONE', #4110, #3076, #1036, .T. ) ;
#3994 = CARTESIAN_POINT ( 'NONE',  ( 3.999999999999800604, -28.31187913226533581, 7.000000000000000000 ) ) ;
#3995 = EDGE_CURVE ( 'NONE', #175, #405, #328, .T. ) ;
#3996 = EDGE_CURVE ( 'NONE', #17, #1726, #2586, .T. ) ;
#3997 = VECTOR ( 'NONE', #793, 1000.000000000000000 ) ;
#3998 = CARTESIAN_POINT ( 'NONE',  ( -28.74999999999999645, 0.000000000000000000, 7.000000000000000000 ) ) ;
#3999 = EDGE_LOOP ( 'NONE', ( #3304, #2610, #3155, #2932 ) ) ;
#4000 = EDGE_LOOP ( 'NONE', ( #1007, #4452, #2700, #3648 ) ) ;
#4001 = ORIENTED_EDGE ( 'NONE', *, *, #3442, .F. ) ;
#4002 = CARTESIAN_POINT ( 'NONE',  ( 7.995727325085971060, -35.36234102623281217, 0.000000000000000000 ) ) ;
#4003 = AXIS2_PLACEMENT_3D ( 'NONE', #2596, #4134, #404 ) ;
#4004 = DIRECTION ( 'NONE',  ( -0.000000000000000000, -0.000000000000000000, 1.000000000000000000 ) ) ;
#4005 = CARTESIAN_POINT ( 'NONE',  ( -5.495727325085741022, 35.36234102623286191, -3.535533905932756404 ) ) ;
#4006 = CARTESIAN_POINT ( 'NONE',  ( -32.79704048157919516, -17.34313226766155935, -3.535533905932756404 ) ) ;
#4007 = ORIENTED_EDGE ( 'NONE', *, *, #4287, .T. ) ;
#4008 = DIRECTION ( 'NONE',  ( -1.000000000000000000, 0.000000000000000000, 0.000000000000000000 ) ) ;
#4009 = CIRCLE ( 'NONE', #4903, 1.249999999999999334 ) ;
#4010 = CARTESIAN_POINT ( 'NONE',  ( 27.49287058717076704, -24.64369581343283500, -3.535533905932756404 ) ) ;
#4011 = ORIENTED_EDGE ( 'NONE', *, *, #3022, .F. ) ;
#4012 = FACE_BOUND ( 'NONE', #2851, .T. ) ;
#4013 = AXIS2_PLACEMENT_3D ( 'NONE', #607, #2094, #3649 ) ;
#4014 = DIRECTION ( 'NONE',  ( -0.000000000000000000, -0.000000000000000000, 1.000000000000000000 ) ) ;
#4015 = DIRECTION ( 'NONE',  ( 0.000000000000000000, 0.000000000000000000, 1.000000000000000000 ) ) ;
#4016 = VECTOR ( 'NONE', #1614, 1000.000000000000000 ) ;
#4017 = ORIENTED_EDGE ( 'NONE', *, *, #1439, .F. ) ;
#4018 = DIRECTION ( 'NONE',  ( -0.000000000000000000, -0.000000000000000000, 1.000000000000000000 ) ) ;
#4019 = EDGE_CURVE ( 'NONE', #912, #1460, #970, .T. ) ;
#4020 = LINE ( 'NONE', #4070, #3365 ) ;
#4021 = FACE_OUTER_BOUND ( 'NONE', #1949, .T. ) ;
#4022 = AXIS2_PLACEMENT_3D ( 'NONE', #276, #4167, #1033 ) ;
#4023 = AXIS2_PLACEMENT_3D ( 'NONE', #3869, #3242, #139 ) ;
#4024 = CYLINDRICAL_SURFACE ( 'NONE', #1250, 1.249999999999999334 ) ;
#4025 = ORIENTED_EDGE ( 'NONE', *, *, #3550, .F. ) ;
#4026 = AXIS2_PLACEMENT_3D ( 'NONE', #2442, #2048, #3940 ) ;
#4027 = ORIENTED_EDGE ( 'NONE', *, *, #2885, .F. ) ;
#4028 = CARTESIAN_POINT ( 'NONE',  ( -19.28976461924359498, 30.39580531807271768, 0.000000000000000000 ) ) ;
#4029 = AXIS2_PLACEMENT_3D ( 'NONE', #4862, #4042, #2831 ) ;
#4030 = CARTESIAN_POINT ( 'NONE',  ( -18.03976461924401775, -30.39580531807245478, 2.000000000000000000 ) ) ;
#4031 = DIRECTION ( 'NONE',  ( -0.000000000000000000, -0.000000000000000000, 1.000000000000000000 ) ) ;
#4032 = DIRECTION ( 'NONE',  ( -0.000000000000000000, -0.000000000000000000, -1.000000000000000000 ) ) ;
#4033 = EDGE_LOOP ( 'NONE', ( #3447, #879 ) ) ;
#4034 = ORIENTED_EDGE ( 'NONE', *, *, #4845, .T. ) ;
#4035 = DIRECTION ( 'NONE',  ( 0.000000000000000000, 0.000000000000000000, 1.000000000000000000 ) ) ;
#4036 = DIRECTION ( 'NONE',  ( 1.000000000000000000, 0.000000000000000000, 0.000000000000000000 ) ) ;
#4037 = ORIENTED_EDGE ( 'NONE', *, *, #757, .T. ) ;
#4038 = FACE_BOUND ( 'NONE', #2349, .T. ) ;
#4039 = CARTESIAN_POINT ( 'NONE',  ( 36.11899380063073295, -8.952835937934791488, 2.000000000000000000 ) ) ;
#4040 = CARTESIAN_POINT ( 'NONE',  ( 3.000000000000000000, 26.00000000000000000, 3.013393125268148953 ) ) ;
#4041 = ORIENTED_EDGE ( 'NONE', *, *, #3833, .F. ) ;
#4042 = DIRECTION ( 'NONE',  ( -0.000000000000000000, -0.000000000000000000, -1.000000000000000000 ) ) ;
#4043 = LINE ( 'NONE', #543, #1797 ) ;
#4044 = CARTESIAN_POINT ( 'NONE',  ( 31.54704048157931595, 17.34313226766133198, 0.000000000000000000 ) ) ;
#4045 = ORIENTED_EDGE ( 'NONE', *, *, #3827, .T. ) ;
#4046 = EDGE_LOOP ( 'NONE', ( #4027, #1801 ) ) ;
#4047 = ORIENTED_EDGE ( 'NONE', *, *, #1137, .T. ) ;
#4048 = DIRECTION ( 'NONE',  ( -0.000000000000000000, -0.000000000000000000, 1.000000000000000000 ) ) ;
#4049 = ADVANCED_FACE ( 'NONE', ( #4852 ), #2117, .F. ) ;
#4050 = DIRECTION ( 'NONE',  ( -0.000000000000000000, -0.000000000000000000, 1.000000000000000000 ) ) ;
#4051 = EDGE_CURVE ( 'NONE', #299, #1836, #2541, .T. ) ;
#4052 = CARTESIAN_POINT ( 'NONE',  ( 4.999999999999801048, -28.31187913226534292, 9.000000000000001776 ) ) ;
#4053 = DIRECTION ( 'NONE',  ( 0.000000000000000000, 0.000000000000000000, 1.000000000000000000 ) ) ;
#4054 = AXIS2_PLACEMENT_3D ( 'NONE', #502, #909, #4782 ) ;
#4055 = ORIENTED_EDGE ( 'NONE', *, *, #4951, .T. ) ;
#4056 = ADVANCED_FACE ( 'NONE', ( #3673 ), #1011, .F. ) ;
#4057 = CARTESIAN_POINT ( 'NONE',  ( 3.510458703055677088, 35.92896222341775569, -3.535533905932756404 ) ) ;
#4058 = VECTOR ( 'NONE', #1, 1000.000000000000000 ) ;
#4059 = ADVANCED_FACE ( 'NONE', ( #3335 ), #174, .F. ) ;
#4060 = CARTESIAN_POINT ( 'NONE',  ( -4.000000000000000888, 26.00000000000000000, 9.000000000000001776 ) ) ;
#4061 = CIRCLE ( 'NONE', #4207, 1.250000000000007994 ) ;
#4062 = ORIENTED_EDGE ( 'NONE', *, *, #1879, .T. ) ;
#4063 = FACE_BOUND ( 'NONE', #4165, .T. ) ;
#4064 = DIRECTION ( 'NONE',  ( -0.000000000000000000, -0.000000000000000000, -1.000000000000000000 ) ) ;
#4065 = ORIENTED_EDGE ( 'NONE', *, *, #2969, .F. ) ;
#4066 = CARTESIAN_POINT ( 'NONE',  ( -24.99287058717094823, -24.64369581343265025, 0.000000000000000000 ) ) ;
#4067 = VERTEX_POINT ( 'NONE', #280 ) ;
#4068 = DIRECTION ( 'NONE',  ( -0.000000000000000000, -0.000000000000000000, 1.000000000000000000 ) ) ;
#4069 = ORIENTED_EDGE ( 'NONE', *, *, #1665, .F. ) ;
#4070 = CARTESIAN_POINT ( 'NONE',  ( 3.000000000000000000, -26.00000000000000000, 4.500000000000000000 ) ) ;
#4071 = DIRECTION ( 'NONE',  ( -0.000000000000000000, -0.000000000000000000, 1.000000000000000000 ) ) ;
#4072 = AXIS2_PLACEMENT_3D ( 'NONE', #2789, #2741, #4330 ) ;
#4073 = VECTOR ( 'NONE', #601, 1000.000000000000000 ) ;
#4074 = ORIENTED_EDGE ( 'NONE', *, *, #2185, .F. ) ;
#4075 = ORIENTED_EDGE ( 'NONE', *, *, #1215, .T. ) ;
#4076 = CARTESIAN_POINT ( 'NONE',  ( -1.699999999999999956, 26.00000000000000000, 7.000000000000000000 ) ) ;
#4077 = CARTESIAN_POINT ( 'NONE',  ( -35.71612924732121996, -4.511996408314707274, 2.000000000000000000 ) ) ;
#4078 = AXIS2_PLACEMENT_3D ( 'NONE', #3464, #3435, #4906 ) ;
#4079 = CARTESIAN_POINT ( 'NONE',  ( -9.874611797497777843, 34.23803458662563770, 2.000000000000000000 ) ) ;
#4080 = FACE_OUTER_BOUND ( 'NONE', #3404, .T. ) ;
#4081 = EDGE_LOOP ( 'NONE', ( #4041, #1680 ) ) ;
#4082 = EDGE_CURVE ( 'NONE', #4772, #1784, #565, .T. ) ;
#4083 = ORIENTED_EDGE ( 'NONE', *, *, #1322, .T. ) ;
#4084 = DIRECTION ( 'NONE',  ( 1.000000000000000000, 0.000000000000000000, 0.000000000000000000 ) ) ;
#4085 = ADVANCED_FACE ( 'NONE', ( #961 ), #2865, .F. ) ;
#4086 = CARTESIAN_POINT ( 'NONE',  ( -26.24287058717094823, -24.64369581343265025, -3.535533905932756404 ) ) ;
#4087 = VERTEX_POINT ( 'NONE', #1483 ) ;
#4088 = CIRCLE ( 'NONE', #3017, 1.250000000000000222 ) ;
#4089 = EDGE_CURVE ( 'NONE', #827, #169, #1223, .T. ) ;
#4090 = DIRECTION ( 'NONE',  ( -0.000000000000000000, -0.000000000000000000, 1.000000000000000000 ) ) ;
#4091 = CARTESIAN_POINT ( 'NONE',  ( 24.19726363095276866, -27.73847673992845486, -3.535533905932756404 ) ) ;
#4092 = ORIENTED_EDGE ( 'NONE', *, *, #3513, .F. ) ;
#4093 = DIRECTION ( 'NONE',  ( -0.000000000000000000, -0.000000000000000000, 1.000000000000000000 ) ) ;
#4094 = EDGE_LOOP ( 'NONE', ( #3951, #2326, #1052, #335 ) ) ;
#4095 = AXIS2_PLACEMENT_3D ( 'NONE', #3781, #4970, #4 ) ;
#4096 = LINE ( 'NONE', #1780, #1502 ) ;
#4097 = DIRECTION ( 'NONE',  ( -0.000000000000000000, -0.000000000000000000, -1.000000000000000000 ) ) ;
#4098 = ORIENTED_EDGE ( 'NONE', *, *, #2246, .F. ) ;
#4099 = LINE ( 'NONE', #2483, #2564 ) ;
#4100 = VECTOR ( 'NONE', #1008, 1000.000000000000000 ) ;
#4101 = DIRECTION ( 'NONE',  ( -0.000000000000000000, -0.000000000000000000, 1.000000000000000000 ) ) ;
#4102 = AXIS2_PLACEMENT_3D ( 'NONE', #2549, #4090, #636 ) ;
#4103 = DIRECTION ( 'NONE',  ( 1.000000000000000000, 0.000000000000000000, 0.000000000000000000 ) ) ;
#4104 = DIRECTION ( 'NONE',  ( 1.000000000000000000, 0.000000000000000000, 0.000000000000000000 ) ) ;
#4105 = AXIS2_PLACEMENT_3D ( 'NONE', #4809, #774, #2875 ) ;
#4106 = AXIS2_PLACEMENT_3D ( 'NONE', #1427, #3001, #4504 ) ;
#4107 = ORIENTED_EDGE ( 'NONE', *, *, #1435, .F. ) ;
#4108 = CARTESIAN_POINT ( 'NONE',  ( -34.46612924732121996, -4.511996408314707274, -3.535533905932756404 ) ) ;
#4109 = DIRECTION ( 'NONE',  ( -0.000000000000000000, -0.000000000000000000, 1.000000000000000000 ) ) ;
#4110 = VERTEX_POINT ( 'NONE', #327 ) ;
#4111 = CARTESIAN_POINT ( 'NONE',  ( 27.49287058717113297, 24.64369581343245486, 0.000000000000000000 ) ) ;
#4112 = DIRECTION ( 'NONE',  ( -0.000000000000000000, -0.000000000000000000, -1.000000000000000000 ) ) ;
#4113 = ORIENTED_EDGE ( 'NONE', *, *, #2253, .T. ) ;
#4114 = DIRECTION ( 'NONE',  ( -0.000000000000000000, -0.000000000000000000, 1.000000000000000000 ) ) ;
#4115 = ORIENTED_EDGE ( 'NONE', *, *, #3397, .T. ) ;
#4116 = EDGE_LOOP ( 'NONE', ( #4837, #4007, #4489, #655 ) ) ;
#4117 = CARTESIAN_POINT ( 'NONE',  ( 26.24287058717113297, 24.64369581343245486, 2.000000000000000000 ) ) ;
#4118 = DIRECTION ( 'NONE',  ( -1.000000000000000000, 0.000000000000000000, 0.000000000000000000 ) ) ;
#4119 = ORIENTED_EDGE ( 'NONE', *, *, #3310, .T. ) ;
#4120 = CARTESIAN_POINT ( 'NONE',  ( -22.94726363095296762, -27.73847673992830209, 0.000000000000000000 ) ) ;
#4121 = LINE ( 'NONE', #650, #4563 ) ;
#4122 = CARTESIAN_POINT ( 'NONE',  ( 34.72195349197723857, 13.25248389664795212, 0.000000000000000000 ) ) ;
#4123 = DIRECTION ( 'NONE',  ( -0.000000000000000000, -0.000000000000000000, 1.000000000000000000 ) ) ;
#4124 = ORIENTED_EDGE ( 'NONE', *, *, #3306, .T. ) ;
#4125 = LINE ( 'NONE', #3012, #2399 ) ;
#4126 = CIRCLE ( 'NONE', #3317, 1.250000000000001110 ) ;
#4127 = DIRECTION ( 'NONE',  ( -1.000000000000000000, 0.000000000000000000, 0.000000000000000000 ) ) ;
#4128 = ORIENTED_EDGE ( 'NONE', *, *, #2056, .F. ) ;
#4129 = EDGE_CURVE ( 'NONE', #1324, #5000, #3360, .T. ) ;
#4130 = FACE_BOUND ( 'NONE', #1061, .T. ) ;
#4131 = DIRECTION ( 'NONE',  ( 1.000000000000000000, 0.000000000000000000, 0.000000000000000000 ) ) ;
#4132 = CIRCLE ( 'NONE', #2108, 1.250000000000001110 ) ;
#4133 = EDGE_LOOP ( 'NONE', ( #348, #4955, #36, #3137 ) ) ;
#4134 = DIRECTION ( 'NONE',  ( 1.000000000000000000, 5.252465045583578824E-15, -0.000000000000000000 ) ) ;
#4135 = ORIENTED_EDGE ( 'NONE', *, *, #707, .F. ) ;
#4136 = EDGE_CURVE ( 'NONE', #1842, #1107, #4867, .T. ) ;
#4137 = CARTESIAN_POINT ( 'NONE',  ( 35.71612924732126260, 4.511996408314459472, 0.000000000000000000 ) ) ;
#4138 = ADVANCED_FACE ( 'NONE', ( #2706, #2269, #3409, #4985, #3814, #4961, #1132, #3430, #2609, #4918, #2682, #1841, #374, #1914, #721, #743, #3036, #305, #2296, #3844, #4618, #3061, #2633, #1887, #3795, #3384, #4195, #3456, #2245, #700, #4249, #1512, #1112, #4562, #1536, #4938, #1434, #2659, #1459, #5007, #4640, #3083, #775, #2322, #1814, #2991, #4539, #1089, #1058, #676, #4150, #2217, #2453, #3950 ), #4353, .F. ) ;
#4139 = EDGE_CURVE ( 'NONE', #70, #1612, #2673, .T. ) ;
#4140 = DIRECTION ( 'NONE',  ( 1.000000000000000000, 0.000000000000000000, 0.000000000000000000 ) ) ;
#4141 = VERTEX_POINT ( 'NONE', #3111 ) ;
#4142 = CARTESIAN_POINT ( 'NONE',  ( -32.79704048157919516, -17.34313226766155935, 0.000000000000000000 ) ) ;
#4143 = ORIENTED_EDGE ( 'NONE', *, *, #182, .F. ) ;
#4144 = ADVANCED_FACE ( 'NONE', ( #495 ), #422, .F. ) ;
#4145 = EDGE_CURVE ( 'NONE', #2179, #671, #3967, .T. ) ;
#4146 = CARTESIAN_POINT ( 'NONE',  ( 22.94726363095315591, 27.73847673992813867, 0.000000000000000000 ) ) ;
#4147 = EDGE_CURVE ( 'NONE', #1194, #1059, #4628, .T. ) ;
#4148 = CARTESIAN_POINT ( 'NONE',  ( 26.24287058717076349, -24.64369581343283500, 0.000000000000000000 ) ) ;
#4149 = AXIS2_PLACEMENT_3D ( 'NONE', #691, #3836, #2674 ) ;
#4150 = FACE_BOUND ( 'NONE', #4853, .T. ) ;
#4151 = CIRCLE ( 'NONE', #4810, 1.250000000000001110 ) ;
#4152 = VERTEX_POINT ( 'NONE', #2834 ) ;
#4153 = FACE_OUTER_BOUND ( 'NONE', #4621, .T. ) ;
#4154 = CIRCLE ( 'NONE', #3912, 1.250000000000001110 ) ;
#4155 = VECTOR ( 'NONE', #3575, 1000.000000000000000 ) ;
#4156 = DIRECTION ( 'NONE',  ( -0.000000000000000000, -0.000000000000000000, 1.000000000000000000 ) ) ;
#4157 = VERTEX_POINT ( 'NONE', #2036 ) ;
#4158 = DIRECTION ( 'NONE',  ( 0.000000000000000000, 0.000000000000000000, -1.000000000000000000 ) ) ;
#4159 = FACE_BOUND ( 'NONE', #281, .T. ) ;
#4160 = CARTESIAN_POINT ( 'NONE',  ( 3.999999999999996447, 28.31187913226530739, 9.000000000000001776 ) ) ;
#4161 = DIRECTION ( 'NONE',  ( -0.000000000000000000, -0.000000000000000000, -1.000000000000000000 ) ) ;
#4162 = CIRCLE ( 'NONE', #3775, 1.250000000000001110 ) ;
#4163 = DIRECTION ( 'NONE',  ( -0.000000000000000000, -0.000000000000000000, 1.000000000000000000 ) ) ;
#4164 = ADVANCED_FACE ( 'NONE', ( #1191 ), #3483, .F. ) ;
#4165 = EDGE_LOOP ( 'NONE', ( #5, #3674 ) ) ;
#4166 = VERTEX_POINT ( 'NONE', #1963 ) ;
#4167 = DIRECTION ( 'NONE',  ( 0.000000000000000000, 0.000000000000000000, 1.000000000000000000 ) ) ;
#4168 = ORIENTED_EDGE ( 'NONE', *, *, #90, .F. ) ;
#4169 = DIRECTION ( 'NONE',  ( -0.000000000000000000, -0.000000000000000000, 1.000000000000000000 ) ) ;
#4170 = VECTOR ( 'NONE', #1521, 1000.000000000000000 ) ;
#4171 = AXIS2_PLACEMENT_3D ( 'NONE', #3411, #1413, #4517 ) ;
#4172 = DIRECTION ( 'NONE',  ( 0.000000000000000000, 0.000000000000000000, 1.000000000000000000 ) ) ;
#4173 = DIRECTION ( 'NONE',  ( 1.000000000000000000, 0.000000000000000000, 0.000000000000000000 ) ) ;
#4174 = AXIS2_PLACEMENT_3D ( 'NONE', #2860, #1766, #4866 ) ;
#4175 = VERTEX_POINT ( 'NONE', #4278 ) ;
#4176 = CIRCLE ( 'NONE', #1990, 1.250000000000001110 ) ;
#4177 = FACE_OUTER_BOUND ( 'NONE', #2144, .T. ) ;
#4178 = CIRCLE ( 'NONE', #2622, 1.250000000000007994 ) ;
#4179 = DIRECTION ( 'NONE',  ( -0.000000000000000000, -0.000000000000000000, -1.000000000000000000 ) ) ;
#4180 = ORIENTED_EDGE ( 'NONE', *, *, #765, .F. ) ;
#4181 = CARTESIAN_POINT ( 'NONE',  ( 1.500000000000000000, 26.00000000000000000, 3.013393125268148953 ) ) ;
#4182 = CIRCLE ( 'NONE', #3292, 1.250000000000001110 ) ;
#4183 = CARTESIAN_POINT ( 'NONE',  ( 0.000000000000000000, 0.000000000000000000, 2.000000000000000000 ) ) ;
#4184 = CARTESIAN_POINT ( 'NONE',  ( 36.96612924732120575, -4.511996408314965734, -3.535533905932756404 ) ) ;
#4185 = ORIENTED_EDGE ( 'NONE', *, *, #244, .T. ) ;
#4186 = CARTESIAN_POINT ( 'NONE',  ( 34.72195349197705383, -13.25248389664843529, 2.000000000000000000 ) ) ;
#4187 = CARTESIAN_POINT ( 'NONE',  ( -22.94726363095257327, 27.73847673992861829, 2.000000000000000000 ) ) ;
#4188 = ORIENTED_EDGE ( 'NONE', *, *, #646, .T. ) ;
#4189 = EDGE_LOOP ( 'NONE', ( #4861, #2247, #1371, #3627 ) ) ;
#4190 = DIRECTION ( 'NONE',  ( -0.000000000000000000, -0.000000000000000000, 1.000000000000000000 ) ) ;
#4191 = EDGE_LOOP ( 'NONE', ( #3414, #2555 ) ) ;
#4192 = EDGE_CURVE ( 'NONE', #1745, #2904, #1876, .T. ) ;
#4193 = CARTESIAN_POINT ( 'NONE',  ( 3.999999999999996447, 28.31187913226530739, 9.000000000000001776 ) ) ;
#4194 = LINE ( 'NONE', #4616, #625 ) ;
#4195 = FACE_BOUND ( 'NONE', #927, .T. ) ;
#4196 = ORIENTED_EDGE ( 'NONE', *, *, #271, .F. ) ;
#4197 = EDGE_CURVE ( 'NONE', #4363, #1770, #851, .T. ) ;
#4198 = VERTEX_POINT ( 'NONE', #2346 ) ;
#4199 = FACE_OUTER_BOUND ( 'NONE', #1402, .T. ) ;
#4200 = EDGE_CURVE ( 'NONE', #4198, #2058, #4770, .T. ) ;
#4201 = CARTESIAN_POINT ( 'NONE',  ( -4.000000000000000888, 26.00000000000000000, 9.000000000000001776 ) ) ;
#4202 = ADVANCED_FACE ( 'NONE', ( #22 ), #3894, .F. ) ;
#4203 = ORIENTED_EDGE ( 'NONE', *, *, #621, .T. ) ;
#4204 = AXIS2_PLACEMENT_3D ( 'NONE', #3861, #438, #1550 ) ;
#4205 = CARTESIAN_POINT ( 'NONE',  ( -4.000000000000182077, -25.99999999999997158, 9.000000000000001776 ) ) ;
#4206 = FACE_OUTER_BOUND ( 'NONE', #4254, .T. ) ;
#4207 = AXIS2_PLACEMENT_3D ( 'NONE', #4705, #79, #2796 ) ;
#4208 = EDGE_CURVE ( 'NONE', #1808, #2155, #503, .T. ) ;
#4209 = FACE_OUTER_BOUND ( 'NONE', #643, .T. ) ;
#4210 = VECTOR ( 'NONE', #1421, 1000.000000000000000 ) ;
#4211 = EDGE_CURVE ( 'NONE', #819, #2778, #1954, .T. ) ;
#4212 = ORIENTED_EDGE ( 'NONE', *, *, #1762, .T. ) ;
#4213 = DIRECTION ( 'NONE',  ( 0.000000000000000000, 0.000000000000000000, 1.000000000000000000 ) ) ;
#4214 = AXIS2_PLACEMENT_3D ( 'NONE', #4340, #135, #155 ) ;
#4215 = DIRECTION ( 'NONE',  ( 5.627641120268128170E-15, -1.000000000000000000, 0.000000000000000000 ) ) ;
#4216 = VERTEX_POINT ( 'NONE', #2010 ) ;
#4217 = ORIENTED_EDGE ( 'NONE', *, *, #646, .F. ) ;
#4218 = DIRECTION ( 'NONE',  ( 1.000000000000000000, 0.000000000000000000, 0.000000000000000000 ) ) ;
#4219 = ORIENTED_EDGE ( 'NONE', *, *, #1901, .F. ) ;
#4220 = CARTESIAN_POINT ( 'NONE',  ( 4.999999999999996447, 28.31187913226531094, 7.000000000000000000 ) ) ;
#4221 = ORIENTED_EDGE ( 'NONE', *, *, #244, .F. ) ;
#4222 = CARTESIAN_POINT ( 'NONE',  ( -14.07805449634230577, 32.57377388877684155, 0.000000000000000000 ) ) ;
#4223 = DIRECTION ( 'NONE',  ( -0.000000000000000000, -0.000000000000000000, -1.000000000000000000 ) ) ;
#4224 = ORIENTED_EDGE ( 'NONE', *, *, #118, .T. ) ;
#4225 = ORIENTED_EDGE ( 'NONE', *, *, #1763, .T. ) ;
#4226 = CARTESIAN_POINT ( 'NONE',  ( -39.00000000000000000, 0.000000000000000000, 0.000000000000000000 ) ) ;
#4227 = ORIENTED_EDGE ( 'NONE', *, *, #1541, .T. ) ;
#4228 = DIRECTION ( 'NONE',  ( 0.000000000000000000, 0.000000000000000000, 1.000000000000000000 ) ) ;
#4229 = EDGE_CURVE ( 'NONE', #2058, #3738, #3175, .T. ) ;
#4230 = DIRECTION ( 'NONE',  ( 0.000000000000000000, 0.000000000000000000, 1.000000000000000000 ) ) ;
#4231 = EDGE_LOOP ( 'NONE', ( #3569, #3386 ) ) ;
#4232 = EDGE_CURVE ( 'NONE', #623, #3477, #3100, .T. ) ;
#4233 = DIRECTION ( 'NONE',  ( -0.000000000000000000, -0.000000000000000000, 1.000000000000000000 ) ) ;
#4234 = AXIS2_PLACEMENT_3D ( 'NONE', #2140, #3256, #4868 ) ;
#4235 = FACE_OUTER_BOUND ( 'NONE', #3820, .T. ) ;
#4236 = VECTOR ( 'NONE', #4478, 1000.000000000000000 ) ;
#4237 = DIRECTION ( 'NONE',  ( -0.000000000000000000, -0.000000000000000000, 1.000000000000000000 ) ) ;
#4238 = ADVANCED_FACE ( 'NONE', ( #1992 ), #3159, .F. ) ;
#4239 = CYLINDRICAL_SURFACE ( 'NONE', #4204, 28.74999999999999645 ) ;
#4240 = FACE_OUTER_BOUND ( 'NONE', #1686, .T. ) ;
#4241 = ORIENTED_EDGE ( 'NONE', *, *, #459, .T. ) ;
#4242 = ORIENTED_EDGE ( 'NONE', *, *, #2945, .T. ) ;
#4243 = CARTESIAN_POINT ( 'NONE',  ( -1.010458703055409302, -35.92896222341775569, 0.000000000000000000 ) ) ;
#4244 = ORIENTED_EDGE ( 'NONE', *, *, #908, .T. ) ;
#4245 = DIRECTION ( 'NONE',  ( -0.000000000000000000, -0.000000000000000000, -1.000000000000000000 ) ) ;
#4246 = AXIS2_PLACEMENT_3D ( 'NONE', #1479, #2164, #3719 ) ;
#4247 = CIRCLE ( 'NONE', #4582, 28.74999999999999645 ) ;
#4248 = DIRECTION ( 'NONE',  ( -0.000000000000000000, -0.000000000000000000, 1.000000000000000000 ) ) ;
#4249 = FACE_BOUND ( 'NONE', #1400, .T. ) ;
#4250 = ORIENTED_EDGE ( 'NONE', *, *, #391, .F. ) ;
#4251 = ORIENTED_EDGE ( 'NONE', *, *, #4622, .T. ) ;
#4252 = CIRCLE ( 'NONE', #3521, 1.250000000000001110 ) ;
#4253 = CARTESIAN_POINT ( 'NONE',  ( 6.745727325086488868, 35.36234102623271269, 0.000000000000000000 ) ) ;
#4254 = EDGE_LOOP ( 'NONE', ( #2298, #2604, #949, #3337 ) ) ;
#4255 = DIRECTION ( 'NONE',  ( 0.000000000000000000, 0.000000000000000000, 1.000000000000000000 ) ) ;
#4256 = AXIS2_PLACEMENT_3D ( 'NONE', #3898, #4748, #2380 ) ;
#4257 = CARTESIAN_POINT ( 'NONE',  ( 6.745727325086488868, 35.36234102623271269, -3.535533905932756404 ) ) ;
#4258 = ORIENTED_EDGE ( 'NONE', *, *, #2445, .T. ) ;
#4259 = DIRECTION ( 'NONE',  ( -0.000000000000000000, -0.000000000000000000, 1.000000000000000000 ) ) ;
#4260 = ORIENTED_EDGE ( 'NONE', *, *, #2351, .F. ) ;
#4261 = CARTESIAN_POINT ( 'NONE',  ( -16.57805449634230754, 32.57377388877684155, -3.535533905932756404 ) ) ;
#4262 = AXIS2_PLACEMENT_3D ( 'NONE', #2107, #3661, #2450 ) ;
#4263 = CARTESIAN_POINT ( 'NONE',  ( 15.32805449634299322, 32.57377388877652891, 0.000000000000000000 ) ) ;
#4264 = ORIENTED_EDGE ( 'NONE', *, *, #2631, .T. ) ;
#4266 = DIRECTION ( 'NONE',  ( -1.000000000000000000, 0.000000000000000000, 0.000000000000000000 ) ) ;
#4265 = CIRCLE ( 'NONE', #2071, 1.249999999999999334 ) ;
#4267 = CIRCLE ( 'NONE', #2072, 3.000000000000000000 ) ;
#4268 = DIRECTION ( 'NONE',  ( 1.000000000000000000, 0.000000000000000000, 0.000000000000000000 ) ) ;
#4269 = CARTESIAN_POINT ( 'NONE',  ( 21.69726363095315591, 27.73847673992813867, -3.535533905932756404 ) ) ;
#4270 = ORIENTED_EDGE ( 'NONE', *, *, #4311, .T. ) ;
#4271 = ORIENTED_EDGE ( 'NONE', *, *, #2727, .T. ) ;
#4272 = DIRECTION ( 'NONE',  ( -0.000000000000000000, -0.000000000000000000, 1.000000000000000000 ) ) ;
#4273 = ORIENTED_EDGE ( 'NONE', *, *, #312, .T. ) ;
#4274 = DIRECTION ( 'NONE',  ( -0.000000000000000000, -0.000000000000000000, -1.000000000000000000 ) ) ;
#4275 = EDGE_CURVE ( 'NONE', #819, #3958, #4745, .T. ) ;
#4276 = EDGE_LOOP ( 'NONE', ( #3198, #4188, #4519, #4338 ) ) ;
#4277 = CARTESIAN_POINT ( 'NONE',  ( -9.874611797497777843, 34.23803458662563770, 0.000000000000000000 ) ) ;
#4278 = CARTESIAN_POINT ( 'NONE',  ( 1.699999999999999956, 26.00000000000000000, 4.500000000000000000 ) ) ;
#4279 = EDGE_LOOP ( 'NONE', ( #3762, #3085, #3319, #4128 ) ) ;
#4280 = EDGE_LOOP ( 'NONE', ( #4260, #590, #3462, #1081 ) ) ;
#4281 = DIRECTION ( 'NONE',  ( -1.125528224053625752E-15, -1.000000000000000000, 0.000000000000000000 ) ) ;
#4282 = ORIENTED_EDGE ( 'NONE', *, *, #2027, .F. ) ;
#4283 = CARTESIAN_POINT ( 'NONE',  ( -4.000000000000194511, -28.31187913226527897, 7.000000000000000000 ) ) ;
#4284 = CYLINDRICAL_SURFACE ( 'NONE', #2793, 1.249999999999999778 ) ;
#4285 = EDGE_LOOP ( 'NONE', ( #3160, #3562, #2734, #559 ) ) ;
#4286 = CARTESIAN_POINT ( 'NONE',  ( -3.999999999999998224, 28.31187913226530739, 7.000000000000000000 ) ) ;
#4287 = EDGE_CURVE ( 'NONE', #2956, #1273, #2910, .T. ) ;
#4288 = ORIENTED_EDGE ( 'NONE', *, *, #487, .F. ) ;
#4289 = CARTESIAN_POINT ( 'NONE',  ( 33.47195349197723147, 13.25248389664795212, 2.000000000000000000 ) ) ;
#4290 = DIRECTION ( 'NONE',  ( -0.000000000000000000, -0.000000000000000000, -1.000000000000000000 ) ) ;
#4291 = EDGE_CURVE ( 'NONE', #4490, #4331, #3664, .T. ) ;
#4292 = DIRECTION ( 'NONE',  ( 0.000000000000000000, 0.000000000000000000, 1.000000000000000000 ) ) ;
#4293 = CIRCLE ( 'NONE', #1936, 19.00000000000000000 ) ;
#4294 = CARTESIAN_POINT ( 'NONE',  ( -15.32805449634230399, 32.57377388877684155, 2.000000000000000000 ) ) ;
#4295 = AXIS2_PLACEMENT_3D ( 'NONE', #2939, #4032, #4466 ) ;
#4296 = CYLINDRICAL_SURFACE ( 'NONE', #278, 1.250000000000001110 ) ;
#4297 = EDGE_CURVE ( 'NONE', #2473, #816, #28, .T. ) ;
#4298 = VERTEX_POINT ( 'NONE', #2161 ) ;
#4299 = ADVANCED_FACE ( 'NONE', ( #3663 ), #955, .F. ) ;
#4300 = DIRECTION ( 'NONE',  ( 1.000000000000000000, 0.000000000000000000, 0.000000000000000000 ) ) ;
#4301 = VECTOR ( 'NONE', #1897, 1000.000000000000000 ) ;
#4302 = CARTESIAN_POINT ( 'NONE',  ( 22.94726363095276866, -27.73847673992845486, 2.000000000000000000 ) ) ;
#4303 = ORIENTED_EDGE ( 'NONE', *, *, #3978, .T. ) ;
#4304 = CARTESIAN_POINT ( 'NONE',  ( 33.61899380063083953, 8.952835937934295885, -3.535533905932756404 ) ) ;
#4305 = CARTESIAN_POINT ( 'NONE',  ( 11.12461179749849549, 34.23803458662540322, 0.000000000000000000 ) ) ;
#4306 = AXIS2_PLACEMENT_3D ( 'NONE', #2300, #1093, #4991 ) ;
#4307 = ORIENTED_EDGE ( 'NONE', *, *, #4749, .F. ) ;
#4308 = VERTEX_POINT ( 'NONE', #3219 ) ;
#4309 = ADVANCED_FACE ( 'NONE', ( #2110 ), #4960, .F. ) ;
#4310 = EDGE_CURVE ( 'NONE', #4141, #2790, #588, .T. ) ;
#4311 = EDGE_CURVE ( 'NONE', #1114, #3272, #4398, .T. ) ;
#4312 = CARTESIAN_POINT ( 'NONE',  ( 0.000000000000000000, 0.000000000000000000, 2.000000000000000000 ) ) ;
#4313 = EDGE_LOOP ( 'NONE', ( #1520, #3475 ) ) ;
#4314 = CARTESIAN_POINT ( 'NONE',  ( 1.010458703055676422, 35.92896222341775569, 0.000000000000000000 ) ) ;
#4315 = ORIENTED_EDGE ( 'NONE', *, *, #1420, .F. ) ;
#4316 = DIRECTION ( 'NONE',  ( -0.000000000000000000, -0.000000000000000000, 1.000000000000000000 ) ) ;
#4317 = EDGE_LOOP ( 'NONE', ( #1779, #4352 ) ) ;
#4318 = CARTESIAN_POINT ( 'NONE',  ( -11.12461179749777784, 34.23803458662563770, 2.000000000000000000 ) ) ;
#4319 = AXIS2_PLACEMENT_3D ( 'NONE', #4888, #1407, #4796 ) ;
#4320 = CARTESIAN_POINT ( 'NONE',  ( -36.00000000000000000, 2.513866563967056016E-13, 2.000000000000000000 ) ) ;
#4321 = CYLINDRICAL_SURFACE ( 'NONE', #1295, 1.249999999999999334 ) ;
#4322 = CIRCLE ( 'NONE', #4407, 1.250000000000001110 ) ;
#4323 = ORIENTED_EDGE ( 'NONE', *, *, #3776, .F. ) ;
#4324 = DIRECTION ( 'NONE',  ( 0.000000000000000000, -1.000000000000000000, 0.000000000000000000 ) ) ;
#4325 = ORIENTED_EDGE ( 'NONE', *, *, #3330, .T. ) ;
#4326 = CARTESIAN_POINT ( 'NONE',  ( -16.57805449634276229, -32.57377388877662838, -3.535533905932756404 ) ) ;
#4327 = VERTEX_POINT ( 'NONE', #1735 ) ;
#4328 = FACE_OUTER_BOUND ( 'NONE', #618, .T. ) ;
#4329 = ORIENTED_EDGE ( 'NONE', *, *, #1149, .F. ) ;
#4330 = DIRECTION ( 'NONE',  ( 1.000000000000000000, 0.000000000000000000, 0.000000000000000000 ) ) ;
#4331 = VERTEX_POINT ( 'NONE', #199 ) ;
#4332 = VERTEX_POINT ( 'NONE', #3998 ) ;
#4333 = CARTESIAN_POINT ( 'NONE',  ( -34.46612924732121996, -4.511996408314707274, 0.000000000000000000 ) ) ;
#4334 = DIRECTION ( 'NONE',  ( 1.000000000000000000, 0.000000000000000000, 0.000000000000000000 ) ) ;
#4335 = COLOUR_RGB ( '',0.7921568627450980005, 0.8196078431372548767, 0.9333333333333333481 ) ;
#4336 = VERTEX_POINT ( 'NONE', #514 ) ;
#4337 = DIRECTION ( 'NONE',  ( -0.000000000000000000, -0.000000000000000000, 1.000000000000000000 ) ) ;
#4338 = ORIENTED_EDGE ( 'NONE', *, *, #857, .T. ) ;
#4339 = AXIS2_PLACEMENT_3D ( 'NONE', #963, #153, #2942 ) ;
#4340 = CARTESIAN_POINT ( 'NONE',  ( -31.54704048157895002, 17.34313226766200344, -3.535533905932756404 ) ) ;
#4341 = CYLINDRICAL_SURFACE ( 'NONE', #4026, 1.249999999999999334 ) ;
#4342 = CIRCLE ( 'NONE', #2146, 1.250000000000001110 ) ;
#4343 = DIRECTION ( 'NONE',  ( -0.000000000000000000, -0.000000000000000000, 1.000000000000000000 ) ) ;
#4344 = AXIS2_PLACEMENT_3D ( 'NONE', #3321, #4475, #1826 ) ;
#4345 = VECTOR ( 'NONE', #932, 1000.000000000000000 ) ;
#4346 = DIRECTION ( 'NONE',  ( -0.000000000000000000, -0.000000000000000000, -1.000000000000000000 ) ) ;
#4347 = DIRECTION ( 'NONE',  ( -0.000000000000000000, -0.000000000000000000, 1.000000000000000000 ) ) ;
#4348 = LINE ( 'NONE', #3964, #1200 ) ;
#4349 = ORIENTED_EDGE ( 'NONE', *, *, #1817, .F. ) ;
#4350 = AXIS2_PLACEMENT_3D ( 'NONE', #1675, #869, #2418 ) ;
#4351 = DIRECTION ( 'NONE',  ( 0.000000000000000000, 0.000000000000000000, 1.000000000000000000 ) ) ;
#4352 = ORIENTED_EDGE ( 'NONE', *, *, #2936, .F. ) ;
#4353 = PLANE ( 'NONE',  #1537 ) ;
#4354 = ORIENTED_EDGE ( 'NONE', *, *, #3374, .T. ) ;
#4355 = EDGE_CURVE ( 'NONE', #4198, #1255, #2616, .T. ) ;
#4356 = VERTEX_POINT ( 'NONE', #2508 ) ;
#4357 = ORIENTED_EDGE ( 'NONE', *, *, #3301, .T. ) ;
#4358 = CARTESIAN_POINT ( 'NONE',  ( -22.94726363095257327, 27.73847673992861829, -3.535533905932756404 ) ) ;
#4359 = CARTESIAN_POINT ( 'NONE',  ( 24.19726363095276866, -27.73847673992845486, 0.000000000000000000 ) ) ;
#4360 = VECTOR ( 'NONE', #338, 1000.000000000000000 ) ;
#4361 = ORIENTED_EDGE ( 'NONE', *, *, #1354, .F. ) ;
#4362 = EDGE_CURVE ( 'NONE', #4499, #1760, #1473, .T. ) ;
#4363 = VERTEX_POINT ( 'NONE', #2084 ) ;
#4364 = LINE ( 'NONE', #3190, #2475 ) ;
#4365 = ADVANCED_FACE ( 'NONE', ( #1310 ), #1404, .F. ) ;
#4366 = ADVANCED_FACE ( 'NONE', ( #2960 ), #4024, .F. ) ;
#4367 = DIRECTION ( 'NONE',  ( 0.000000000000000000, 0.000000000000000000, 1.000000000000000000 ) ) ;
#4368 = EDGE_CURVE ( 'NONE', #3204, #787, #3692, .T. ) ;
#4369 = CARTESIAN_POINT ( 'NONE',  ( -3.999999999999998224, 28.31187913226530739, 9.000000000000001776 ) ) ;
#4370 = ADVANCED_FACE ( 'NONE', ( #1706 ), #146, .F. ) ;
#4371 = FACE_BOUND ( 'NONE', #3027, .T. ) ;
#4372 = ADVANCED_FACE ( 'NONE', ( #3250 ), #926, .F. ) ;
#4373 = CIRCLE ( 'NONE', #2521, 4.000000000000000888 ) ;
#4374 = DIRECTION ( 'NONE',  ( 1.000000000000000000, 0.000000000000000000, 0.000000000000000000 ) ) ;
#4375 = VERTEX_POINT ( 'NONE', #714 ) ;
#4376 = DIRECTION ( 'NONE',  ( 1.000000000000000000, 0.000000000000000000, 0.000000000000000000 ) ) ;
#4377 = CARTESIAN_POINT ( 'NONE',  ( 29.12461179749808338, -21.16026908252907646, 0.000000000000000000 ) ) ;
#4378 = ORIENTED_EDGE ( 'NONE', *, *, #2193, .F. ) ;
#4379 = CYLINDRICAL_SURFACE ( 'NONE', #2125, 1.250000000000001110 ) ;
#4380 = VECTOR ( 'NONE', #4415, 1000.000000000000000 ) ;
#4381 = DIRECTION ( 'NONE',  ( 1.000000000000000000, 0.000000000000000000, 0.000000000000000000 ) ) ;
#4382 = ORIENTED_EDGE ( 'NONE', *, *, #2884, .F. ) ;
#4383 = AXIS2_PLACEMENT_3D ( 'NONE', #2175, #2129, #639 ) ;
#4384 = ORIENTED_EDGE ( 'NONE', *, *, #2035, .F. ) ;
#4385 = CARTESIAN_POINT ( 'NONE',  ( -9.874611797498259236, -34.23803458662548138, 2.000000000000000000 ) ) ;
#4386 = DIRECTION ( 'NONE',  ( -0.000000000000000000, -0.000000000000000000, -1.000000000000000000 ) ) ;
#4387 = AXIS2_PLACEMENT_3D ( 'NONE', #1792, #2665, #2250 ) ;
#4388 = CARTESIAN_POINT ( 'NONE',  ( -12.37461179749825746, -34.23803458662548138, -3.535533905932756404 ) ) ;
#4389 =( NAMED_UNIT ( * ) SI_UNIT ( $, .STERADIAN. ) SOLID_ANGLE_UNIT ( ) );
#4390 = VERTEX_POINT ( 'NONE', #3422 ) ;
#4391 = CARTESIAN_POINT ( 'NONE',  ( -36.96612924732121996, -4.511996408314707274, 2.000000000000000000 ) ) ;
#4392 = EDGE_CURVE ( 'NONE', #2543, #4516, #4976, .T. ) ;
#4393 = CARTESIAN_POINT ( 'NONE',  ( -4.000000000000000888, 26.00000000000000000, 9.000000000000001776 ) ) ;
#4394 = EDGE_CURVE ( 'NONE', #2627, #4175, #3340, .T. ) ;
#4395 = EDGE_LOOP ( 'NONE', ( #345, #2037, #46, #1590 ) ) ;
#4396 = FACE_BOUND ( 'NONE', #1889, .T. ) ;
#4397 = ORIENTED_EDGE ( 'NONE', *, *, #2776, .F. ) ;
#4398 = CIRCLE ( 'NONE', #3415, 30.75000000000000355 ) ;
#4399 = DIRECTION ( 'NONE',  ( 1.000000000000000000, -6.938893903907228378E-15, 0.000000000000000000 ) ) ;
#4400 = AXIS2_PLACEMENT_3D ( 'NONE', #739, #4958, #1110 ) ;
#4401 = DIRECTION ( 'NONE',  ( -0.000000000000000000, -0.000000000000000000, 1.000000000000000000 ) ) ;
#4402 = CARTESIAN_POINT ( 'NONE',  ( 4.999999999999819700, -26.00000000000003197, 9.000000000000001776 ) ) ;
#4403 = AXIS2_PLACEMENT_3D ( 'NONE', #2136, #4791, #4456 ) ;
#4404 = CYLINDRICAL_SURFACE ( 'NONE', #3784, 1.249999999999999334 ) ;
#4405 = AXIS2_PLACEMENT_3D ( 'NONE', #842, #1625, #4709 ) ;
#4406 = CYLINDRICAL_SURFACE ( 'NONE', #669, 1.249999999999999334 ) ;
#4407 = AXIS2_PLACEMENT_3D ( 'NONE', #2828, #2446, #4374 ) ;
#4408 = DIRECTION ( 'NONE',  ( 1.000000000000000000, 0.000000000000000000, 0.000000000000000000 ) ) ;
#4409 = ORIENTED_EDGE ( 'NONE', *, *, #3818, .T. ) ;
#4410 = EDGE_LOOP ( 'NONE', ( #715, #1202, #32, #1965 ) ) ;
#4411 = LINE ( 'NONE', #2063, #58 ) ;
#4412 = CIRCLE ( 'NONE', #283, 1.250000000000001110 ) ;
#4413 = CARTESIAN_POINT ( 'NONE',  ( 0.000000000000000000, -26.00000000000000000, 3.013393125268148953 ) ) ;
#4414 = CARTESIAN_POINT ( 'NONE',  ( 34.46612924732120575, -4.511996408314965734, -3.535533905932756404 ) ) ;
#4415 = DIRECTION ( 'NONE',  ( -3.751760746845413587E-16, 1.000000000000000000, 0.000000000000000000 ) ) ;
#4416 = VERTEX_POINT ( 'NONE', #4954 ) ;
#4417 = EDGE_LOOP ( 'NONE', ( #4384, #4920 ) ) ;
#4418 = LINE ( 'NONE', #4108, #2806 ) ;
#4419 = AXIS2_PLACEMENT_3D ( 'NONE', #2962, #347, #4218 ) ;
#4420 = DIRECTION ( 'NONE',  ( 1.000000000000000000, 0.000000000000000000, 0.000000000000000000 ) ) ;
#4421 = ORIENTED_EDGE ( 'NONE', *, *, #621, .F. ) ;
#4422 = CIRCLE ( 'NONE', #687, 1.250000000000007994 ) ;
#4423 = FACE_BOUND ( 'NONE', #3056, .T. ) ;
#4424 = CIRCLE ( 'NONE', #3358, 1.250000000000001110 ) ;
#4425 = DIRECTION ( 'NONE',  ( -0.000000000000000000, -0.000000000000000000, -1.000000000000000000 ) ) ;
#4426 = ORIENTED_EDGE ( 'NONE', *, *, #482, .T. ) ;
#4427 = CYLINDRICAL_SURFACE ( 'NONE', #3019, 1.250000000000001110 ) ;
#4428 = CIRCLE ( 'NONE', #375, 19.00000000000000000 ) ;
#4429 = ADVANCED_FACE ( 'NONE', ( #3004 ), #3025, .F. ) ;
#4430 = CIRCLE ( 'NONE', #59, 1.699999999999999956 ) ;
#4431 = ORIENTED_EDGE ( 'NONE', *, *, #336, .T. ) ;
#4432 = CARTESIAN_POINT ( 'NONE',  ( 0.000000000000000000, -26.00000000000000000, 4.500000000000000000 ) ) ;
#4433 = DIRECTION ( 'NONE',  ( 0.000000000000000000, 0.000000000000000000, 1.000000000000000000 ) ) ;
#4434 = AXIS2_PLACEMENT_3D ( 'NONE', #1742, #2487, #551 ) ;
#4435 = EDGE_CURVE ( 'NONE', #1255, #4198, #2695, .T. ) ;
#4436 = DIRECTION ( 'NONE',  ( -0.000000000000000000, -0.000000000000000000, 1.000000000000000000 ) ) ;
#4437 = EDGE_LOOP ( 'NONE', ( #2297, #1708 ) ) ;
#4438 = CARTESIAN_POINT ( 'NONE',  ( 16.57805449634254202, -32.57377388877674207, 0.000000000000000000 ) ) ;
#4439 = EDGE_CURVE ( 'NONE', #1253, #567, #2369, .T. ) ;
#4440 = CARTESIAN_POINT ( 'NONE',  ( -30.37461179749791640, 21.16026908252928962, -3.535533905932756404 ) ) ;
#4441 = CARTESIAN_POINT ( 'NONE',  ( -1.699999999999999956, 26.00000000000000000, 4.500000000000000000 ) ) ;
#4442 = DIRECTION ( 'NONE',  ( -0.000000000000000000, -0.000000000000000000, 1.000000000000000000 ) ) ;
#4443 = ORIENTED_EDGE ( 'NONE', *, *, #4590, .F. ) ;
#4444 = ORIENTED_EDGE ( 'NONE', *, *, #3828, .T. ) ;
#4445 = DIRECTION ( 'NONE',  ( -0.000000000000000000, -0.000000000000000000, 1.000000000000000000 ) ) ;
#4446 = DIRECTION ( 'NONE',  ( -0.000000000000000000, -0.000000000000000000, 1.000000000000000000 ) ) ;
#4447 = ORIENTED_EDGE ( 'NONE', *, *, #249, .F. ) ;
#4448 = FACE_BOUND ( 'NONE', #3796, .T. ) ;
#4449 = DIRECTION ( 'NONE',  ( 1.000000000000000000, 0.000000000000000000, 0.000000000000000000 ) ) ;
#4450 = EDGE_LOOP ( 'NONE', ( #2953, #1090 ) ) ;
#4451 = DIRECTION ( 'NONE',  ( -0.000000000000000000, -0.000000000000000000, 1.000000000000000000 ) ) ;
#4452 = ORIENTED_EDGE ( 'NONE', *, *, #4435, .T. ) ;
#4453 = CARTESIAN_POINT ( 'NONE',  ( -4.999999999999998224, 28.31187913226530739, 2.000000000000000000 ) ) ;
#4454 = DIRECTION ( 'NONE',  ( -0.000000000000000000, -0.000000000000000000, 1.000000000000000000 ) ) ;
#4455 = EDGE_CURVE ( 'NONE', #3253, #1759, #2546, .T. ) ;
#4456 = DIRECTION ( 'NONE',  ( 1.000000000000000000, 0.000000000000000000, 0.000000000000000000 ) ) ;
#4457 = EDGE_CURVE ( 'NONE', #2162, #60, #1051, .T. ) ;
#4458 = ORIENTED_EDGE ( 'NONE', *, *, #3022, .T. ) ;
#4459 = VERTEX_POINT ( 'NONE', #1806 ) ;
#4460 = CARTESIAN_POINT ( 'NONE',  ( -33.61899380063064768, 8.952835937935043731, 2.000000000000000000 ) ) ;
#4461 = EDGE_LOOP ( 'NONE', ( #896, #746, #3222, #4865 ) ) ;
#4462 = AXIS2_PLACEMENT_3D ( 'NONE', #4893, #4053, #2092 ) ;
#4463 = FACE_OUTER_BOUND ( 'NONE', #1291, .T. ) ;
#4464 = ORIENTED_EDGE ( 'NONE', *, *, #31, .T. ) ;
#4465 = CARTESIAN_POINT ( 'NONE',  ( -33.61899380063076848, -8.952835937934539245, 0.000000000000000000 ) ) ;
#4466 = DIRECTION ( 'NONE',  ( 1.000000000000000000, 0.000000000000000000, 0.000000000000000000 ) ) ;
#4467 = EDGE_CURVE ( 'NONE', #2684, #5012, #4931, .T. ) ;
#4468 = EDGE_CURVE ( 'NONE', #2291, #1836, #351, .T. ) ;
#4469 = ORIENTED_EDGE ( 'NONE', *, *, #2499, .T. ) ;
#4470 = DIRECTION ( 'NONE',  ( -0.000000000000000000, -0.000000000000000000, 1.000000000000000000 ) ) ;
#4471 = VECTOR ( 'NONE', #4518, 1000.000000000000000 ) ;
#4472 = DIRECTION ( 'NONE',  ( -0.000000000000000000, -0.000000000000000000, -1.000000000000000000 ) ) ;
#4473 = AXIS2_PLACEMENT_3D ( 'NONE', #4602, #3488, #3798 ) ;
#4474 = EDGE_LOOP ( 'NONE', ( #4643, #23, #4447, #82 ) ) ;
#4475 = DIRECTION ( 'NONE',  ( 0.000000000000000000, 0.000000000000000000, -1.000000000000000000 ) ) ;
#4476 = PLANE ( 'NONE',  #3650 ) ;
#4477 = ORIENTED_EDGE ( 'NONE', *, *, #2945, .F. ) ;
#4478 = DIRECTION ( 'NONE',  ( -0.000000000000000000, -0.000000000000000000, -1.000000000000000000 ) ) ;
#4479 = ORIENTED_EDGE ( 'NONE', *, *, #2375, .F. ) ;
#4480 = CARTESIAN_POINT ( 'NONE',  ( -3.000000000000000000, 26.00000000000000000, 0.000000000000000000 ) ) ;
#4481 = DIRECTION ( 'NONE',  ( 1.000000000000000000, 0.000000000000000000, 0.000000000000000000 ) ) ;
#4482 = AXIS2_PLACEMENT_3D ( 'NONE', #2377, #4721, #1244 ) ;
#4483 = EDGE_LOOP ( 'NONE', ( #4694, #2491 ) ) ;
#4484 = CARTESIAN_POINT ( 'NONE',  ( 36.00000000000000000, 0.000000000000000000, -3.535533905932756404 ) ) ;
#4485 = CARTESIAN_POINT ( 'NONE',  ( 11.12461179749849549, 34.23803458662540322, -3.535533905932756404 ) ) ;
#4486 = AXIS2_PLACEMENT_3D ( 'NONE', #2366, #4324, #1651 ) ;
#4487 = DIRECTION ( 'NONE',  ( 1.000000000000000000, 0.000000000000000000, 0.000000000000000000 ) ) ;
#4488 = FACE_OUTER_BOUND ( 'NONE', #2214, .T. ) ;
#4489 = ORIENTED_EDGE ( 'NONE', *, *, #3221, .T. ) ;
#4490 = VERTEX_POINT ( 'NONE', #3737 ) ;
#4491 = CARTESIAN_POINT ( 'NONE',  ( 29.12461179749837825, 21.16026908252864658, 0.000000000000000000 ) ) ;
#4492 = DIRECTION ( 'NONE',  ( 1.000000000000000000, 0.000000000000000000, 0.000000000000000000 ) ) ;
#4493 = ORIENTED_EDGE ( 'NONE', *, *, #1600, .T. ) ;
#4494 = FACE_OUTER_BOUND ( 'NONE', #3517, .T. ) ;
#4495 = VECTOR ( 'NONE', #2395, 1000.000000000000000 ) ;
#4496 = CARTESIAN_POINT ( 'NONE',  ( -34.86899380063064768, 8.952835937935043731, 0.000000000000000000 ) ) ;
#4497 = ORIENTED_EDGE ( 'NONE', *, *, #4051, .T. ) ;
#4498 = DIRECTION ( 'NONE',  ( -0.000000000000000000, -0.000000000000000000, -1.000000000000000000 ) ) ;
#4499 = VERTEX_POINT ( 'NONE', #2984 ) ;
#4500 = AXIS2_PLACEMENT_3D ( 'NONE', #3800, #3854, #1119 ) ;
#4501 = ORIENTED_EDGE ( 'NONE', *, *, #1877, .F. ) ;
#4502 = CIRCLE ( 'NONE', #1269, 1.250000000000001110 ) ;
#4503 = ORIENTED_EDGE ( 'NONE', *, *, #1490, .T. ) ;
#4504 = DIRECTION ( 'NONE',  ( 1.000000000000000000, 0.000000000000000000, 0.000000000000000000 ) ) ;
#4505 = VECTOR ( 'NONE', #4821, 1000.000000000000000 ) ;
#4506 = CARTESIAN_POINT ( 'NONE',  ( 6.745727325085971948, -35.36234102623281217, -3.535533905932756404 ) ) ;
#4507 = ORIENTED_EDGE ( 'NONE', *, *, #4549, .T. ) ;
#4508 = ORIENTED_EDGE ( 'NONE', *, *, #3172, .F. ) ;
#4509 = DIRECTION ( 'NONE',  ( 1.000000000000000000, 0.000000000000000000, 0.000000000000000000 ) ) ;
#4510 = AXIS2_PLACEMENT_3D ( 'NONE', #3865, #2758, #4300 ) ;
#4511 = FACE_OUTER_BOUND ( 'NONE', #1340, .T. ) ;
#4512 = DIRECTION ( 'NONE',  ( 1.000000000000000000, 0.000000000000000000, 0.000000000000000000 ) ) ;
#4513 = LINE ( 'NONE', #1388, #3157 ) ;
#4514 = EDGE_CURVE ( 'NONE', #2527, #2291, #3759, .T. ) ;
#4515 = CIRCLE ( 'NONE', #2317, 3.000000000000000000 ) ;
#4516 = VERTEX_POINT ( 'NONE', #647 ) ;
#4517 = DIRECTION ( 'NONE',  ( 1.000000000000000000, 0.000000000000000000, 0.000000000000000000 ) ) ;
#4518 = DIRECTION ( 'NONE',  ( -0.000000000000000000, -0.000000000000000000, 1.000000000000000000 ) ) ;
#4519 = ORIENTED_EDGE ( 'NONE', *, *, #2056, .T. ) ;
#4520 = EDGE_CURVE ( 'NONE', #2871, #497, #4581, .T. ) ;
#4521 = EDGE_LOOP ( 'NONE', ( #4282, #476, #4431, #4325 ) ) ;
#4522 = EDGE_CURVE ( 'NONE', #4978, #2992, #1835, .T. ) ;
#4523 = CIRCLE ( 'NONE', #2983, 1.249999999999999334 ) ;
#4524 = PLANE ( 'NONE',  #2615 ) ;
#4525 = ADVANCED_FACE ( 'NONE', ( #1880 ), #4911, .F. ) ;
#4526 = CARTESIAN_POINT ( 'NONE',  ( -4.000000000000194511, -28.31187913226527897, 9.000000000000001776 ) ) ;
#4527 = EDGE_LOOP ( 'NONE', ( #1305, #3608, #1867, #997 ) ) ;
#4528 = FACE_OUTER_BOUND ( 'NONE', #4276, .T. ) ;
#4529 = EDGE_CURVE ( 'NONE', #2881, #1133, #1320, .T. ) ;
#4530 = ORIENTED_EDGE ( 'NONE', *, *, #699, .F. ) ;
#4531 = EDGE_CURVE ( 'NONE', #1547, #1163, #2376, .T. ) ;
#4532 = DIRECTION ( 'NONE',  ( 1.000000000000000000, 0.000000000000000000, 0.000000000000000000 ) ) ;
#4533 = CARTESIAN_POINT ( 'NONE',  ( 36.00000000000000000, 0.000000000000000000, 2.000000000000000000 ) ) ;
#4534 = ORIENTED_EDGE ( 'NONE', *, *, #2334, .T. ) ;
#4535 = CARTESIAN_POINT ( 'NONE',  ( -1.699999999999999956, -26.00000000000000000, 4.500000000000000000 ) ) ;
#4536 = ORIENTED_EDGE ( 'NONE', *, *, #3779, .F. ) ;
#4537 = CYLINDRICAL_SURFACE ( 'NONE', #3584, 1.250000000000001110 ) ;
#4538 = CARTESIAN_POINT ( 'NONE',  ( 20.53976461924423447, 30.39580531807231623, 0.000000000000000000 ) ) ;
#4539 = FACE_BOUND ( 'NONE', #2333, .T. ) ;
#4540 = VERTEX_POINT ( 'NONE', #3074 ) ;
#4541 = ORIENTED_EDGE ( 'NONE', *, *, #4803, .F. ) ;
#4542 = FACE_OUTER_BOUND ( 'NONE', #4527, .T. ) ;
#4543 = AXIS2_PLACEMENT_3D ( 'NONE', #3227, #4799, #1316 ) ;
#4544 = DIRECTION ( 'NONE',  ( 1.000000000000000000, 0.000000000000000000, 0.000000000000000000 ) ) ;
#4545 = ORIENTED_EDGE ( 'NONE', *, *, #2338, .F. ) ;
#4546 = DIRECTION ( 'NONE',  ( 1.000000000000000000, 0.000000000000000000, 0.000000000000000000 ) ) ;
#4547 = AXIS2_PLACEMENT_3D ( 'NONE', #2751, #4290, #1122 ) ;
#4548 = FACE_BOUND ( 'NONE', #3490, .T. ) ;
#4549 = EDGE_CURVE ( 'NONE', #3949, #2085, #4633, .T. ) ;
#4550 = CARTESIAN_POINT ( 'NONE',  ( -29.12461179749791640, 21.16026908252928962, -3.535533905932756404 ) ) ;
#4551 = VECTOR ( 'NONE', #4446, 1000.000000000000000 ) ;
#4552 = EDGE_LOOP ( 'NONE', ( #4426, #424, #2168, #3924 ) ) ;
#4553 = CARTESIAN_POINT ( 'NONE',  ( 3.999999999999996447, 28.31187913226530739, 9.000000000000001776 ) ) ;
#4554 = CARTESIAN_POINT ( 'NONE',  ( 36.11899380063083953, 8.952835937934295885, -3.535533905932756404 ) ) ;
#4555 = ORIENTED_EDGE ( 'NONE', *, *, #2722, .F. ) ;
#4556 = DIRECTION ( 'NONE',  ( 1.000000000000000000, 0.000000000000000000, 0.000000000000000000 ) ) ;
#4557 = VERTEX_POINT ( 'NONE', #2601 ) ;
#4558 = ORIENTED_EDGE ( 'NONE', *, *, #4947, .F. ) ;
#4559 = DIRECTION ( 'NONE',  ( -0.000000000000000000, -0.000000000000000000, 1.000000000000000000 ) ) ;
#4560 = CARTESIAN_POINT ( 'NONE',  ( 33.47195349197704672, -13.25248389664843529, 0.000000000000000000 ) ) ;
#4561 = AXIS2_PLACEMENT_3D ( 'NONE', #942, #2099, #4762 ) ;
#4562 = FACE_BOUND ( 'NONE', #4317, .T. ) ;
#4563 = VECTOR ( 'NONE', #4916, 1000.000000000000000 ) ;
#4564 = ORIENTED_EDGE ( 'NONE', *, *, #2754, .F. ) ;
#4565 = DIRECTION ( 'NONE',  ( -0.000000000000000000, -0.000000000000000000, 1.000000000000000000 ) ) ;
#4566 = EDGE_CURVE ( 'NONE', #125, #740, #3829, .T. ) ;
#4567 = AXIS2_PLACEMENT_3D ( 'NONE', #4765, #4015, #2079 ) ;
#4568 = CIRCLE ( 'NONE', #1562, 1.250000000000001110 ) ;
#4569 = CARTESIAN_POINT ( 'NONE',  ( -26.24287058717059296, 24.64369581343301618, 0.000000000000000000 ) ) ;
#4570 = AXIS2_PLACEMENT_3D ( 'NONE', #1942, #4230, #2328 ) ;
#4571 = ORIENTED_EDGE ( 'NONE', *, *, #2794, .T. ) ;
#4572 = DIRECTION ( 'NONE',  ( -1.000000000000000000, 0.000000000000000000, 0.000000000000000000 ) ) ;
#4573 = EDGE_CURVE ( 'NONE', #321, #255, #1078, .T. ) ;
#4574 = FACE_BOUND ( 'NONE', #265, .T. ) ;
#4575 = VECTOR ( 'NONE', #4245, 1000.000000000000000 ) ;
#4576 = DIRECTION ( 'NONE',  ( -1.000000000000000000, 0.000000000000000000, 0.000000000000000000 ) ) ;
#4577 = VERTEX_POINT ( 'NONE', #2029 ) ;
#4578 = LINE ( 'NONE', #1851, #692 ) ;
#4579 = EDGE_CURVE ( 'NONE', #1800, #1065, #4154, .T. ) ;
#4580 = AXIS2_PLACEMENT_3D ( 'NONE', #1847, #2304, #1921 ) ;
#4581 = LINE ( 'NONE', #4554, #2201 ) ;
#4582 = AXIS2_PLACEMENT_3D ( 'NONE', #2996, #1095, #4626 ) ;
#4583 = ADVANCED_FACE ( 'NONE', ( #1580 ), #4655, .F. ) ;
#4584 = EDGE_LOOP ( 'NONE', ( #110, #2479 ) ) ;
#4585 = EDGE_LOOP ( 'NONE', ( #101, #2329 ) ) ;
#4586 = FACE_OUTER_BOUND ( 'NONE', #2988, .T. ) ;
#4587 = ORIENTED_EDGE ( 'NONE', *, *, #1734, .T. ) ;
#4588 = CARTESIAN_POINT ( 'NONE',  ( 0.000000000000000000, -26.00000000000000000, 7.000000000000000000 ) ) ;
#4589 = MECHANICAL_DESIGN_GEOMETRIC_PRESENTATION_REPRESENTATION (  '', ( #4753 ), #2393 ) ;
#4590 = EDGE_CURVE ( 'NONE', #2814, #2313, #507, .T. ) ;
#4591 = LINE ( 'NONE', #3060, #3613 ) ;
#4592 = DIRECTION ( 'NONE',  ( 1.000000000000000000, 0.000000000000000000, 0.000000000000000000 ) ) ;
#4593 = CIRCLE ( 'NONE', #215, 1.250000000000001110 ) ;
#4594 = ORIENTED_EDGE ( 'NONE', *, *, #705, .F. ) ;
#4595 = AXIS2_PLACEMENT_3D ( 'NONE', #2816, #2431, #3926 ) ;
#4596 = EDGE_LOOP ( 'NONE', ( #1012, #3062 ) ) ;
#4597 = EDGE_CURVE ( 'NONE', #1478, #4166, #432, .T. ) ;
#4598 = AXIS2_PLACEMENT_3D ( 'NONE', #613, #1773, #710 ) ;
#4599 = CIRCLE ( 'NONE', #1749, 1.250000000000001110 ) ;
#4600 = DIRECTION ( 'NONE',  ( -0.000000000000000000, -0.000000000000000000, -1.000000000000000000 ) ) ;
#4601 = CIRCLE ( 'NONE', #2405, 1.249999999999999334 ) ;
#4602 = CARTESIAN_POINT ( 'NONE',  ( 34.86899380063083953, 8.952835937934295885, -3.535533905932756404 ) ) ;
#4603 = VERTEX_POINT ( 'NONE', #2392 ) ;
#4604 = FACE_OUTER_BOUND ( 'NONE', #1636, .T. ) ;
#4605 = VECTOR ( 'NONE', #3526, 1000.000000000000000 ) ;
#4606 = DIRECTION ( 'NONE',  ( -0.000000000000000000, -0.000000000000000000, 1.000000000000000000 ) ) ;
#4607 = CARTESIAN_POINT ( 'NONE',  ( -24.19726363095257327, 27.73847673992861829, -3.535533905932756404 ) ) ;
#4608 = ORIENTED_EDGE ( 'NONE', *, *, #126, .T. ) ;
#4609 = CARTESIAN_POINT ( 'NONE',  ( -34.72195349197712488, -13.25248389664818838, 2.000000000000000000 ) ) ;
#4610 = CARTESIAN_POINT ( 'NONE',  ( 37.25000000000000000, 0.000000000000000000, -3.535533905932756404 ) ) ;
#4611 = ORIENTED_EDGE ( 'NONE', *, *, #1968, .F. ) ;
#4612 = ORIENTED_EDGE ( 'NONE', *, *, #4514, .F. ) ;
#4613 = DIRECTION ( 'NONE',  ( 0.000000000000000000, 0.000000000000000000, 1.000000000000000000 ) ) ;
#4614 = CARTESIAN_POINT ( 'NONE',  ( 12.37461179749801055, -34.23803458662555244, 2.000000000000000000 ) ) ;
#4615 = ADVANCED_FACE ( 'NONE', ( #4240 ), #3151, .F. ) ;
#4616 = CARTESIAN_POINT ( 'NONE',  ( -30.75000000000000355, 0.000000000000000000, 7.000000000000000000 ) ) ;
#4617 = EDGE_CURVE ( 'NONE', #2858, #2138, #1802, .T. ) ;
#4618 = FACE_BOUND ( 'NONE', #3633, .T. ) ;
#4619 = ORIENTED_EDGE ( 'NONE', *, *, #3172, .T. ) ;
#4620 = DIRECTION ( 'NONE',  ( 1.000000000000000000, 0.000000000000000000, 0.000000000000000000 ) ) ;
#4621 = EDGE_LOOP ( 'NONE', ( #4074, #3558, #396, #2212 ) ) ;
#4622 = EDGE_CURVE ( 'NONE', #1985, #4603, #1643, .T. ) ;
#4623 = CARTESIAN_POINT ( 'NONE',  ( 34.72195349197723857, 13.25248389664795212, 2.000000000000000000 ) ) ;
#4624 = CARTESIAN_POINT ( 'NONE',  ( 3.999999999999996447, 28.31187913226530739, 9.000000000000001776 ) ) ;
#4625 = ORIENTED_EDGE ( 'NONE', *, *, #3609, .F. ) ;
#4626 = DIRECTION ( 'NONE',  ( 1.000000000000000000, 0.000000000000000000, 0.000000000000000000 ) ) ;
#4627 = DIRECTION ( 'NONE',  ( 0.000000000000000000, 0.000000000000000000, 1.000000000000000000 ) ) ;
#4628 = CIRCLE ( 'NONE', #2433, 1.249999999999999334 ) ;
#4629 = DIRECTION ( 'NONE',  ( -0.000000000000000000, -0.000000000000000000, -1.000000000000000000 ) ) ;
#4630 = CIRCLE ( 'NONE', #2437, 30.75000000000000355 ) ;
#4631 = DIRECTION ( 'NONE',  ( 0.000000000000000000, 0.000000000000000000, 1.000000000000000000 ) ) ;
#4632 = CIRCLE ( 'NONE', #3401, 5.000000000000000888 ) ;
#4633 = LINE ( 'NONE', #2581, #2620 ) ;
#4634 = EDGE_LOOP ( 'NONE', ( #2262, #2699, #2654, #2219, #1564, #1480, #957, #3315, #3809 ) ) ;
#4635 = EDGE_LOOP ( 'NONE', ( #1716, #4729 ) ) ;
#4636 = CARTESIAN_POINT ( 'NONE',  ( -33.47195349197696146, 13.25248389664868043, 0.000000000000000000 ) ) ;
#4637 = CARTESIAN_POINT ( 'NONE',  ( 4.999999999999982236, -26.00000000000000000, 2.000000000000000000 ) ) ;
#4638 = ORIENTED_EDGE ( 'NONE', *, *, #38, .T. ) ;
#4639 = DIRECTION ( 'NONE',  ( -1.875880373422706892E-15, 1.000000000000000000, 0.000000000000000000 ) ) ;
#4640 = FACE_BOUND ( 'NONE', #3344, .T. ) ;
#4641 = ORIENTED_EDGE ( 'NONE', *, *, #3336, .F. ) ;
#4642 = FACE_OUTER_BOUND ( 'NONE', #3188, .T. ) ;
#4643 = ORIENTED_EDGE ( 'NONE', *, *, #2941, .T. ) ;
#4644 = DIRECTION ( 'NONE',  ( -1.125528224053625752E-15, -1.000000000000000000, 0.000000000000000000 ) ) ;
#4645 = LINE ( 'NONE', #3348, #1476 ) ;
#4646 = ORIENTED_EDGE ( 'NONE', *, *, #2518, .T. ) ;
#4647 = AXIS2_PLACEMENT_3D ( 'NONE', #1381, #4884, #977 ) ;
#4648 = CYLINDRICAL_SURFACE ( 'NONE', #763, 1.250000000000007994 ) ;
#4649 = AXIS2_PLACEMENT_3D ( 'NONE', #3966, #1987, #98 ) ;
#4650 = DIRECTION ( 'NONE',  ( 1.000000000000000000, 0.000000000000000000, 0.000000000000000000 ) ) ;
#4651 = DIRECTION ( 'NONE',  ( -0.000000000000000000, -0.000000000000000000, -1.000000000000000000 ) ) ;
#4652 = ADVANCED_FACE ( 'NONE', ( #3962 ), #845, .T. ) ;
#4653 = FACE_BOUND ( 'NONE', #200, .T. ) ;
#4654 = AXIS2_PLACEMENT_3D ( 'NONE', #3418, #4606, #1121 ) ;
#4655 = CYLINDRICAL_SURFACE ( 'NONE', #2289, 1.250000000000001110 ) ;
#4656 = EDGE_LOOP ( 'NONE', ( #712, #4037, #4754, #286 ) ) ;
#4657 = ORIENTED_EDGE ( 'NONE', *, *, #1364, .T. ) ;
#4658 = DIRECTION ( 'NONE',  ( 1.000000000000000000, 0.000000000000000000, 0.000000000000000000 ) ) ;
#4659 = VERTEX_POINT ( 'NONE', #1926 ) ;
#4660 = DIRECTION ( 'NONE',  ( -0.000000000000000000, -0.000000000000000000, -1.000000000000000000 ) ) ;
#4661 = AXIS2_PLACEMENT_3D ( 'NONE', #3332, #1053, #4509 ) ;
#4662 = ORIENTED_EDGE ( 'NONE', *, *, #615, .F. ) ;
#4663 = VECTOR ( 'NONE', #3166, 1000.000000000000000 ) ;
#4664 = LINE ( 'NONE', #2498, #1508 ) ;
#4665 = DIRECTION ( 'NONE',  ( 1.000000000000000000, 0.000000000000000000, 0.000000000000000000 ) ) ;
#4666 = EDGE_LOOP ( 'NONE', ( #2676, #3424 ) ) ;
#4667 = EDGE_LOOP ( 'NONE', ( #1352, #4357, #1246, #4743 ) ) ;
#4668 = DIRECTION ( 'NONE',  ( 0.000000000000000000, 0.000000000000000000, 1.000000000000000000 ) ) ;
#4669 = AXIS2_PLACEMENT_3D ( 'NONE', #1517, #4922, #3748 ) ;
#4671 = EDGE_CURVE ( 'NONE', #4540, #585, #1165, .T. ) ;
#4670 = VECTOR ( 'NONE', #1664, 1000.000000000000000 ) ;
#4672 = VERTEX_POINT ( 'NONE', #92 ) ;
#4673 = DIRECTION ( 'NONE',  ( 1.000000000000000000, 0.000000000000000000, 0.000000000000000000 ) ) ;
#4674 = CIRCLE ( 'NONE', #1021, 1.250000000000007994 ) ;
#4675 = FACE_OUTER_BOUND ( 'NONE', #2901, .T. ) ;
#4676 = VERTEX_POINT ( 'NONE', #488 ) ;
#4677 = DIRECTION ( 'NONE',  ( -0.000000000000000000, -0.000000000000000000, 1.000000000000000000 ) ) ;
#4678 = VERTEX_POINT ( 'NONE', #3195 ) ;
#4679 = CARTESIAN_POINT ( 'NONE',  ( 30.29704048157931950, 17.34313226766133198, -3.535533905932756404 ) ) ;
#4680 = CIRCLE ( 'NONE', #444, 1.250000000000001110 ) ;
#4681 = AXIS2_PLACEMENT_3D ( 'NONE', #4786, #2847, #2345 ) ;
#4682 = ADVANCED_FACE ( 'NONE', ( #1181 ), #2755, .F. ) ;
#4683 = CARTESIAN_POINT ( 'NONE',  ( 12.37461179749849549, 34.23803458662540322, -3.535533905932756404 ) ) ;
#4684 = ADVANCED_FACE ( 'NONE', ( #2312 ), #3555, .F. ) ;
#4686 = CARTESIAN_POINT ( 'NONE',  ( -5.000000000000020428, -26.00000000000000000, 2.000000000000000000 ) ) ;
#4685 = CIRCLE ( 'NONE', #537, 1.250000000000001110 ) ;
#4687 = CIRCLE ( 'NONE', #4766, 1.250000000000007994 ) ;
#4688 = ADVANCED_FACE ( 'NONE', ( #4692 ), #4296, .F. ) ;
#4689 = CARTESIAN_POINT ( 'NONE',  ( -36.11899380063078269, -8.952835937934539245, 2.000000000000000000 ) ) ;
#4690 = EDGE_CURVE ( 'NONE', #4901, #4087, #2732, .T. ) ;
#4691 = EDGE_CURVE ( 'NONE', #2904, #1745, #4890, .T. ) ;
#4692 = FACE_OUTER_BOUND ( 'NONE', #864, .T. ) ;
#4693 = EDGE_CURVE ( 'NONE', #1842, #4331, #439, .T. ) ;
#4694 = ORIENTED_EDGE ( 'NONE', *, *, #3310, .F. ) ;
#4695 = ORIENTED_EDGE ( 'NONE', *, *, #1958, .T. ) ;
#4696 = DIRECTION ( 'NONE',  ( 1.000000000000000000, 0.000000000000000000, 0.000000000000000000 ) ) ;
#4697 = VERTEX_POINT ( 'NONE', #4787 ) ;
#4698 = DIRECTION ( 'NONE',  ( -0.000000000000000000, -0.000000000000000000, 1.000000000000000000 ) ) ;
#4699 = ORIENTED_EDGE ( 'NONE', *, *, #3777, .T. ) ;
#4700 = DIRECTION ( 'NONE',  ( 1.000000000000000000, 0.000000000000000000, 0.000000000000000000 ) ) ;
#4701 = DIRECTION ( 'NONE',  ( -0.000000000000000000, -0.000000000000000000, -1.000000000000000000 ) ) ;
#4702 = ORIENTED_EDGE ( 'NONE', *, *, #4892, .F. ) ;
#4703 = EDGE_LOOP ( 'NONE', ( #3144, #2576, #3635, #3216 ) ) ;
#4704 = CARTESIAN_POINT ( 'NONE',  ( 3.999999999999819700, -26.00000000000002487, 9.000000000000001776 ) ) ;
#4705 = CARTESIAN_POINT ( 'NONE',  ( -33.47195349197711778, -13.25248389664818838, 2.000000000000000000 ) ) ;
#4706 = ORIENTED_EDGE ( 'NONE', *, *, #856, .F. ) ;
#4707 = FILL_AREA_STYLE_COLOUR ( '', #4335 ) ;
#4708 = DIRECTION ( 'NONE',  ( -0.000000000000000000, -0.000000000000000000, 1.000000000000000000 ) ) ;
#4709 = DIRECTION ( 'NONE',  ( -1.000000000000000000, 0.000000000000000000, 0.000000000000000000 ) ) ;
#4710 = CIRCLE ( 'NONE', #1299, 1.250000000000000222 ) ;
#4711 = AXIS2_PLACEMENT_3D ( 'NONE', #2526, #4064, #589 ) ;
#4712 = DIRECTION ( 'NONE',  ( 1.000000000000000000, 0.000000000000000000, 0.000000000000000000 ) ) ;
#4713 = ORIENTED_EDGE ( 'NONE', *, *, #3765, .F. ) ;
#4714 = ORIENTED_EDGE ( 'NONE', *, *, #2818, .T. ) ;
#4715 = ORIENTED_EDGE ( 'NONE', *, *, #2947, .F. ) ;
#4716 = CYLINDRICAL_SURFACE ( 'NONE', #2714, 1.250000000000007994 ) ;
#4717 = ORIENTED_EDGE ( 'NONE', *, *, #4531, .T. ) ;
#4718 = VECTOR ( 'NONE', #4109, 1000.000000000000000 ) ;
#4719 = LINE ( 'NONE', #2426, #4575 ) ;
#4720 = ORIENTED_EDGE ( 'NONE', *, *, #3927, .T. ) ;
#4721 = DIRECTION ( 'NONE',  ( 1.000000000000000000, -8.253873643059923104E-15, 0.000000000000000000 ) ) ;
#4722 = CIRCLE ( 'NONE', #340, 1.250000000000007994 ) ;
#4723 = EDGE_LOOP ( 'NONE', ( #4831, #216, #1347, #2482 ) ) ;
#4724 = DIRECTION ( 'NONE',  ( -0.000000000000000000, -0.000000000000000000, 1.000000000000000000 ) ) ;
#4725 = CARTESIAN_POINT ( 'NONE',  ( 34.86899380063072584, -8.952835937934791488, -3.535533905932756404 ) ) ;
#4726 = APPLICATION_PROTOCOL_DEFINITION ( 'draft international standard', 'automotive_design', 1998, #3243 ) ;
#4727 = ORIENTED_EDGE ( 'NONE', *, *, #4355, .T. ) ;
#4728 = EDGE_LOOP ( 'NONE', ( #256, #3189 ) ) ;
#4729 = ORIENTED_EDGE ( 'NONE', *, *, #178, .F. ) ;
#4730 = DIRECTION ( 'NONE',  ( -0.000000000000000000, -0.000000000000000000, 1.000000000000000000 ) ) ;
#4731 = VECTOR ( 'NONE', #4436, 1000.000000000000000 ) ;
#4732 = CARTESIAN_POINT ( 'NONE',  ( 0.000000000000000000, 26.00000000000000000, 7.000000000000000000 ) ) ;
#4733 = CARTESIAN_POINT ( 'NONE',  ( 26.24287058717113297, 24.64369581343245486, -3.535533905932756404 ) ) ;
#4734 = VECTOR ( 'NONE', #4093, 1000.000000000000000 ) ;
#4735 = ORIENTED_EDGE ( 'NONE', *, *, #342, .F. ) ;
#4736 = EDGE_CURVE ( 'NONE', #4152, #900, #190, .T. ) ;
#4737 = DIRECTION ( 'NONE',  ( 0.000000000000000000, 0.000000000000000000, 1.000000000000000000 ) ) ;
#4738 = ORIENTED_EDGE ( 'NONE', *, *, #834, .T. ) ;
#4739 = DIRECTION ( 'NONE',  ( 0.000000000000000000, 0.000000000000000000, 1.000000000000000000 ) ) ;
#4740 = ORIENTED_EDGE ( 'NONE', *, *, #3148, .T. ) ;
#4741 = DIRECTION ( 'NONE',  ( 0.000000000000000000, 0.000000000000000000, 1.000000000000000000 ) ) ;
#4742 = ADVANCED_FACE ( 'NONE', ( #1375 ), #2528, .T. ) ;
#4743 = ORIENTED_EDGE ( 'NONE', *, *, #4812, .F. ) ;
#4744 = EDGE_CURVE ( 'NONE', #20, #4067, #4838, .T. ) ;
#4745 = LINE ( 'NONE', #4863, #2780 ) ;
#4746 = VERTEX_POINT ( 'NONE', #217 ) ;
#4747 = ORIENTED_EDGE ( 'NONE', *, *, #4435, .F. ) ;
#4748 = DIRECTION ( 'NONE',  ( 0.000000000000000000, 0.000000000000000000, 1.000000000000000000 ) ) ;
#4749 = EDGE_CURVE ( 'NONE', #367, #4327, #2905, .T. ) ;
#4750 = CARTESIAN_POINT ( 'NONE',  ( 19.28976461924423447, 30.39580531807231623, 0.000000000000000000 ) ) ;
#4751 = ADVANCED_FACE ( 'NONE', ( #3244 ), #3215, .F. ) ;
#4752 = EDGE_CURVE ( 'NONE', #2800, #2134, #2103, .T. ) ;
#4753 = STYLED_ITEM ( 'NONE', ( #1572 ), #303 ) ;
#4754 = ORIENTED_EDGE ( 'NONE', *, *, #4617, .T. ) ;
#4755 = ORIENTED_EDGE ( 'NONE', *, *, #792, .F. ) ;
#4756 = DIRECTION ( 'NONE',  ( -0.000000000000000000, -0.000000000000000000, -1.000000000000000000 ) ) ;
#4757 = ORIENTED_EDGE ( 'NONE', *, *, #2969, .T. ) ;
#4758 = PRESENTATION_LAYER_ASSIGNMENT (  '', '', ( #4753 ) ) ;
#4759 = CARTESIAN_POINT ( 'NONE',  ( -36.00000000000000000, 2.513866563967056016E-13, -3.535533905932756404 ) ) ;
#4760 = CYLINDRICAL_SURFACE ( 'NONE', #4405, 19.00000000000000000 ) ;
#4761 = AXIS2_PLACEMENT_3D ( 'NONE', #2890, #3642, #148 ) ;
#4762 = DIRECTION ( 'NONE',  ( 1.000000000000000000, 0.000000000000000000, 0.000000000000000000 ) ) ;
#4763 = ADVANCED_FACE ( 'NONE', ( #538 ), #4427, .F. ) ;
#4764 = AXIS2_PLACEMENT_3D ( 'NONE', #3645, #3259, #2539 ) ;
#4765 = CARTESIAN_POINT ( 'NONE',  ( 31.54704048157906726, -17.34313226766178673, 2.000000000000000000 ) ) ;
#4766 = AXIS2_PLACEMENT_3D ( 'NONE', #2649, #644, #3804 ) ;
#4767 = ORIENTED_EDGE ( 'NONE', *, *, #341, .T. ) ;
#4768 = CARTESIAN_POINT ( 'NONE',  ( -27.49287058717094823, -24.64369581343265025, 2.000000000000000000 ) ) ;
#4769 = FACE_OUTER_BOUND ( 'NONE', #2661, .T. ) ;
#4770 = LINE ( 'NONE', #2762, #1395 ) ;
#4771 = ORIENTED_EDGE ( 'NONE', *, *, #3767, .F. ) ;
#4772 = VERTEX_POINT ( 'NONE', #4040 ) ;
#4773 = ORIENTED_EDGE ( 'NONE', *, *, #2797, .F. ) ;
#4774 = CARTESIAN_POINT ( 'NONE',  ( 5.495727325086489756, 35.36234102623271269, 0.000000000000000000 ) ) ;
#4775 = EDGE_CURVE ( 'NONE', #3738, #2058, #2788, .T. ) ;
#4776 = CYLINDRICAL_SURFACE ( 'NONE', #3327, 30.75000000000000355 ) ;
#4777 = EDGE_CURVE ( 'NONE', #2313, #683, #2552, .T. ) ;
#4778 = DIRECTION ( 'NONE',  ( -0.000000000000000000, -0.000000000000000000, -1.000000000000000000 ) ) ;
#4779 = VERTEX_POINT ( 'NONE', #4066 ) ;
#4780 = CARTESIAN_POINT ( 'NONE',  ( -18.03976461924401775, -30.39580531807245478, -3.535533905932756404 ) ) ;
#4781 = EDGE_CURVE ( 'NONE', #738, #1162, #915, .T. ) ;
#4782 = DIRECTION ( 'NONE',  ( 1.000000000000000000, 0.000000000000000000, 0.000000000000000000 ) ) ;
#4783 = ORIENTED_EDGE ( 'NONE', *, *, #667, .T. ) ;
#4784 = FACE_BOUND ( 'NONE', #3815, .T. ) ;
#4785 = TOROIDAL_SURFACE ( 'NONE', #2672, 1.500000000000000000, 1.500000000000000000 ) ;
#4786 = CARTESIAN_POINT ( 'NONE',  ( 0.000000000000000000, 26.00000000000000000, 7.000000000000000000 ) ) ;
#4787 = CARTESIAN_POINT ( 'NONE',  ( 33.61899380063083953, 8.952835937934295885, 2.000000000000000000 ) ) ;
#4788 = VERTEX_POINT ( 'NONE', #591 ) ;
#4789 = DIRECTION ( 'NONE',  ( 1.000000000000000000, 0.000000000000000000, 0.000000000000000000 ) ) ;
#4790 = DIRECTION ( 'NONE',  ( 1.000000000000000000, 0.000000000000000000, 0.000000000000000000 ) ) ;
#4791 = DIRECTION ( 'NONE',  ( -0.000000000000000000, -0.000000000000000000, -1.000000000000000000 ) ) ;
#4792 = CIRCLE ( 'NONE', #2354, 1.249999999999999334 ) ;
#4793 = ORIENTED_EDGE ( 'NONE', *, *, #4898, .T. ) ;
#4794 = ORIENTED_EDGE ( 'NONE', *, *, #3901, .T. ) ;
#4795 = CARTESIAN_POINT ( 'NONE',  ( 3.999999999999819700, -26.00000000000002487, 9.000000000000001776 ) ) ;
#4796 = DIRECTION ( 'NONE',  ( 1.000000000000000000, 0.000000000000000000, 0.000000000000000000 ) ) ;
#4797 = AXIS2_PLACEMENT_3D ( 'NONE', #2171, #4855, #4127 ) ;
#4798 = CARTESIAN_POINT ( 'NONE',  ( 35.71612924732120575, -4.511996408314965734, 0.000000000000000000 ) ) ;
#4799 = DIRECTION ( 'NONE',  ( -0.000000000000000000, -0.000000000000000000, 1.000000000000000000 ) ) ;
#4800 =( LENGTH_UNIT ( ) NAMED_UNIT ( * ) SI_UNIT ( .MILLI., .METRE. ) );
#4801 = ORIENTED_EDGE ( 'NONE', *, *, #840, .F. ) ;
#4802 = LINE ( 'NONE', #3316, #3041 ) ;
#4803 = EDGE_CURVE ( 'NONE', #2781, #2126, #3632, .T. ) ;
#4804 = CARTESIAN_POINT ( 'NONE',  ( 1.010458703055151730, -35.92896222341776991, 2.000000000000000000 ) ) ;
#4805 = ORIENTED_EDGE ( 'NONE', *, *, #1076, .T. ) ;
#4806 = AXIS2_PLACEMENT_3D ( 'NONE', #1723, #4343, #1349 ) ;
#4807 = LINE ( 'NONE', #116, #3577 ) ;
#4808 = AXIS2_PLACEMENT_3D ( 'NONE', #1218, #1635, #3182 ) ;
#4809 = CARTESIAN_POINT ( 'NONE',  ( 0.000000000000000000, 25.99999999999998579, 9.000000000000001776 ) ) ;
#4810 = AXIS2_PLACEMENT_3D ( 'NONE', #1264, #3919, #3868 ) ;
#4811 = CARTESIAN_POINT ( 'NONE',  ( 0.000000000000000000, 0.000000000000000000, 0.000000000000000000 ) ) ;
#4812 = EDGE_CURVE ( 'NONE', #4540, #567, #2131, .T. ) ;
#4813 = CARTESIAN_POINT ( 'NONE',  ( 34.46612924732120575, -4.511996408314965734, 2.000000000000000000 ) ) ;
#4814 = AXIS2_PLACEMENT_3D ( 'NONE', #2848, #4401, #239 ) ;
#4815 = CARTESIAN_POINT ( 'NONE',  ( -26.24287058717059296, 24.64369581343301618, 2.000000000000000000 ) ) ;
#4816 = VECTOR ( 'NONE', #1206, 1000.000000000000000 ) ;
#4817 = CARTESIAN_POINT ( 'NONE',  ( 32.22195349197703962, -13.25248389664843529, -3.535533905932756404 ) ) ;
#4818 = CARTESIAN_POINT ( 'NONE',  ( 0.000000000000000000, 26.00000000000000000, 3.013393125268148953 ) ) ;
#4819 = EDGE_LOOP ( 'NONE', ( #4250, #2415, #2611, #3539 ) ) ;
#4820 = VERTEX_POINT ( 'NONE', #947 ) ;
#4821 = DIRECTION ( 'NONE',  ( -0.000000000000000000, -0.000000000000000000, 1.000000000000000000 ) ) ;
#4822 = CARTESIAN_POINT ( 'NONE',  ( 26.24287058717076349, -24.64369581343283500, -3.535533905932756404 ) ) ;
#4823 = CARTESIAN_POINT ( 'NONE',  ( 16.57805449634299322, 32.57377388877652891, 0.000000000000000000 ) ) ;
#4824 = EDGE_CURVE ( 'NONE', #4820, #2386, #1566, .T. ) ;
#4825 = DIRECTION ( 'NONE',  ( 1.000000000000000000, 0.000000000000000000, 0.000000000000000000 ) ) ;
#4826 = VERTEX_POINT ( 'NONE', #1278 ) ;
#4827 = VERTEX_POINT ( 'NONE', #141 ) ;
#4828 = FACE_OUTER_BOUND ( 'NONE', #1916, .T. ) ;
#4829 = AXIS2_PLACEMENT_3D ( 'NONE', #2808, #1584, #737 ) ;
#4830 = DIRECTION ( 'NONE',  ( -0.000000000000000000, -0.000000000000000000, 1.000000000000000000 ) ) ;
#4831 = ORIENTED_EDGE ( 'NONE', *, *, #2817, .T. ) ;
#4832 = LINE ( 'NONE', #2420, #3492 ) ;
#4833 = AXIS2_PLACEMENT_3D ( 'NONE', #1746, #1694, #3704 ) ;
#4834 = EDGE_CURVE ( 'NONE', #1558, #181, #4322, .T. ) ;
#4835 = EDGE_CURVE ( 'NONE', #4416, #4516, #2203, .T. ) ;
#4836 = DIRECTION ( 'NONE',  ( 3.469446951953614189E-15, -1.000000000000000000, 0.000000000000000000 ) ) ;
#4837 = ORIENTED_EDGE ( 'NONE', *, *, #2947, .T. ) ;
#4838 = LINE ( 'NONE', #1353, #4734 ) ;
#4839 = EDGE_LOOP ( 'NONE', ( #2896, #528 ) ) ;
#4840 = VECTOR ( 'NONE', #62, 1000.000000000000000 ) ;
#4841 = ORIENTED_EDGE ( 'NONE', *, *, #87, .T. ) ;
#4842 = CARTESIAN_POINT ( 'NONE',  ( -34.72195349197712488, -13.25248389664818838, -3.535533905932756404 ) ) ;
#4843 = CIRCLE ( 'NONE', #4434, 1.250000000000001110 ) ;
#4844 = ADVANCED_FACE ( 'NONE', ( #509 ), #2051, .F. ) ;
#4845 = EDGE_CURVE ( 'NONE', #671, #3281, #4645, .T. ) ;
#4846 = DIRECTION ( 'NONE',  ( 0.000000000000000000, 0.000000000000000000, 1.000000000000000000 ) ) ;
#4847 = ORIENTED_EDGE ( 'NONE', *, *, #908, .F. ) ;
#4848 = CIRCLE ( 'NONE', #1756, 3.000000000000000000 ) ;
#4849 = DIRECTION ( 'NONE',  ( -0.000000000000000000, -0.000000000000000000, -1.000000000000000000 ) ) ;
#4850 = CARTESIAN_POINT ( 'NONE',  ( -1.010458703054891938, 35.92896222341780543, -3.535533905932756404 ) ) ;
#4851 = DIRECTION ( 'NONE',  ( 1.000000000000000000, 0.000000000000000000, 0.000000000000000000 ) ) ;
#4852 = FACE_OUTER_BOUND ( 'NONE', #2495, .T. ) ;
#4853 = EDGE_LOOP ( 'NONE', ( #1729, #2652 ) ) ;
#4854 = DIRECTION ( 'NONE',  ( -0.000000000000000000, -0.000000000000000000, -1.000000000000000000 ) ) ;
#4855 = DIRECTION ( 'NONE',  ( 1.224646799147353207E-16, 1.000000000000000000, 0.000000000000000000 ) ) ;
#4856 = ORIENTED_EDGE ( 'NONE', *, *, #2884, .T. ) ;
#4857 = DIRECTION ( 'NONE',  ( -0.000000000000000000, -0.000000000000000000, -1.000000000000000000 ) ) ;
#4858 = CARTESIAN_POINT ( 'NONE',  ( 35.71612924732120575, -4.511996408314965734, -3.535533905932756404 ) ) ;
#4859 = ORIENTED_EDGE ( 'NONE', *, *, #3301, .F. ) ;
#4860 = CARTESIAN_POINT ( 'NONE',  ( -5.000000000000000888, 26.00000000000000000, 7.000000000000000000 ) ) ;
#4861 = ORIENTED_EDGE ( 'NONE', *, *, #2028, .F. ) ;
#4862 = CARTESIAN_POINT ( 'NONE',  ( 31.54704048157906726, -17.34313226766178673, 0.000000000000000000 ) ) ;
#4863 = CARTESIAN_POINT ( 'NONE',  ( 16.57805449634254202, -32.57377388877674207, -3.535533905932756404 ) ) ;
#4864 = VECTOR ( 'NONE', #1602, 1000.000000000000000 ) ;
#4865 = ORIENTED_EDGE ( 'NONE', *, *, #1568, .T. ) ;
#4866 = DIRECTION ( 'NONE',  ( 1.000000000000000000, 0.000000000000000000, 0.000000000000000000 ) ) ;
#4867 = CIRCLE ( 'NONE', #811, 1.250000000000000222 ) ;
#4868 = DIRECTION ( 'NONE',  ( 1.000000000000000000, 0.000000000000000000, 0.000000000000000000 ) ) ;
#4869 = DIRECTION ( 'NONE',  ( -0.000000000000000000, -0.000000000000000000, 1.000000000000000000 ) ) ;
#4870 = CARTESIAN_POINT ( 'NONE',  ( -15.32805449634276229, -32.57377388877662838, -3.535533905932756404 ) ) ;
#4871 = CIRCLE ( 'NONE', #975, 1.249999999999999334 ) ;
#4872 = EDGE_LOOP ( 'NONE', ( #4625, #2314, #4273, #4251 ) ) ;
#4873 = FACE_OUTER_BOUND ( 'NONE', #3381, .T. ) ;
#4874 = CARTESIAN_POINT ( 'NONE',  ( 1.010458703055676422, 35.92896222341775569, 2.000000000000000000 ) ) ;
#4875 = VERTEX_POINT ( 'NONE', #380 ) ;
#4876 = FACE_BOUND ( 'NONE', #2898, .T. ) ;
#4877 = CARTESIAN_POINT ( 'NONE',  ( -1.010458703055409302, -35.92896222341775569, -3.535533905932756404 ) ) ;
#4878 = EDGE_LOOP ( 'NONE', ( #1046, #846, #627, #3184 ) ) ;
#4879 = DIRECTION ( 'NONE',  ( -0.000000000000000000, -0.000000000000000000, 1.000000000000000000 ) ) ;
#4880 = EDGE_LOOP ( 'NONE', ( #168, #4001 ) ) ;
#4881 = VERTEX_POINT ( 'NONE', #1892 ) ;
#4882 = CARTESIAN_POINT ( 'NONE',  ( 22.94726363095315591, 27.73847673992813867, 0.000000000000000000 ) ) ;
#4883 = EDGE_CURVE ( 'NONE', #3949, #2316, #1919, .T. ) ;
#4884 = DIRECTION ( 'NONE',  ( -0.000000000000000000, -0.000000000000000000, -1.000000000000000000 ) ) ;
#4885 = AXIS2_PLACEMENT_3D ( 'NONE', #349, #2679, #2243 ) ;
#4886 = EDGE_LOOP ( 'NONE', ( #979, #161, #2683, #4017 ) ) ;
#4887 = DIRECTION ( 'NONE',  ( 1.000000000000000000, 0.000000000000000000, 0.000000000000000000 ) ) ;
#4888 = CARTESIAN_POINT ( 'NONE',  ( 2.260458703055151730, -35.92896222341776991, 2.000000000000000000 ) ) ;
#4889 = EDGE_CURVE ( 'NONE', #2225, #540, #4965, .T. ) ;
#4890 = CIRCLE ( 'NONE', #1401, 1.249999999999999334 ) ;
#4891 = FACE_OUTER_BOUND ( 'NONE', #2668, .T. ) ;
#4892 = EDGE_CURVE ( 'NONE', #1194, #3713, #3821, .T. ) ;
#4893 = CARTESIAN_POINT ( 'NONE',  ( -19.28976461924359498, 30.39580531807271768, 2.000000000000000000 ) ) ;
#4894 = EDGE_LOOP ( 'NONE', ( #1335, #1670 ) ) ;
#4895 = EDGE_CURVE ( 'NONE', #968, #1563, #3181, .T. ) ;
#4896 = CARTESIAN_POINT ( 'NONE',  ( 30.75000000000000355, 3.765788907378111328E-15, 7.000000000000000000 ) ) ;
#4897 = EDGE_CURVE ( 'NONE', #1171, #3363, #2703, .T. ) ;
#4898 = EDGE_CURVE ( 'NONE', #1932, #2871, #2046, .T. ) ;
#4900 = ADVANCED_FACE ( 'NONE', ( #4528 ), #3325, .F. ) ;
#4899 = CARTESIAN_POINT ( 'NONE',  ( 0.000000000000000000, 25.99999999999998579, 9.000000000000001776 ) ) ;
#4901 = VERTEX_POINT ( 'NONE', #3066 ) ;
#4902 = FACE_BOUND ( 'NONE', #1893, .T. ) ;
#4903 = AXIS2_PLACEMENT_3D ( 'NONE', #3133, #2370, #95 ) ;
#4904 = DIRECTION ( 'NONE',  ( 1.000000000000000000, 0.000000000000000000, 0.000000000000000000 ) ) ;
#4905 = ORIENTED_EDGE ( 'NONE', *, *, #1872, .F. ) ;
#4906 = DIRECTION ( 'NONE',  ( 1.000000000000000000, 0.000000000000000000, 0.000000000000000000 ) ) ;
#4907 = ORIENTED_EDGE ( 'NONE', *, *, #1129, .F. ) ;
#4908 = AXIS2_PLACEMENT_3D ( 'NONE', #3817, #3848, #377 ) ;
#4909 = CARTESIAN_POINT ( 'NONE',  ( 0.000000000000000000, -26.00000000000000000, 7.000000000000000000 ) ) ;
#4910 = CIRCLE ( 'NONE', #295, 1.250000000000001110 ) ;
#4911 = CYLINDRICAL_SURFACE ( 'NONE', #4149, 1.250000000000007994 ) ;
#4912 = ORIENTED_EDGE ( 'NONE', *, *, #1302, .T. ) ;
#4913 = DIRECTION ( 'NONE',  ( 1.000000000000000000, 0.000000000000000000, 0.000000000000000000 ) ) ;
#4914 = AXIS2_PLACEMENT_3D ( 'NONE', #847, #418, #3917 ) ;
#4915 = VECTOR ( 'NONE', #4399, 1000.000000000000000 ) ;
#4916 = DIRECTION ( 'NONE',  ( -0.000000000000000000, -0.000000000000000000, 1.000000000000000000 ) ) ;
#4917 = CARTESIAN_POINT ( 'NONE',  ( 0.000000000000000000, -26.00000000000000000, 3.013393125268148953 ) ) ;
#4918 = FACE_BOUND ( 'NONE', #247, .T. ) ;
#4919 = AXIS2_PLACEMENT_3D ( 'NONE', #2914, #1690, #1711 ) ;
#4920 = ORIENTED_EDGE ( 'NONE', *, *, #4889, .F. ) ;
#4921 = ORIENTED_EDGE ( 'NONE', *, *, #2593, .F. ) ;
#4922 = DIRECTION ( 'NONE',  ( -0.000000000000000000, -0.000000000000000000, 1.000000000000000000 ) ) ;
#4923 = EDGE_CURVE ( 'NONE', #1619, #3822, #3852, .T. ) ;
#4924 = DIRECTION ( 'NONE',  ( -0.000000000000000000, -0.000000000000000000, -1.000000000000000000 ) ) ;
#4925 = ORIENTED_EDGE ( 'NONE', *, *, #3174, .F. ) ;
#4926 = CYLINDRICAL_SURFACE ( 'NONE', #4500, 1.250000000000000222 ) ;
#4927 = CARTESIAN_POINT ( 'NONE',  ( 4.999999999999996447, 28.31187913226531094, 2.000000000000000000 ) ) ;
#4928 = DIRECTION ( 'NONE',  ( -0.000000000000000000, -0.000000000000000000, 1.000000000000000000 ) ) ;
#4929 = VERTEX_POINT ( 'NONE', #1543 ) ;
#4930 = DIRECTION ( 'NONE',  ( 1.000000000000000000, 0.000000000000000000, 0.000000000000000000 ) ) ;
#4931 = LINE ( 'NONE', #2210, #186 ) ;
#4932 = ORIENTED_EDGE ( 'NONE', *, *, #4355, .F. ) ;
#4933 = DIRECTION ( 'NONE',  ( 1.000000000000000000, 0.000000000000000000, 0.000000000000000000 ) ) ;
#4934 = ORIENTED_EDGE ( 'NONE', *, *, #4145, .F. ) ;
#4935 = CARTESIAN_POINT ( 'NONE',  ( -19.28976461924359498, 30.39580531807271768, -3.535533905932756404 ) ) ;
#4936 = DIRECTION ( 'NONE',  ( -0.000000000000000000, -0.000000000000000000, 1.000000000000000000 ) ) ;
#4937 = AXIS2_PLACEMENT_3D ( 'NONE', #2285, #1151, #2728 ) ;
#4938 = FACE_BOUND ( 'NONE', #3506, .T. ) ;
#4939 = ORIENTED_EDGE ( 'NONE', *, *, #93, .T. ) ;
#4940 = CYLINDRICAL_SURFACE ( 'NONE', #3941, 1.249999999999999334 ) ;
#4941 = CIRCLE ( 'NONE', #4054, 1.250000000000000444 ) ;
#4942 = CARTESIAN_POINT ( 'NONE',  ( 30.37461179749837825, 21.16026908252864658, 0.000000000000000000 ) ) ;
#4943 = ORIENTED_EDGE ( 'NONE', *, *, #3221, .F. ) ;
#4944 = LINE ( 'NONE', #728, #3516 ) ;
#4945 = AXIS2_PLACEMENT_3D ( 'NONE', #3375, #4928, #4904 ) ;
#4946 = CARTESIAN_POINT ( 'NONE',  ( -12.37461179749777607, 34.23803458662563770, 0.000000000000000000 ) ) ;
#4947 = EDGE_CURVE ( 'NONE', #1126, #1993, #3832, .T. ) ;
#4948 = EDGE_CURVE ( 'NONE', #1573, #1436, #4412, .T. ) ;
#4949 = CARTESIAN_POINT ( 'NONE',  ( -27.49287058717059296, 24.64369581343301618, 2.000000000000000000 ) ) ;
#4950 = CIRCLE ( 'NONE', #2771, 1.249999999999999334 ) ;
#4951 = EDGE_CURVE ( 'NONE', #3713, #2106, #4968, .T. ) ;
#4952 = LINE ( 'NONE', #713, #220 ) ;
#4953 = ADVANCED_FACE ( 'NONE', ( #4675 ), #3876, .T. ) ;
#4954 = CARTESIAN_POINT ( 'NONE',  ( -28.74999999999999645, 0.000000000000000000, 2.000000000000000000 ) ) ;
#4955 = ORIENTED_EDGE ( 'NONE', *, *, #3831, .T. ) ;
#4956 = ORIENTED_EDGE ( 'NONE', *, *, #2663, .T. ) ;
#4957 = DIRECTION ( 'NONE',  ( -0.000000000000000000, -0.000000000000000000, 1.000000000000000000 ) ) ;
#4958 = DIRECTION ( 'NONE',  ( -0.000000000000000000, -0.000000000000000000, 1.000000000000000000 ) ) ;
#4959 = CARTESIAN_POINT ( 'NONE',  ( 36.96612924732126260, 4.511996408314459472, 0.000000000000000000 ) ) ;
#4960 = TOROIDAL_SURFACE ( 'NONE', #3823, 1.500000000000000000, 1.500000000000000000 ) ;
#4961 = FACE_BOUND ( 'NONE', #3905, .T. ) ;
#4962 = VECTOR ( 'NONE', #1509, 1000.000000000000000 ) ;
#4963 = ORIENTED_EDGE ( 'NONE', *, *, #453, .T. ) ;
#4964 = CARTESIAN_POINT ( 'NONE',  ( 4.000000000000000888, 26.00000000000000000, 9.000000000000001776 ) ) ;
#4965 = CIRCLE ( 'NONE', #4078, 39.00000000000000000 ) ;
#4966 = VECTOR ( 'NONE', #954, 1000.000000000000000 ) ;
#4967 = DIRECTION ( 'NONE',  ( -0.000000000000000000, -0.000000000000000000, -1.000000000000000000 ) ) ;
#4968 = CIRCLE ( 'NONE', #4570, 1.249999999999999334 ) ;
#4969 = EDGE_LOOP ( 'NONE', ( #3118, #4497, #803, #4612 ) ) ;
#4970 = DIRECTION ( 'NONE',  ( 0.000000000000000000, 0.000000000000000000, 1.000000000000000000 ) ) ;
#4971 = CARTESIAN_POINT ( 'NONE',  ( 32.79704048157931595, 17.34313226766133198, -3.535533905932756404 ) ) ;
#4972 = CARTESIAN_POINT ( 'NONE',  ( 0.000000000000000000, 0.000000000000000000, 7.000000000000000000 ) ) ;
#4973 = ADVANCED_FACE ( 'NONE', ( #1399 ), #264, .F. ) ;
#4974 = DIRECTION ( 'NONE',  ( 1.000000000000000000, 0.000000000000000000, 0.000000000000000000 ) ) ;
#4975 = ADVANCED_FACE ( 'NONE', ( #358 ), #4284, .F. ) ;
#4976 = LINE ( 'NONE', #1903, #742 ) ;
#4977 = VECTOR ( 'NONE', #1596, 1000.000000000000000 ) ;
#4978 = VERTEX_POINT ( 'NONE', #2954 ) ;
#4979 = ORIENTED_EDGE ( 'NONE', *, *, #925, .T. ) ;
#4980 = CARTESIAN_POINT ( 'NONE',  ( -24.99287058717094823, -24.64369581343265025, -3.535533905932756404 ) ) ;
#4981 = EDGE_CURVE ( 'NONE', #773, #1144, #198, .T. ) ;
#4982 = ADVANCED_FACE ( 'NONE', ( #3733 ), #3545, .F. ) ;
#4983 = CARTESIAN_POINT ( 'NONE',  ( -19.28976461924359498, 30.39580531807271768, 2.000000000000000000 ) ) ;
#4984 = CARTESIAN_POINT ( 'NONE',  ( 0.000000000000000000, 26.00000000000000000, -4.808326112068523450 ) ) ;
#4985 = FACE_BOUND ( 'NONE', #4033, .T. ) ;
#4986 = EDGE_LOOP ( 'NONE', ( #3656, #297, #1765, #3269 ) ) ;
#4987 = AXIS2_PLACEMENT_3D ( 'NONE', #4484, #3615, #2556 ) ;
#4988 = ORIENTED_EDGE ( 'NONE', *, *, #1541, .F. ) ;
#4989 = DIRECTION ( 'NONE',  ( -0.000000000000000000, -0.000000000000000000, 1.000000000000000000 ) ) ;
#4990 = AXIS2_PLACEMENT_3D ( 'NONE', #4148, #1458, #1511 ) ;
#4991 = DIRECTION ( 'NONE',  ( 1.000000000000000000, 0.000000000000000000, 0.000000000000000000 ) ) ;
#4992 = DIRECTION ( 'NONE',  ( 0.000000000000000000, 0.000000000000000000, 1.000000000000000000 ) ) ;
#4993 = ORIENTED_EDGE ( 'NONE', *, *, #2211, .F. ) ;
#4994 = CARTESIAN_POINT ( 'NONE',  ( -18.03976461924401775, -30.39580531807245478, 0.000000000000000000 ) ) ;
#4995 = ORIENTED_EDGE ( 'NONE', *, *, #4549, .F. ) ;
#4996 = CARTESIAN_POINT ( 'NONE',  ( 32.79704048157906726, -17.34313226766178673, -3.535533905932756404 ) ) ;
#4997 = DIRECTION ( 'NONE',  ( 1.000000000000000000, 0.000000000000000000, 0.000000000000000000 ) ) ;
#4998 = PLANE ( 'NONE',  #2891 ) ;
#4999 = DIRECTION ( 'NONE',  ( 0.000000000000000000, 0.000000000000000000, 1.000000000000000000 ) ) ;
#5000 = VERTEX_POINT ( 'NONE', #1290 ) ;
#5001 = EDGE_LOOP ( 'NONE', ( #1793, #1964 ) ) ;
#5002 = DIRECTION ( 'NONE',  ( -0.000000000000000000, -0.000000000000000000, 1.000000000000000000 ) ) ;
#5003 = ORIENTED_EDGE ( 'NONE', *, *, #4597, .T. ) ;
#5004 = LINE ( 'NONE', #2607, #1731 ) ;
#5005 = ORIENTED_EDGE ( 'NONE', *, *, #4136, .T. ) ;
#5006 = DIRECTION ( 'NONE',  ( 0.000000000000000000, 0.000000000000000000, 1.000000000000000000 ) ) ;
#5007 = FACE_BOUND ( 'NONE', #2916, .T. ) ;
#5008 = VERTEX_POINT ( 'NONE', #1692 ) ;
#5009 = ORIENTED_EDGE ( 'NONE', *, *, #3459, .F. ) ;
#5010 = CARTESIAN_POINT ( 'NONE',  ( -3.999999999999998224, 28.31187913226530739, 9.000000000000001776 ) ) ;
#5011 = AXIS2_PLACEMENT_3D ( 'NONE', #3552, #1497, #3052 ) ;
#5012 = VERTEX_POINT ( 'NONE', #475 ) ;
ENDSEC;
END-ISO-10303-21;
