ISO-10303-21;
HEADER;
FILE_DESCRIPTION (( 'STEP AP214' ),
    '1' );
FILE_NAME ('Drum.STEP',
    '2025-01-18T14:32:37',
    ( '' ),
    ( '' ),
    'SwSTEP 2.0',
    'SolidWorks 2025',
    '' );
FILE_SCHEMA (( 'AUTOMOTIVE_DESIGN' ));
ENDSEC;

DATA;
#1 = VERTEX_POINT ( 'NONE', #4076 ) ;
#2 = DIRECTION ( 'NONE',  ( 0.000000000000000000, 0.000000000000000000, 1.000000000000000000 ) ) ;
#3 = ADVANCED_FACE ( 'NONE', ( #4622 ), #5097, .F. ) ;
#4 = EDGE_LOOP ( 'NONE', ( #1291, #2666 ) ) ;
#5 = EDGE_LOOP ( 'NONE', ( #3502, #839, #5397, #2387 ) ) ;
#6 = LINE ( 'NONE', #1318, #4803 ) ;
#7 = VECTOR ( 'NONE', #890, 1000.000000000000000 ) ;
#8 = CARTESIAN_POINT ( 'NONE',  ( -30.39580531807245478, -19.28976461924402130, 2.000000000000000000 ) ) ;
#9 = ORIENTED_EDGE ( 'NONE', *, *, #3292, .T. ) ;
#10 = DIRECTION ( 'NONE',  ( -0.000000000000000000, -0.000000000000000000, 1.000000000000000000 ) ) ;
#11 = VERTEX_POINT ( 'NONE', #3252 ) ;
#12 = CARTESIAN_POINT ( 'NONE',  ( -20.00000000000000000, 0.000000000000000000, -21.21320343559642652 ) ) ;
#13 = DIRECTION ( 'NONE',  ( 1.000000000000000000, 0.000000000000000000, 0.000000000000000000 ) ) ;
#14 = CIRCLE ( 'NONE', #779, 1.250000000000000888 ) ;
#15 = ORIENTED_EDGE ( 'NONE', *, *, #287, .T. ) ;
#16 = CIRCLE ( 'NONE', #4852, 1.250000000000000222 ) ;
#17 = CARTESIAN_POINT ( 'NONE',  ( -4.570306765394026804, -3.156093203020940763, -1.666683961457739338 ) ) ;
#18 = CARTESIAN_POINT ( 'NONE',  ( 0.000000000000000000, 0.000000000000000000, -5.000000000000000000 ) ) ;
#19 = CARTESIAN_POINT ( 'NONE',  ( 33.82377388877684865, -15.32805449634230577, -3.535533905932739085 ) ) ;
#20 = CIRCLE ( 'NONE', #5792, 5.119795286111484600 ) ;
#21 = AXIS2_PLACEMENT_3D ( 'NONE', #2492, #744, #3431 ) ;
#22 = CARTESIAN_POINT ( 'NONE',  ( -3.625503238973864395, 0.000000000000000000, -8.000000000000000000 ) ) ;
#23 = ORIENTED_EDGE ( 'NONE', *, *, #1733, .F. ) ;
#24 = ORIENTED_EDGE ( 'NONE', *, *, #1582, .T. ) ;
#25 = CARTESIAN_POINT ( 'NONE',  ( -17.34313226766156646, -31.54704048157919161, -3.535533905932740861 ) ) ;
#26 = CIRCLE ( 'NONE', #4666, 1.250000000000000444 ) ;
#27 = AXIS2_PLACEMENT_3D ( 'NONE', #1029, #3721, #1954 ) ;
#28 = FACE_OUTER_BOUND ( 'NONE', #4062, .T. ) ;
#29 = DIRECTION ( 'NONE',  ( 1.000000000000000000, 0.000000000000000000, 0.000000000000000000 ) ) ;
#30 = VERTEX_POINT ( 'NONE', #2837 ) ;
#31 = ORIENTED_EDGE ( 'NONE', *, *, #2915, .F. ) ;
#32 = CYLINDRICAL_SURFACE ( 'NONE', #5595, 1.250000000000001110 ) ;
#33 = EDGE_CURVE ( 'NONE', #5283, #121, #139, .T. ) ;
#34 = VERTEX_POINT ( 'NONE', #4144 ) ;
#35 = ORIENTED_EDGE ( 'NONE', *, *, #3107, .T. ) ;
#36 = LINE ( 'NONE', #2292, #1476 ) ;
#37 = CARTESIAN_POINT ( 'NONE',  ( -4.511996408314963958, 35.71612924732120575, 2.000000000000000000 ) ) ;
#38 = ORIENTED_EDGE ( 'NONE', *, *, #1614, .T. ) ;
#39 = AXIS2_PLACEMENT_3D ( 'NONE', #3043, #675, #5187 ) ;
#40 = CARTESIAN_POINT ( 'NONE',  ( 4.511996408314459472, 35.71612924732126260, -3.535533905932739085 ) ) ;
#41 = ORIENTED_EDGE ( 'NONE', *, *, #2403, .T. ) ;
#42 = DIRECTION ( 'NONE',  ( 1.000000000000000000, 0.000000000000000000, 0.000000000000000000 ) ) ;
#43 = VECTOR ( 'NONE', #2283, 1000.000000000000000 ) ;
#44 = EDGE_CURVE ( 'NONE', #5287, #2291, #1126, .T. ) ;
#45 = DIRECTION ( 'NONE',  ( -1.000000000000000000, 0.000000000000000000, 0.000000000000000000 ) ) ;
#46 = DIRECTION ( 'NONE',  ( -0.000000000000000000, -0.000000000000000000, -1.000000000000000000 ) ) ;
#47 = FACE_OUTER_BOUND ( 'NONE', #923, .T. ) ;
#48 = CIRCLE ( 'NONE', #3931, 1.250000000000001110 ) ;
#49 = AXIS2_PLACEMENT_3D ( 'NONE', #4812, #1195, #5251 ) ;
#50 = CARTESIAN_POINT ( 'NONE',  ( 23.39369581343245130, 26.24287058717113297, 2.000000000000000000 ) ) ;
#51 = EDGE_CURVE ( 'NONE', #4930, #5685, #3667, .T. ) ;
#52 = EDGE_CURVE ( 'NONE', #2677, #5316, #5571, .T. ) ;
#53 = FACE_BOUND ( 'NONE', #4723, .T. ) ;
#54 = DIRECTION ( 'NONE',  ( -0.000000000000000000, 0.000000000000000000, 1.000000000000000000 ) ) ;
#55 = CIRCLE ( 'NONE', #3375, 1.250000000000001110 ) ;
#56 = AXIS2_PLACEMENT_3D ( 'NONE', #3997, #221, #1587 ) ;
#57 = ORIENTED_EDGE ( 'NONE', *, *, #4764, .F. ) ;
#58 = B_SPLINE_CURVE_WITH_KNOTS ( 'NONE', 3,
 ( #2237, #2267, #4455, #5317 ),
 .UNSPECIFIED., .F., .F.,
 ( 4, 4 ),
 ( 2.007925294395928170E-07, 0.005019957414438029272 ),
 .UNSPECIFIED. ) ;
#59 = ORIENTED_EDGE ( 'NONE', *, *, #2205, .F. ) ;
#60 = CARTESIAN_POINT ( 'NONE',  ( -3.261996408314709051, -35.71612924732123417, 0.000000000000000000 ) ) ;
#61 = AXIS2_PLACEMENT_3D ( 'NONE', #2843, #4649, #2430 ) ;
#62 = CARTESIAN_POINT ( 'NONE',  ( -0.7071067811865492381, -0.7071067811865495711, 0.000000000000000000 ) ) ;
#63 = CYLINDRICAL_SURFACE ( 'NONE', #2029, 1.250000000000001110 ) ;
#64 = ORIENTED_EDGE ( 'NONE', *, *, #986, .T. ) ;
#65 = ORIENTED_EDGE ( 'NONE', *, *, #5680, .T. ) ;
#66 = AXIS2_PLACEMENT_3D ( 'NONE', #3067, #2985, #4372 ) ;
#67 = DIRECTION ( 'NONE',  ( -0.06279051952930433944, -0.9980267284282721141, 0.000000000000000000 ) ) ;
#68 = ORIENTED_EDGE ( 'NONE', *, *, #5404, .T. ) ;
#69 = ORIENTED_EDGE ( 'NONE', *, *, #3391, .T. ) ;
#70 = CARTESIAN_POINT ( 'NONE',  ( -1.734935157289747343, -1.800000000000000044, -4.000000000000000000 ) ) ;
#71 = FACE_OUTER_BOUND ( 'NONE', #3884, .T. ) ;
#72 = ORIENTED_EDGE ( 'NONE', *, *, #2733, .T. ) ;
#73 = DIRECTION ( 'NONE',  ( -0.000000000000000000, -0.000000000000000000, 1.000000000000000000 ) ) ;
#74 = ORIENTED_EDGE ( 'NONE', *, *, #2416, .T. ) ;
#75 = DIRECTION ( 'NONE',  ( -0.000000000000000000, -0.000000000000000000, 1.000000000000000000 ) ) ;
#76 = CARTESIAN_POINT ( 'NONE',  ( 0.000000000000000000, 20.00000000000000000, 0.000000000000000000 ) ) ;
#77 = CARTESIAN_POINT ( 'NONE',  ( 0.9539392014169456591, -0.2999999999999999334, -5.500000000000000000 ) ) ;
#78 = CARTESIAN_POINT ( 'NONE',  ( 34.23803458662563060, -11.12461179749777784, 0.000000000000000000 ) ) ;
#79 = DIRECTION ( 'NONE',  ( 0.000000000000000000, -1.000000000000000000, -0.000000000000000000 ) ) ;
#80 = DIRECTION ( 'NONE',  ( -0.000000000000000000, -0.000000000000000000, -1.000000000000000000 ) ) ;
#81 = DIRECTION ( 'NONE',  ( 1.000000000000000000, 0.000000000000000000, 0.000000000000000000 ) ) ;
#82 = ORIENTED_EDGE ( 'NONE', *, *, #375, .F. ) ;
#83 = DIRECTION ( 'NONE',  ( -0.000000000000000000, -0.000000000000000000, 1.000000000000000000 ) ) ;
#84 = EDGE_CURVE ( 'NONE', #4187, #1, #2964, .T. ) ;
#85 = DIRECTION ( 'NONE',  ( 0.000000000000000000, -0.000000000000000000, 1.000000000000000000 ) ) ;
#86 = LINE ( 'NONE', #4604, #2780 ) ;
#87 = ORIENTED_EDGE ( 'NONE', *, *, #2643, .F. ) ;
#88 = ORIENTED_EDGE ( 'NONE', *, *, #998, .F. ) ;
#89 = CARTESIAN_POINT ( 'NONE',  ( 35.36234102623286191, -6.745727325085741022, -3.535533905932740861 ) ) ;
#90 = CARTESIAN_POINT ( 'NONE',  ( 0.000000000000000000, -36.00000000000000000, 2.000000000000000000 ) ) ;
#91 = ORIENTED_EDGE ( 'NONE', *, *, #4836, .T. ) ;
#92 = EDGE_LOOP ( 'NONE', ( #1890, #2007, #3669, #1163 ) ) ;
#93 = CARTESIAN_POINT ( 'NONE',  ( -33.82377388877674207, 15.32805449634253492, 2.000000000000000000 ) ) ;
#94 = CARTESIAN_POINT ( 'NONE',  ( 33.82377388877684865, -15.32805449634230577, 2.000000000000000000 ) ) ;
#95 = VERTEX_POINT ( 'NONE', #5011 ) ;
#96 = CIRCLE ( 'NONE', #1518, 1.250000000000000222 ) ;
#97 = CARTESIAN_POINT ( 'NONE',  ( -35.36234102623276243, -6.745727325086226855, 2.000000000000000000 ) ) ;
#98 = VERTEX_POINT ( 'NONE', #4560 ) ;
#99 = DIRECTION ( 'NONE',  ( -0.000000000000000000, -0.000000000000000000, -1.000000000000000000 ) ) ;
#100 = ADVANCED_FACE ( 'NONE', ( #2361 ), #2304, .F. ) ;
#101 = PLANE ( 'NONE',  #4425 ) ;
#102 = DIRECTION ( 'NONE',  ( -0.8090169943749421222, -0.5877852522924804646, 0.000000000000000000 ) ) ;
#103 = DIRECTION ( 'NONE',  ( 0.7071067811865473507, 0.7071067811865477948, 0.000000000000000000 ) ) ;
#104 = EDGE_CURVE ( 'NONE', #1527, #3444, #926, .T. ) ;
#105 = ADVANCED_FACE ( 'NONE', ( #5570 ), #1505, .T. ) ;
#106 = CARTESIAN_POINT ( 'NONE',  ( 22.61600908139310206, 21.20179551902017678, -34.00000000000000000 ) ) ;
#107 = LINE ( 'NONE', #1959, #2022 ) ;
#108 = CARTESIAN_POINT ( 'NONE',  ( -30.39580531807259334, 19.28976461924381169, 2.000000000000000000 ) ) ;
#109 = CIRCLE ( 'NONE', #1257, 1.250000000000001110 ) ;
#110 = ADVANCED_FACE ( 'NONE', ( #1595 ), #1149, .F. ) ;
#111 = VERTEX_POINT ( 'NONE', #2989 ) ;
#112 = CARTESIAN_POINT ( 'NONE',  ( 13.25248389664867332, -33.47195349197694725, 2.000000000000000000 ) ) ;
#113 = EDGE_CURVE ( 'NONE', #5596, #5283, #4715, .T. ) ;
#114 = VECTOR ( 'NONE', #4737, 1000.000000000000000 ) ;
#115 = DIRECTION ( 'NONE',  ( -0.7071067811865477948, 0.7071067811865473507, 0.000000000000000000 ) ) ;
#116 = VECTOR ( 'NONE', #1769, 1000.000000000000000 ) ;
#117 = DIRECTION ( 'NONE',  ( -0.000000000000000000, -0.000000000000000000, 1.000000000000000000 ) ) ;
#118 = ORIENTED_EDGE ( 'NONE', *, *, #4927, .F. ) ;
#119 = EDGE_CURVE ( 'NONE', #3068, #4654, #5479, .T. ) ;
#120 = EDGE_CURVE ( 'NONE', #1114, #2510, #5504, .T. ) ;
#121 = VERTEX_POINT ( 'NONE', #2011 ) ;
#122 = VECTOR ( 'NONE', #4245, 1000.000000000000000 ) ;
#123 = AXIS2_PLACEMENT_3D ( 'NONE', #2054, #3850, #2082 ) ;
#124 = CARTESIAN_POINT ( 'NONE',  ( 21.21320343559633415, 22.62741699796959338, -5.000000000000000000 ) ) ;
#125 = APPLICATION_CONTEXT ( 'automotive_design' ) ;
#126 = CARTESIAN_POINT ( 'NONE',  ( 20.00000000000000000, 0.000000000000000000, 0.000000000000000000 ) ) ;
#127 = AXIS2_PLACEMENT_3D ( 'NONE', #5802, #2727, #1305 ) ;
#128 = EDGE_CURVE ( 'NONE', #5865, #2160, #3323, .T. ) ;
#129 = VERTEX_POINT ( 'NONE', #4675 ) ;
#130 = DIRECTION ( 'NONE',  ( -0.000000000000000000, -0.000000000000000000, -1.000000000000000000 ) ) ;
#131 = CARTESIAN_POINT ( 'NONE',  ( -30.85449724108301695, 3.000000000000003997, -14.00000000000000178 ) ) ;
#132 = EDGE_LOOP ( 'NONE', ( #4507, #4007 ) ) ;
#133 = CARTESIAN_POINT ( 'NONE',  ( 32.57377388877652891, 15.32805449634299322, 2.000000000000000000 ) ) ;
#134 = EDGE_CURVE ( 'NONE', #2910, #3778, #2423, .T. ) ;
#135 = ADVANCED_FACE ( 'NONE', ( #3779 ), #2455, .F. ) ;
#136 = ORIENTED_EDGE ( 'NONE', *, *, #4815, .T. ) ;
#137 = CARTESIAN_POINT ( 'NONE',  ( -24.64369581343283500, 26.24287058717076704, 0.000000000000000000 ) ) ;
#138 = CARTESIAN_POINT ( 'NONE',  ( 1.040834085586084257E-14, -1.776736310160620391E-14, -29.00000000000000000 ) ) ;
#139 = LINE ( 'NONE', #3163, #1977 ) ;
#140 = FACE_OUTER_BOUND ( 'NONE', #3523, .T. ) ;
#141 = CARTESIAN_POINT ( 'NONE',  ( -35.92896222341776280, -2.260458703055409746, 2.000000000000000000 ) ) ;
#142 = CIRCLE ( 'NONE', #4210, 1.250000000000001110 ) ;
#143 = DIRECTION ( 'NONE',  ( 0.000000000000000000, 0.000000000000000000, 1.000000000000000000 ) ) ;
#144 = DIRECTION ( 'NONE',  ( -0.000000000000000000, -0.000000000000000000, -1.000000000000000000 ) ) ;
#145 = ORIENTED_EDGE ( 'NONE', *, *, #1265, .T. ) ;
#146 = AXIS2_PLACEMENT_3D ( 'NONE', #2008, #3716, #1503 ) ;
#147 = AXIS2_PLACEMENT_3D ( 'NONE', #3609, #5431, #4994 ) ;
#148 = LINE ( 'NONE', #944, #2867 ) ;
#149 = LINE ( 'NONE', #5517, #5081 ) ;
#150 = CIRCLE ( 'NONE', #4984, 30.99999999999999289 ) ;
#151 = FACE_OUTER_BOUND ( 'NONE', #2890, .T. ) ;
#152 = CIRCLE ( 'NONE', #5357, 1.250000000000001110 ) ;
#153 = AXIS2_PLACEMENT_3D ( 'NONE', #1605, #4358, #1276 ) ;
#154 = ORIENTED_EDGE ( 'NONE', *, *, #1584, .T. ) ;
#155 = EDGE_CURVE ( 'NONE', #3593, #1962, #4349, .T. ) ;
#156 = ORIENTED_EDGE ( 'NONE', *, *, #1524, .T. ) ;
#157 = DIRECTION ( 'NONE',  ( -0.7071067811865451302, -0.7071067811865500152, 0.000000000000000000 ) ) ;
#158 = AXIS2_PLACEMENT_3D ( 'NONE', #1220, #1663, #5720 ) ;
#159 = LINE ( 'NONE', #690, #2206 ) ;
#160 = ORIENTED_EDGE ( 'NONE', *, *, #5238, .T. ) ;
#161 = DIRECTION ( 'NONE',  ( -0.000000000000000000, -0.000000000000000000, 1.000000000000000000 ) ) ;
#162 = AXIS2_PLACEMENT_3D ( 'NONE', #138, #1445, #644 ) ;
#163 = DIRECTION ( 'NONE',  ( 1.000000000000000000, 0.000000000000000000, 0.000000000000000000 ) ) ;
#164 = ORIENTED_EDGE ( 'NONE', *, *, #3890, .F. ) ;
#165 = EDGE_CURVE ( 'NONE', #30, #1633, #1988, .T. ) ;
#166 = DIRECTION ( 'NONE',  ( -0.000000000000000000, 0.000000000000000000, 1.000000000000000000 ) ) ;
#167 = CIRCLE ( 'NONE', #3843, 1.250000000000000666 ) ;
#168 = EDGE_CURVE ( 'NONE', #5046, #1677, #1714, .T. ) ;
#169 = EDGE_CURVE ( 'NONE', #1962, #5269, #1434, .T. ) ;
#170 = EDGE_LOOP ( 'NONE', ( #3478, #2640 ) ) ;
#171 = CARTESIAN_POINT ( 'NONE',  ( 13.25248389664795390, 33.47195349197723147, -3.535533905932739085 ) ) ;
#172 = DIRECTION ( 'NONE',  ( -0.000000000000000000, -0.000000000000000000, -1.000000000000000000 ) ) ;
#173 = VERTEX_POINT ( 'NONE', #1626 ) ;
#174 = DIRECTION ( 'NONE',  ( -1.000000000000000000, 0.000000000000000000, 0.000000000000000000 ) ) ;
#175 = AXIS2_PLACEMENT_3D ( 'NONE', #964, #1870, #908 ) ;
#176 = DIRECTION ( 'NONE',  ( 0.8763066800438640280, 0.4817536741017144908, 0.000000000000000000 ) ) ;
#177 = DIRECTION ( 'NONE',  ( 0.9297764858882555661, -0.3681245526846674276, 0.000000000000000000 ) ) ;
#178 = CYLINDRICAL_SURFACE ( 'NONE', #2769, 1.250000000000001110 ) ;
#179 =( BOUNDED_CURVE ( )  B_SPLINE_CURVE ( 3, ( #5764, #3955, #1650, #783 ),
 .UNSPECIFIED., .F., .F. ) 
 B_SPLINE_CURVE_WITH_KNOTS ( ( 4, 4 ),
 ( 6.186259421139577164, 6.283185307179586232 ),
 .UNSPECIFIED. ) 
 CURVE ( )  GEOMETRIC_REPRESENTATION_ITEM ( )  RATIONAL_B_SPLINE_CURVE ( ( 1.000000000000000000, 0.9992172676000894427, 0.9992172676000894427, 1.000000000000000000 ) ) 
 REPRESENTATION_ITEM ( '' )  );
#180 = FACE_OUTER_BOUND ( 'NONE', #5, .T. ) ;
#181 = ORIENTED_EDGE ( 'NONE', *, *, #3573, .F. ) ;
#182 = CYLINDRICAL_SURFACE ( 'NONE', #3807, 1.250000000000001110 ) ;
#183 = DIRECTION ( 'NONE',  ( -0.000000000000000000, -0.000000000000000000, -1.000000000000000000 ) ) ;
#184 = LINE ( 'NONE', #210, #2194 ) ;
#185 = ORIENTED_EDGE ( 'NONE', *, *, #803, .T. ) ;
#186 = ORIENTED_EDGE ( 'NONE', *, *, #5844, .T. ) ;
#187 = ORIENTED_EDGE ( 'NONE', *, *, #5414, .F. ) ;
#188 = CARTESIAN_POINT ( 'NONE',  ( -10.20283593793454102, -34.86899380063077558, 2.000000000000000000 ) ) ;
#189 = EDGE_CURVE ( 'NONE', #4590, #1655, #385, .T. ) ;
#190 = CARTESIAN_POINT ( 'NONE',  ( 27.73847673992861829, -22.94726363095257682, 0.000000000000000000 ) ) ;
#191 = VERTEX_POINT ( 'NONE', #736 ) ;
#192 = CARTESIAN_POINT ( 'NONE',  ( 0.000000000000000000, 0.000000000000000000, 0.000000000000000000 ) ) ;
#193 = EDGE_LOOP ( 'NONE', ( #1085, #2096, #2667, #5230 ) ) ;
#194 = EDGE_CURVE ( 'NONE', #476, #1463, #479, .T. ) ;
#195 = LINE ( 'NONE', #1118, #996 ) ;
#196 = EDGE_LOOP ( 'NONE', ( #4361, #3954 ) ) ;
#197 = DIRECTION ( 'NONE',  ( 1.000000000000000000, 0.000000000000000000, 0.000000000000000000 ) ) ;
#198 = DIRECTION ( 'NONE',  ( -0.000000000000000000, -0.000000000000000000, -1.000000000000000000 ) ) ;
#199 = ORIENTED_EDGE ( 'NONE', *, *, #1760, .T. ) ;
#200 = DIRECTION ( 'NONE',  ( 0.000000000000000000, -0.000000000000000000, 1.000000000000000000 ) ) ;
#201 = ADVANCED_FACE ( 'NONE', ( #2931 ), #3341, .F. ) ;
#202 = CARTESIAN_POINT ( 'NONE',  ( -25.89369581343264670, -26.24287058717094823, -3.535533905932740861 ) ) ;
#203 = DIRECTION ( 'NONE',  ( 0.000000000000000000, -0.000000000000000000, 1.000000000000000000 ) ) ;
#204 = DIRECTION ( 'NONE',  ( -0.000000000000000000, -0.000000000000000000, -1.000000000000000000 ) ) ;
#205 = CYLINDRICAL_SURFACE ( 'NONE', #4701, 2.500000000000000000 ) ;
#206 = ORIENTED_EDGE ( 'NONE', *, *, #2582, .T. ) ;
#207 = CARTESIAN_POINT ( 'NONE',  ( -0.7071067811865555663, 0.7071067811865506814, 0.000000000000000000 ) ) ;
#208 = LINE ( 'NONE', #3788, #4886 ) ;
#209 = ADVANCED_FACE ( 'NONE', ( #2899 ), #1185, .F. ) ;
#210 = CARTESIAN_POINT ( 'NONE',  ( -34.11234102623281217, 6.745727325085971948, -3.535533905932740861 ) ) ;
#211 = CIRCLE ( 'NONE', #5705, 1.250000000000000000 ) ;
#212 = EDGE_CURVE ( 'NONE', #2072, #1018, #4559, .T. ) ;
#213 = ORIENTED_EDGE ( 'NONE', *, *, #906, .F. ) ;
#214 = VERTEX_POINT ( 'NONE', #2288 ) ;
#215 = VERTEX_POINT ( 'NONE', #420 ) ;
#216 = CARTESIAN_POINT ( 'NONE',  ( -34.67896222341777701, 2.260458703055158836, -3.535533905932740861 ) ) ;
#217 = VECTOR ( 'NONE', #650, 1000.000000000000000 ) ;
#218 = AXIS2_PLACEMENT_3D ( 'NONE', #1412, #4970, #3216 ) ;
#219 = DIRECTION ( 'NONE',  ( 1.000000000000000000, 0.000000000000000000, 0.000000000000000000 ) ) ;
#220 = ORIENTED_EDGE ( 'NONE', *, *, #5776, .T. ) ;
#221 = DIRECTION ( 'NONE',  ( 0.000000000000000000, 0.000000000000000000, -1.000000000000000000 ) ) ;
#222 = VECTOR ( 'NONE', #325, 1000.000000000000000 ) ;
#223 = AXIS2_PLACEMENT_3D ( 'NONE', #680, #4383, #2576 ) ;
#224 = ORIENTED_EDGE ( 'NONE', *, *, #3391, .F. ) ;
#225 = CARTESIAN_POINT ( 'NONE',  ( 26.48847673992861829, -22.94726363095257682, 0.000000000000000000 ) ) ;
#226 = VECTOR ( 'NONE', #1585, 1000.000000000000000 ) ;
#227 = VECTOR ( 'NONE', #3690, 1000.000000000000000 ) ;
#228 = EDGE_LOOP ( 'NONE', ( #4854, #5850 ) ) ;
#229 = DIRECTION ( 'NONE',  ( -0.000000000000000000, -0.000000000000000000, 1.000000000000000000 ) ) ;
#230 = CARTESIAN_POINT ( 'NONE',  ( -25.99999999999999645, -1.444447458290426890E-31, -24.00000000000000000 ) ) ;
#231 = ORIENTED_EDGE ( 'NONE', *, *, #155, .T. ) ;
#232 = EDGE_CURVE ( 'NONE', #3207, #2930, #3928, .T. ) ;
#233 = CARTESIAN_POINT ( 'NONE',  ( 4.511996408314459472, 35.71612924732126260, 0.000000000000000000 ) ) ;
#234 = DIRECTION ( 'NONE',  ( 1.000000000000000000, 0.000000000000000000, 0.000000000000000000 ) ) ;
#235 = LINE ( 'NONE', #2934, #2891 ) ;
#236 = FACE_BOUND ( 'NONE', #5145, .T. ) ;
#237 = CARTESIAN_POINT ( 'NONE',  ( -12.00248389664843174, 33.47195349197703962, -3.535533905932740861 ) ) ;
#238 = ORIENTED_EDGE ( 'NONE', *, *, #873, .T. ) ;
#239 = CARTESIAN_POINT ( 'NONE',  ( 0.000000000000000000, 0.000000000000000000, -4.000000000000000000 ) ) ;
#240 = AXIS2_PLACEMENT_3D ( 'NONE', #3722, #3345, #2869 ) ;
#241 = ADVANCED_FACE ( 'NONE', ( #927 ), #312, .F. ) ;
#242 = DIRECTION ( 'NONE',  ( 1.000000000000000000, 0.000000000000000000, 0.000000000000000000 ) ) ;
#243 = CARTESIAN_POINT ( 'NONE',  ( -21.16026908252907646, 29.12461179749808338, 0.000000000000000000 ) ) ;
#244 = EDGE_LOOP ( 'NONE', ( #4422, #1341, #4760, #5467 ) ) ;
#245 = CIRCLE ( 'NONE', #4691, 2.500000000000000000 ) ;
#246 = EDGE_LOOP ( 'NONE', ( #4545, #231, #3176, #3613 ) ) ;
#247 = ORIENTED_EDGE ( 'NONE', *, *, #3534, .T. ) ;
#248 = DIRECTION ( 'NONE',  ( 1.000000000000000000, 0.000000000000000000, 0.000000000000000000 ) ) ;
#249 = CIRCLE ( 'NONE', #5734, 1.250000000000001110 ) ;
#250 = AXIS2_PLACEMENT_3D ( 'NONE', #3580, #1391, #5838 ) ;
#251 = CARTESIAN_POINT ( 'NONE',  ( 4.511996408315208207, -35.71612924732117023, 0.000000000000000000 ) ) ;
#252 = ORIENTED_EDGE ( 'NONE', *, *, #2128, .T. ) ;
#253 = CYLINDRICAL_SURFACE ( 'NONE', #4698, 1.250000000000000222 ) ;
#254 = ORIENTED_EDGE ( 'NONE', *, *, #1660, .T. ) ;
#255 = CARTESIAN_POINT ( 'NONE',  ( -2.946216931680113671, 4.360430494053208150, -5.000000000000000000 ) ) ;
#256 = CIRCLE ( 'NONE', #5559, 1.250000000000000222 ) ;
#257 = ORIENTED_EDGE ( 'NONE', *, *, #331, .T. ) ;
#258 = CARTESIAN_POINT ( 'NONE',  ( -31.64580531807259689, 19.28976461924381169, 0.000000000000000000 ) ) ;
#259 = DIRECTION ( 'NONE',  ( 0.000000000000000000, 0.000000000000000000, 1.000000000000000000 ) ) ;
#260 = ORIENTED_EDGE ( 'NONE', *, *, #5651, .T. ) ;
#261 = AXIS2_PLACEMENT_3D ( 'NONE', #1912, #3794, #3705 ) ;
#262 = CARTESIAN_POINT ( 'NONE',  ( 27.73847673992813867, 22.94726363095315591, 2.000000000000000000 ) ) ;
#263 = CARTESIAN_POINT ( 'NONE',  ( -34.23803458662555954, 11.12461179749801232, -3.535533905932740861 ) ) ;
#264 = CARTESIAN_POINT ( 'NONE',  ( 23.39369581343245130, 26.24287058717113297, -3.535533905932740861 ) ) ;
#265 = FACE_BOUND ( 'NONE', #1496, .T. ) ;
#266 = CARTESIAN_POINT ( 'NONE',  ( -14.50248389664819015, -33.47195349197713199, -3.535533905932740861 ) ) ;
#267 = VERTEX_POINT ( 'NONE', #2740 ) ;
#268 = FACE_OUTER_BOUND ( 'NONE', #1844, .T. ) ;
#269 = CARTESIAN_POINT ( 'NONE',  ( 23.89999999999999503, 1.444447458290426890E-31, -24.00000000000000000 ) ) ;
#270 = DIRECTION ( 'NONE',  ( -0.000000000000000000, -0.000000000000000000, 1.000000000000000000 ) ) ;
#271 = ORIENTED_EDGE ( 'NONE', *, *, #1431, .T. ) ;
#272 = VERTEX_POINT ( 'NONE', #3453 ) ;
#273 = EDGE_LOOP ( 'NONE', ( #4903, #4566 ) ) ;
#274 = CYLINDRICAL_SURFACE ( 'NONE', #1304, 1.250000000000000444 ) ;
#275 = FACE_BOUND ( 'NONE', #1323, .T. ) ;
#276 = EDGE_LOOP ( 'NONE', ( #1117, #3018, #199, #566 ) ) ;
#277 = DIRECTION ( 'NONE',  ( -0.000000000000000000, -0.000000000000000000, -1.000000000000000000 ) ) ;
#278 = VERTEX_POINT ( 'NONE', #2676 ) ;
#279 = CARTESIAN_POINT ( 'NONE',  ( -25.99999999999999645, -1.444447458290426890E-31, -24.00000000000000000 ) ) ;
#280 = ORIENTED_EDGE ( 'NONE', *, *, #2447, .F. ) ;
#281 = LINE ( 'NONE', #5264, #2801 ) ;
#282 = CARTESIAN_POINT ( 'NONE',  ( 32.98803458662563060, -11.12461179749777784, 0.000000000000000000 ) ) ;
#283 = ORIENTED_EDGE ( 'NONE', *, *, #3092, .F. ) ;
#284 = DIRECTION ( 'NONE',  ( -0.000000000000000000, -0.000000000000000000, -1.000000000000000000 ) ) ;
#285 = CARTESIAN_POINT ( 'NONE',  ( -17.34313226766178673, 31.54704048157906726, 2.000000000000000000 ) ) ;
#286 = CARTESIAN_POINT ( 'NONE',  ( 31.32377388877684155, -15.32805449634230577, 0.000000000000000000 ) ) ;
#287 = EDGE_CURVE ( 'NONE', #3438, #2659, #4554, .T. ) ;
#288 = CARTESIAN_POINT ( 'NONE',  ( 30.99999999999999289, 0.000000000000000000, -14.00000000000001243 ) ) ;
#289 = CARTESIAN_POINT ( 'NONE',  ( 22.41026908252928962, -29.12461179749791640, -3.535533905932740861 ) ) ;
#290 = VERTEX_POINT ( 'NONE', #5851 ) ;
#291 = CARTESIAN_POINT ( 'NONE',  ( -12.00248389664843174, 33.47195349197703962, 0.000000000000000000 ) ) ;
#292 = ADVANCED_FACE ( 'NONE', ( #1372 ), #1852, .F. ) ;
#293 = DIRECTION ( 'NONE',  ( -0.000000000000000000, -0.000000000000000000, -1.000000000000000000 ) ) ;
#294 = PLANE ( 'NONE',  #1347 ) ;
#295 = ORIENTED_EDGE ( 'NONE', *, *, #3119, .F. ) ;
#296 = VERTEX_POINT ( 'NONE', #4484 ) ;
#297 = LINE ( 'NONE', #4786, #4467 ) ;
#298 = DIRECTION ( 'NONE',  ( 0.000000000000000000, 0.000000000000000000, -1.000000000000000000 ) ) ;
#299 = ADVANCED_FACE ( 'NONE', ( #4092 ), #3646, .F. ) ;
#300 = EDGE_LOOP ( 'NONE', ( #5335, #1523, #1192, #187 ) ) ;
#301 = AXIS2_PLACEMENT_3D ( 'NONE', #3144, #5051, #4960 ) ;
#302 = ORIENTED_EDGE ( 'NONE', *, *, #4625, .F. ) ;
#303 = AXIS2_PLACEMENT_3D ( 'NONE', #2242, #4937, #4491 ) ;
#304 = CARTESIAN_POINT ( 'NONE',  ( 22.99999999999999645, -1.757359312880714786, -23.75609756097561842 ) ) ;
#305 = EDGE_CURVE ( 'NONE', #4483, #3058, #5877, .T. ) ;
#306 = VECTOR ( 'NONE', #4379, 1000.000000000000000 ) ;
#307 = AXIS2_PLACEMENT_3D ( 'NONE', #4682, #5491, #3466 ) ;
#308 = ORIENTED_EDGE ( 'NONE', *, *, #1901, .F. ) ;
#309 = DIRECTION ( 'NONE',  ( -0.8763066800438670256, 0.4817536741017089952, 0.000000000000000000 ) ) ;
#310 = FACE_OUTER_BOUND ( 'NONE', #2474, .T. ) ;
#311 = ORIENTED_EDGE ( 'NONE', *, *, #3239, .F. ) ;
#312 = CYLINDRICAL_SURFACE ( 'NONE', #3787, 1.250000000000001110 ) ;
#313 = AXIS2_PLACEMENT_3D ( 'NONE', #3827, #5585, #1495 ) ;
#314 = AXIS2_PLACEMENT_3D ( 'NONE', #879, #4443, #3968 ) ;
#315 = CARTESIAN_POINT ( 'NONE',  ( -30.95146108738144264, 2.002743090633536838, -14.05919379587629514 ) ) ;
#316 = ADVANCED_FACE ( 'NONE', ( #4850 ), #32, .F. ) ;
#317 = DIRECTION ( 'NONE',  ( -1.000000000000000000, -8.933589771645418770E-17, 0.000000000000000000 ) ) ;
#318 = AXIS2_PLACEMENT_3D ( 'NONE', #5084, #2919, #2823 ) ;
#319 = FACE_BOUND ( 'NONE', #1970, .T. ) ;
#320 = AXIS2_PLACEMENT_3D ( 'NONE', #2548, #3374, #1627 ) ;
#321 = DIRECTION ( 'NONE',  ( 1.000000000000000000, 0.000000000000000000, 0.000000000000000000 ) ) ;
#322 = ORIENTED_EDGE ( 'NONE', *, *, #3879, .F. ) ;
#323 = FACE_OUTER_BOUND ( 'NONE', #1332, .T. ) ;
#324 = DIRECTION ( 'NONE',  ( -1.000000000000000000, 0.000000000000000000, 0.000000000000000000 ) ) ;
#325 = DIRECTION ( 'NONE',  ( -0.000000000000000000, -0.000000000000000000, 1.000000000000000000 ) ) ;
#326 = ORIENTED_EDGE ( 'NONE', *, *, #2733, .F. ) ;
#327 = ORIENTED_EDGE ( 'NONE', *, *, #4810, .F. ) ;
#328 = DIRECTION ( 'NONE',  ( 1.000000000000000000, 0.000000000000000000, 0.000000000000000000 ) ) ;
#329 = DIRECTION ( 'NONE',  ( 1.000000000000000000, 0.000000000000000000, 0.000000000000000000 ) ) ;
#330 = CIRCLE ( 'NONE', #1948, 1.250000000000000222 ) ;
#331 = EDGE_CURVE ( 'NONE', #395, #3127, #96, .T. ) ;
#332 = VERTEX_POINT ( 'NONE', #1406 ) ;
#333 = VERTEX_POINT ( 'NONE', #790 ) ;
#334 = AXIS2_PLACEMENT_3D ( 'NONE', #640, #3307, #4250 ) ;
#335 = DIRECTION ( 'NONE',  ( -0.000000000000000000, -0.000000000000000000, -1.000000000000000000 ) ) ;
#336 = ORIENTED_EDGE ( 'NONE', *, *, #5744, .T. ) ;
#338 = CARTESIAN_POINT ( 'NONE',  ( -21.16026908252886685, -29.12461179749822549, 2.000000000000000000 ) ) ;
#337 = CIRCLE ( 'NONE', #4520, 1.249999999999999334 ) ;
#339 = AXIS2_PLACEMENT_3D ( 'NONE', #988, #3302, #5114 ) ;
#340 = AXIS2_PLACEMENT_3D ( 'NONE', #5775, #4021, #3665 ) ;
#341 = DIRECTION ( 'NONE',  ( 1.000000000000000000, 0.000000000000000000, 0.000000000000000000 ) ) ;
#342 = VERTEX_POINT ( 'NONE', #3019 ) ;
#343 = EDGE_CURVE ( 'NONE', #1975, #750, #2946, .T. ) ;
#344 = SURFACE_SIDE_STYLE ('',( #4909 ) ) ;
#345 = EDGE_CURVE ( 'NONE', #2185, #1520, #761, .T. ) ;
#346 = VECTOR ( 'NONE', #3724, 1000.000000000000000 ) ;
#347 = DIRECTION ( 'NONE',  ( -0.000000000000000000, -0.000000000000000000, 1.000000000000000000 ) ) ;
#348 = ORIENTED_EDGE ( 'NONE', *, *, #3027, .F. ) ;
#349 = FACE_BOUND ( 'NONE', #1014, .T. ) ;
#350 = DIRECTION ( 'NONE',  ( -0.000000000000000000, -0.000000000000000000, 1.000000000000000000 ) ) ;
#351 = CIRCLE ( 'NONE', #1015, 7.500000000000000000 ) ;
#352 = ORIENTED_EDGE ( 'NONE', *, *, #5024, .F. ) ;
#353 = CARTESIAN_POINT ( 'NONE',  ( 7.702835937935042843, -34.86899380063064768, -3.535533905932740861 ) ) ;
#354 = CIRCLE ( 'NONE', #1398, 1.250000000000001110 ) ;
#355 = DIRECTION ( 'NONE',  ( -0.9297764858882533456, 0.3681245526846732563, 0.000000000000000000 ) ) ;
#356 = DIRECTION ( 'NONE',  ( 1.000000000000000000, -1.776356839400250465E-15, 0.000000000000000000 ) ) ;
#357 = EDGE_LOOP ( 'NONE', ( #1704, #5319 ) ) ;
#358 = ORIENTED_EDGE ( 'NONE', *, *, #3278, .F. ) ;
#359 = CARTESIAN_POINT ( 'NONE',  ( 34.67896222341774859, 2.260458703055677088, 2.000000000000000000 ) ) ;
#360 = DIRECTION ( 'NONE',  ( 0.000000000000000000, 0.000000000000000000, 1.000000000000000000 ) ) ;
#361 = EDGE_CURVE ( 'NONE', #4879, #3583, #4264, .T. ) ;
#362 = ORIENTED_EDGE ( 'NONE', *, *, #3191, .F. ) ;
#363 = ORIENTED_EDGE ( 'NONE', *, *, #2886, .T. ) ;
#364 = DIRECTION ( 'NONE',  ( -0.7071067811865451302, -0.7071067811865500152, 0.000000000000000000 ) ) ;
#365 = ADVANCED_FACE ( 'NONE', ( #4374 ), #5470, .F. ) ;
#366 = EDGE_LOOP ( 'NONE', ( #5496, #3793, #3663, #283 ) ) ;
#367 = DIRECTION ( 'NONE',  ( -0.7071067811865477948, 0.7071067811865473507, 0.000000000000000000 ) ) ;
#368 = DIRECTION ( 'NONE',  ( 0.000000000000000000, 0.000000000000000000, -1.000000000000000000 ) ) ;
#369 = EDGE_CURVE ( 'NONE', #3596, #5759, #5745, .T. ) ;
#370 = EDGE_LOOP ( 'NONE', ( #3381, #4129 ) ) ;
#371 = DIRECTION ( 'NONE',  ( 0.000000000000000000, 0.000000000000000000, -1.000000000000000000 ) ) ;
#372 = DIRECTION ( 'NONE',  ( -0.000000000000000000, -0.000000000000000000, 1.000000000000000000 ) ) ;
#373 = FACE_BOUND ( 'NONE', #2829, .T. ) ;
#374 = CARTESIAN_POINT ( 'NONE',  ( -32.57377388877662838, -15.32805449634276229, 0.000000000000000000 ) ) ;
#375 = EDGE_CURVE ( 'NONE', #1947, #2201, #5696, .T. ) ;
#376 = VERTEX_POINT ( 'NONE', #4124 ) ;
#377 = LINE ( 'NONE', #4860, #3813 ) ;
#378 = PLANE ( 'NONE',  #903 ) ;
#379 = DIRECTION ( 'NONE',  ( -0.000000000000000000, -0.000000000000000000, 1.000000000000000000 ) ) ;
#380 = DIRECTION ( 'NONE',  ( -0.7289686274214053352, -0.6845471059286951654, 0.000000000000000000 ) ) ;
#381 = ORIENTED_EDGE ( 'NONE', *, *, #2416, .F. ) ;
#382 = AXIS2_PLACEMENT_3D ( 'NONE', #3149, #4964, #4519 ) ;
#383 = EDGE_LOOP ( 'NONE', ( #4926, #4556 ) ) ;
#384 = CARTESIAN_POINT ( 'NONE',  ( 0.000000000000000000, -20.00000000000000000, 0.000000000000000000 ) ) ;
#385 = CIRCLE ( 'NONE', #3132, 5.119795286111484600 ) ;
#386 = EDGE_CURVE ( 'NONE', #1331, #4486, #2852, .T. ) ;
#387 = LINE ( 'NONE', #2195, #4193 ) ;
#388 = VERTEX_POINT ( 'NONE', #633 ) ;
#389 = AXIS2_PLACEMENT_3D ( 'NONE', #2044, #4734, #1089 ) ;
#390 = ORIENTED_EDGE ( 'NONE', *, *, #1686, .T. ) ;
#391 = VERTEX_POINT ( 'NONE', #5553 ) ;
#392 = DIRECTION ( 'NONE',  ( 1.000000000000000000, 0.000000000000000000, 0.000000000000000000 ) ) ;
#393 = AXIS2_PLACEMENT_3D ( 'NONE', #5022, #4119, #2761 ) ;
#394 = DIRECTION ( 'NONE',  ( 0.9921147013144775428, 0.1253332335643063955, 0.000000000000000000 ) ) ;
#395 = VERTEX_POINT ( 'NONE', #4634 ) ;
#396 = DIRECTION ( 'NONE',  ( -0.000000000000000000, -0.000000000000000000, -1.000000000000000000 ) ) ;
#397 = PRESENTATION_LAYER_ASSIGNMENT (  '', '', ( #2381 ) ) ;
#398 = ADVANCED_FACE ( 'NONE', ( #1043 ), #2442, .T. ) ;
#399 = DIRECTION ( 'NONE',  ( 1.000000000000000000, 0.000000000000000000, 0.000000000000000000 ) ) ;
#400 = DIRECTION ( 'NONE',  ( 0.000000000000000000, 0.000000000000000000, 1.000000000000000000 ) ) ;
#401 = EDGE_CURVE ( 'NONE', #3533, #2170, #505, .T. ) ;
#402 = CARTESIAN_POINT ( 'NONE',  ( 2.946216931680113671, -4.360430494053208150, -5.000000000000000000 ) ) ;
#403 = VECTOR ( 'NONE', #710, 1000.000000000000000 ) ;
#404 = ORIENTED_EDGE ( 'NONE', *, *, #1386, .T. ) ;
#405 = DIRECTION ( 'NONE',  ( 1.000000000000000000, 0.000000000000000000, 0.000000000000000000 ) ) ;
#406 = AXIS2_PLACEMENT_3D ( 'NONE', #190, #2065, #3359 ) ;
#407 = CARTESIAN_POINT ( 'NONE',  ( 0.000000000000000000, 0.000000000000000000, -5.500000000000000000 ) ) ;
#408 = VECTOR ( 'NONE', #4232, 1000.000000000000000 ) ;
#409 = CARTESIAN_POINT ( 'NONE',  ( -30.85449724108301695, -3.000000000000000444, -29.00000000000000000 ) ) ;
#410 = LINE ( 'NONE', #5457, #4030 ) ;
#411 = EDGE_LOOP ( 'NONE', ( #1479, #3504, #4904, #2382 ) ) ;
#412 = ORIENTED_EDGE ( 'NONE', *, *, #3956, .T. ) ;
#413 = ADVANCED_FACE ( 'NONE', ( #2407 ), #2372, .F. ) ;
#414 = DIRECTION ( 'NONE',  ( -0.000000000000000000, -0.000000000000000000, 1.000000000000000000 ) ) ;
#415 = EDGE_CURVE ( 'NONE', #1932, #5152, #4672, .T. ) ;
#416 = DIRECTION ( 'NONE',  ( -0.7071067811865450192, -0.7071067811865500152, 0.000000000000000000 ) ) ;
#417 = FACE_OUTER_BOUND ( 'NONE', #3271, .T. ) ;
#418 = EDGE_LOOP ( 'NONE', ( #3447, #72, #1601, #423 ) ) ;
#419 = EDGE_LOOP ( 'NONE', ( #363, #4593, #2639, #362 ) ) ;
#420 = CARTESIAN_POINT ( 'NONE',  ( 2.500000000000000000, 0.000000000000000000, -4.000000000000000000 ) ) ;
#421 = AXIS2_PLACEMENT_3D ( 'NONE', #1451, #4201, #3754 ) ;
#422 = VERTEX_POINT ( 'NONE', #1887 ) ;
#423 = ORIENTED_EDGE ( 'NONE', *, *, #1340, .F. ) ;
#424 = CARTESIAN_POINT ( 'NONE',  ( 0.000000000000000000, -36.00000000000000000, -3.535533905932739973 ) ) ;
#425 = CARTESIAN_POINT ( 'NONE',  ( -30.85449724108301695, -3.000000000000000444, -14.17744238892315600 ) ) ;
#426 = ORIENTED_EDGE ( 'NONE', *, *, #952, .F. ) ;
#427 = AXIS2_PLACEMENT_3D ( 'NONE', #2806, #1528, #4669 ) ;
#428 = AXIS2_PLACEMENT_3D ( 'NONE', #4603, #3229, #5465 ) ;
#429 = CARTESIAN_POINT ( 'NONE',  ( -12.50000000000000000, 0.000000000000000000, -21.21320343559642652 ) ) ;
#430 = CARTESIAN_POINT ( 'NONE',  ( 28.09999999999999787, 2.571758278209444422E-16, -24.00000000000000000 ) ) ;
#431 = VERTEX_POINT ( 'NONE', #3766 ) ;
#432 = FACE_BOUND ( 'NONE', #4083, .T. ) ;
#433 = DIRECTION ( 'NONE',  ( -0.000000000000000000, -0.000000000000000000, 1.000000000000000000 ) ) ;
#434 = ORIENTED_EDGE ( 'NONE', *, *, #4830, .T. ) ;
#435 = AXIS2_PLACEMENT_3D ( 'NONE', #4292, #5575, #4261 ) ;
#436 = LINE ( 'NONE', #4978, #502 ) ;
#437 = FACE_OUTER_BOUND ( 'NONE', #5789, .T. ) ;
#438 = FACE_BOUND ( 'NONE', #1228, .T. ) ;
#439 = DIRECTION ( 'NONE',  ( -0.000000000000000000, -0.000000000000000000, -1.000000000000000000 ) ) ;
#440 = EDGE_LOOP ( 'NONE', ( #5552, #484 ) ) ;
#441 = EDGE_CURVE ( 'NONE', #4457, #1759, #1177, .T. ) ;
#442 = VERTEX_POINT ( 'NONE', #570 ) ;
#443 = CARTESIAN_POINT ( 'NONE',  ( -5.761996408314964846, 35.71612924732120575, 2.000000000000000000 ) ) ;
#444 = AXIS2_PLACEMENT_3D ( 'NONE', #5388, #2334, #2246 ) ;
#445 = CARTESIAN_POINT ( 'NONE',  ( -28.09999999999999787, -1.444447458290426890E-31, -24.00000000000000000 ) ) ;
#446 = CARTESIAN_POINT ( 'NONE',  ( -27.73847673992845486, 22.94726363095277222, -3.535533905932740861 ) ) ;
#447 = ORIENTED_EDGE ( 'NONE', *, *, #4157, .F. ) ;
#448 = ORIENTED_EDGE ( 'NONE', *, *, #973, .T. ) ;
#449 = DIRECTION ( 'NONE',  ( -0.000000000000000000, -0.000000000000000000, 1.000000000000000000 ) ) ;
#450 = ORIENTED_EDGE ( 'NONE', *, *, #3930, .F. ) ;
#451 = ORIENTED_EDGE ( 'NONE', *, *, #3887, .F. ) ;
#452 = FACE_OUTER_BOUND ( 'NONE', #4966, .T. ) ;
#453 = B_SPLINE_CURVE_WITH_KNOTS ( 'NONE', 3,
 ( #5130, #1426, #4602, #4177, #3203, #5605, #4651, #4568, #4205, #1905, #3228, #5020, #3698, #3320 ),
 .UNSPECIFIED., .F., .F.,
 ( 4, 2, 2, 2, 2, 2, 4 ),
 ( 0.000000000000000000, 0.0003137427105591559400, 0.0006274854211183118801, 0.001254970842236626579, 0.001568713552795783549, 0.001882456263354940736, 0.002509941684473255327 ),
 .UNSPECIFIED. ) ;
#454 = CARTESIAN_POINT ( 'NONE',  ( -37.17896222341776991, -2.260458703055409746, 0.000000000000000000 ) ) ;
#455 = VERTEX_POINT ( 'NONE', #4185 ) ;
#456 = CARTESIAN_POINT ( 'NONE',  ( 33.82377388877653601, 15.32805449634299322, 2.000000000000000000 ) ) ;
#457 = CARTESIAN_POINT ( 'NONE',  ( -34.11234102623276243, -6.745727325086226855, 0.000000000000000000 ) ) ;
#458 = ORIENTED_EDGE ( 'NONE', *, *, #113, .T. ) ;
#459 = FACE_BOUND ( 'NONE', #1539, .T. ) ;
#460 = DIRECTION ( 'NONE',  ( 1.000000000000000000, 0.000000000000000000, 0.000000000000000000 ) ) ;
#461 = CARTESIAN_POINT ( 'NONE',  ( 1.330988649182820893, -0.9137365963093374566, -5.371909351118457465 ) ) ;
#462 = DIRECTION ( 'NONE',  ( 0.000000000000000000, 0.000000000000000000, -1.000000000000000000 ) ) ;
#463 = DIRECTION ( 'NONE',  ( -0.000000000000000000, -0.000000000000000000, -1.000000000000000000 ) ) ;
#464 = DIRECTION ( 'NONE',  ( -1.000000000000000000, 0.000000000000000000, 0.000000000000000000 ) ) ;
#465 = DIRECTION ( 'NONE',  ( -0.000000000000000000, -0.000000000000000000, 1.000000000000000000 ) ) ;
#466 = ORIENTED_EDGE ( 'NONE', *, *, #44, .T. ) ;
#467 = EDGE_LOOP ( 'NONE', ( #1140, #1074 ) ) ;
#468 = ADVANCED_FACE ( 'NONE', ( #1494 ), #5611, .T. ) ;
#469 = DIRECTION ( 'NONE',  ( -0.000000000000000000, 0.000000000000000000, 1.000000000000000000 ) ) ;
#470 = CARTESIAN_POINT ( 'NONE',  ( -3.261996408314963958, 35.71612924732120575, -3.535533905932740861 ) ) ;
#471 = DIRECTION ( 'NONE',  ( 1.000000000000000000, 0.000000000000000000, 0.000000000000000000 ) ) ;
#472 = EDGE_LOOP ( 'NONE', ( #5234, #3824, #2500, #2742 ) ) ;
#473 = ORIENTED_EDGE ( 'NONE', *, *, #2093, .F. ) ;
#474 = DIRECTION ( 'NONE',  ( -0.3090169943749386805, -0.9510565162951565288, 0.000000000000000000 ) ) ;
#475 = ADVANCED_FACE ( 'NONE', ( #1109 ), #1972, .F. ) ;
#476 = VERTEX_POINT ( 'NONE', #1433 ) ;
#477 = ORIENTED_EDGE ( 'NONE', *, *, #2831, .T. ) ;
#478 = DIRECTION ( 'NONE',  ( 1.000000000000000000, 0.000000000000000000, 0.000000000000000000 ) ) ;
#479 = CIRCLE ( 'NONE', #4748, 1.250000000000001110 ) ;
#480 = DIRECTION ( 'NONE',  ( 0.000000000000000000, 0.000000000000000000, 1.000000000000000000 ) ) ;
#481 = VERTEX_POINT ( 'NONE', #188 ) ;
#482 = EDGE_CURVE ( 'NONE', #5782, #4879, #1551, .T. ) ;
#483 = LINE ( 'NONE', #2803, #4377 ) ;
#484 = ORIENTED_EDGE ( 'NONE', *, *, #1175, .F. ) ;
#485 = DIRECTION ( 'NONE',  ( 0.000000000000000000, 0.000000000000000000, 1.000000000000000000 ) ) ;
#486 = FACE_OUTER_BOUND ( 'NONE', #5198, .T. ) ;
#487 = CIRCLE ( 'NONE', #5417, 2.500000000000000000 ) ;
#488 = DIRECTION ( 'NONE',  ( 0.000000000000000000, 0.000000000000000000, 1.000000000000000000 ) ) ;
#489 = VECTOR ( 'NONE', #5828, 1000.000000000000000 ) ;
#490 = ADVANCED_FACE ( 'NONE', ( #3233 ), #1464, .F. ) ;
#491 = DIRECTION ( 'NONE',  ( 1.000000000000000000, 0.000000000000000000, 0.000000000000000000 ) ) ;
#492 = DIRECTION ( 'NONE',  ( 1.000000000000000000, 0.000000000000000000, 0.000000000000000000 ) ) ;
#493 = FACE_BOUND ( 'NONE', #4526, .T. ) ;
#494 = CIRCLE ( 'NONE', #4575, 2.500000000000000000 ) ;
#495 = AXIS2_PLACEMENT_3D ( 'NONE', #2433, #1065, #499 ) ;
#496 = LINE ( 'NONE', #2343, #909 ) ;
#497 = VERTEX_POINT ( 'NONE', #983 ) ;
#498 = ORIENTED_EDGE ( 'NONE', *, *, #3119, .T. ) ;
#499 = DIRECTION ( 'NONE',  ( 1.000000000000000000, 0.000000000000000000, 0.000000000000000000 ) ) ;
#500 = AXIS2_PLACEMENT_3D ( 'NONE', #3678, #5584, #3326 ) ;
#501 = CIRCLE ( 'NONE', #2678, 1.250000000000000000 ) ;
#502 = VECTOR ( 'NONE', #2186, 1000.000000000000000 ) ;
#503 = PLANE ( 'NONE',  #3643 ) ;
#504 = DIRECTION ( 'NONE',  ( -1.000000000000000000, 0.000000000000000000, 0.000000000000000000 ) ) ;
#505 = CIRCLE ( 'NONE', #5336, 1.250000000000000666 ) ;
#506 = ORIENTED_EDGE ( 'NONE', *, *, #5013, .F. ) ;
#507 = ORIENTED_EDGE ( 'NONE', *, *, #120, .F. ) ;
#508 = CARTESIAN_POINT ( 'NONE',  ( -35.36234102623281217, 6.745727325085971948, -3.535533905932740861 ) ) ;
#509 = ORIENTED_EDGE ( 'NONE', *, *, #2156, .F. ) ;
#510 = ORIENTED_EDGE ( 'NONE', *, *, #600, .F. ) ;
#511 = CARTESIAN_POINT ( 'NONE',  ( 22.99999999999999645, 1.444447458290426890E-31, -23.75609756097561842 ) ) ;
#512 = DIRECTION ( 'NONE',  ( -0.000000000000000000, -0.000000000000000000, -1.000000000000000000 ) ) ;
#513 = EDGE_LOOP ( 'NONE', ( #5063, #3883, #541, #4176 ) ) ;
#514 = VECTOR ( 'NONE', #1465, 1000.000000000000000 ) ;
#515 = CARTESIAN_POINT ( 'NONE',  ( -27.73847673992830209, -22.94726363095296762, 0.000000000000000000 ) ) ;
#516 = EDGE_LOOP ( 'NONE', ( #1618, #943, #3472, #4655 ) ) ;
#517 = LINE ( 'NONE', #1026, #3174 ) ;
#518 = AXIS2_PLACEMENT_3D ( 'NONE', #4845, #2759, #4570 ) ;
#519 = DIRECTION ( 'NONE',  ( 1.000000000000000000, 0.000000000000000000, 0.000000000000000000 ) ) ;
#520 = ADVANCED_FACE ( 'NONE', ( #5110 ), #2794, .F. ) ;
#521 = DIRECTION ( 'NONE',  ( 0.000000000000000000, -0.000000000000000000, -1.000000000000000000 ) ) ;
#522 = EDGE_CURVE ( 'NONE', #695, #4521, #4423, .T. ) ;
#523 = CARTESIAN_POINT ( 'NONE',  ( -30.39580531807259334, 19.28976461924381169, 0.000000000000000000 ) ) ;
#524 = AXIS2_PLACEMENT_3D ( 'NONE', #995, #4591, #3281 ) ;
#525 = AXIS2_PLACEMENT_3D ( 'NONE', #564, #183, #4178 ) ;
#526 = LINE ( 'NONE', #2391, #5072 ) ;
#527 = DIRECTION ( 'NONE',  ( 1.000000000000000000, 0.000000000000000000, 0.000000000000000000 ) ) ;
#528 = CYLINDRICAL_SURFACE ( 'NONE', #5362, 1.250000000000001110 ) ;
#529 = AXIS2_PLACEMENT_3D ( 'NONE', #4762, #4881, #3398 ) ;
#530 = CIRCLE ( 'NONE', #726, 1.250000000000001110 ) ;
#531 = VECTOR ( 'NONE', #4624, 1000.000000000000000 ) ;
#532 = EDGE_LOOP ( 'NONE', ( #3554, #4668, #5474, #4553, #1374, #2937 ) ) ;
#533 = LINE ( 'NONE', #2367, #5424 ) ;
#534 = AXIS2_PLACEMENT_3D ( 'NONE', #3936, #5772, #5325 ) ;
#535 = DIRECTION ( 'NONE',  ( -1.000000000000000000, 0.000000000000000000, 0.000000000000000000 ) ) ;
#536 = CARTESIAN_POINT ( 'NONE',  ( 12.50000000000000000, 9.184850993605147944E-16, 0.000000000000000000 ) ) ;
#537 = ORIENTED_EDGE ( 'NONE', *, *, #3789, .T. ) ;
#538 = VERTEX_POINT ( 'NONE', #3358 ) ;
#539 = DIRECTION ( 'NONE',  ( 0.000000000000000000, 0.000000000000000000, 1.000000000000000000 ) ) ;
#540 = EDGE_CURVE ( 'NONE', #2930, #333, #5368, .T. ) ;
#541 = ORIENTED_EDGE ( 'NONE', *, *, #120, .T. ) ;
#542 = VERTEX_POINT ( 'NONE', #5523 ) ;
#543 = CARTESIAN_POINT ( 'NONE',  ( 0.000000000000000000, -36.00000000000000000, -3.535533905932739973 ) ) ;
#544 = CARTESIAN_POINT ( 'NONE',  ( -21.16026908252886685, -29.12461179749822549, -3.535533905932740861 ) ) ;
#545 = ORIENTED_EDGE ( 'NONE', *, *, #5713, .F. ) ;
#546 = EDGE_CURVE ( 'NONE', #2440, #2771, #1986, .T. ) ;
#547 = EDGE_CURVE ( 'NONE', #1160, #2201, #3948, .T. ) ;
#548 = CARTESIAN_POINT ( 'NONE',  ( -39.00000000000000000, 0.000000000000000000, 0.000000000000000000 ) ) ;
#549 = ADVANCED_FACE ( 'NONE', ( #4747 ), #719, .F. ) ;
#550 = ORIENTED_EDGE ( 'NONE', *, *, #3591, .T. ) ;
#551 = FACE_OUTER_BOUND ( 'NONE', #1664, .T. ) ;
#552 = CARTESIAN_POINT ( 'NONE',  ( 21.20179551902009507, -22.61600908139318378, -4.999999999999997335 ) ) ;
#553 = DIRECTION ( 'NONE',  ( 0.000000000000000000, 0.000000000000000000, 1.000000000000000000 ) ) ;
#554 = CARTESIAN_POINT ( 'NONE',  ( -30.99999999999999289, 3.796405077356794326E-15, -14.00000000000001243 ) ) ;
#555 = DIRECTION ( 'NONE',  ( 1.000000000000000000, 0.000000000000000000, 0.000000000000000000 ) ) ;
#556 = ADVANCED_FACE ( 'NONE', ( #2469 ), #4270, .F. ) ;
#557 = CARTESIAN_POINT ( 'NONE',  ( 12.50000000000000000, 9.184850993605147944E-16, -21.21320343559642652 ) ) ;
#558 = ADVANCED_FACE ( 'NONE', ( #2559 ), #3412, .F. ) ;
#559 = DIRECTION ( 'NONE',  ( 0.000000000000000000, 0.000000000000000000, -1.000000000000000000 ) ) ;
#560 = VERTEX_POINT ( 'NONE', #3055 ) ;
#561 = ADVANCED_FACE ( 'NONE', ( #5728 ), #274, .F. ) ;
#562 = DIRECTION ( 'NONE',  ( -1.000000000000000000, 0.000000000000000000, 0.000000000000000000 ) ) ;
#563 = EDGE_CURVE ( 'NONE', #3430, #934, #5645, .T. ) ;
#564 = CARTESIAN_POINT ( 'NONE',  ( 32.57377388877652891, 15.32805449634299322, 0.000000000000000000 ) ) ;
#565 = CARTESIAN_POINT ( 'NONE',  ( 32.98803458662563060, -11.12461179749777784, 2.000000000000000000 ) ) ;
#566 = ORIENTED_EDGE ( 'NONE', *, *, #5631, .T. ) ;
#567 =( LENGTH_UNIT ( ) NAMED_UNIT ( * ) SI_UNIT ( .MILLI., .METRE. ) );
#568 = ORIENTED_EDGE ( 'NONE', *, *, #600, .T. ) ;
#569 = EDGE_CURVE ( 'NONE', #4486, #3934, #1033, .T. ) ;
#570 = CARTESIAN_POINT ( 'NONE',  ( -23.39369581343264315, -26.24287058717094823, 2.000000000000000000 ) ) ;
#571 = ADVANCED_FACE ( 'NONE', ( #2504 ), #4301, .F. ) ;
#572 = CARTESIAN_POINT ( 'NONE',  ( 7.702835937935042843, -34.86899380063064768, 0.000000000000000000 ) ) ;
#573 = ORIENTED_EDGE ( 'NONE', *, *, #3826, .F. ) ;
#574 = DIRECTION ( 'NONE',  ( -0.000000000000000000, 0.000000000000000000, -1.000000000000000000 ) ) ;
#575 = DIRECTION ( 'NONE',  ( 1.000000000000000000, 0.000000000000000000, 0.000000000000000000 ) ) ;
#576 = ORIENTED_EDGE ( 'NONE', *, *, #5018, .F. ) ;
#577 = CARTESIAN_POINT ( 'NONE',  ( 14.50248389664795567, 33.47195349197723147, 0.000000000000000000 ) ) ;
#578 = ORIENTED_EDGE ( 'NONE', *, *, #5730, .T. ) ;
#579 = CARTESIAN_POINT ( 'NONE',  ( -30.85449724108301695, -3.000000000000000444, -14.17744238892315600 ) ) ;
#580 = LINE ( 'NONE', #4704, #3474 ) ;
#581 = ORIENTED_EDGE ( 'NONE', *, *, #1888, .F. ) ;
#582 = LINE ( 'NONE', #2811, #5806 ) ;
#583 = CARTESIAN_POINT ( 'NONE',  ( 25.99999999999999645, -3.000000000000000000, -14.00000000000000178 ) ) ;
#584 = ADVANCED_FACE ( 'NONE', ( #3858 ), #4337, .F. ) ;
#585 = DIRECTION ( 'NONE',  ( 0.000000000000000000, 0.000000000000000000, -1.000000000000000000 ) ) ;
#586 = DIRECTION ( 'NONE',  ( -1.000000000000000000, 0.000000000000000000, 0.000000000000000000 ) ) ;
#587 = AXIS2_PLACEMENT_3D ( 'NONE', #3408, #117, #1996 ) ;
#588 =( GEOMETRIC_REPRESENTATION_CONTEXT ( 3 ) GLOBAL_UNCERTAINTY_ASSIGNED_CONTEXT ( ( #2342 ) ) GLOBAL_UNIT_ASSIGNED_CONTEXT ( ( #3572, #5410, #3069 ) ) REPRESENTATION_CONTEXT ( 'NONE', 'WORKASPACE' ) );
#589 = ORIENTED_EDGE ( 'NONE', *, *, #5125, .F. ) ;
#590 = CARTESIAN_POINT ( 'NONE',  ( 0.000000000000000000, 0.000000000000000000, 0.000000000000000000 ) ) ;
#591 = VECTOR ( 'NONE', #585, 1000.000000000000000 ) ;
#592 = DIRECTION ( 'NONE',  ( 1.000000000000000000, 0.000000000000000000, 0.000000000000000000 ) ) ;
#593 = AXIS2_PLACEMENT_3D ( 'NONE', #590, #2312, #5104 ) ;
#594 = FACE_OUTER_BOUND ( 'NONE', #4849, .T. ) ;
#595 = EDGE_LOOP ( 'NONE', ( #1183, #1396, #4522, #5527 ) ) ;
#596 = ADVANCED_FACE ( 'NONE', ( #1640 ), #2585, .F. ) ;
#597 =( NAMED_UNIT ( * ) PLANE_ANGLE_UNIT ( ) SI_UNIT ( $, .RADIAN. ) );
#598 = ORIENTED_EDGE ( 'NONE', *, *, #84, .F. ) ;
#599 = AXIS2_PLACEMENT_3D ( 'NONE', #4078, #5509, #3753 ) ;
#600 = EDGE_CURVE ( 'NONE', #3685, #2086, #297, .T. ) ;
#601 = CARTESIAN_POINT ( 'NONE',  ( 22.62741699796942996, 21.21320343559650468, -5.000000000000000000 ) ) ;
#602 = ADVANCED_FACE ( 'NONE', ( #1672 ), #5701, .F. ) ;
#603 = CARTESIAN_POINT ( 'NONE',  ( -22.41026908252907646, 29.12461179749808338, 2.000000000000000000 ) ) ;
#604 = VECTOR ( 'NONE', #2900, 1000.000000000000000 ) ;
#605 = ORIENTED_EDGE ( 'NONE', *, *, #3817, .T. ) ;
#606 = DIRECTION ( 'NONE',  ( -0.000000000000000000, -0.000000000000000000, -1.000000000000000000 ) ) ;
#607 = DIRECTION ( 'NONE',  ( -0.9921147013144789861, 0.1253332335642953765, 0.000000000000000000 ) ) ;
#608 = ORIENTED_EDGE ( 'NONE', *, *, #5227, .F. ) ;
#609 = CARTESIAN_POINT ( 'NONE',  ( 34.23803458662563060, -11.12461179749777784, 0.000000000000000000 ) ) ;
#610 = ORIENTED_EDGE ( 'NONE', *, *, #2263, .F. ) ;
#611 = DIRECTION ( 'NONE',  ( -0.000000000000000000, -0.000000000000000000, -1.000000000000000000 ) ) ;
#612 = CARTESIAN_POINT ( 'NONE',  ( -1.040834085586084257E-14, 1.776736310160620391E-14, -29.00000000000000000 ) ) ;
#613 = ORIENTED_EDGE ( 'NONE', *, *, #2912, .T. ) ;
#614 = DIRECTION ( 'NONE',  ( 1.000000000000000000, 0.000000000000000000, 0.000000000000000000 ) ) ;
#615 = DIRECTION ( 'NONE',  ( 1.000000000000000000, 0.000000000000000000, 0.000000000000000000 ) ) ;
#616 = DIRECTION ( 'NONE',  ( 0.000000000000000000, -0.000000000000000000, 1.000000000000000000 ) ) ;
#617 = VECTOR ( 'NONE', #4885, 1000.000000000000114 ) ;
#618 = CARTESIAN_POINT ( 'NONE',  ( 1.000000000000000000, 0.000000000000000000, -4.000000000000000000 ) ) ;
#619 = CARTESIAN_POINT ( 'NONE',  ( -30.99999999999999289, 3.796405077356794326E-15, -34.00000000000000000 ) ) ;
#620 = VERTEX_POINT ( 'NONE', #1201 ) ;
#621 = AXIS2_PLACEMENT_3D ( 'NONE', #5567, #4166, #1559 ) ;
#622 = AXIS2_PLACEMENT_3D ( 'NONE', #3367, #1176, #2095 ) ;
#623 = CARTESIAN_POINT ( 'NONE',  ( -32.57377388877674207, 15.32805449634253492, -3.535533905932739085 ) ) ;
#624 = EDGE_CURVE ( 'NONE', #5596, #1083, #3006, .T. ) ;
#625 = DIRECTION ( 'NONE',  ( -0.000000000000000000, 0.000000000000000000, 1.000000000000000000 ) ) ;
#626 = AXIS2_PLACEMENT_3D ( 'NONE', #37, #5476, #394 ) ;
#627 = DIRECTION ( 'NONE',  ( -0.000000000000000000, -0.000000000000000000, -1.000000000000000000 ) ) ;
#628 = AXIS2_PLACEMENT_3D ( 'NONE', #5488, #2754, #81 ) ;
#629 = ADVANCED_FACE ( 'NONE', ( #2113 ), #3473, .F. ) ;
#630 = ORIENTED_EDGE ( 'NONE', *, *, #2831, .F. ) ;
#631 = EDGE_LOOP ( 'NONE', ( #2410, #3372, #3491, #509 ) ) ;
#632 = VERTEX_POINT ( 'NONE', #4921 ) ;
#633 = CARTESIAN_POINT ( 'NONE',  ( 26.48847673992861829, -22.94726363095257682, 2.000000000000000000 ) ) ;
#634 = AXIS2_PLACEMENT_3D ( 'NONE', #882, #2016, #586 ) ;
#635 = DIRECTION ( 'NONE',  ( 0.4257792915650818744, -0.9048270524660151359, 0.000000000000000000 ) ) ;
#636 = EDGE_LOOP ( 'NONE', ( #57, #3387 ) ) ;
#637 = FACE_OUTER_BOUND ( 'NONE', #4473, .T. ) ;
#638 = EDGE_CURVE ( 'NONE', #3748, #2508, #5800, .T. ) ;
#639 = EDGE_LOOP ( 'NONE', ( #5349, #64, #3065, #3855 ) ) ;
#640 = CARTESIAN_POINT ( 'NONE',  ( 30.39580531807231623, 19.28976461924423447, 0.000000000000000000 ) ) ;
#641 = VECTOR ( 'NONE', #1623, 999.9999999999998863 ) ;
#642 = ORIENTED_EDGE ( 'NONE', *, *, #5383, .F. ) ;
#643 = CARTESIAN_POINT ( 'NONE',  ( 0.000000000000000000, 0.000000000000000000, 0.000000000000000000 ) ) ;
#644 = DIRECTION ( 'NONE',  ( 1.000000000000000000, 0.000000000000000000, 0.000000000000000000 ) ) ;
#645 = ORIENTED_EDGE ( 'NONE', *, *, #1938, .F. ) ;
#646 = DIRECTION ( 'NONE',  ( 0.000000000000000000, -0.000000000000000000, 1.000000000000000000 ) ) ;
#647 = CARTESIAN_POINT ( 'NONE',  ( -27.73847673992830209, -22.94726363095296762, -3.535533905932740861 ) ) ;
#648 = ADVANCED_FACE ( 'NONE', ( #3088 ), #858, .F. ) ;
#649 = CARTESIAN_POINT ( 'NONE',  ( 0.7071067811865492381, 0.7071067811865495711, 0.000000000000000000 ) ) ;
#650 = DIRECTION ( 'NONE',  ( -1.000000000000000000, -0.000000000000000000, -0.000000000000000000 ) ) ;
#651 = CARTESIAN_POINT ( 'NONE',  ( 16.09313226766200344, -31.54704048157895002, 2.000000000000000000 ) ) ;
#652 = ORIENTED_EDGE ( 'NONE', *, *, #5590, .T. ) ;
#653 = CARTESIAN_POINT ( 'NONE',  ( -14.50248389664843351, 33.47195349197703962, -3.535533905932740861 ) ) ;
#654 = CARTESIAN_POINT ( 'NONE',  ( -37.17896222341776991, -2.260458703055409746, -3.535533905932739085 ) ) ;
#655 = CARTESIAN_POINT ( 'NONE',  ( 7.500000000000000000, -20.00000000000000000, 0.000000000000000000 ) ) ;
#656 = VERTEX_POINT ( 'NONE', #5338 ) ;
#657 = EDGE_LOOP ( 'NONE', ( #1499, #404, #1700, #3213, #691 ) ) ;
#658 = ORIENTED_EDGE ( 'NONE', *, *, #1694, .T. ) ;
#659 = CARTESIAN_POINT ( 'NONE',  ( -1.040834085586084257E-14, 1.776736310160620391E-14, -29.00000000000000000 ) ) ;
#660 = EDGE_CURVE ( 'NONE', #4664, #1994, #5618, .T. ) ;
#661 = CARTESIAN_POINT ( 'NONE',  ( 36.61234102623271980, 6.745727325086481763, 2.000000000000000000 ) ) ;
#662 = EDGE_CURVE ( 'NONE', #1867, #2987, #1348, .T. ) ;
#663 = ORIENTED_EDGE ( 'NONE', *, *, #1861, .F. ) ;
#664 = DIRECTION ( 'NONE',  ( -0.000000000000000000, -0.000000000000000000, 1.000000000000000000 ) ) ;
#665 = ORIENTED_EDGE ( 'NONE', *, *, #3278, .T. ) ;
#666 = EDGE_CURVE ( 'NONE', #4267, #3863, #5872, .T. ) ;
#667 = CARTESIAN_POINT ( 'NONE',  ( 34.11234102623271269, 6.745727325086481763, -3.535533905932740861 ) ) ;
#668 = VERTEX_POINT ( 'NONE', #2282 ) ;
#669 = DIRECTION ( 'NONE',  ( 1.000000000000000000, 0.000000000000000000, 0.000000000000000000 ) ) ;
#670 = CARTESIAN_POINT ( 'NONE',  ( 4.360430494053189499, 2.946216931680137652, -5.000000000000000000 ) ) ;
#671 = ORIENTED_EDGE ( 'NONE', *, *, #2824, .F. ) ;
#672 = EDGE_CURVE ( 'NONE', #3571, #332, #1173, .T. ) ;
#673 = CARTESIAN_POINT ( 'NONE',  ( 34.23803458662563060, -11.12461179749777784, -3.535533905932740861 ) ) ;
#674 = DIRECTION ( 'NONE',  ( 1.000000000000000000, 0.000000000000000000, 0.000000000000000000 ) ) ;
#675 = DIRECTION ( 'NONE',  ( -0.000000000000000000, 0.000000000000000000, 1.000000000000000000 ) ) ;
#676 = DIRECTION ( 'NONE',  ( -1.000000000000000000, 0.000000000000000000, 0.000000000000000000 ) ) ;
#677 = LINE ( 'NONE', #4627, #4613 ) ;
#678 = EDGE_CURVE ( 'NONE', #3152, #455, #1814, .T. ) ;
#679 = EDGE_LOOP ( 'NONE', ( #3200, #932 ) ) ;
#680 = CARTESIAN_POINT ( 'NONE',  ( -4.511996408314709051, -35.71612924732123417, 0.000000000000000000 ) ) ;
#681 = DIRECTION ( 'NONE',  ( 1.000000000000000000, 0.000000000000000000, 0.000000000000000000 ) ) ;
#682 = DIRECTION ( 'NONE',  ( 1.000000000000000000, 0.000000000000000000, 0.000000000000000000 ) ) ;
#683 = CIRCLE ( 'NONE', #393, 1.250000000000000666 ) ;
#684 = VERTEX_POINT ( 'NONE', #2668 ) ;
#685 = ORIENTED_EDGE ( 'NONE', *, *, #5033, .F. ) ;
#686 = ORIENTED_EDGE ( 'NONE', *, *, #3344, .F. ) ;
#687 = DIRECTION ( 'NONE',  ( -1.000000000000000000, 0.000000000000000000, 0.000000000000000000 ) ) ;
#688 = VECTOR ( 'NONE', #3002, 1000.000000000000000 ) ;
#689 = AXIS2_PLACEMENT_3D ( 'NONE', #515, #899, #3187 ) ;
#690 = CARTESIAN_POINT ( 'NONE',  ( -22.41026908252907646, 29.12461179749808338, -3.535533905932740861 ) ) ;
#691 = ORIENTED_EDGE ( 'NONE', *, *, #563, .T. ) ;
#692 = CARTESIAN_POINT ( 'NONE',  ( -34.11234102623281217, 6.745727325085971948, 0.000000000000000000 ) ) ;
#693 = CIRCLE ( 'NONE', #4765, 2.999999999999999112 ) ;
#694 = AXIS2_PLACEMENT_3D ( 'NONE', #1540, #3351, #2999 ) ;
#695 = VERTEX_POINT ( 'NONE', #4084 ) ;
#696 = PLANE ( 'NONE',  #5350 ) ;
#697 = VECTOR ( 'NONE', #5648, 1000.000000000000000 ) ;
#698 = AXIS2_PLACEMENT_3D ( 'NONE', #2389, #4200, #3780 ) ;
#699 = ORIENTED_EDGE ( 'NONE', *, *, #778, .F. ) ;
#700 = CYLINDRICAL_SURFACE ( 'NONE', #4979, 1.250000000000001110 ) ;
#701 = CARTESIAN_POINT ( 'NONE',  ( 14.50248389664867332, -33.47195349197694725, 0.000000000000000000 ) ) ;
#702 = ORIENTED_EDGE ( 'NONE', *, *, #4315, .T. ) ;
#703 = DIRECTION ( 'NONE',  ( 0.000000000000000000, -0.000000000000000000, 1.000000000000000000 ) ) ;
#704 = CARTESIAN_POINT ( 'NONE',  ( -8.952835937934539245, -34.86899380063077558, 2.000000000000000000 ) ) ;
#705 = CARTESIAN_POINT ( 'NONE',  ( 30.99999999999999289, 0.000000000000000000, -29.00000000000000000 ) ) ;
#706 = CARTESIAN_POINT ( 'NONE',  ( -30.39580531807259334, 19.28976461924381169, 2.000000000000000000 ) ) ;
#707 = LINE ( 'NONE', #289, #4420 ) ;
#708 = ADVANCED_FACE ( 'NONE', ( #2172 ), #3639, .F. ) ;
#709 = VERTEX_POINT ( 'NONE', #359 ) ;
#710 = DIRECTION ( 'NONE',  ( -0.000000000000000000, -0.000000000000000000, 1.000000000000000000 ) ) ;
#711 = AXIS2_PLACEMENT_3D ( 'NONE', #1322, #2631, #3103 ) ;
#712 = CARTESIAN_POINT ( 'NONE',  ( -30.39580531807259334, 19.28976461924381169, 0.000000000000000000 ) ) ;
#713 = DIRECTION ( 'NONE',  ( 1.000000000000000000, 0.000000000000000000, 0.000000000000000000 ) ) ;
#714 = ORIENTED_EDGE ( 'NONE', *, *, #104, .T. ) ;
#715 = AXIS2_PLACEMENT_3D ( 'NONE', #3038, #731, #1592 ) ;
#716 = AXIS2_PLACEMENT_3D ( 'NONE', #5261, #335, #5289 ) ;
#717 = ORIENTED_EDGE ( 'NONE', *, *, #2728, .T. ) ;
#718 = ORIENTED_EDGE ( 'NONE', *, *, #1875, .T. ) ;
#719 = CYLINDRICAL_SURFACE ( 'NONE', #2491, 7.500000000000000000 ) ;
#720 = VECTOR ( 'NONE', #1122, 1000.000000000000000 ) ;
#721 = CIRCLE ( 'NONE', #4797, 1.000000000000000000 ) ;
#722 = LINE ( 'NONE', #1078, #697 ) ;
#723 = VERTEX_POINT ( 'NONE', #5812 ) ;
#724 = CARTESIAN_POINT ( 'NONE',  ( 29.14580531807231623, 19.28976461924423447, 2.000000000000000000 ) ) ;
#725 = VERTEX_POINT ( 'NONE', #2224 ) ;
#726 = AXIS2_PLACEMENT_3D ( 'NONE', #3604, #971, #2815 ) ;
#727 = EDGE_CURVE ( 'NONE', #5208, #4783, #3528, .T. ) ;
#728 = DIRECTION ( 'NONE',  ( 0.000000000000000000, 0.000000000000000000, 1.000000000000000000 ) ) ;
#729 = CIRCLE ( 'NONE', #3654, 1.250000000000000888 ) ;
#730 = ORIENTED_EDGE ( 'NONE', *, *, #3929, .T. ) ;
#731 = DIRECTION ( 'NONE',  ( -0.000000000000000000, -0.000000000000000000, -1.000000000000000000 ) ) ;
#732 = CARTESIAN_POINT ( 'NONE',  ( -19.91026908252886685, -29.12461179749822549, -3.535533905932740861 ) ) ;
#733 = ADVANCED_FACE ( 'NONE', ( #1787 ), #2200, .F. ) ;
#734 = EDGE_CURVE ( 'NONE', #3284, #3967, #3947, .T. ) ;
#735 = EDGE_LOOP ( 'NONE', ( #1235, #3524 ) ) ;
#736 = CARTESIAN_POINT ( 'NONE',  ( 23.39369581343245130, 26.24287058717113297, 0.000000000000000000 ) ) ;
#737 = CIRCLE ( 'NONE', #1965, 7.500000000000000000 ) ;
#738 = LINE ( 'NONE', #869, #1553 ) ;
#739 = EDGE_CURVE ( 'NONE', #2230, #1776, #1735, .T. ) ;
#740 = LINE ( 'NONE', #1128, #1754 ) ;
#741 = DIRECTION ( 'NONE',  ( 1.000000000000000000, 0.000000000000000000, 0.000000000000000000 ) ) ;
#742 = DIRECTION ( 'NONE',  ( 0.000000000000000000, 0.000000000000000000, 1.000000000000000000 ) ) ;
#743 = VERTEX_POINT ( 'NONE', #443 ) ;
#744 = DIRECTION ( 'NONE',  ( 0.000000000000000000, 0.000000000000000000, 1.000000000000000000 ) ) ;
#745 = EDGE_CURVE ( 'NONE', #4382, #272, #2115, .T. ) ;
#746 = EDGE_CURVE ( 'NONE', #2522, #3863, #3246, .T. ) ;
#747 = FACE_OUTER_BOUND ( 'NONE', #3324, .T. ) ;
#748 = LINE ( 'NONE', #4387, #222 ) ;
#749 = EDGE_LOOP ( 'NONE', ( #4799, #2620, #4611, #2281 ) ) ;
#750 = VERTEX_POINT ( 'NONE', #4237 ) ;
#751 = ADVANCED_FACE ( 'NONE', ( #5515 ), #1544, .T. ) ;
#752 = DIRECTION ( 'NONE',  ( 0.000000000000000000, -0.000000000000000000, 1.000000000000000000 ) ) ;
#753 = DIRECTION ( 'NONE',  ( 0.000000000000000000, 0.000000000000000000, 1.000000000000000000 ) ) ;
#754 = VERTEX_POINT ( 'NONE', #974 ) ;
#755 = ORIENTED_EDGE ( 'NONE', *, *, #3061, .T. ) ;
#756 = EDGE_CURVE ( 'NONE', #4018, #2111, #453, .T. ) ;
#757 = ORIENTED_EDGE ( 'NONE', *, *, #4693, .T. ) ;
#758 = CARTESIAN_POINT ( 'NONE',  ( -35.92896222341776280, -2.260458703055409746, -3.535533905932739085 ) ) ;
#759 = FACE_OUTER_BOUND ( 'NONE', #4697, .T. ) ;
#760 = EDGE_LOOP ( 'NONE', ( #5028, #4997 ) ) ;
#761 = LINE ( 'NONE', #4546, #3222 ) ;
#762 = B_SPLINE_CURVE_WITH_KNOTS ( 'NONE', 3,
 ( #1095, #2907, #4712, #2459 ),
 .UNSPECIFIED., .F., .F.,
 ( 4, 4 ),
 ( 2.007881798786956197E-07, 0.005019957410088469497 ),
 .UNSPECIFIED. ) ;
#763 = CARTESIAN_POINT ( 'NONE',  ( -20.00000000000000000, 0.000000000000000000, 2.000000000000000000 ) ) ;
#764 = DIRECTION ( 'NONE',  ( 0.000000000000000000, 0.000000000000000000, 1.000000000000000000 ) ) ;
#765 = AXIS2_PLACEMENT_3D ( 'NONE', #2262, #2, #4827 ) ;
#766 = CARTESIAN_POINT ( 'NONE',  ( -31.64580531807245478, -19.28976461924402130, -3.535533905932740861 ) ) ;
#768 = ORIENTED_EDGE ( 'NONE', *, *, #1789, .F. ) ;
#767 = VECTOR ( 'NONE', #646, 1000.000000000000000 ) ;
#769 = CARTESIAN_POINT ( 'NONE',  ( 30.85449724108301695, 3.000000000000000444, -14.17744238892315600 ) ) ;
#770 = EDGE_CURVE ( 'NONE', #4018, #5498, #533, .T. ) ;
#771 = DIRECTION ( 'NONE',  ( -0.000000000000000000, -0.000000000000000000, -1.000000000000000000 ) ) ;
#772 = LINE ( 'NONE', #4838, #688 ) ;
#773 = VERTEX_POINT ( 'NONE', #2345 ) ;
#774 = EDGE_LOOP ( 'NONE', ( #5490, #4859, #1730, #2584 ) ) ;
#775 = DIRECTION ( 'NONE',  ( 0.000000000000000000, -0.000000000000000000, 1.000000000000000000 ) ) ;
#776 = CARTESIAN_POINT ( 'NONE',  ( 33.82377388877653601, 15.32805449634299322, -3.535533905932739085 ) ) ;
#777 = ORIENTED_EDGE ( 'NONE', *, *, #415, .F. ) ;
#778 = EDGE_CURVE ( 'NONE', #1, #4544, #148, .T. ) ;
#779 = AXIS2_PLACEMENT_3D ( 'NONE', #1816, #5400, #2284 ) ;
#780 = ADVANCED_FACE ( 'NONE', ( #2845 ), #1964, .F. ) ;
#781 = VERTEX_POINT ( 'NONE', #2817 ) ;
#782 = CIRCLE ( 'NONE', #1538, 1.250000000000001110 ) ;
#783 = CARTESIAN_POINT ( 'NONE',  ( 30.99999999999999289, 0.000000000000000000, -14.00000000000001243 ) ) ;
#784 = CIRCLE ( 'NONE', #2586, 1.499999999999999556 ) ;
#785 = VECTOR ( 'NONE', #2641, 1000.000000000000000 ) ;
#786 = ORIENTED_EDGE ( 'NONE', *, *, #1910, .F. ) ;
#787 = CARTESIAN_POINT ( 'NONE',  ( 3.051235666345106345, -4.465449228718203933, -3.333352142778016169 ) ) ;
#788 = LINE ( 'NONE', #732, #3193 ) ;
#789 = ORIENTED_EDGE ( 'NONE', *, *, #2286, .F. ) ;
#790 = CARTESIAN_POINT ( 'NONE',  ( 12.50000000000000000, 9.184850993605147944E-16, 2.000000000000000000 ) ) ;
#791 = VECTOR ( 'NONE', #2887, 999.9999999999998863 ) ;
#792 = AXIS2_PLACEMENT_3D ( 'NONE', #3601, #4534, #3134 ) ;
#793 = DIRECTION ( 'NONE',  ( 0.06279051952932654390, -0.9980267284282706708, 0.000000000000000000 ) ) ;
#794 = ORIENTED_EDGE ( 'NONE', *, *, #2128, .F. ) ;
#795 = FACE_BOUND ( 'NONE', #273, .T. ) ;
#796 = CARTESIAN_POINT ( 'NONE',  ( 8.952835937935043731, -34.86899380063064768, 0.000000000000000000 ) ) ;
#797 = VERTEX_POINT ( 'NONE', #5077 ) ;
#798 = DIRECTION ( 'NONE',  ( 1.000000000000000000, 0.000000000000000000, 0.000000000000000000 ) ) ;
#799 = EDGE_CURVE ( 'NONE', #4931, #95, #4858, .T. ) ;
#800 = CARTESIAN_POINT ( 'NONE',  ( -22.61600908139319444, 21.20179551902008797, -34.00000000000000000 ) ) ;
#801 = CARTESIAN_POINT ( 'NONE',  ( 4.570306765394011705, 3.156093203020960303, -1.666683961457740004 ) ) ;
#802 = EDGE_LOOP ( 'NONE', ( #181, #3120 ) ) ;
#803 = EDGE_CURVE ( 'NONE', #5520, #3583, #3726, .T. ) ;
#804 = ORIENTED_EDGE ( 'NONE', *, *, #4315, .F. ) ;
#805 = CIRCLE ( 'NONE', #4111, 7.500000000000000000 ) ;
#806 = DIRECTION ( 'NONE',  ( 0.000000000000000000, -0.000000000000000000, 1.000000000000000000 ) ) ;
#807 = ADVANCED_FACE ( 'NONE', ( #1488, #3294 ), #4629, .F. ) ;
#808 = DIRECTION ( 'NONE',  ( -0.000000000000000000, -0.000000000000000000, 1.000000000000000000 ) ) ;
#809 = CIRCLE ( 'NONE', #622, 1.250000000000000888 ) ;
#810 = ORIENTED_EDGE ( 'NONE', *, *, #998, .T. ) ;
#811 = ORIENTED_EDGE ( 'NONE', *, *, #993, .T. ) ;
#812 = AXIS2_PLACEMENT_3D ( 'NONE', #758, #4795, #2544 ) ;
#813 = DIRECTION ( 'NONE',  ( 0.000000000000000000, 0.000000000000000000, -1.000000000000000000 ) ) ;
#814 = ADVANCED_FACE ( 'NONE', ( #1037 ), #182, .F. ) ;
#815 = VERTEX_POINT ( 'NONE', #3786 ) ;
#817 = CYLINDRICAL_SURFACE ( 'NONE', #1570, 1.250000000000001110 ) ;
#816 = AXIS2_PLACEMENT_3D ( 'NONE', #843, #2650, #3595 ) ;
#818 = AXIS2_PLACEMENT_3D ( 'NONE', #543, #161, #4188 ) ;
#819 = AXIS2_PLACEMENT_3D ( 'NONE', #4535, #4595, #177 ) ;
#820 = DIRECTION ( 'NONE',  ( -1.000000000000000000, 0.000000000000000000, 0.000000000000000000 ) ) ;
#821 = VERTEX_POINT ( 'NONE', #60 ) ;
#822 = CARTESIAN_POINT ( 'NONE',  ( 22.41026908252928962, -29.12461179749791640, 2.000000000000000000 ) ) ;
#823 = VECTOR ( 'NONE', #1455, 1000.000000000000000 ) ;
#824 = FACE_OUTER_BOUND ( 'NONE', #3701, .T. ) ;
#825 = FACE_OUTER_BOUND ( 'NONE', #5499, .T. ) ;
#826 = CARTESIAN_POINT ( 'NONE',  ( 22.62741699796951877, -21.21320343559641231, -5.000000000000000000 ) ) ;
#827 = ADVANCED_FACE ( 'NONE', ( #5578, #2876 ), #3671, .T. ) ;
#828 = ORIENTED_EDGE ( 'NONE', *, *, #5169, .T. ) ;
#829 = EDGE_CURVE ( 'NONE', #2201, #1947, #3908, .T. ) ;
#830 = DIRECTION ( 'NONE',  ( 0.000000000000000000, 0.000000000000000000, 1.000000000000000000 ) ) ;
#831 = CARTESIAN_POINT ( 'NONE',  ( 28.98847673992862184, -22.94726363095257682, 2.000000000000000000 ) ) ;
#832 = DIRECTION ( 'NONE',  ( -0.000000000000000000, -0.000000000000000000, 1.000000000000000000 ) ) ;
#833 = CARTESIAN_POINT ( 'NONE',  ( -8.952835937934539245, -34.86899380063077558, -3.535533905932740861 ) ) ;
#834 = ORIENTED_EDGE ( 'NONE', *, *, #4148, .F. ) ;
#835 = ORIENTED_EDGE ( 'NONE', *, *, #5117, .F. ) ;
#836 = CARTESIAN_POINT ( 'NONE',  ( 1.077483922744798539, 0.4687764585960901842, -5.500000000000000888 ) ) ;
#837 = DIRECTION ( 'NONE',  ( 0.000000000000000000, 0.000000000000000000, 1.000000000000000000 ) ) ;
#838 = VERTEX_POINT ( 'NONE', #5250 ) ;
#839 = ORIENTED_EDGE ( 'NONE', *, *, #3027, .T. ) ;
#840 = ADVANCED_FACE ( 'NONE', ( #268 ), #2968, .F. ) ;
#841 = ORIENTED_EDGE ( 'NONE', *, *, #5377, .F. ) ;
#842 = DIRECTION ( 'NONE',  ( -0.000000000000000000, -0.000000000000000000, -1.000000000000000000 ) ) ;
#843 = CARTESIAN_POINT ( 'NONE',  ( 0.000000000000000000, -36.00000000000000000, 0.000000000000000000 ) ) ;
#844 = ORIENTED_EDGE ( 'NONE', *, *, #5855, .T. ) ;
#845 = CARTESIAN_POINT ( 'NONE',  ( -18.59313226766178673, 31.54704048157906726, 0.000000000000000000 ) ) ;
#846 = ORIENTED_EDGE ( 'NONE', *, *, #4143, .F. ) ;
#847 = CARTESIAN_POINT ( 'NONE',  ( 25.99999999999999645, 1.444447458290426890E-31, -29.00000000000000000 ) ) ;
#848 = ADVANCED_FACE ( 'NONE', ( #323 ), #1068, .F. ) ;
#849 = CYLINDRICAL_SURFACE ( 'NONE', #5185, 1.250000000000000222 ) ;
#850 = ORIENTED_EDGE ( 'NONE', *, *, #3961, .T. ) ;
#851 = CYLINDRICAL_SURFACE ( 'NONE', #2592, 1.250000000000001110 ) ;
#852 = CARTESIAN_POINT ( 'NONE',  ( -30.99999999999999289, 3.796405077356792748E-15, -29.00000000000000000 ) ) ;
#853 = FACE_BOUND ( 'NONE', #802, .T. ) ;
#854 = DIRECTION ( 'NONE',  ( -0.000000000000000000, -0.000000000000000000, -1.000000000000000000 ) ) ;
#855 = EDGE_LOOP ( 'NONE', ( #4009, #3186 ) ) ;
#856 = AXIS2_PLACEMENT_3D ( 'NONE', #3616, #5436, #5296 ) ;
#857 = ORIENTED_EDGE ( 'NONE', *, *, #3107, .F. ) ;
#858 = CYLINDRICAL_SURFACE ( 'NONE', #1647, 7.500000000000000000 ) ;
#859 = CYLINDRICAL_SURFACE ( 'NONE', #5642, 1.250000000000001110 ) ;
#860 = DIRECTION ( 'NONE',  ( 1.000000000000000000, 0.000000000000000000, 0.000000000000000000 ) ) ;
#861 = VERTEX_POINT ( 'NONE', #769 ) ;
#862 = EDGE_LOOP ( 'NONE', ( #1258, #1346 ) ) ;
#863 = ORIENTED_EDGE ( 'NONE', *, *, #3929, .F. ) ;
#864 = ORIENTED_EDGE ( 'NONE', *, *, #1789, .T. ) ;
#865 = CARTESIAN_POINT ( 'NONE',  ( 21.21320343559642296, -22.62741699796951167, -5.000000000000000000 ) ) ;
#866 = VECTOR ( 'NONE', #2401, 1000.000000000000000 ) ;
#867 = DIRECTION ( 'NONE',  ( -0.7071067811865477948, 0.7071067811865473507, 0.000000000000000000 ) ) ;
#868 = ORIENTED_EDGE ( 'NONE', *, *, #4646, .T. ) ;
#869 = CARTESIAN_POINT ( 'NONE',  ( -1.734935157289747343, -1.800000000000000044, 2.000000000000000000 ) ) ;
#870 = AXIS2_PLACEMENT_3D ( 'NONE', #1060, #4679, #2963 ) ;
#871 = VECTOR ( 'NONE', #992, 1000.000000000000000 ) ;
#872 = DIRECTION ( 'NONE',  ( 1.000000000000000000, 0.000000000000000000, 0.000000000000000000 ) ) ;
#873 = EDGE_CURVE ( 'NONE', #3778, #1221, #2587, .T. ) ;
#874 = FACE_BOUND ( 'NONE', #3650, .T. ) ;
#875 = CYLINDRICAL_SURFACE ( 'NONE', #2341, 1.250000000000001110 ) ;
#876 = CIRCLE ( 'NONE', #1549, 1.249999999999999778 ) ;
#877 = AXIS2_PLACEMENT_3D ( 'NONE', #4058, #2614, #2257 ) ;
#878 = ORIENTED_EDGE ( 'NONE', *, *, #1072, .F. ) ;
#879 = CARTESIAN_POINT ( 'NONE',  ( -21.16026908252886685, -29.12461179749822549, 0.000000000000000000 ) ) ;
#880 = CYLINDRICAL_SURFACE ( 'NONE', #4025, 1.250000000000001110 ) ;
#881 = FACE_BOUND ( 'NONE', #4163, .T. ) ;
#882 = CARTESIAN_POINT ( 'NONE',  ( -25.99999999999999645, -1.444447458290426890E-31, -29.00000000000000000 ) ) ;
#883 = ORIENTED_EDGE ( 'NONE', *, *, #1656, .F. ) ;
#884 = ORIENTED_EDGE ( 'NONE', *, *, #4924, .T. ) ;
#885 = DIRECTION ( 'NONE',  ( 1.000000000000000000, 0.000000000000000000, 0.000000000000000000 ) ) ;
#886 = DIRECTION ( 'NONE',  ( -0.000000000000000000, 0.000000000000000000, -1.000000000000000000 ) ) ;
#887 = LINE ( 'NONE', #5874, #1159 ) ;
#888 = ORIENTED_EDGE ( 'NONE', *, *, #2646, .F. ) ;
#889 = ORIENTED_EDGE ( 'NONE', *, *, #1732, .T. ) ;
#890 = DIRECTION ( 'NONE',  ( -0.000000000000000000, -0.000000000000000000, 1.000000000000000000 ) ) ;
#891 = CIRCLE ( 'NONE', #5448, 1.250000000000000888 ) ;
#892 = ORIENTED_EDGE ( 'NONE', *, *, #3746, .T. ) ;
#893 = ORIENTED_EDGE ( 'NONE', *, *, #2651, .T. ) ;
#894 = CARTESIAN_POINT ( 'NONE',  ( 30.39580531807271768, -19.28976461924359498, 0.000000000000000000 ) ) ;
#895 = CYLINDRICAL_SURFACE ( 'NONE', #2901, 2.999999999999999112 ) ;
#896 = EDGE_LOOP ( 'NONE', ( #1772, #2094, #2196, #164 ) ) ;
#897 = AXIS2_PLACEMENT_3D ( 'NONE', #4513, #945, #4059 ) ;
#898 = ADVANCED_FACE ( 'NONE', ( #4835 ), #5670, .T. ) ;
#899 = DIRECTION ( 'NONE',  ( -0.000000000000000000, -0.000000000000000000, -1.000000000000000000 ) ) ;
#900 = CIRCLE ( 'NONE', #4219, 1.250000000000000444 ) ;
#901 = AXIS2_PLACEMENT_3D ( 'NONE', #3830, #4340, #1141 ) ;
#902 = CARTESIAN_POINT ( 'NONE',  ( -25.99999999999999645, 3.000000000000000000, -20.09756097560976329 ) ) ;
#903 = AXIS2_PLACEMENT_3D ( 'NONE', #1749, #5867, #5014 ) ;
#904 = VERTEX_POINT ( 'NONE', #2021 ) ;
#905 = FACE_BOUND ( 'NONE', #3237, .T. ) ;
#906 = EDGE_CURVE ( 'NONE', #3325, #4216, #3434, .T. ) ;
#907 = CARTESIAN_POINT ( 'NONE',  ( 0.000000000000000000, 20.00000000000000000, 2.000000000000000000 ) ) ;
#908 = DIRECTION ( 'NONE',  ( 1.000000000000000000, 0.000000000000000000, 0.000000000000000000 ) ) ;
#909 = VECTOR ( 'NONE', #465, 1000.000000000000000 ) ;
#910 = CARTESIAN_POINT ( 'NONE',  ( 4.511996408315208207, -35.71612924732117023, 2.000000000000000000 ) ) ;
#911 = DIRECTION ( 'NONE',  ( -0.000000000000000000, -0.000000000000000000, 1.000000000000000000 ) ) ;
#912 = FACE_BOUND ( 'NONE', #4199, .T. ) ;
#913 = CIRCLE ( 'NONE', #3010, 1.250000000000001110 ) ;
#914 = DIRECTION ( 'NONE',  ( 1.000000000000000000, 0.000000000000000000, 0.000000000000000000 ) ) ;
#915 = ORIENTED_EDGE ( 'NONE', *, *, #993, .F. ) ;
#916 = ORIENTED_EDGE ( 'NONE', *, *, #5294, .F. ) ;
#917 = EDGE_CURVE ( 'NONE', #30, #821, #2776, .T. ) ;
#918 = CARTESIAN_POINT ( 'NONE',  ( 1.187125229080364885, 0.6500485874816311904, -5.470611318550365532 ) ) ;
#919 = CIRCLE ( 'NONE', #2725, 1.250000000000000222 ) ;
#920 = CARTESIAN_POINT ( 'NONE',  ( 5.761996408314459472, 35.71612924732126260, 0.000000000000000000 ) ) ;
#921 = CARTESIAN_POINT ( 'NONE',  ( 30.85449724108301695, -3.000000000000003997, -29.00000000000000000 ) ) ;
#922 = EDGE_CURVE ( 'NONE', #4474, #4396, #970, .T. ) ;
#923 = EDGE_LOOP ( 'NONE', ( #448, #4868, #1051, #358 ) ) ;
#924 = ADVANCED_FACE ( 'NONE', ( #2461 ), #2525, .F. ) ;
#925 = EDGE_LOOP ( 'NONE', ( #1384, #2949, #1783, #2777 ) ) ;
#926 = CIRCLE ( 'NONE', #5007, 1.249999999999999778 ) ;
#927 = FACE_OUTER_BOUND ( 'NONE', #774, .T. ) ;
#928 = EDGE_LOOP ( 'NONE', ( #1045, #1087, #1701, #3160, #5699, #3689, #4355, #4089, #3986, #4581, #1917, #2324, #3368, #2198, #1252, #3861, #2952, #2335, #4508, #451 ) ) ;
#929 = ORIENTED_EDGE ( 'NONE', *, *, #134, .T. ) ;
#930 = CARTESIAN_POINT ( 'NONE',  ( 31.32377388877653246, 15.32805449634299322, 0.000000000000000000 ) ) ;
#931 = DIRECTION ( 'NONE',  ( 0.000000000000000000, 0.000000000000000000, 1.000000000000000000 ) ) ;
#932 = ORIENTED_EDGE ( 'NONE', *, *, #3096, .F. ) ;
#933 = LINE ( 'NONE', #5065, #871 ) ;
#934 = VERTEX_POINT ( 'NONE', #4263 ) ;
#935 = DIRECTION ( 'NONE',  ( 0.000000000000000000, 0.000000000000000000, 1.000000000000000000 ) ) ;
#936 = CARTESIAN_POINT ( 'NONE',  ( -35.36234102623281217, 6.745727325085971948, -3.535533905932740861 ) ) ;
#937 = VERTEX_POINT ( 'NONE', #3910 ) ;
#938 = DIRECTION ( 'NONE',  ( -0.000000000000000000, 0.000000000000000000, 1.000000000000000000 ) ) ;
#939 = DIRECTION ( 'NONE',  ( 0.000000000000000000, 0.000000000000000000, -1.000000000000000000 ) ) ;
#940 = DIRECTION ( 'NONE',  ( 0.000000000000000000, -0.000000000000000000, 1.000000000000000000 ) ) ;
#941 = DIRECTION ( 'NONE',  ( 1.000000000000000000, 0.000000000000000000, 0.000000000000000000 ) ) ;
#942 = ORIENTED_EDGE ( 'NONE', *, *, #3567, .T. ) ;
#943 = ORIENTED_EDGE ( 'NONE', *, *, #2986, .T. ) ;
#944 = CARTESIAN_POINT ( 'NONE',  ( -1.734935157289747343, -1.800000000000000044, -4.000000000000000000 ) ) ;
#945 = DIRECTION ( 'NONE',  ( -0.000000000000000000, -0.000000000000000000, 1.000000000000000000 ) ) ;
#946 = CARTESIAN_POINT ( 'NONE',  ( 0.000000000000000000, 0.000000000000000000, 0.000000000000000000 ) ) ;
#947 = ORIENTED_EDGE ( 'NONE', *, *, #2239, .T. ) ;
#948 = EDGE_LOOP ( 'NONE', ( #578, #4953, #892, #2105 ) ) ;
#949 = CARTESIAN_POINT ( 'NONE',  ( 27.50000000000000000, 0.000000000000000000, -21.21320343559642652 ) ) ;
#950 = VECTOR ( 'NONE', #1532, 1000.000000000000000 ) ;
#951 = VERTEX_POINT ( 'NONE', #2938 ) ;
#952 = EDGE_CURVE ( 'NONE', #2738, #5870, #5159, .T. ) ;
#953 = VERTEX_POINT ( 'NONE', #291 ) ;
#954 = CARTESIAN_POINT ( 'NONE',  ( 22.99999999999999645, 1.757359312880714786, -23.75609756097561842 ) ) ;
#955 = EDGE_CURVE ( 'NONE', #5700, #3127, #5636, .T. ) ;
#956 = CYLINDRICAL_SURFACE ( 'NONE', #3756, 1.250000000000001110 ) ;
#957 = EDGE_LOOP ( 'NONE', ( #2826, #2051, #156, #3335 ) ) ;
#958 = FACE_OUTER_BOUND ( 'NONE', #979, .T. ) ;
#959 = AXIS2_PLACEMENT_3D ( 'NONE', #5162, #2057, #4717 ) ;
#960 = ORIENTED_EDGE ( 'NONE', *, *, #4990, .F. ) ;
#961 = DIRECTION ( 'NONE',  ( 1.000000000000000000, 0.000000000000000000, -0.000000000000000000 ) ) ;
#962 = DIRECTION ( 'NONE',  ( -0.000000000000000000, -0.000000000000000000, -1.000000000000000000 ) ) ;
#963 = VECTOR ( 'NONE', #1129, 1000.000000000000000 ) ;
#964 = CARTESIAN_POINT ( 'NONE',  ( -27.73847673992830209, -22.94726363095296762, 0.000000000000000000 ) ) ;
#965 = CIRCLE ( 'NONE', #2581, 1.250000000000001110 ) ;
#966 = CARTESIAN_POINT ( 'NONE',  ( 8.952835937935043731, -34.86899380063064768, 2.000000000000000000 ) ) ;
#967 = CYLINDRICAL_SURFACE ( 'NONE', #4303, 1.250000000000001110 ) ;
#968 = FACE_BOUND ( 'NONE', #679, .T. ) ;
#969 = AXIS2_PLACEMENT_3D ( 'NONE', #3987, #5037, #3660 ) ;
#970 = CIRCLE ( 'NONE', #4285, 30.99999999999999289 ) ;
#971 = DIRECTION ( 'NONE',  ( -0.000000000000000000, -0.000000000000000000, -1.000000000000000000 ) ) ;
#972 = ORIENTED_EDGE ( 'NONE', *, *, #4677, .T. ) ;
#973 = EDGE_CURVE ( 'NONE', #267, #754, #4768, .T. ) ;
#974 = CARTESIAN_POINT ( 'NONE',  ( -14.50248389664819015, -33.47195349197713199, 0.000000000000000000 ) ) ;
#975 = VECTOR ( 'NONE', #2920, 1000.000000000000114 ) ;
#976 = AXIS2_PLACEMENT_3D ( 'NONE', #2215, #2167, #3048 ) ;
#977 = DIRECTION ( 'NONE',  ( -1.000000000000000000, 0.000000000000000000, -0.000000000000000000 ) ) ;
#978 = CARTESIAN_POINT ( 'NONE',  ( 34.23803458662540322, 11.12461179749849549, 0.000000000000000000 ) ) ;
#979 = EDGE_LOOP ( 'NONE', ( #2134, #35, #4687, #1096 ) ) ;
#980 = EDGE_CURVE ( 'NONE', #3946, #5685, #1156, .T. ) ;
#981 = EDGE_CURVE ( 'NONE', #5700, #5653, #1550, .T. ) ;
#982 = ORIENTED_EDGE ( 'NONE', *, *, #678, .F. ) ;
#983 = CARTESIAN_POINT ( 'NONE',  ( -31.32377388877662838, -15.32805449634276229, 2.000000000000000000 ) ) ;
#984 = EDGE_CURVE ( 'NONE', #2972, #2499, #1835, .T. ) ;
#985 = ORIENTED_EDGE ( 'NONE', *, *, #2842, .T. ) ;
#986 = EDGE_CURVE ( 'NONE', #4262, #5113, #3348, .T. ) ;
#987 = ORIENTED_EDGE ( 'NONE', *, *, #2223, .F. ) ;
#988 = CARTESIAN_POINT ( 'NONE',  ( 30.39580531807271768, -19.28976461924359498, 2.000000000000000000 ) ) ;
#989 = DIRECTION ( 'NONE',  ( 1.000000000000000000, 0.000000000000000000, 0.000000000000000000 ) ) ;
#990 = EDGE_LOOP ( 'NONE', ( #1207, #2464, #4945, #1818 ) ) ;
#991 = EDGE_CURVE ( 'NONE', #3037, #5299, #3913, .T. ) ;
#992 = DIRECTION ( 'NONE',  ( -0.000000000000000000, 0.000000000000000000, 1.000000000000000000 ) ) ;
#993 = EDGE_CURVE ( 'NONE', #5283, #5596, #3439, .T. ) ;
#994 = ORIENTED_EDGE ( 'NONE', *, *, #331, .F. ) ;
#995 = CARTESIAN_POINT ( 'NONE',  ( -35.36234102623276243, -6.745727325086226855, -3.535533905932740861 ) ) ;
#996 = VECTOR ( 'NONE', #166, 1000.000000000000000 ) ;
#997 = CARTESIAN_POINT ( 'NONE',  ( -26.48847673992829854, -22.94726363095296762, -3.535533905932740861 ) ) ;
#998 = EDGE_CURVE ( 'NONE', #5313, #1975, #436, .T. ) ;
#999 = CARTESIAN_POINT ( 'NONE',  ( 21.16026908252928962, -29.12461179749791640, 2.000000000000000000 ) ) ;
#1000 = CARTESIAN_POINT ( 'NONE',  ( -4.465449228718199493, -3.051235666345113451, -3.333352142778015281 ) ) ;
#1001 = AXIS2_PLACEMENT_3D ( 'NONE', #865, #2681, #367 ) ;
#1002 = VECTOR ( 'NONE', #5393, 1000.000000000000000 ) ;
#1003 = FACE_OUTER_BOUND ( 'NONE', #1013, .T. ) ;
#1004 = LINE ( 'NONE', #2813, #591 ) ;
#1005 = DIRECTION ( 'NONE',  ( 1.000000000000000000, 0.000000000000000000, 0.000000000000000000 ) ) ;
#1006 = AXIS2_PLACEMENT_3D ( 'NONE', #2695, #5016, #4505 ) ;
#1007 = EDGE_CURVE ( 'NONE', #5374, #4969, #3579, .T. ) ;
#1008 = ORIENTED_EDGE ( 'NONE', *, *, #5391, .F. ) ;
#1009 = DIRECTION ( 'NONE',  ( -0.000000000000000000, 0.000000000000000000, 1.000000000000000000 ) ) ;
#1010 = CIRCLE ( 'NONE', #3944, 1.250000000000001110 ) ;
#1011 = CARTESIAN_POINT ( 'NONE',  ( 27.73847673992861829, -22.94726363095257682, 2.000000000000000000 ) ) ;
#1012 = DIRECTION ( 'NONE',  ( -0.000000000000000000, -0.000000000000000000, -1.000000000000000000 ) ) ;
#1013 = EDGE_LOOP ( 'NONE', ( #857, #2285, #4165, #4128 ) ) ;
#1014 = EDGE_LOOP ( 'NONE', ( #2941, #224 ) ) ;
#1015 = AXIS2_PLACEMENT_3D ( 'NONE', #76, #3577, #519 ) ;
#1016 = CARTESIAN_POINT ( 'NONE',  ( 35.92896222341780543, -2.260458703054892382, 2.000000000000000000 ) ) ;
#1017 = CARTESIAN_POINT ( 'NONE',  ( -25.99999999999999645, -3.000000000000000000, -20.09756097560976329 ) ) ;
#1018 = VERTEX_POINT ( 'NONE', #1716 ) ;
#1019 = DIRECTION ( 'NONE',  ( 1.000000000000000000, 0.000000000000000000, 0.000000000000000000 ) ) ;
#1020 = CARTESIAN_POINT ( 'NONE',  ( 35.48803458662563060, -11.12461179749777784, 0.000000000000000000 ) ) ;
#1021 = ORIENTED_EDGE ( 'NONE', *, *, #3617, .F. ) ;
#1022 = ADVANCED_FACE ( 'NONE', ( #2276 ), #1696, .T. ) ;
#1023 = CARTESIAN_POINT ( 'NONE',  ( 0.000000000000000000, 0.000000000000000000, 0.000000000000000000 ) ) ;
#1024 = PRODUCT ( 'Drum', 'Drum', '', ( #5582 ) ) ;
#1025 = ORIENTED_EDGE ( 'NONE', *, *, #2986, .F. ) ;
#1026 = CARTESIAN_POINT ( 'NONE',  ( 28.98971537909590523, 3.000000000000000444, -16.45156661085864869 ) ) ;
#1027 = DIRECTION ( 'NONE',  ( 0.000000000000000000, 0.000000000000000000, 1.000000000000000000 ) ) ;
#1028 = ORIENTED_EDGE ( 'NONE', *, *, #3530, .F. ) ;
#1029 = CARTESIAN_POINT ( 'NONE',  ( 24.64369581343302329, -26.24287058717059651, 0.000000000000000000 ) ) ;
#1030 = FACE_OUTER_BOUND ( 'NONE', #300, .T. ) ;
#1031 = EDGE_CURVE ( 'NONE', #2321, #3593, #1356, .T. ) ;
#1032 = CARTESIAN_POINT ( 'NONE',  ( 0.000000000000000000, 0.000000000000000000, 0.000000000000000000 ) ) ;
#1033 = CIRCLE ( 'NONE', #5109, 30.99999999999999289 ) ;
#1034 = EDGE_CURVE ( 'NONE', #215, #1, #3156, .T. ) ;
#1035 = CARTESIAN_POINT ( 'NONE',  ( 30.85449724108301695, -3.000000000000000000, -14.17744238892315600 ) ) ;
#1036 = ORIENTED_EDGE ( 'NONE', *, *, #2884, .F. ) ;
#1037 = FACE_OUTER_BOUND ( 'NONE', #2967, .T. ) ;
#1038 = DIRECTION ( 'NONE',  ( 0.000000000000000000, 0.000000000000000000, 1.000000000000000000 ) ) ;
#1039 = CARTESIAN_POINT ( 'NONE',  ( -22.41026908252887040, -29.12461179749822549, 0.000000000000000000 ) ) ;
#1040 = ORIENTED_EDGE ( 'NONE', *, *, #3782, .T. ) ;
#1041 = DIRECTION ( 'NONE',  ( 1.000000000000000000, 0.000000000000000000, 0.000000000000000000 ) ) ;
#1042 = ORIENTED_EDGE ( 'NONE', *, *, #3687, .T. ) ;
#1043 = FACE_OUTER_BOUND ( 'NONE', #532, .T. ) ;
#1044 = DIRECTION ( 'NONE',  ( -0.000000000000000000, -0.000000000000000000, -1.000000000000000000 ) ) ;
#1045 = ORIENTED_EDGE ( 'NONE', *, *, #745, .T. ) ;
#1046 = CARTESIAN_POINT ( 'NONE',  ( 25.89369581343245486, 26.24287058717113297, 2.000000000000000000 ) ) ;
#1047 = CARTESIAN_POINT ( 'NONE',  ( 0.000000000000000000, 0.000000000000000000, 2.000000000000000000 ) ) ;
#1048 = AXIS2_PLACEMENT_3D ( 'NONE', #5122, #2100, #4766 ) ;
#1049 = ORIENTED_EDGE ( 'NONE', *, *, #2702, .F. ) ;
#1050 = LINE ( 'NONE', #2476, #5735 ) ;
#1051 = ORIENTED_EDGE ( 'NONE', *, *, #2384, .T. ) ;
#1052 = FACE_OUTER_BOUND ( 'NONE', #3897, .T. ) ;
#1053 = CARTESIAN_POINT ( 'NONE',  ( -0.9539392014169457701, -0.2999999999999998779, -5.500000000000000000 ) ) ;
#1054 = ADVANCED_FACE ( 'NONE', ( #3517 ), #5329, .F. ) ;
#1055 = ORIENTED_EDGE ( 'NONE', *, *, #2409, .T. ) ;
#1056 = CARTESIAN_POINT ( 'NONE',  ( -4.511996408314709051, -35.71612924732123417, -3.535533905932739085 ) ) ;
#1057 = CARTESIAN_POINT ( 'NONE',  ( -28.98971537909590523, 3.000000000000000000, -16.45156661085864869 ) ) ;
#1058 = EDGE_CURVE ( 'NONE', #5709, #3748, #3075, .T. ) ;
#1059 = CARTESIAN_POINT ( 'NONE',  ( 3.260825055538279837, 4.675038617911412508, 0.000000000000000000 ) ) ;
#1060 = CARTESIAN_POINT ( 'NONE',  ( -35.36234102623281217, 6.745727325085971948, 2.000000000000000000 ) ) ;
#1061 = DIRECTION ( 'NONE',  ( 0.000000000000000000, 0.000000000000000000, 1.000000000000000000 ) ) ;
#1062 = CIRCLE ( 'NONE', #5137, 1.250000000000000444 ) ;
#1063 = AXIS2_PLACEMENT_3D ( 'NONE', #2328, #5032, #2379 ) ;
#1064 = ORIENTED_EDGE ( 'NONE', *, *, #1658, .T. ) ;
#1065 = DIRECTION ( 'NONE',  ( -0.000000000000000000, -0.000000000000000000, -1.000000000000000000 ) ) ;
#1066 = CIRCLE ( 'NONE', #2488, 1.250000000000000222 ) ;
#1067 = DIRECTION ( 'NONE',  ( 1.000000000000000000, 0.000000000000000000, 0.000000000000000000 ) ) ;
#1068 = TOROIDAL_SURFACE ( 'NONE', #5143, 1.000000000000000000, 1.500000000000000000 ) ;
#1069 = CARTESIAN_POINT ( 'NONE',  ( 35.36234102623286191, -6.745727325085741022, 0.000000000000000000 ) ) ;
#1070 = EDGE_LOOP ( 'NONE', ( #2849, #5103 ) ) ;
#1071 = ORIENTED_EDGE ( 'NONE', *, *, #3263, .T. ) ;
#1072 = EDGE_CURVE ( 'NONE', #1463, #476, #4865, .T. ) ;
#1073 = CARTESIAN_POINT ( 'NONE',  ( 4.511996408314459472, 35.71612924732126260, -3.535533905932739085 ) ) ;
#1074 = ORIENTED_EDGE ( 'NONE', *, *, #522, .F. ) ;
#1075 = CIRCLE ( 'NONE', #2303, 7.500000000000000000 ) ;
#1076 = AXIS2_PLACEMENT_3D ( 'NONE', #78, #3221, #1839 ) ;
#1077 = DIRECTION ( 'NONE',  ( -0.000000000000000000, 0.000000000000000000, 1.000000000000000000 ) ) ;
#1078 = CARTESIAN_POINT ( 'NONE',  ( 7.500000000000000000, -20.00000000000000000, -21.21320343559642652 ) ) ;
#1079 = AXIS2_PLACEMENT_3D ( 'NONE', #704, #1090, #5690 ) ;
#1080 = ORIENTED_EDGE ( 'NONE', *, *, #1820, .F. ) ;
#1081 = LINE ( 'NONE', #2827, #5548 ) ;
#1082 = CARTESIAN_POINT ( 'NONE',  ( 0.000000000000000000, -36.00000000000000000, 0.000000000000000000 ) ) ;
#1083 = VERTEX_POINT ( 'NONE', #5303 ) ;
#1084 = CARTESIAN_POINT ( 'NONE',  ( -1.250000000000000444, -36.00000000000000000, 0.000000000000000000 ) ) ;
#1085 = ORIENTED_EDGE ( 'NONE', *, *, #3292, .F. ) ;
#1086 = CARTESIAN_POINT ( 'NONE',  ( -1.594661545347701104, -1.463193825786974989, -4.967697038470013204 ) ) ;
#1087 = ORIENTED_EDGE ( 'NONE', *, *, #5013, .T. ) ;
#1088 = AXIS2_PLACEMENT_3D ( 'NONE', #3845, #5244, #4804 ) ;
#1089 = DIRECTION ( 'NONE',  ( 1.000000000000000000, 0.000000000000000000, 0.000000000000000000 ) ) ;
#1090 = DIRECTION ( 'NONE',  ( 0.000000000000000000, 0.000000000000000000, 1.000000000000000000 ) ) ;
#1091 = EDGE_CURVE ( 'NONE', #1, #1370, #377, .T. ) ;
#1092 = DIRECTION ( 'NONE',  ( 0.000000000000000000, 0.000000000000000000, -1.000000000000000000 ) ) ;
#1093 = AXIS2_PLACEMENT_3D ( 'NONE', #5691, #1629, #793 ) ;
#1094 = FACE_OUTER_BOUND ( 'NONE', #4335, .T. ) ;
#1095 = CARTESIAN_POINT ( 'NONE',  ( 3.260825055538279837, 4.675038617911412508, 0.000000000000000000 ) ) ;
#1096 = ORIENTED_EDGE ( 'NONE', *, *, #5603, .F. ) ;
#1097 = AXIS2_PLACEMENT_3D ( 'NONE', #2452, #3248, #2418 ) ;
#1098 = CIRCLE ( 'NONE', #2706, 1.250000000000001110 ) ;
#1099 = CARTESIAN_POINT ( 'NONE',  ( -35.92896222341777701, 2.260458703055158836, 2.000000000000000000 ) ) ;
#1100 = CARTESIAN_POINT ( 'NONE',  ( 22.62741699796951877, -21.21320343559641231, -5.000000000000000000 ) ) ;
#1101 = AXIS2_PLACEMENT_3D ( 'NONE', #4132, #3682, #1468 ) ;
#1102 = CARTESIAN_POINT ( 'NONE',  ( -1.250000000000000444, 36.00000000000000000, 2.000000000000000000 ) ) ;
#1103 = AXIS2_PLACEMENT_3D ( 'NONE', #2538, #4446, #380 ) ;
#1104 = CIRCLE ( 'NONE', #2234, 1.250000000000000000 ) ;
#1105 = ORIENTED_EDGE ( 'NONE', *, *, #906, .T. ) ;
#1106 = ADVANCED_FACE ( 'NONE', ( #2249 ), #2606, .F. ) ;
#1107 = ORIENTED_EDGE ( 'NONE', *, *, #1733, .T. ) ;
#1108 = ORIENTED_EDGE ( 'NONE', *, *, #2403, .F. ) ;
#1109 = FACE_OUTER_BOUND ( 'NONE', #1558, .T. ) ;
#1110 = VECTOR ( 'NONE', #3543, 1000.000000000000000 ) ;
#1111 = DIRECTION ( 'NONE',  ( 1.000000000000000000, 0.000000000000000000, 0.000000000000000000 ) ) ;
#1112 = EDGE_CURVE ( 'NONE', #1131, #4539, #5148, .T. ) ;
#1113 = EDGE_CURVE ( 'NONE', #2921, #5662, #3545, .T. ) ;
#1114 = VERTEX_POINT ( 'NONE', #4050 ) ;
#1115 = CARTESIAN_POINT ( 'NONE',  ( -13.25248389664843351, 33.47195349197703962, 0.000000000000000000 ) ) ;
#1116 = CIRCLE ( 'NONE', #1775, 1.250000000000000444 ) ;
#1117 = ORIENTED_EDGE ( 'NONE', *, *, #5193, .F. ) ;
#1118 = CARTESIAN_POINT ( 'NONE',  ( 34.11234102623286191, -6.745727325085741022, -3.535533905932740861 ) ) ;
#1119 = AXIS2_PLACEMENT_3D ( 'NONE', #5858, #480, #2269 ) ;
#1120 = ADVANCED_FACE ( 'NONE', ( #5774 ), #851, .F. ) ;
#1121 = EDGE_LOOP ( 'NONE', ( #23, #87 ) ) ;
#1122 = DIRECTION ( 'NONE',  ( -0.000000000000000000, -0.000000000000000000, 1.000000000000000000 ) ) ;
#1123 = DIRECTION ( 'NONE',  ( -0.9297764858882490158, -0.3681245526846842475, 0.000000000000000000 ) ) ;
#1124 = ORIENTED_EDGE ( 'NONE', *, *, #2554, .T. ) ;
#1125 = DIRECTION ( 'NONE',  ( -0.000000000000000000, -0.000000000000000000, -1.000000000000000000 ) ) ;
#1126 = CIRCLE ( 'NONE', #1781, 1.250000000000001110 ) ;
#1127 = DIRECTION ( 'NONE',  ( 1.000000000000000000, 0.000000000000000000, 0.000000000000000000 ) ) ;
#1128 = CARTESIAN_POINT ( 'NONE',  ( 10.20283593793504373, -34.86899380063064768, -3.535533905932740861 ) ) ;
#1129 = DIRECTION ( 'NONE',  ( 0.000000000000000000, -0.000000000000000000, 1.000000000000000000 ) ) ;
#1130 = DIRECTION ( 'NONE',  ( 1.000000000000000000, 0.000000000000000000, 0.000000000000000000 ) ) ;
#1131 = VERTEX_POINT ( 'NONE', #4019 ) ;
#1132 = DIRECTION ( 'NONE',  ( 1.000000000000000000, 0.000000000000000000, 0.000000000000000000 ) ) ;
#1133 = DIRECTION ( 'NONE',  ( 0.000000000000000000, 0.000000000000000000, 1.000000000000000000 ) ) ;
#1134 = DIRECTION ( 'NONE',  ( -0.000000000000000000, -0.000000000000000000, -1.000000000000000000 ) ) ;
#1135 = ORIENTED_EDGE ( 'NONE', *, *, #3887, .T. ) ;
#1136 = ORIENTED_EDGE ( 'NONE', *, *, #119, .T. ) ;
#1137 = ORIENTED_EDGE ( 'NONE', *, *, #5414, .T. ) ;
#1138 = DIRECTION ( 'NONE',  ( 1.000000000000000000, 0.000000000000000000, 0.000000000000000000 ) ) ;
#1139 = CARTESIAN_POINT ( 'NONE',  ( 7.702835937934294996, 34.86899380063083953, 0.000000000000000000 ) ) ;
#1140 = ORIENTED_EDGE ( 'NONE', *, *, #3306, .F. ) ;
#1141 = DIRECTION ( 'NONE',  ( 1.000000000000000000, 0.000000000000000000, 0.000000000000000000 ) ) ;
#1142 = EDGE_LOOP ( 'NONE', ( #589, #4908 ) ) ;
#1143 = LINE ( 'NONE', #2415, #1477 ) ;
#1144 = EDGE_CURVE ( 'NONE', #4882, #725, #2120, .T. ) ;
#1145 = ORIENTED_EDGE ( 'NONE', *, *, #1144, .F. ) ;
#1146 = CARTESIAN_POINT ( 'NONE',  ( 24.64369581343245486, 26.24287058717113297, 0.000000000000000000 ) ) ;
#1147 = CARTESIAN_POINT ( 'NONE',  ( -1.734935157289747343, 1.800000000000000044, 2.000000000000000000 ) ) ;
#1148 = ORIENTED_EDGE ( 'NONE', *, *, #3021, .T. ) ;
#1149 = CYLINDRICAL_SURFACE ( 'NONE', #3957, 1.250000000000000222 ) ;
#1150 = DIRECTION ( 'NONE',  ( -0.000000000000000000, -0.000000000000000000, 1.000000000000000000 ) ) ;
#1151 = AXIS2_PLACEMENT_3D ( 'NONE', #5689, #3806, #3869 ) ;
#1152 = LINE ( 'NONE', #264, #4399 ) ;
#1153 = FACE_BOUND ( 'NONE', #3606, .T. ) ;
#1154 = CARTESIAN_POINT ( 'NONE',  ( -21.16026908252907646, 29.12461179749808338, -3.535533905932740861 ) ) ;
#1155 = EDGE_LOOP ( 'NONE', ( #311, #3999 ) ) ;
#1156 = LINE ( 'NONE', #653, #403 ) ;
#1157 = CARTESIAN_POINT ( 'NONE',  ( 30.39580531807231623, 19.28976461924423447, 0.000000000000000000 ) ) ;
#1158 = DIRECTION ( 'NONE',  ( -0.000000000000000000, -0.000000000000000000, -1.000000000000000000 ) ) ;
#1159 = VECTOR ( 'NONE', #1369, 1000.000000000000000 ) ;
#1160 = VERTEX_POINT ( 'NONE', #1327 ) ;
#1161 = ORIENTED_EDGE ( 'NONE', *, *, #2515, .F. ) ;
#1162 = EDGE_CURVE ( 'NONE', #2987, #1867, #4198, .T. ) ;
#1163 = ORIENTED_EDGE ( 'NONE', *, *, #415, .T. ) ;
#1164 = CARTESIAN_POINT ( 'NONE',  ( -35.92896222341777701, 2.260458703055158836, -3.535533905932740861 ) ) ;
#1165 = CIRCLE ( 'NONE', #3340, 1.250000000000000222 ) ;
#1166 = AXIS2_PLACEMENT_3D ( 'NONE', #40, #1862, #1894 ) ;
#1167 = EDGE_CURVE ( 'NONE', #431, #1821, #1269, .T. ) ;
#1168 = CYLINDRICAL_SURFACE ( 'NONE', #1268, 1.500000000000000000 ) ;
#1169 = ADVANCED_FACE ( 'NONE', ( #3312 ), #2305, .F. ) ;
#1170 = EDGE_LOOP ( 'NONE', ( #4794, #2147 ) ) ;
#1171 = DIRECTION ( 'NONE',  ( -0.000000000000000000, -0.000000000000000000, -1.000000000000000000 ) ) ;
#1172 = AXIS2_PLACEMENT_3D ( 'NONE', #1771, #3300, #2536 ) ;
#1173 = CIRCLE ( 'NONE', #4957, 7.500000000000000000 ) ;
#1174 = ORIENTED_EDGE ( 'NONE', *, *, #1644, .F. ) ;
#1175 = EDGE_CURVE ( 'NONE', #2291, #5287, #5247, .T. ) ;
#1176 = DIRECTION ( 'NONE',  ( 0.000000000000000000, 0.000000000000000000, 1.000000000000000000 ) ) ;
#1177 = CIRCLE ( 'NONE', #4197, 1.250000000000001110 ) ;
#1178 = AXIS2_PLACEMENT_3D ( 'NONE', #5340, #5815, #1255 ) ;
#1179 = AXIS2_PLACEMENT_3D ( 'NONE', #647, #3455, #5154 ) ;
#1180 = EDGE_LOOP ( 'NONE', ( #3168, #2861 ) ) ;
#1181 = DIRECTION ( 'NONE',  ( 0.000000000000000000, 0.000000000000000000, 1.000000000000000000 ) ) ;
#1182 = CYLINDRICAL_SURFACE ( 'NONE', #2157, 32.99999999999999289 ) ;
#1183 = ORIENTED_EDGE ( 'NONE', *, *, #3617, .T. ) ;
#1184 = EDGE_CURVE ( 'NONE', #5608, #4306, #5716, .T. ) ;
#1185 = CYLINDRICAL_SURFACE ( 'NONE', #2006, 1.250000000000001110 ) ;
#1186 = EDGE_CURVE ( 'NONE', #1736, #3086, #3871, .T. ) ;
#1187 = DIRECTION ( 'NONE',  ( -0.000000000000000000, -0.000000000000000000, -1.000000000000000000 ) ) ;
#1188 = DIRECTION ( 'NONE',  ( -0.000000000000000000, 0.000000000000000000, 1.000000000000000000 ) ) ;
#1189 = CARTESIAN_POINT ( 'NONE',  ( 24.64369581343245486, 26.24287058717113297, 2.000000000000000000 ) ) ;
#1190 = EDGE_CURVE ( 'NONE', #3769, #2738, #2319, .T. ) ;
#1191 = CARTESIAN_POINT ( 'NONE',  ( 0.000000000000000000, 0.000000000000000000, 0.000000000000000000 ) ) ;
#1192 = ORIENTED_EDGE ( 'NONE', *, *, #3555, .T. ) ;
#1193 = CARTESIAN_POINT ( 'NONE',  ( -35.92896222341776280, -2.260458703055409746, 0.000000000000000000 ) ) ;
#1194 = AXIS2_PLACEMENT_3D ( 'NONE', #4678, #616, #2428 ) ;
#1195 = DIRECTION ( 'NONE',  ( -0.000000000000000000, -0.000000000000000000, 1.000000000000000000 ) ) ;
#1196 = CARTESIAN_POINT ( 'NONE',  ( 1.734935157289747343, 1.800000000000000044, -5.500000000000000000 ) ) ;
#1197 = EDGE_CURVE ( 'NONE', #4433, #2309, #2751, .T. ) ;
#1198 = VECTOR ( 'NONE', #364, 1000.000000000000114 ) ;
#1199 = ORIENTED_EDGE ( 'NONE', *, *, #1400, .F. ) ;
#1200 = VERTEX_POINT ( 'NONE', #554 ) ;
#1201 = CARTESIAN_POINT ( 'NONE',  ( 16.09313226766132843, 31.54704048157931595, 2.000000000000000000 ) ) ;
#1202 = CIRCLE ( 'NONE', #1674, 1.250000000000001110 ) ;
#1203 = AXIS2_PLACEMENT_3D ( 'NONE', #2023, #2368, #1067 ) ;
#1204 = CARTESIAN_POINT ( 'NONE',  ( 0.000000000000000000, 0.000000000000000000, -8.000000000000000000 ) ) ;
#1205 = ORIENTED_EDGE ( 'NONE', *, *, #2327, .T. ) ;
#1206 = AXIS2_PLACEMENT_3D ( 'NONE', #1047, #2857, #1978 ) ;
#1207 = ORIENTED_EDGE ( 'NONE', *, *, #386, .F. ) ;
#1208 = CARTESIAN_POINT ( 'NONE',  ( 30.99999999999999289, 0.000000000000000000, 0.000000000000000000 ) ) ;
#1209 = AXIS2_PLACEMENT_3D ( 'NONE', #5096, #1027, #1123 ) ;
#1210 = ORIENTED_EDGE ( 'NONE', *, *, #1963, .T. ) ;
#1211 = DIRECTION ( 'NONE',  ( -0.000000000000000000, -0.000000000000000000, 1.000000000000000000 ) ) ;
#1212 = CARTESIAN_POINT ( 'NONE',  ( 21.21320343559642296, -22.62741699796951167, -5.000000000000000000 ) ) ;
#1213 = ORIENTED_EDGE ( 'NONE', *, *, #2884, .T. ) ;
#1214 = ADVANCED_FACE ( 'NONE', ( #47 ), #4145, .F. ) ;
#1215 = CARTESIAN_POINT ( 'NONE',  ( 24.64369581343245486, 26.24287058717113297, -3.535533905932740861 ) ) ;
#1216 = CIRCLE ( 'NONE', #1119, 7.500000000000000000 ) ;
#1217 = DIRECTION ( 'NONE',  ( 0.5358267949790076479, -0.8443279255020080809, 0.000000000000000000 ) ) ;
#1218 = CYLINDRICAL_SURFACE ( 'NONE', #39, 1.250000000000001110 ) ;
#1219 = FACE_BOUND ( 'NONE', #228, .T. ) ;
#1220 = CARTESIAN_POINT ( 'NONE',  ( 27.73847673992861829, -22.94726363095257682, -3.535533905932740861 ) ) ;
#1221 = VERTEX_POINT ( 'NONE', #1926 ) ;
#1222 = DIRECTION ( 'NONE',  ( -0.000000000000000000, -0.000000000000000000, -1.000000000000000000 ) ) ;
#1223 = ADVANCED_FACE ( 'NONE', ( #140 ), #2362, .F. ) ;
#1224 = CARTESIAN_POINT ( 'NONE',  ( 0.000000000000000000, 0.000000000000000000, 0.000000000000000000 ) ) ;
#1225 = ADVANCED_FACE ( 'NONE', ( #5098 ), #1480, .F. ) ;
#1226 = LINE ( 'NONE', #3050, #1542 ) ;
#1227 = EDGE_CURVE ( 'NONE', #5782, #5520, #3620, .T. ) ;
#1228 = EDGE_LOOP ( 'NONE', ( #4454, #5375 ) ) ;
#1229 = ORIENTED_EDGE ( 'NONE', *, *, #1197, .T. ) ;
#1230 = DIRECTION ( 'NONE',  ( -0.000000000000000000, -0.000000000000000000, 1.000000000000000000 ) ) ;
#1231 = DIRECTION ( 'NONE',  ( 1.000000000000000000, 0.000000000000000000, 0.000000000000000000 ) ) ;
#1232 = ORIENTED_EDGE ( 'NONE', *, *, #4336, .F. ) ;
#1233 = VERTEX_POINT ( 'NONE', #2337 ) ;
#1234 = CARTESIAN_POINT ( 'NONE',  ( 36.61234102623271980, 6.745727325086481763, -3.535533905932740861 ) ) ;
#1235 = ORIENTED_EDGE ( 'NONE', *, *, #5730, .F. ) ;
#1236 = FACE_OUTER_BOUND ( 'NONE', #5135, .T. ) ;
#1237 = CARTESIAN_POINT ( 'NONE',  ( -1.646888662818726701, -1.586442254547695496, -4.798620177643858398 ) ) ;
#1238 = VERTEX_POINT ( 'NONE', #5040 ) ;
#1239 = DIRECTION ( 'NONE',  ( 1.000000000000000000, 0.000000000000000000, 0.000000000000000000 ) ) ;
#1240 = DIRECTION ( 'NONE',  ( -0.000000000000000000, -0.000000000000000000, 1.000000000000000000 ) ) ;
#1241 = CARTESIAN_POINT ( 'NONE',  ( 16.09313226766132843, 31.54704048157931595, -3.535533905932740861 ) ) ;
#1243 = EDGE_LOOP ( 'NONE', ( #2480, #2796, #3226, #2925 ) ) ;
#1242 = EDGE_CURVE ( 'NONE', #2261, #1895, #4386, .T. ) ;
#1244 = DIRECTION ( 'NONE',  ( 0.000000000000000000, 0.000000000000000000, 1.000000000000000000 ) ) ;
#1245 = FACE_OUTER_BOUND ( 'NONE', #2767, .T. ) ;
#1246 = EDGE_LOOP ( 'NONE', ( #5442, #2917, #4834, #828 ) ) ;
#1247 = DIRECTION ( 'NONE',  ( -0.7732677904963985993, 0.000000000000000000, -0.6340795882070467959 ) ) ;
#1248 = EDGE_CURVE ( 'NONE', #5662, #4299, #4583, .T. ) ;
#1249 = DIRECTION ( 'NONE',  ( 0.000000000000000000, 0.000000000000000000, 1.000000000000000000 ) ) ;
#1250 = DIRECTION ( 'NONE',  ( 1.000000000000000000, 0.000000000000000000, 0.000000000000000000 ) ) ;
#1251 = ORIENTED_EDGE ( 'NONE', *, *, #4051, .F. ) ;
#1252 = ORIENTED_EDGE ( 'NONE', *, *, #5564, .F. ) ;
#1253 = DIRECTION ( 'NONE',  ( -0.000000000000000000, -0.000000000000000000, 1.000000000000000000 ) ) ;
#1254 = EDGE_CURVE ( 'NONE', #2371, #3758, #4594, .T. ) ;
#1255 = DIRECTION ( 'NONE',  ( 1.000000000000000000, 0.000000000000000000, 0.000000000000000000 ) ) ;
#1256 = ORIENTED_EDGE ( 'NONE', *, *, #3092, .T. ) ;
#1257 = AXIS2_PLACEMENT_3D ( 'NONE', #978, #2436, #682 ) ;
#1258 = ORIENTED_EDGE ( 'NONE', *, *, #3767, .F. ) ;
#1259 = CIRCLE ( 'NONE', #4101, 2.500000000000000000 ) ;
#1260 = LINE ( 'NONE', #3446, #1198 ) ;
#1261 = AXIS2_PLACEMENT_3D ( 'NONE', #3811, #204, #3755 ) ;
#1262 = AXIS2_PLACEMENT_3D ( 'NONE', #112, #1933, #2788 ) ;
#1263 = ORIENTED_EDGE ( 'NONE', *, *, #3258, .F. ) ;
#1264 = CARTESIAN_POINT ( 'NONE',  ( -35.36234102623281217, 6.745727325085971948, 0.000000000000000000 ) ) ;
#1265 = EDGE_CURVE ( 'NONE', #3388, #296, #5059, .T. ) ;
#1266 = CYLINDRICAL_SURFACE ( 'NONE', #4235, 2.999999999999999112 ) ;
#1267 = EDGE_LOOP ( 'NONE', ( #1797, #5733 ) ) ;
#1268 = AXIS2_PLACEMENT_3D ( 'NONE', #2854, #3768, #2978 ) ;
#1269 = CIRCLE ( 'NONE', #2399, 1.250000000000001110 ) ;
#1270 = CARTESIAN_POINT ( 'NONE',  ( -30.85449724108301695, 3.000000000000000000, -14.17744238892315600 ) ) ;
#1271 = ORIENTED_EDGE ( 'NONE', *, *, #5744, .F. ) ;
#1272 = FACE_BOUND ( 'NONE', #760, .T. ) ;
#1273 = DIRECTION ( 'NONE',  ( 1.000000000000000000, 0.000000000000000000, 0.000000000000000000 ) ) ;
#1274 = ORIENTED_EDGE ( 'NONE', *, *, #3564, .T. ) ;
#1275 = DIRECTION ( 'NONE',  ( 0.7289686274214106643, 0.6845471059286895033, 0.000000000000000000 ) ) ;
#1276 = DIRECTION ( 'NONE',  ( 1.000000000000000000, 0.000000000000000000, 0.000000000000000000 ) ) ;
#1277 = CARTESIAN_POINT ( 'NONE',  ( 39.00000000000000000, 4.776122516674677878E-15, 2.000000000000000000 ) ) ;
#1278 = CARTESIAN_POINT ( 'NONE',  ( -30.99999999999999289, 3.796405077356794326E-15, 0.000000000000000000 ) ) ;
#1279 = EDGE_CURVE ( 'NONE', #5113, #422, #582, .T. ) ;
#1280 = EDGE_LOOP ( 'NONE', ( #3098, #4919 ) ) ;
#1281 = EDGE_LOOP ( 'NONE', ( #3909, #9, #160, #2957 ) ) ;
#1282 = CIRCLE ( 'NONE', #421, 1.250000000000000666 ) ;
#1283 = EDGE_CURVE ( 'NONE', #1083, #121, #3251, .T. ) ;
#1284 = CARTESIAN_POINT ( 'NONE',  ( 1.594660882299481441, 1.463192285270647153, -4.967698982919952044 ) ) ;
#1285 = CARTESIAN_POINT ( 'NONE',  ( 0.000000000000000000, 0.000000000000000000, 0.000000000000000000 ) ) ;
#1286 = CIRCLE ( 'NONE', #4601, 1.250000000000000444 ) ;
#1287 = ORIENTED_EDGE ( 'NONE', *, *, #829, .T. ) ;
#1288 = ORIENTED_EDGE ( 'NONE', *, *, #2390, .F. ) ;
#1289 = CIRCLE ( 'NONE', #2617, 1.250000000000001110 ) ;
#1290 = ADVANCED_FACE ( 'NONE', ( #5717 ), #3343, .F. ) ;
#1291 = ORIENTED_EDGE ( 'NONE', *, *, #2582, .F. ) ;
#1292 = DIRECTION ( 'NONE',  ( 1.000000000000000000, 0.000000000000000000, 0.000000000000000000 ) ) ;
#1293 = CIRCLE ( 'NONE', #4796, 1.250000000000000888 ) ;
#1294 = AXIS2_PLACEMENT_3D ( 'NONE', #3547, #3165, #1306 ) ;
#1295 = CARTESIAN_POINT ( 'NONE',  ( -0.9539392014169457701, -0.2999999999999998779, -5.500000000000000000 ) ) ;
#1296 = ORIENTED_EDGE ( 'NONE', *, *, #3708, .F. ) ;
#1297 = FILL_AREA_STYLE_COLOUR ( '', #2675 ) ;
#1298 = DIRECTION ( 'NONE',  ( -0.000000000000000000, 0.000000000000000000, 1.000000000000000000 ) ) ;
#1299 = EDGE_LOOP ( 'NONE', ( #3124, #4681, #4659, #550 ) ) ;
#1300 = DIRECTION ( 'NONE',  ( 1.000000000000000000, 0.000000000000000000, 0.000000000000000000 ) ) ;
#1301 = DIRECTION ( 'NONE',  ( -0.000000000000000000, -0.000000000000000000, 1.000000000000000000 ) ) ;
#1302 = CIRCLE ( 'NONE', #4618, 1.250000000000001110 ) ;
#1303 = ORIENTED_EDGE ( 'NONE', *, *, #5310, .T. ) ;
#1304 = AXIS2_PLACEMENT_3D ( 'NONE', #3825, #4362, #2063 ) ;
#1305 = DIRECTION ( 'NONE',  ( 1.000000000000000000, 0.000000000000000000, 0.000000000000000000 ) ) ;
#1306 = DIRECTION ( 'NONE',  ( 0.9685831611286310761, 0.2486898871648545728, 0.000000000000000000 ) ) ;
#1307 = FACE_BOUND ( 'NONE', #1309, .T. ) ;
#1308 = CARTESIAN_POINT ( 'NONE',  ( -33.82377388877674207, 15.32805449634253492, 0.000000000000000000 ) ) ;
#1309 = EDGE_LOOP ( 'NONE', ( #4073, #5822 ) ) ;
#1310 = ORIENTED_EDGE ( 'NONE', *, *, #2225, .T. ) ;
#1311 = CARTESIAN_POINT ( 'NONE',  ( 1.375010638232625260, 0.9992780539215526669, -5.330549459398116419 ) ) ;
#1312 = DIRECTION ( 'NONE',  ( -0.000000000000000000, 0.000000000000000000, 1.000000000000000000 ) ) ;
#1313 = DIRECTION ( 'NONE',  ( 0.9921147013144775428, 0.1253332335643063955, 0.000000000000000000 ) ) ;
#1314 = EDGE_LOOP ( 'NONE', ( #3231, #4246, #1423, #888 ) ) ;
#1315 = EDGE_LOOP ( 'NONE', ( #2472, #3421, #4033, #5116 ) ) ;
#1316 = ORIENTED_EDGE ( 'NONE', *, *, #1607, .T. ) ;
#1317 = EDGE_LOOP ( 'NONE', ( #4785, #1395 ) ) ;
#1318 = CARTESIAN_POINT ( 'NONE',  ( -5.761996408314964846, 35.71612924732120575, -3.535533905932740861 ) ) ;
#1319 = DIRECTION ( 'NONE',  ( 1.000000000000000000, 0.000000000000000000, 0.000000000000000000 ) ) ;
#1320 = ORIENTED_EDGE ( 'NONE', *, *, #2447, .T. ) ;
#1321 = LINE ( 'NONE', #429, #116 ) ;
#1322 = CARTESIAN_POINT ( 'NONE',  ( 24.64369581343302329, -26.24287058717059651, 0.000000000000000000 ) ) ;
#1323 = EDGE_LOOP ( 'NONE', ( #5854, #1813 ) ) ;
#1324 = CARTESIAN_POINT ( 'NONE',  ( -1.734935157289747343, 1.800000000000000044, -4.000000000000000000 ) ) ;
#1325 = DIRECTION ( 'NONE',  ( -0.000000000000000000, 0.000000000000000000, 1.000000000000000000 ) ) ;
#1326 = ORIENTED_EDGE ( 'NONE', *, *, #3283, .F. ) ;
#1327 = CARTESIAN_POINT ( 'NONE',  ( -34.67896222341777701, 2.260458703055158836, 0.000000000000000000 ) ) ;
#1328 = CARTESIAN_POINT ( 'NONE',  ( 29.14580531807271768, -19.28976461924359498, -3.535533905932740861 ) ) ;
#1329 = FACE_BOUND ( 'NONE', #1764, .T. ) ;
#1330 = CARTESIAN_POINT ( 'NONE',  ( 0.000000000000000000, -20.00000000000000000, 2.000000000000000000 ) ) ;
#1331 = VERTEX_POINT ( 'NONE', #2932 ) ;
#1332 = EDGE_LOOP ( 'NONE', ( #5341, #4348, #5254, #3615 ) ) ;
#1333 = CARTESIAN_POINT ( 'NONE',  ( 1.712791409829679479, 1.745411698944176804, -4.414339676719451155 ) ) ;
#1334 = DIRECTION ( 'NONE',  ( -0.000000000000000000, -0.000000000000000000, 1.000000000000000000 ) ) ;
#1335 = CYLINDRICAL_SURFACE ( 'NONE', #301, 1.250000000000001110 ) ;
#1336 = ADVANCED_FACE ( 'NONE', ( #4828 ), #4286, .F. ) ;
#1337 = ORIENTED_EDGE ( 'NONE', *, *, #984, .F. ) ;
#1338 = ORIENTED_EDGE ( 'NONE', *, *, #3890, .T. ) ;
#1339 = DIRECTION ( 'NONE',  ( 1.000000000000000000, 0.000000000000000000, 0.000000000000000000 ) ) ;
#1340 = EDGE_CURVE ( 'NONE', #5725, #4517, #5213, .T. ) ;
#1341 = ORIENTED_EDGE ( 'NONE', *, *, #2163, .F. ) ;
#1342 = EDGE_LOOP ( 'NONE', ( #2241, #2460 ) ) ;
#1343 = DIRECTION ( 'NONE',  ( 0.000000000000000000, -0.000000000000000000, 1.000000000000000000 ) ) ;
#1344 = AXIS2_PLACEMENT_3D ( 'NONE', #1545, #3354, #2914 ) ;
#1345 = DIRECTION ( 'NONE',  ( -0.000000000000000000, -0.000000000000000000, -1.000000000000000000 ) ) ;
#1346 = ORIENTED_EDGE ( 'NONE', *, *, #3276, .F. ) ;
#1347 = AXIS2_PLACEMENT_3D ( 'NONE', #2108, #5807, #3468 ) ;
#1348 = CIRCLE ( 'NONE', #877, 1.250000000000001110 ) ;
#1349 = LINE ( 'NONE', #5352, #2119 ) ;
#1350 = ORIENTED_EDGE ( 'NONE', *, *, #4756, .F. ) ;
#1351 = CARTESIAN_POINT ( 'NONE',  ( -32.57377388877674207, 15.32805449634253492, 0.000000000000000000 ) ) ;
#1352 = EDGE_CURVE ( 'NONE', #290, #1233, #1360, .T. ) ;
#1353 = DIRECTION ( 'NONE',  ( 1.000000000000000000, 0.000000000000000000, 0.000000000000000000 ) ) ;
#1354 = EDGE_CURVE ( 'NONE', #481, #2558, #5434, .T. ) ;
#1355 = VECTOR ( 'NONE', #808, 1000.000000000000000 ) ;
#1356 = CIRCLE ( 'NONE', #314, 1.250000000000001110 ) ;
#1357 = DIRECTION ( 'NONE',  ( 0.000000000000000000, -1.000000000000000000, 0.000000000000000000 ) ) ;
#1358 = DIRECTION ( 'NONE',  ( 0.000000000000000000, 0.000000000000000000, 1.000000000000000000 ) ) ;
#1359 = CARTESIAN_POINT ( 'NONE',  ( -35.36234102623276243, -6.745727325086226855, -3.535533905932740861 ) ) ;
#1360 = CIRCLE ( 'NONE', #1841, 1.250000000000000666 ) ;
#1361 = ADVANCED_FACE ( 'NONE', ( #2517 ), #5598, .F. ) ;
#1362 = FACE_BOUND ( 'NONE', #5277, .T. ) ;
#1363 = CYLINDRICAL_SURFACE ( 'NONE', #628, 1.250000000000001110 ) ;
#1364 = ORIENTED_EDGE ( 'NONE', *, *, #5389, .F. ) ;
#1365 = ORIENTED_EDGE ( 'NONE', *, *, #3732, .F. ) ;
#1366 = DIRECTION ( 'NONE',  ( -1.000000000000000000, 0.000000000000000000, 0.000000000000000000 ) ) ;
#1367 = CARTESIAN_POINT ( 'NONE',  ( -21.92031021678288738, -21.92031021678303304, -5.000000000000000000 ) ) ;
#1368 = EDGE_CURVE ( 'NONE', #1520, #4713, #4392, .T. ) ;
#1369 = DIRECTION ( 'NONE',  ( 0.000000000000000000, 0.000000000000000000, -1.000000000000000000 ) ) ;
#1370 = VERTEX_POINT ( 'NONE', #3423 ) ;
#1371 = ORIENTED_EDGE ( 'NONE', *, *, #2439, .F. ) ;
#1372 = FACE_OUTER_BOUND ( 'NONE', #2378, .T. ) ;
#1373 = AXIS2_PLACEMENT_3D ( 'NONE', #2549, #2102, #3402 ) ;
#1374 = ORIENTED_EDGE ( 'NONE', *, *, #3878, .T. ) ;
#1375 = ORIENTED_EDGE ( 'NONE', *, *, #1724, .F. ) ;
#1376 = DIRECTION ( 'NONE',  ( -0.000000000000000000, -0.000000000000000000, 1.000000000000000000 ) ) ;
#1377 = CARTESIAN_POINT ( 'NONE',  ( 27.73847673992813867, 22.94726363095315591, 2.000000000000000000 ) ) ;
#1378 = ORIENTED_EDGE ( 'NONE', *, *, #369, .T. ) ;
#1379 = AXIS2_PLACEMENT_3D ( 'NONE', #2435, #1038, #4152 ) ;
#1380 = DIRECTION ( 'NONE',  ( 0.000000000000000000, 0.000000000000000000, 1.000000000000000000 ) ) ;
#1381 = CIRCLE ( 'NONE', #816, 1.250000000000000444 ) ;
#1382 = AXIS2_PLACEMENT_3D ( 'NONE', #1467, #1945, #1019 ) ;
#1383 = AXIS2_PLACEMENT_3D ( 'NONE', #5546, #1489, #1512 ) ;
#1384 = ORIENTED_EDGE ( 'NONE', *, *, #3714, .F. ) ;
#1385 = FACE_BOUND ( 'NONE', #1578, .T. ) ;
#1386 = EDGE_CURVE ( 'NONE', #3071, #3748, #2101, .T. ) ;
#1387 = CARTESIAN_POINT ( 'NONE',  ( 36.61234102623271980, 6.745727325086481763, 0.000000000000000000 ) ) ;
#1388 = CARTESIAN_POINT ( 'NONE',  ( 1.730458922871098260, -1.788864321028845961, -4.210179274393063054 ) ) ;
#1389 = AXIS2_PLACEMENT_3D ( 'NONE', #1568, #144, #1130 ) ;
#1390 = CARTESIAN_POINT ( 'NONE',  ( -4.675038617911390304, -3.260825055538311368, 0.000000000000000000 ) ) ;
#1391 = DIRECTION ( 'NONE',  ( 0.000000000000000000, 0.000000000000000000, 1.000000000000000000 ) ) ;
#1392 = FACE_BOUND ( 'NONE', #3720, .T. ) ;
#1393 = CIRCLE ( 'NONE', #1209, 1.250000000000000444 ) ;
#1394 = CARTESIAN_POINT ( 'NONE',  ( 35.48803458662563060, -11.12461179749777784, 2.000000000000000000 ) ) ;
#1395 = ORIENTED_EDGE ( 'NONE', *, *, #4749, .F. ) ;
#1396 = ORIENTED_EDGE ( 'NONE', *, *, #4872, .T. ) ;
#1397 = DIRECTION ( 'NONE',  ( 1.000000000000000000, 0.000000000000000000, 0.000000000000000000 ) ) ;
#1398 = AXIS2_PLACEMENT_3D ( 'NONE', #1767, #5348, #4042 ) ;
#1399 = ADVANCED_FACE ( 'NONE', ( #1533 ), #2456, .F. ) ;
#1400 = EDGE_CURVE ( 'NONE', #1131, #98, #2077, .T. ) ;
#1401 = DIRECTION ( 'NONE',  ( -0.000000000000000000, -0.000000000000000000, 1.000000000000000000 ) ) ;
#1402 = DIRECTION ( 'NONE',  ( -0.000000000000000000, -0.000000000000000000, 1.000000000000000000 ) ) ;
#1403 = ORIENTED_EDGE ( 'NONE', *, *, #2083, .T. ) ;
#1404 = ORIENTED_EDGE ( 'NONE', *, *, #1167, .T. ) ;
#1405 = AXIS2_PLACEMENT_3D ( 'NONE', #4230, #284, #174 ) ;
#1406 = CARTESIAN_POINT ( 'NONE',  ( -7.500000000000000000, -20.00000000000000000, 0.000000000000000000 ) ) ;
#1407 = VERTEX_POINT ( 'NONE', #2012 ) ;
#1408 = EDGE_LOOP ( 'NONE', ( #1615, #1998, #3605, #3054 ) ) ;
#1409 = DIRECTION ( 'NONE',  ( -0.7071067811865450192, -0.7071067811865500152, 0.000000000000000000 ) ) ;
#1410 = DIRECTION ( 'NONE',  ( -0.000000000000000000, -0.000000000000000000, 1.000000000000000000 ) ) ;
#1411 = ORIENTED_EDGE ( 'NONE', *, *, #3344, .T. ) ;
#1412 = CARTESIAN_POINT ( 'NONE',  ( -17.34313226766178673, 31.54704048157906726, -3.535533905932740861 ) ) ;
#1413 = ORIENTED_EDGE ( 'NONE', *, *, #4064, .T. ) ;
#1414 = FACE_BOUND ( 'NONE', #1796, .T. ) ;
#1415 = EDGE_CURVE ( 'NONE', #5295, #5203, #4278, .T. ) ;
#1416 = CARTESIAN_POINT ( 'NONE',  ( 0.000000000000000000, 36.00000000000000000, 2.000000000000000000 ) ) ;
#1417 = CARTESIAN_POINT ( 'NONE',  ( -30.39580531807259334, 19.28976461924381169, -3.535533905932740861 ) ) ;
#1418 = DIRECTION ( 'NONE',  ( 1.000000000000000000, 0.000000000000000000, 0.000000000000000000 ) ) ;
#1419 = ADVANCED_FACE ( 'NONE', ( #3020 ), #1659, .F. ) ;
#1420 = CARTESIAN_POINT ( 'NONE',  ( 30.85449724108301695, 3.000000000000000444, -29.00000000000000000 ) ) ;
#1421 = LINE ( 'NONE', #3198, #4381 ) ;
#1422 = DIRECTION ( 'NONE',  ( -0.000000000000000000, -0.000000000000000000, -1.000000000000000000 ) ) ;
#1423 = ORIENTED_EDGE ( 'NONE', *, *, #5601, .T. ) ;
#1424 = EDGE_CURVE ( 'NONE', #3152, #1561, #782, .T. ) ;
#1425 = ORIENTED_EDGE ( 'NONE', *, *, #917, .F. ) ;
#1426 = CARTESIAN_POINT ( 'NONE',  ( -1.734935157289747565, 1.800000000000000266, -4.106124807577520741 ) ) ;
#1427 = CARTESIAN_POINT ( 'NONE',  ( -28.98847673992845486, 22.94726363095277222, 2.000000000000000000 ) ) ;
#1428 = DIRECTION ( 'NONE',  ( 1.000000000000000000, 0.000000000000000000, 0.000000000000000000 ) ) ;
#1429 = ORIENTED_EDGE ( 'NONE', *, *, #2651, .F. ) ;
#1430 = AXIS2_PLACEMENT_3D ( 'NONE', #1793, #3041, #474 ) ;
#1431 = EDGE_CURVE ( 'NONE', #2332, #2683, #4657, .T. ) ;
#1432 = ORIENTED_EDGE ( 'NONE', *, *, #984, .T. ) ;
#1433 = CARTESIAN_POINT ( 'NONE',  ( -25.89369581343283500, 26.24287058717076704, 2.000000000000000000 ) ) ;
#1434 = CIRCLE ( 'NONE', #5034, 1.250000000000000000 ) ;
#1435 = VERTEX_POINT ( 'NONE', #2483 ) ;
#1436 = VERTEX_POINT ( 'NONE', #2045 ) ;
#1437 = DIRECTION ( 'NONE',  ( -0.7071067811865477948, 0.7071067811865473507, 0.000000000000000000 ) ) ;
#1438 = DIRECTION ( 'NONE',  ( -1.000000000000000000, -0.000000000000000000, 0.000000000000000000 ) ) ;
#1439 = EDGE_LOOP ( 'NONE', ( #4632, #1625 ) ) ;
#1440 = DIRECTION ( 'NONE',  ( -0.8763066800438604753, -0.4817536741017211521, 0.000000000000000000 ) ) ;
#1441 = CIRCLE ( 'NONE', #4463, 1.250000000000001110 ) ;
#1442 = ADVANCED_FACE ( 'NONE', ( #3842 ), #3401, .F. ) ;
#1443 = ORIENTED_EDGE ( 'NONE', *, *, #1938, .T. ) ;
#1444 = CYLINDRICAL_SURFACE ( 'NONE', #1097, 30.99999999999999289 ) ;
#1445 = DIRECTION ( 'NONE',  ( -0.000000000000000000, 0.000000000000000000, -1.000000000000000000 ) ) ;
#1446 = AXIS2_PLACEMENT_3D ( 'NONE', #3874, #3426, #1712 ) ;
#1447 = CARTESIAN_POINT ( 'NONE',  ( 1.646888662818726923, -1.586442254547695496, -4.798620177643860174 ) ) ;
#1448 = AXIS2_PLACEMENT_3D ( 'NONE', #5225, #4841, #3033 ) ;
#1449 = AXIS2_PLACEMENT_3D ( 'NONE', #133, #3684, #3277 ) ;
#1450 = CARTESIAN_POINT ( 'NONE',  ( 1.250000000000000444, 36.00000000000000000, -3.535533905932739973 ) ) ;
#1451 = CARTESIAN_POINT ( 'NONE',  ( 35.92896222341774859, 2.260458703055677088, 2.000000000000000000 ) ) ;
#1452 = FACE_BOUND ( 'NONE', #2320, .T. ) ;
#1453 = CIRCLE ( 'NONE', #3526, 1.250000000000001110 ) ;
#1454 = AXIS2_PLACEMENT_3D ( 'NONE', #4449, #4424, #4029 ) ;
#1455 = DIRECTION ( 'NONE',  ( -0.000000000000000000, 0.000000000000000000, 1.000000000000000000 ) ) ;
#1456 = EDGE_LOOP ( 'NONE', ( #4404, #4485, #1609, #5173 ) ) ;
#1457 = DIRECTION ( 'NONE',  ( -1.000000000000000000, -0.000000000000000000, -0.000000000000000000 ) ) ;
#1458 = AXIS2_PLACEMENT_3D ( 'NONE', #1285, #837, #5783 ) ;
#1459 = CYLINDRICAL_SURFACE ( 'NONE', #1203, 1.250000000000001110 ) ;
#1460 = DIRECTION ( 'NONE',  ( -0.000000000000000000, -0.000000000000000000, 1.000000000000000000 ) ) ;
#1461 = ORIENTED_EDGE ( 'NONE', *, *, #441, .T. ) ;
#1462 = EDGE_CURVE ( 'NONE', #391, #1370, #738, .T. ) ;
#1463 = VERTEX_POINT ( 'NONE', #4406 ) ;
#1464 = CYLINDRICAL_SURFACE ( 'NONE', #4580, 1.250000000000001110 ) ;
#1465 = DIRECTION ( 'NONE',  ( -0.000000000000000000, -0.000000000000000000, 1.000000000000000000 ) ) ;
#1466 = ORIENTED_EDGE ( 'NONE', *, *, #2948, .T. ) ;
#1467 = CARTESIAN_POINT ( 'NONE',  ( 25.99999999999999645, 1.444447458290426890E-31, -29.00000000000000000 ) ) ;
#1468 = DIRECTION ( 'NONE',  ( 1.000000000000000000, 0.000000000000000000, 0.000000000000000000 ) ) ;
#1469 = ORIENTED_EDGE ( 'NONE', *, *, #624, .T. ) ;
#1470 = CIRCLE ( 'NONE', #1088, 1.249999999999998002 ) ;
#1471 = EDGE_CURVE ( 'NONE', #5083, #4713, #5297, .T. ) ;
#1472 = CARTESIAN_POINT ( 'NONE',  ( -8.952835937934539245, -34.86899380063077558, 2.000000000000000000 ) ) ;
#1473 = EDGE_CURVE ( 'NONE', #376, #1648, #5351, .T. ) ;
#1474 = ORIENTED_EDGE ( 'NONE', *, *, #3508, .F. ) ;
#1475 = CYLINDRICAL_SURFACE ( 'NONE', #524, 1.250000000000001110 ) ;
#1476 = VECTOR ( 'NONE', #5380, 1000.000000000000114 ) ;
#1477 = VECTOR ( 'NONE', #4276, 1000.000000000000000 ) ;
#1478 = DIRECTION ( 'NONE',  ( -0.000000000000000000, 0.000000000000000000, 1.000000000000000000 ) ) ;
#1479 = ORIENTED_EDGE ( 'NONE', *, *, #4975, .F. ) ;
#1480 = CYLINDRICAL_SURFACE ( 'NONE', #5526, 1.250000000000001110 ) ;
#1481 = AXIS2_PLACEMENT_3D ( 'NONE', #5587, #3272, #4130 ) ;
#1482 = AXIS2_PLACEMENT_3D ( 'NONE', #2217, #463, #2277 ) ;
#1483 = DIRECTION ( 'NONE',  ( 0.000000000000000000, 0.000000000000000000, 1.000000000000000000 ) ) ;
#1484 = CARTESIAN_POINT ( 'NONE',  ( 3.260825055538300710, -4.675038617911397409, 0.000000000000000000 ) ) ;
#1485 = DIRECTION ( 'NONE',  ( -0.000000000000000000, -0.000000000000000000, 1.000000000000000000 ) ) ;
#1486 = AXIS2_PLACEMENT_3D ( 'NONE', #2322, #3238, #2889 ) ;
#1487 = ORIENTED_EDGE ( 'NONE', *, *, #3087, .T. ) ;
#1488 = FACE_BOUND ( 'NONE', #2714, .T. ) ;
#1489 = DIRECTION ( 'NONE',  ( -0.000000000000000000, -0.000000000000000000, -1.000000000000000000 ) ) ;
#1490 = DIRECTION ( 'NONE',  ( 0.9921147013144796523, -0.1253332335642898254, 0.000000000000000000 ) ) ;
#1491 = ORIENTED_EDGE ( 'NONE', *, *, #3537, .F. ) ;
#1492 = VERTEX_POINT ( 'NONE', #4044 ) ;
#1493 = AXIS2_PLACEMENT_3D ( 'NONE', #1922, #172, #3717 ) ;
#1494 = FACE_OUTER_BOUND ( 'NONE', #2437, .T. ) ;
#1495 = DIRECTION ( 'NONE',  ( -0.9921147013144768767, -0.1253332335643119466, 0.000000000000000000 ) ) ;
#1496 = EDGE_LOOP ( 'NONE', ( #5328, #5801 ) ) ;
#1497 = CARTESIAN_POINT ( 'NONE',  ( -27.50000000000000000, 9.184850993605147944E-16, 2.000000000000000000 ) ) ;
#1498 = DIRECTION ( 'NONE',  ( 0.000000000000000000, -0.000000000000000000, 1.000000000000000000 ) ) ;
#1499 = ORIENTED_EDGE ( 'NONE', *, *, #5529, .T. ) ;
#1500 = EDGE_CURVE ( 'NONE', #4544, #2858, #1259, .T. ) ;
#1501 = DIRECTION ( 'NONE',  ( 0.000000000000000000, 0.000000000000000000, 1.000000000000000000 ) ) ;
#1502 = EDGE_LOOP ( 'NONE', ( #1683, #186, #3805, #2793 ) ) ;
#1503 = DIRECTION ( 'NONE',  ( 1.000000000000000000, 0.000000000000000000, 0.000000000000000000 ) ) ;
#1504 = CARTESIAN_POINT ( 'NONE',  ( 21.16026908252864658, 29.12461179749838180, 0.000000000000000000 ) ) ;
#1505 = CYLINDRICAL_SURFACE ( 'NONE', #1405, 39.00000000000000000 ) ;
#1506 = CARTESIAN_POINT ( 'NONE',  ( 27.73847673992861829, -22.94726363095257682, 0.000000000000000000 ) ) ;
#1507 = CARTESIAN_POINT ( 'NONE',  ( 0.000000000000000000, 0.000000000000000000, 0.000000000000000000 ) ) ;
#1508 = CARTESIAN_POINT ( 'NONE',  ( -8.952835937934791488, 34.86899380063071874, 2.000000000000000000 ) ) ;
#1509 = DIRECTION ( 'NONE',  ( -1.000000000000000000, 1.224646799147353207E-16, 0.000000000000000000 ) ) ;
#1510 = ORIENTED_EDGE ( 'NONE', *, *, #5242, .F. ) ;
#1511 = CARTESIAN_POINT ( 'NONE',  ( 0.000000000000000000, 0.000000000000000000, -6.500000000000000888 ) ) ;
#1512 = DIRECTION ( 'NONE',  ( 1.000000000000000000, 0.000000000000000000, 0.000000000000000000 ) ) ;
#1513 = CYLINDRICAL_SURFACE ( 'NONE', #587, 1.250000000000001110 ) ;
#1514 = ORIENTED_EDGE ( 'NONE', *, *, #5188, .T. ) ;
#1515 = SHAPE_DEFINITION_REPRESENTATION ( #2822, #3079 ) ;
#1516 = ORIENTED_EDGE ( 'NONE', *, *, #287, .F. ) ;
#1517 = DIRECTION ( 'NONE',  ( 0.000000000000000000, 0.000000000000000000, 1.000000000000000000 ) ) ;
#1518 = AXIS2_PLACEMENT_3D ( 'NONE', #1657, #3178, #5270 ) ;
#1519 = DIRECTION ( 'NONE',  ( 0.000000000000000000, 0.000000000000000000, 1.000000000000000000 ) ) ;
#1520 = VERTEX_POINT ( 'NONE', #1742 ) ;
#1521 = CARTESIAN_POINT ( 'NONE',  ( 22.62741699796942996, 21.21320343559650468, -5.000000000000000000 ) ) ;
#1522 = CARTESIAN_POINT ( 'NONE',  ( 26.48847673992813512, 22.94726363095315591, 2.000000000000000000 ) ) ;
#1523 = ORIENTED_EDGE ( 'NONE', *, *, #2589, .T. ) ;
#1524 = EDGE_CURVE ( 'NONE', #173, #668, #3901, .T. ) ;
#1525 = DIRECTION ( 'NONE',  ( -0.7289686274214161044, 0.6845471059286838411, 0.000000000000000000 ) ) ;
#1526 = EDGE_CURVE ( 'NONE', #4619, #3715, #5050, .T. ) ;
#1527 = VERTEX_POINT ( 'NONE', #822 ) ;
#1528 = DIRECTION ( 'NONE',  ( 0.000000000000000000, 0.000000000000000000, 1.000000000000000000 ) ) ;
#1529 = MANIFOLD_SOLID_BREP ( 'CirPattern1', #4528 ) ;
#1530 = CARTESIAN_POINT ( 'NONE',  ( -32.98803458662555954, 11.12461179749801232, 2.000000000000000000 ) ) ;
#1531 = EDGE_LOOP ( 'NONE', ( #4743, #1055, #2540, #3644 ) ) ;
#1532 = DIRECTION ( 'NONE',  ( 0.000000000000000000, -0.000000000000000000, 1.000000000000000000 ) ) ;
#1533 = FACE_OUTER_BOUND ( 'NONE', #2353, .T. ) ;
#1534 = LINE ( 'NONE', #106, #4016 ) ;
#1535 = EDGE_CURVE ( 'NONE', #5203, #5295, #2110, .T. ) ;
#1536 = PLANE ( 'NONE',  #2673 ) ;
#1537 = DIRECTION ( 'NONE',  ( -0.000000000000000000, -0.000000000000000000, 1.000000000000000000 ) ) ;
#1538 = AXIS2_PLACEMENT_3D ( 'NONE', #5186, #1187, #1127 ) ;
#1539 = EDGE_LOOP ( 'NONE', ( #1950, #2060 ) ) ;
#1540 = CARTESIAN_POINT ( 'NONE',  ( 35.92896222341780543, -2.260458703054892382, -3.535533905932740861 ) ) ;
#1541 = EDGE_CURVE ( 'NONE', #3978, #5152, #4458, .T. ) ;
#1542 = VECTOR ( 'NONE', #3435, 1000.000000000000000 ) ;
#1543 = CARTESIAN_POINT ( 'NONE',  ( -25.99999999999999645, -1.444447458290426890E-31, -24.00000000000000000 ) ) ;
#1544 = TOROIDAL_SURFACE ( 'NONE', #5522, 3.625503238973864395, 1.500000000000000000 ) ;
#1545 = CARTESIAN_POINT ( 'NONE',  ( 0.000000000000000000, 0.000000000000000000, 0.000000000000000000 ) ) ;
#1546 = ORIENTED_EDGE ( 'NONE', *, *, #2690, .F. ) ;
#1547 = ORIENTED_EDGE ( 'NONE', *, *, #4431, .F. ) ;
#1548 = ORIENTED_EDGE ( 'NONE', *, *, #3974, .T. ) ;
#1549 = AXIS2_PLACEMENT_3D ( 'NONE', #4450, #3918, #3008 ) ;
#1550 = CIRCLE ( 'NONE', #4290, 1.250000000000001110 ) ;
#1551 = LINE ( 'NONE', #4156, #4862 ) ;
#1552 = LINE ( 'NONE', #5112, #791 ) ;
#1553 = VECTOR ( 'NONE', #3486, 1000.000000000000000 ) ;
#1554 = ORIENTED_EDGE ( 'NONE', *, *, #5562, .T. ) ;
#1555 = CARTESIAN_POINT ( 'NONE',  ( -36.61234102623281217, 6.745727325085971948, -3.535533905932740861 ) ) ;
#1556 = ORIENTED_EDGE ( 'NONE', *, *, #52, .F. ) ;
#1557 = DIRECTION ( 'NONE',  ( 1.000000000000000000, 0.000000000000000000, 0.000000000000000000 ) ) ;
#1558 = EDGE_LOOP ( 'NONE', ( #2141, #699, #598, #4028 ) ) ;
#1559 = DIRECTION ( 'NONE',  ( 1.000000000000000000, 0.000000000000000000, 0.000000000000000000 ) ) ;
#1560 = CARTESIAN_POINT ( 'NONE',  ( 18.59313226766133198, 31.54704048157931595, 2.000000000000000000 ) ) ;
#1561 = VERTEX_POINT ( 'NONE', #5384 ) ;
#1562 = CIRCLE ( 'NONE', #2698, 1.250000000000000666 ) ;
#1563 = DIRECTION ( 'NONE',  ( 0.000000000000000000, 0.000000000000000000, 1.000000000000000000 ) ) ;
#1564 = DIRECTION ( 'NONE',  ( 0.000000000000000000, -0.000000000000000000, 1.000000000000000000 ) ) ;
#1565 = CARTESIAN_POINT ( 'NONE',  ( -27.50000000000000000, 9.184850993605147944E-16, 0.000000000000000000 ) ) ;
#1566 = VECTOR ( 'NONE', #4757, 1000.000000000000000 ) ;
#1567 = LINE ( 'NONE', #3694, #217 ) ;
#1568 = CARTESIAN_POINT ( 'NONE',  ( -21.16026908252907646, 29.12461179749808338, 0.000000000000000000 ) ) ;
#1569 = EDGE_LOOP ( 'NONE', ( #794, #1581 ) ) ;
#1570 = AXIS2_PLACEMENT_3D ( 'NONE', #2177, #4967, #3184 ) ;
#1571 = CIRCLE ( 'NONE', #5460, 1.250000000000001110 ) ;
#1572 = CARTESIAN_POINT ( 'NONE',  ( -8.952835937934791488, 34.86899380063071874, 0.000000000000000000 ) ) ;
#1573 = DIRECTION ( 'NONE',  ( -1.000000000000000000, 0.000000000000000000, 0.000000000000000000 ) ) ;
#1574 = AXIS2_PLACEMENT_3D ( 'NONE', #3740, #5560, #5115 ) ;
#1575 = DIRECTION ( 'NONE',  ( -0.000000000000000000, -0.000000000000000000, 1.000000000000000000 ) ) ;
#1576 = AXIS2_PLACEMENT_3D ( 'NONE', #3889, #3549, #3111 ) ;
#1577 = CIRCLE ( 'NONE', #5655, 1.250000000000001110 ) ;
#1578 = EDGE_LOOP ( 'NONE', ( #5469, #960 ) ) ;
#1579 = ORIENTED_EDGE ( 'NONE', *, *, #1354, .F. ) ;
#1580 = DIRECTION ( 'NONE',  ( 0.000000000000000000, 0.000000000000000000, 1.000000000000000000 ) ) ;
#1581 = ORIENTED_EDGE ( 'NONE', *, *, #3365, .F. ) ;
#1582 = EDGE_CURVE ( 'NONE', #1200, #2309, #5437, .T. ) ;
#1583 = CARTESIAN_POINT ( 'NONE',  ( -25.99999999999999645, 3.000000000000000000, -29.00000000000000000 ) ) ;
#1584 = EDGE_CURVE ( 'NONE', #797, #1611, #1321, .T. ) ;
#1585 = DIRECTION ( 'NONE',  ( -0.000000000000000000, -0.000000000000000000, 1.000000000000000000 ) ) ;
#1586 = ORIENTED_EDGE ( 'NONE', *, *, #2070, .F. ) ;
#1587 = DIRECTION ( 'NONE',  ( -1.000000000000000000, 0.000000000000000000, 0.000000000000000000 ) ) ;
#1588 = AXIS2_PLACEMENT_3D ( 'NONE', #1504, #198, #5121 ) ;
#1589 = ORIENTED_EDGE ( 'NONE', *, *, #3612, .T. ) ;
#1590 = CARTESIAN_POINT ( 'NONE',  ( 0.000000000000000000, 0.000000000000000000, 0.000000000000000000 ) ) ;
#1591 = ORIENTED_EDGE ( 'NONE', *, *, #5304, .F. ) ;
#1592 = DIRECTION ( 'NONE',  ( -1.000000000000000000, 0.000000000000000000, 0.000000000000000000 ) ) ;
#1593 = DIRECTION ( 'NONE',  ( -0.000000000000000000, -0.000000000000000000, 1.000000000000000000 ) ) ;
#1594 = EDGE_LOOP ( 'NONE', ( #506, #1554, #1135, #3798, #5191, #2983, #3350, #3815, #893, #2413, #450, #2182, #1232, #2174, #2099, #2406, #5364, #24, #220, #5624 ) ) ;
#1595 = FACE_OUTER_BOUND ( 'NONE', #1246, .T. ) ;
#1596 = CARTESIAN_POINT ( 'NONE',  ( -34.23803458662548138, -11.12461179749825746, -3.535533905932740861 ) ) ;
#1597 = PLANE ( 'NONE',  #3360 ) ;
#1598 = EDGE_CURVE ( 'NONE', #1985, #1932, #4884, .T. ) ;
#1599 = DIRECTION ( 'NONE',  ( -0.06279051952930433944, -0.9980267284282721141, 0.000000000000000000 ) ) ;
#1600 = DIRECTION ( 'NONE',  ( 1.224646799147353207E-16, 1.000000000000000000, -0.000000000000000000 ) ) ;
#1601 = ORIENTED_EDGE ( 'NONE', *, *, #3951, .T. ) ;
#1602 = CARTESIAN_POINT ( 'NONE',  ( -17.34313226766156646, -31.54704048157919161, -3.535533905932740861 ) ) ;
#1603 = ADVANCED_FACE ( 'NONE', ( #5791 ), #3125, .F. ) ;
#1604 = EDGE_CURVE ( 'NONE', #278, #781, #3610, .T. ) ;
#1605 = CARTESIAN_POINT ( 'NONE',  ( 32.57377388877652891, 15.32805449634299322, -3.535533905932739085 ) ) ;
#1606 = DIRECTION ( 'NONE',  ( 0.000000000000000000, 0.000000000000000000, 1.000000000000000000 ) ) ;
#1607 = EDGE_CURVE ( 'NONE', #5031, #4969, #4571, .T. ) ;
#1608 = ORIENTED_EDGE ( 'NONE', *, *, #1807, .F. ) ;
#1609 = ORIENTED_EDGE ( 'NONE', *, *, #1248, .T. ) ;
#1610 = CARTESIAN_POINT ( 'NONE',  ( -21.20179551902009507, 22.61600908139318378, 0.000000000000000000 ) ) ;
#1611 = VERTEX_POINT ( 'NONE', #4617 ) ;
#1612 = DIRECTION ( 'NONE',  ( 0.000000000000000000, -0.000000000000000000, -1.000000000000000000 ) ) ;
#1613 = CARTESIAN_POINT ( 'NONE',  ( 5.761996408315208207, -35.71612924732117023, 0.000000000000000000 ) ) ;
#1614 = EDGE_CURVE ( 'NONE', #1638, #632, #2019, .T. ) ;
#1615 = ORIENTED_EDGE ( 'NONE', *, *, #3017, .F. ) ;
#1616 = CARTESIAN_POINT ( 'NONE',  ( -8.952835937934539245, -34.86899380063077558, 0.000000000000000000 ) ) ;
#1617 = EDGE_CURVE ( 'NONE', #773, #5405, #1731, .T. ) ;
#1618 = ORIENTED_EDGE ( 'NONE', *, *, #3767, .T. ) ;
#1619 = DIRECTION ( 'NONE',  ( 0.6340795882070467959, 0.000000000000000000, 0.7732677904963985993 ) ) ;
#1620 = EDGE_CURVE ( 'NONE', #5550, #5223, #4555, .T. ) ;
#1621 = ORIENTED_EDGE ( 'NONE', *, *, #4924, .F. ) ;
#1622 = DIRECTION ( 'NONE',  ( -0.000000000000000000, -0.000000000000000000, 1.000000000000000000 ) ) ;
#1623 = DIRECTION ( 'NONE',  ( -0.7071067811865477948, 0.7071067811865473507, 0.000000000000000000 ) ) ;
#1624 = AXIS2_PLACEMENT_3D ( 'NONE', #2709, #4063, #5714 ) ;
#1625 = ORIENTED_EDGE ( 'NONE', *, *, #2958, .F. ) ;
#1626 = CARTESIAN_POINT ( 'NONE',  ( -31.64580531807245478, -19.28976461924402130, 2.000000000000000000 ) ) ;
#1627 = DIRECTION ( 'NONE',  ( 1.000000000000000000, 0.000000000000000000, 0.000000000000000000 ) ) ;
#1628 = EDGE_CURVE ( 'NONE', #3498, #3037, #933, .T. ) ;
#1629 = DIRECTION ( 'NONE',  ( 0.000000000000000000, 0.000000000000000000, 1.000000000000000000 ) ) ;
#1630 = CYLINDRICAL_SURFACE ( 'NONE', #1446, 39.00000000000000000 ) ;
#1631 = B_SPLINE_CURVE_WITH_KNOTS ( 'NONE', 3,
 ( #4866, #801, #2169, #2307 ),
 .UNSPECIFIED., .F., .F.,
 ( 4, 4 ),
 ( 2.007881798787283099E-07, 0.005019957410088469497 ),
 .UNSPECIFIED. ) ;
#1632 = LINE ( 'NONE', #766, #1110 ) ;
#1633 = VERTEX_POINT ( 'NONE', #1949 ) ;
#1634 = DIRECTION ( 'NONE',  ( 0.7071067811865473507, 0.7071067811865477948, 0.000000000000000000 ) ) ;
#1635 = CARTESIAN_POINT ( 'NONE',  ( -29.14580531807245478, -19.28976461924402130, 0.000000000000000000 ) ) ;
#1636 = CARTESIAN_POINT ( 'NONE',  ( 1.250000000000000444, -36.00000000000000000, 0.000000000000000000 ) ) ;
#1637 = VECTOR ( 'NONE', #2790, 1000.000000000000000 ) ;
#1638 = VERTEX_POINT ( 'NONE', #456 ) ;
#1639 = VERTEX_POINT ( 'NONE', #1828 ) ;
#1640 = FACE_OUTER_BOUND ( 'NONE', #2834, .T. ) ;
#1641 = CIRCLE ( 'NONE', #2114, 1.500000000000000000 ) ;
#1642 = MECHANICAL_DESIGN_GEOMETRIC_PRESENTATION_REPRESENTATION (  '', ( #2381 ), #588 ) ;
#1643 = CARTESIAN_POINT ( 'NONE',  ( -35.48803458662548849, -11.12461179749825746, -3.535533905932740861 ) ) ;
#1644 = EDGE_CURVE ( 'NONE', #332, #111, #483, .T. ) ;
#1645 = ORIENTED_EDGE ( 'NONE', *, *, #2093, .T. ) ;
#1646 = CIRCLE ( 'NONE', #2872, 1.249999999999999556 ) ;
#1647 = AXIS2_PLACEMENT_3D ( 'NONE', #1846, #414, #4541 ) ;
#1648 = VERTEX_POINT ( 'NONE', #548 ) ;
#1649 = AXIS2_PLACEMENT_3D ( 'NONE', #5311, #775, #2031 ) ;
#1650 = CARTESIAN_POINT ( 'NONE',  ( 30.99999999999999645, 1.001959745083678355, -14.00000000000000533 ) ) ;
#1651 = AXIS2_PLACEMENT_3D ( 'NONE', #4946, #1247, #2692 ) ;
#1652 = ORIENTED_EDGE ( 'NONE', *, *, #5376, .F. ) ;
#1653 = DIRECTION ( 'NONE',  ( 1.000000000000000000, 0.000000000000000000, 0.000000000000000000 ) ) ;
#1654 = CARTESIAN_POINT ( 'NONE',  ( 0.000000000000000000, 0.000000000000000000, 0.000000000000000000 ) ) ;
#1655 = VERTEX_POINT ( 'NONE', #5532 ) ;
#1656 = EDGE_CURVE ( 'NONE', #5608, #1238, #2746, .T. ) ;
#1657 = CARTESIAN_POINT ( 'NONE',  ( -35.92896222341776280, -2.260458703055409746, 2.000000000000000000 ) ) ;
#1658 = EDGE_CURVE ( 'NONE', #431, #2397, #3744, .T. ) ;
#1659 = CYLINDRICAL_SURFACE ( 'NONE', #5138, 1.250000000000001110 ) ;
#1660 = EDGE_CURVE ( 'NONE', #754, #267, #965, .T. ) ;
#1661 = LINE ( 'NONE', #5215, #4496 ) ;
#1662 = DIRECTION ( 'NONE',  ( 0.7289686274214202122, -0.6845471059286794002, 0.000000000000000000 ) ) ;
#1663 = DIRECTION ( 'NONE',  ( -0.000000000000000000, 0.000000000000000000, 1.000000000000000000 ) ) ;
#1664 = EDGE_LOOP ( 'NONE', ( #2348, #3031, #4898, #3305, #4826, #4452 ) ) ;
#1665 = DIRECTION ( 'NONE',  ( -0.000000000000000000, -0.000000000000000000, -1.000000000000000000 ) ) ;
#1666 = AXIS2_PLACEMENT_3D ( 'NONE', #1690, #4378, #2047 ) ;
#1667 = DIRECTION ( 'NONE',  ( -0.7071067811865477948, 0.7071067811865473507, 0.000000000000000000 ) ) ;
#1668 = CARTESIAN_POINT ( 'NONE',  ( -3.260825055538294492, -4.675038617911401850, 0.000000000000000000 ) ) ;
#1669 = CIRCLE ( 'NONE', #4501, 1.250000000000001110 ) ;
#1670 = VERTEX_POINT ( 'NONE', #4102 ) ;
#1671 = ORIENTED_EDGE ( 'NONE', *, *, #5205, .T. ) ;
#1672 = FACE_OUTER_BOUND ( 'NONE', #2567, .T. ) ;
#1673 = CIRCLE ( 'NONE', #1101, 1.250000000000001110 ) ;
#1674 = AXIS2_PLACEMENT_3D ( 'NONE', #1115, #2980, #3797 ) ;
#1675 = AXIS2_PLACEMENT_3D ( 'NONE', #5422, #4562, #3602 ) ;
#1676 = LINE ( 'NONE', #776, #5058 ) ;
#1677 = VERTEX_POINT ( 'NONE', #577 ) ;
#1678 = ORIENTED_EDGE ( 'NONE', *, *, #1352, .F. ) ;
#1679 = AXIS2_PLACEMENT_3D ( 'NONE', #4537, #4598, #914 ) ;
#1680 = CARTESIAN_POINT ( 'NONE',  ( -22.41026908252887040, -29.12461179749822549, 2.000000000000000000 ) ) ;
#1681 = ADVANCED_FACE ( 'NONE', ( #5563 ), #5444, .F. ) ;
#1682 = CIRCLE ( 'NONE', #4998, 31.00000000000000355 ) ;
#1683 = ORIENTED_EDGE ( 'NONE', *, *, #1113, .F. ) ;
#1684 = DIRECTION ( 'NONE',  ( 1.000000000000000000, 0.000000000000000000, 0.000000000000000000 ) ) ;
#1685 = DIRECTION ( 'NONE',  ( 1.000000000000000000, 0.000000000000000000, 0.000000000000000000 ) ) ;
#1686 = EDGE_CURVE ( 'NONE', #1221, #3778, #16, .T. ) ;
#1687 = EDGE_LOOP ( 'NONE', ( #2020, #3392, #613, #4334 ) ) ;
#1688 = CARTESIAN_POINT ( 'NONE',  ( -32.57377388877674207, 15.32805449634253492, 2.000000000000000000 ) ) ;
#1689 = CARTESIAN_POINT ( 'NONE',  ( -30.99999999999999645, 1.001959745083680797, -14.00000000000000533 ) ) ;
#1690 = CARTESIAN_POINT ( 'NONE',  ( -13.25248389664843351, 33.47195349197703962, 2.000000000000000000 ) ) ;
#1691 = VERTEX_POINT ( 'NONE', #4588 ) ;
#1692 = FACE_BOUND ( 'NONE', #4091, .T. ) ;
#1693 = PLANE ( 'NONE',  #3747 ) ;
#1694 = EDGE_CURVE ( 'NONE', #1759, #4882, #3657, .T. ) ;
#1695 = ORIENTED_EDGE ( 'NONE', *, *, #973, .F. ) ;
#1696 = PLANE ( 'NONE',  #792 ) ;
#1697 = EDGE_CURVE ( 'NONE', #2558, #481, #5613, .T. ) ;
#1698 = CYLINDRICAL_SURFACE ( 'NONE', #49, 7.500000000000000000 ) ;
#1699 = DIRECTION ( 'NONE',  ( 1.000000000000000000, 0.000000000000000000, 0.000000000000000000 ) ) ;
#1700 = ORIENTED_EDGE ( 'NONE', *, *, #638, .T. ) ;
#1701 = ORIENTED_EDGE ( 'NONE', *, *, #638, .F. ) ;
#1702 = DIRECTION ( 'NONE',  ( -0.000000000000000000, -0.000000000000000000, 1.000000000000000000 ) ) ;
#1703 = DIRECTION ( 'NONE',  ( 0.000000000000000000, 0.000000000000000000, -1.000000000000000000 ) ) ;
#1704 = ORIENTED_EDGE ( 'NONE', *, *, #2948, .F. ) ;
#1705 = ORIENTED_EDGE ( 'NONE', *, *, #1888, .T. ) ;
#1706 = CARTESIAN_POINT ( 'NONE',  ( 25.99999999999999645, -3.000000000000000000, -20.09756097560976329 ) ) ;
#1707 = ORIENTED_EDGE ( 'NONE', *, *, #727, .T. ) ;
#1708 = CARTESIAN_POINT ( 'NONE',  ( -21.20179551902009507, 22.61600908139318378, -34.00000000000000000 ) ) ;
#1709 = CARTESIAN_POINT ( 'NONE',  ( -7.702835937934540134, -34.86899380063077558, 0.000000000000000000 ) ) ;
#1710 = ORIENTED_EDGE ( 'NONE', *, *, #4181, .T. ) ;
#1711 = DIRECTION ( 'NONE',  ( 0.000000000000000000, 0.000000000000000000, -1.000000000000000000 ) ) ;
#1712 = DIRECTION ( 'NONE',  ( -1.000000000000000000, 0.000000000000000000, 0.000000000000000000 ) ) ;
#1713 = CARTESIAN_POINT ( 'NONE',  ( -7.702835937934791488, 34.86899380063071874, 0.000000000000000000 ) ) ;
#1715 = ORIENTED_EDGE ( 'NONE', *, *, #4354, .F. ) ;
#1714 = CIRCLE ( 'NONE', #1151, 1.250000000000001110 ) ;
#1716 = CARTESIAN_POINT ( 'NONE',  ( 3.261996408314459028, 35.71612924732126260, 0.000000000000000000 ) ) ;
#1717 = ADVANCED_FACE ( 'NONE', ( #958 ), #4527, .F. ) ;
#1718 = PLANE ( 'NONE',  #5741 ) ;
#1719 = CARTESIAN_POINT ( 'NONE',  ( 26.48847673992813512, 22.94726363095315591, -3.535533905932740861 ) ) ;
#1720 = DIRECTION ( 'NONE',  ( -0.000000000000000000, -0.000000000000000000, 1.000000000000000000 ) ) ;
#1721 = ORIENTED_EDGE ( 'NONE', *, *, #2225, .F. ) ;
#1722 = ORIENTED_EDGE ( 'NONE', *, *, #2528, .F. ) ;
#1723 = EDGE_CURVE ( 'NONE', #3044, #1908, #2489, .T. ) ;
#1724 = EDGE_CURVE ( 'NONE', #5316, #2677, #3240, .T. ) ;
#1725 = CARTESIAN_POINT ( 'NONE',  ( 1.734935157289747343, 1.800000000000000044, -4.000000000000000000 ) ) ;
#1726 = VECTOR ( 'NONE', #4895, 1000.000000000000000 ) ;
#1727 = CARTESIAN_POINT ( 'NONE',  ( -12.00248389664818838, -33.47195349197713199, -3.535533905932740861 ) ) ;
#1728 = ORIENTED_EDGE ( 'NONE', *, *, #1186, .F. ) ;
#1729 = VECTOR ( 'NONE', #2103, 1000.000000000000000 ) ;
#1730 = ORIENTED_EDGE ( 'NONE', *, *, #3537, .T. ) ;
#1731 = CIRCLE ( 'NONE', #1063, 2.100000000000000977 ) ;
#1732 = EDGE_CURVE ( 'NONE', #1691, #1736, #3996, .T. ) ;
#1733 = EDGE_CURVE ( 'NONE', #5412, #3106, #809, .T. ) ;
#1734 = AXIS2_PLACEMENT_3D ( 'NONE', #4104, #400, #42 ) ;
#1735 = CIRCLE ( 'NONE', #4477, 1.250000000000001110 ) ;
#1736 = VERTEX_POINT ( 'NONE', #2982 ) ;
#1737 = FACE_OUTER_BOUND ( 'NONE', #948, .T. ) ;
#1738 = DIRECTION ( 'NONE',  ( 0.000000000000000000, 0.000000000000000000, 1.000000000000000000 ) ) ;
#1739 = ORIENTED_EDGE ( 'NONE', *, *, #1807, .T. ) ;
#1740 = CIRCLE ( 'NONE', #2502, 1.250000000000001110 ) ;
#1741 = AXIS2_PLACEMENT_3D ( 'NONE', #4109, #3664, #5070 ) ;
#1742 = CARTESIAN_POINT ( 'NONE',  ( 31.64580531807231623, 19.28976461924423447, 2.000000000000000000 ) ) ;
#1743 = CARTESIAN_POINT ( 'NONE',  ( -3.261996408314963958, 35.71612924732120575, 0.000000000000000000 ) ) ;
#1744 = ORIENTED_EDGE ( 'NONE', *, *, #3518, .F. ) ;
#1745 = DIRECTION ( 'NONE',  ( -0.000000000000000000, -0.000000000000000000, 1.000000000000000000 ) ) ;
#1746 = DIRECTION ( 'NONE',  ( 0.9685831611286339626, -0.2486898871648433595, 0.000000000000000000 ) ) ;
#1747 = ORIENTED_EDGE ( 'NONE', *, *, #1500, .T. ) ;
#1748 = DIRECTION ( 'NONE',  ( -0.000000000000000000, -0.000000000000000000, 1.000000000000000000 ) ) ;
#1749 = CARTESIAN_POINT ( 'NONE',  ( 0.000000000000000000, 0.000000000000000000, -8.000000000000000000 ) ) ;
#1750 = LINE ( 'NONE', #1196, #3801 ) ;
#1751 = DIRECTION ( 'NONE',  ( 1.000000000000000000, 0.000000000000000000, 0.000000000000000000 ) ) ;
#1752 = ORIENTED_EDGE ( 'NONE', *, *, #3628, .F. ) ;
#1753 = ORIENTED_EDGE ( 'NONE', *, *, #2299, .T. ) ;
#1754 = VECTOR ( 'NONE', #1188, 1000.000000000000000 ) ;
#1755 = DIRECTION ( 'NONE',  ( 1.000000000000000000, 0.000000000000000000, 0.000000000000000000 ) ) ;
#1756 = FACE_OUTER_BOUND ( 'NONE', #1456, .T. ) ;
#1757 = DIRECTION ( 'NONE',  ( -0.000000000000000000, -0.000000000000000000, 1.000000000000000000 ) ) ;
#1758 = CIRCLE ( 'NONE', #518, 1.000000000000000000 ) ;
#1759 = VERTEX_POINT ( 'NONE', #3833 ) ;
#1760 = EDGE_CURVE ( 'NONE', #2230, #668, #5684, .T. ) ;
#1761 = ORIENTED_EDGE ( 'NONE', *, *, #3550, .F. ) ;
#1762 = AXIS2_PLACEMENT_3D ( 'NONE', #5686, #1181, #3448 ) ;
#1763 = CIRCLE ( 'NONE', #1482, 1.250000000000001110 ) ;
#1764 = EDGE_LOOP ( 'NONE', ( #1997, #4821 ) ) ;
#1765 = CYLINDRICAL_SURFACE ( 'NONE', #2058, 1.250000000000000444 ) ;
#1766 = AXIS2_PLACEMENT_3D ( 'NONE', #5440, #1376, #5003 ) ;
#1767 = CARTESIAN_POINT ( 'NONE',  ( -21.16026908252886685, -29.12461179749822549, 0.000000000000000000 ) ) ;
#1768 = ORIENTED_EDGE ( 'NONE', *, *, #5813, .T. ) ;
#1769 = DIRECTION ( 'NONE',  ( -0.000000000000000000, -0.000000000000000000, 1.000000000000000000 ) ) ;
#1770 = AXIS2_PLACEMENT_3D ( 'NONE', #2219, #1422, #941 ) ;
#1771 = CARTESIAN_POINT ( 'NONE',  ( 35.92896222341774859, 2.260458703055677088, 0.000000000000000000 ) ) ;
#1772 = ORIENTED_EDGE ( 'NONE', *, *, #5471, .T. ) ;
#1773 = FACE_BOUND ( 'NONE', #5002, .T. ) ;
#1774 = CARTESIAN_POINT ( 'NONE',  ( 25.99999999999999645, -3.000000000000000000, -29.00000000000000000 ) ) ;
#1775 = AXIS2_PLACEMENT_3D ( 'NONE', #1416, #3219, #460 ) ;
#1776 = VERTEX_POINT ( 'NONE', #4344 ) ;
#1777 = DIRECTION ( 'NONE',  ( 0.8090169943749547787, -0.5877852522924629231, 0.000000000000000000 ) ) ;
#1778 = ADVANCED_FACE ( 'NONE', ( #2859 ), #696, .T. ) ;
#1779 = LINE ( 'NONE', #4503, #2998 ) ;
#1780 = FACE_BOUND ( 'NONE', #636, .T. ) ;
#1781 = AXIS2_PLACEMENT_3D ( 'NONE', #4644, #46, #1953 ) ;
#1782 = DIRECTION ( 'NONE',  ( -0.000000000000000000, -0.000000000000000000, 1.000000000000000000 ) ) ;
#1783 = ORIENTED_EDGE ( 'NONE', *, *, #3202, .T. ) ;
#1784 = EDGE_CURVE ( 'NONE', #1985, #3978, #3458, .T. ) ;
#1785 = VERTEX_POINT ( 'NONE', #5178 ) ;
#1786 = EDGE_CURVE ( 'NONE', #2185, #5083, #5453, .T. ) ;
#1787 = FACE_OUTER_BOUND ( 'NONE', #244, .T. ) ;
#1788 = DIRECTION ( 'NONE',  ( 0.000000000000000000, 0.000000000000000000, 1.000000000000000000 ) ) ;
#1789 = EDGE_CURVE ( 'NONE', #2236, #4914, #195, .T. ) ;
#1790 = DIRECTION ( 'NONE',  ( 1.000000000000000000, 0.000000000000000000, 0.000000000000000000 ) ) ;
#1791 = ORIENTED_EDGE ( 'NONE', *, *, #5342, .T. ) ;
#1792 = EDGE_LOOP ( 'NONE', ( #2366, #3725, #4254, #3741 ) ) ;
#1793 = CARTESIAN_POINT ( 'NONE',  ( 34.23803458662563060, -11.12461179749777784, 2.000000000000000000 ) ) ;
#1794 = EDGE_CURVE ( 'NONE', #3035, #4823, #1098, .T. ) ;
#1795 = EDGE_CURVE ( 'NONE', #5520, #5782, #5543, .T. ) ;
#1796 = EDGE_LOOP ( 'NONE', ( #5649, #3386 ) ) ;
#1797 = ORIENTED_EDGE ( 'NONE', *, *, #5651, .F. ) ;
#1798 = DIRECTION ( 'NONE',  ( 1.000000000000000000, 0.000000000000000000, 0.000000000000000000 ) ) ;
#1799 = CARTESIAN_POINT ( 'NONE',  ( -4.511996408314709051, -35.71612924732123417, 0.000000000000000000 ) ) ;
#1800 = EDGE_LOOP ( 'NONE', ( #2718, #4229, #2192, #3450 ) ) ;
#1801 = EDGE_CURVE ( 'NONE', #2291, #4654, #5118, .T. ) ;
#1802 = DIRECTION ( 'NONE',  ( 0.000000000000000000, 0.000000000000000000, 1.000000000000000000 ) ) ;
#1803 = DIRECTION ( 'NONE',  ( 0.000000000000000000, 0.000000000000000000, 1.000000000000000000 ) ) ;
#1804 = LINE ( 'NONE', #4912, #5054 ) ;
#1805 = FACE_OUTER_BOUND ( 'NONE', #2254, .T. ) ;
#1806 = ORIENTED_EDGE ( 'NONE', *, *, #2663, .T. ) ;
#1807 = EDGE_CURVE ( 'NONE', #5550, #4965, #1050, .T. ) ;
#1808 = DIRECTION ( 'NONE',  ( 1.000000000000000000, 0.000000000000000000, 0.000000000000000000 ) ) ;
#1809 = FACE_OUTER_BOUND ( 'NONE', #2454, .T. ) ;
#1810 = FACE_BOUND ( 'NONE', #4429, .T. ) ;
#1811 = CARTESIAN_POINT ( 'NONE',  ( 21.16026908252928962, -29.12461179749791640, -3.535533905932740861 ) ) ;
#1812 = VERTEX_POINT ( 'NONE', #255 ) ;
#1813 = ORIENTED_EDGE ( 'NONE', *, *, #4934, .F. ) ;
#1814 = LINE ( 'NONE', #5464, #785 ) ;
#1815 = CARTESIAN_POINT ( 'NONE',  ( 22.99999999999999645, 1.444447458290426890E-31, -29.00000000000000000 ) ) ;
#1816 = CARTESIAN_POINT ( 'NONE',  ( 30.39580531807231623, 19.28976461924423447, 2.000000000000000000 ) ) ;
#1817 = VERTEX_POINT ( 'NONE', #1084 ) ;
#1818 = ORIENTED_EDGE ( 'NONE', *, *, #4321, .F. ) ;
#1819 = CARTESIAN_POINT ( 'NONE',  ( 31.00000000000000000, 39.00099999999999767, -14.00000000000000178 ) ) ;
#1820 = EDGE_CURVE ( 'NONE', #4544, #391, #1143, .T. ) ;
#1821 = VERTEX_POINT ( 'NONE', #225 ) ;
#1822 = ORIENTED_EDGE ( 'NONE', *, *, #2702, .T. ) ;
#1823 = FACE_OUTER_BOUND ( 'NONE', #5743, .T. ) ;
#1824 = CIRCLE ( 'NONE', #4376, 5.699909308207391945 ) ;
#1825 = VECTOR ( 'NONE', #3625, 1000.000000000000000 ) ;
#1826 = CARTESIAN_POINT ( 'NONE',  ( -26.48847673992845131, 22.94726363095277222, -3.535533905932740861 ) ) ;
#1827 = EDGE_LOOP ( 'NONE', ( #3971, #1761 ) ) ;
#1828 = CARTESIAN_POINT ( 'NONE',  ( 19.91026908252928607, -29.12461179749791640, 0.000000000000000000 ) ) ;
#1829 = AXIS2_PLACEMENT_3D ( 'NONE', #5757, #379, #1699 ) ;
#1830 = VECTOR ( 'NONE', #1009, 1000.000000000000000 ) ;
#1831 = ORIENTED_EDGE ( 'NONE', *, *, #1190, .T. ) ;
#1832 = FACE_BOUND ( 'NONE', #5862, .T. ) ;
#1833 = DIRECTION ( 'NONE',  ( 1.000000000000000000, 0.000000000000000000, 0.000000000000000000 ) ) ;
#1834 = AXIS2_PLACEMENT_3D ( 'NONE', #2374, #3985, #5794 ) ;
#1835 = CIRCLE ( 'NONE', #4962, 1.250000000000000222 ) ;
#1836 = ADVANCED_FACE ( 'NONE', ( #2953 ), #3417, .F. ) ;
#1837 = CARTESIAN_POINT ( 'NONE',  ( 1.494328608357190280, -1.244213905519641283, -5.169754016567797095 ) ) ;
#1838 = ADVANCED_FACE ( 'NONE', ( #2448, #3864 ), #5657, .F. ) ;
#1839 = DIRECTION ( 'NONE',  ( 1.000000000000000000, 0.000000000000000000, 0.000000000000000000 ) ) ;
#1840 = DIRECTION ( 'NONE',  ( 0.000000000000000000, -0.000000000000000000, 1.000000000000000000 ) ) ;
#1841 = AXIS2_PLACEMENT_3D ( 'NONE', #285, #5271, #176 ) ;
#1842 = FACE_BOUND ( 'NONE', #1142, .T. ) ;
#1843 = CARTESIAN_POINT ( 'NONE',  ( 19.91026908252864658, 29.12461179749838180, 2.000000000000000000 ) ) ;
#1844 = EDGE_LOOP ( 'NONE', ( #811, #1469, #2124, #2444 ) ) ;
#1845 = ORIENTED_EDGE ( 'NONE', *, *, #1424, .T. ) ;
#1846 = CARTESIAN_POINT ( 'NONE',  ( 20.00000000000000000, 0.000000000000000000, -21.21320343559642652 ) ) ;
#1847 = CARTESIAN_POINT ( 'NONE',  ( 39.00000000000000000, 4.776122516674677878E-15, 0.000000000000000000 ) ) ;
#1848 = FACE_OUTER_BOUND ( 'NONE', #3626, .T. ) ;
#1849 = ORIENTED_EDGE ( 'NONE', *, *, #5372, .T. ) ;
#1850 = VECTOR ( 'NONE', #2485, 999.9999999999998863 ) ;
#1851 = EDGE_LOOP ( 'NONE', ( #4236, #2043, #2672, #3409 ) ) ;
#1852 = PLANE ( 'NONE',  #1624 ) ;
#1853 = AXIS2_PLACEMENT_3D ( 'NONE', #4665, #4309, #2005 ) ;
#1854 = EDGE_CURVE ( 'NONE', #2858, #4018, #245, .T. ) ;
#1855 = EDGE_LOOP ( 'NONE', ( #1893, #5514, #4702, #883 ) ) ;
#1856 = ORIENTED_EDGE ( 'NONE', *, *, #2327, .F. ) ;
#1857 = DIRECTION ( 'NONE',  ( -0.000000000000000000, -0.000000000000000000, -1.000000000000000000 ) ) ;
#1858 = CARTESIAN_POINT ( 'NONE',  ( -19.91026908252907646, 29.12461179749808338, 2.000000000000000000 ) ) ;
#1859 = ORIENTED_EDGE ( 'NONE', *, *, #5803, .F. ) ;
#1860 = TOROIDAL_SURFACE ( 'NONE', #621, 1.000000000000000000, 1.500000000000000000 ) ;
#1861 = EDGE_CURVE ( 'NONE', #442, #98, #3736, .T. ) ;
#1862 = DIRECTION ( 'NONE',  ( -0.000000000000000000, -0.000000000000000000, 1.000000000000000000 ) ) ;
#1863 = AXIS2_PLACEMENT_3D ( 'NONE', #3330, #3241, #5588 ) ;
#1864 = AXIS2_PLACEMENT_3D ( 'NONE', #4637, #574, #1409 ) ;
#1865 = VECTOR ( 'NONE', #115, 999.9999999999998863 ) ;
#1866 = ADVANCED_FACE ( 'NONE', ( #3332, #3395 ), #5146, .T. ) ;
#1867 = VERTEX_POINT ( 'NONE', #4430 ) ;
#1868 = FACE_BOUND ( 'NONE', #1439, .T. ) ;
#1869 = DIRECTION ( 'NONE',  ( 0.000000000000000000, 0.000000000000000000, 1.000000000000000000 ) ) ;
#1870 = DIRECTION ( 'NONE',  ( -0.000000000000000000, -0.000000000000000000, -1.000000000000000000 ) ) ;
#1871 = CIRCLE ( 'NONE', #3658, 1.250000000000001110 ) ;
#1872 = DIRECTION ( 'NONE',  ( 0.000000000000000000, -0.000000000000000000, 1.000000000000000000 ) ) ;
#1873 = FACE_OUTER_BOUND ( 'NONE', #3651, .T. ) ;
#1874 = FACE_BOUND ( 'NONE', #2707, .T. ) ;
#1875 = EDGE_CURVE ( 'NONE', #3094, #5765, #2228, .T. ) ;
#1876 = AXIS2_PLACEMENT_3D ( 'NONE', #230, #3777, #4643 ) ;
#1877 = PRODUCT_DEFINITION_CONTEXT ( 'detailed design', #3268, 'design' ) ;
#1878 = DIRECTION ( 'NONE',  ( 1.000000000000000000, 0.000000000000000000, 0.000000000000000000 ) ) ;
#1879 = ORIENTED_EDGE ( 'NONE', *, *, #1112, .T. ) ;
#1880 = ORIENTED_EDGE ( 'NONE', *, *, #2239, .F. ) ;
#1881 = EDGE_CURVE ( 'NONE', #3680, #3829, #1260, .T. ) ;
#1882 = DIRECTION ( 'NONE',  ( -1.000000000000000000, 0.000000000000000000, 0.000000000000000000 ) ) ;
#1883 = FACE_OUTER_BOUND ( 'NONE', #2287, .T. ) ;
#1884 = FACE_OUTER_BOUND ( 'NONE', #2572, .T. ) ;
#1885 = ORIENTED_EDGE ( 'NONE', *, *, #3191, .T. ) ;
#1886 = ORIENTED_EDGE ( 'NONE', *, *, #3208, .T. ) ;
#1887 = CARTESIAN_POINT ( 'NONE',  ( -7.702835937934791488, 34.86899380063071874, 2.000000000000000000 ) ) ;
#1888 = EDGE_CURVE ( 'NONE', #2910, #129, #4409, .T. ) ;
#1889 = ORIENTED_EDGE ( 'NONE', *, *, #3882, .T. ) ;
#1890 = ORIENTED_EDGE ( 'NONE', *, *, #1541, .F. ) ;
#1891 = CARTESIAN_POINT ( 'NONE',  ( 24.24264068711928033, 3.000000000000000888, -22.24068208887892695 ) ) ;
#1892 = DIRECTION ( 'NONE',  ( 0.000000000000000000, 0.000000000000000000, 1.000000000000000000 ) ) ;
#1893 = ORIENTED_EDGE ( 'NONE', *, *, #1184, .T. ) ;
#1894 = DIRECTION ( 'NONE',  ( 1.000000000000000000, 0.000000000000000000, 0.000000000000000000 ) ) ;
#1895 = VERTEX_POINT ( 'NONE', #4875 ) ;
#1896 = DIRECTION ( 'NONE',  ( 1.000000000000000000, 0.000000000000000000, 0.000000000000000000 ) ) ;
#1897 = CARTESIAN_POINT ( 'NONE',  ( -4.511996408314963958, 35.71612924732120575, -3.535533905932740861 ) ) ;
#1898 = CARTESIAN_POINT ( 'NONE',  ( -13.25248389664843351, 33.47195349197703962, 2.000000000000000000 ) ) ;
#1899 = DIRECTION ( 'NONE',  ( -0.9685831611286296328, -0.2486898871648603182, 0.000000000000000000 ) ) ;
#1900 = DIRECTION ( 'NONE',  ( 1.000000000000000000, 0.000000000000000000, 0.000000000000000000 ) ) ;
#1901 = EDGE_CURVE ( 'NONE', #861, #3979, #179, .T. ) ;
#1902 = DIRECTION ( 'NONE',  ( 0.000000000000000000, 0.000000000000000000, 1.000000000000000000 ) ) ;
#1903 = CARTESIAN_POINT ( 'NONE',  ( -24.64369581343283500, 26.24287058717076704, -3.535533905932740861 ) ) ;
#1904 = EDGE_LOOP ( 'NONE', ( #3177, #1591 ) ) ;
#1905 = CARTESIAN_POINT ( 'NONE',  ( -1.375010638232625260, 0.9992780539215526669, -5.330549459398116419 ) ) ;
#1906 = CARTESIAN_POINT ( 'NONE',  ( 31.64580531807231623, 19.28976461924423447, 0.000000000000000000 ) ) ;
#1907 = DIRECTION ( 'NONE',  ( 0.000000000000000000, 0.000000000000000000, 1.000000000000000000 ) ) ;
#1908 = VERTEX_POINT ( 'NONE', #1208 ) ;
#1909 = VECTOR ( 'NONE', #5403, 1000.000000000000000 ) ;
#1910 = EDGE_CURVE ( 'NONE', #4733, #4483, #2563, .T. ) ;
#1911 = VERTEX_POINT ( 'NONE', #5315 ) ;
#1912 = CARTESIAN_POINT ( 'NONE',  ( 20.00000000000000000, 0.000000000000000000, 2.000000000000000000 ) ) ;
#1913 = CARTESIAN_POINT ( 'NONE',  ( -2.500000000000000000, 3.061616997868383141E-16, -4.000000000000000000 ) ) ;
#1914 = ORIENTED_EDGE ( 'NONE', *, *, #2886, .F. ) ;
#1915 = CARTESIAN_POINT ( 'NONE',  ( -21.92031021678298686, 21.92031021678297620, -5.000000000000000000 ) ) ;
#1916 = CARTESIAN_POINT ( 'NONE',  ( -5.699909308207391945, 0.000000000000000000, 0.000000000000000000 ) ) ;
#1917 = ORIENTED_EDGE ( 'NONE', *, *, #3338, .F. ) ;
#1918 = DIRECTION ( 'NONE',  ( -0.1873813145857272378, 0.9822872507286881660, 0.000000000000000000 ) ) ;
#1919 = AXIS2_PLACEMENT_3D ( 'NONE', #3587, #4995, #2737 ) ;
#1920 = ORIENTED_EDGE ( 'NONE', *, *, #1175, .T. ) ;
#1921 = LINE ( 'NONE', #3336, #5170 ) ;
#1922 = CARTESIAN_POINT ( 'NONE',  ( 35.36234102623286191, -6.745727325085741022, 0.000000000000000000 ) ) ;
#1923 = CIRCLE ( 'NONE', #1261, 1.250000000000001110 ) ;
#1924 = EDGE_LOOP ( 'NONE', ( #3772, #3575 ) ) ;
#1925 = AXIS2_PLACEMENT_3D ( 'NONE', #4735, #4350, #674 ) ;
#1926 = CARTESIAN_POINT ( 'NONE',  ( -36.61234102623276243, -6.745727325086226855, 2.000000000000000000 ) ) ;
#1927 = CARTESIAN_POINT ( 'NONE',  ( 17.34313226766200344, -31.54704048157895002, 0.000000000000000000 ) ) ;
#1928 = DIRECTION ( 'NONE',  ( -0.000000000000000000, -0.000000000000000000, 1.000000000000000000 ) ) ;
#1929 = AXIS2_PLACEMENT_3D ( 'NONE', #4842, #4395, #329 ) ;
#1930 = VECTOR ( 'NONE', #469, 1000.000000000000000 ) ;
#1931 = CARTESIAN_POINT ( 'NONE',  ( 5.000000000000000000, -6.123233995736766282E-16, -8.000000000000000000 ) ) ;
#1932 = VERTEX_POINT ( 'NONE', #4369 ) ;
#1933 = DIRECTION ( 'NONE',  ( 0.000000000000000000, 0.000000000000000000, 1.000000000000000000 ) ) ;
#1934 = CIRCLE ( 'NONE', #1344, 5.699909308207391945 ) ;
#1935 = AXIS2_PLACEMENT_3D ( 'NONE', #3808, #4258, #5665 ) ;
#1936 = DIRECTION ( 'NONE',  ( 0.000000000000000000, 0.000000000000000000, -1.000000000000000000 ) ) ;
#1937 = LINE ( 'NONE', #3729, #2380 ) ;
#1938 = EDGE_CURVE ( 'NONE', #542, #5550, #3841, .T. ) ;
#1939 = ORIENTED_EDGE ( 'NONE', *, *, #5342, .F. ) ;
#1940 = CARTESIAN_POINT ( 'NONE',  ( -22.61600908139311983, -21.20179551902016613, 0.000000000000000000 ) ) ;
#1941 = EDGE_LOOP ( 'NONE', ( #2688, #2059, #3242, #3443 ) ) ;
#1942 = DIRECTION ( 'NONE',  ( 0.000000000000000000, -0.000000000000000000, 1.000000000000000000 ) ) ;
#1943 = CARTESIAN_POINT ( 'NONE',  ( 3.261996408315207763, -35.71612924732117023, 2.000000000000000000 ) ) ;
#1944 = VERTEX_POINT ( 'NONE', #3922 ) ;
#1945 = DIRECTION ( 'NONE',  ( 0.000000000000000000, 0.000000000000000000, -1.000000000000000000 ) ) ;
#1946 = CARTESIAN_POINT ( 'NONE',  ( 8.952835937935043731, -34.86899380063064768, 0.000000000000000000 ) ) ;
#1947 = VERTEX_POINT ( 'NONE', #5736 ) ;
#1948 = AXIS2_PLACEMENT_3D ( 'NONE', #141, #1483, #5099 ) ;
#1949 = CARTESIAN_POINT ( 'NONE',  ( -5.761996408314709051, -35.71612924732123417, 2.000000000000000000 ) ) ;
#1950 = ORIENTED_EDGE ( 'NONE', *, *, #3159, .F. ) ;
#1951 = FACE_OUTER_BOUND ( 'NONE', #411, .T. ) ;
#1952 = CARTESIAN_POINT ( 'NONE',  ( 36.61234102623286191, -6.745727325085741022, -3.535533905932740861 ) ) ;
#1953 = DIRECTION ( 'NONE',  ( 1.000000000000000000, 0.000000000000000000, 0.000000000000000000 ) ) ;
#1954 = DIRECTION ( 'NONE',  ( 1.000000000000000000, 0.000000000000000000, 0.000000000000000000 ) ) ;
#1955 = AXIS2_PLACEMENT_3D ( 'NONE', #4614, #1498, #4162 ) ;
#1956 = AXIS2_PLACEMENT_3D ( 'NONE', #4612, #5500, #2445 ) ;
#1957 = AXIS2_PLACEMENT_3D ( 'NONE', #712, #3880, #3467 ) ;
#1958 = LINE ( 'NONE', #5538, #531 ) ;
#1959 = CARTESIAN_POINT ( 'NONE',  ( -35.48803458662555954, 11.12461179749801232, -3.535533905932740861 ) ) ;
#1960 = CARTESIAN_POINT ( 'NONE',  ( 18.59313226766200700, -31.54704048157895002, 2.000000000000000000 ) ) ;
#1961 = AXIS2_PLACEMENT_3D ( 'NONE', #4806, #350, #2551 ) ;
#1962 = VERTEX_POINT ( 'NONE', #1680 ) ;
#1963 = EDGE_CURVE ( 'NONE', #5287, #3068, #3479, .T. ) ;
#1964 = CYLINDRICAL_SURFACE ( 'NONE', #3148, 1.250000000000000222 ) ;
#1965 = AXIS2_PLACEMENT_3D ( 'NONE', #3192, #4462, #5010 ) ;
#1966 = DIRECTION ( 'NONE',  ( -0.000000000000000000, -0.000000000000000000, 1.000000000000000000 ) ) ;
#1967 = CYLINDRICAL_SURFACE ( 'NONE', #2580, 1.250000000000001110 ) ;
#1968 = ORIENTED_EDGE ( 'NONE', *, *, #2229, .F. ) ;
#1969 = EDGE_CURVE ( 'NONE', #3047, #5604, #1758, .T. ) ;
#1970 = EDGE_LOOP ( 'NONE', ( #2171, #4986 ) ) ;
#1971 = CIRCLE ( 'NONE', #529, 1.250000000000000444 ) ;
#1972 = CYLINDRICAL_SURFACE ( 'NONE', #500, 1.499999999999999556 ) ;
#1973 = ADVANCED_FACE ( 'NONE', ( #5021, #3674 ), #503, .T. ) ;
#1974 = CARTESIAN_POINT ( 'NONE',  ( -18.59313226766178673, 31.54704048157906726, -3.535533905932740861 ) ) ;
#1975 = VERTEX_POINT ( 'NONE', #1427 ) ;
#1976 = PLANE ( 'NONE',  #5459 ) ;
#1977 = VECTOR ( 'NONE', #4977, 1000.000000000000000 ) ;
#1978 = DIRECTION ( 'NONE',  ( 1.000000000000000000, 0.000000000000000000, 0.000000000000000000 ) ) ;
#1979 = ORIENTED_EDGE ( 'NONE', *, *, #569, .T. ) ;
#1980 = EDGE_CURVE ( 'NONE', #723, #4935, #2993, .T. ) ;
#1981 = DIRECTION ( 'NONE',  ( -1.000000000000000000, 0.000000000000000000, -0.000000000000000000 ) ) ;
#1982 = VERTEX_POINT ( 'NONE', #2789 ) ;
#1983 = DIRECTION ( 'NONE',  ( 1.000000000000000000, 0.000000000000000000, -0.000000000000000000 ) ) ;
#1984 = FACE_OUTER_BOUND ( 'NONE', #3679, .T. ) ;
#1985 = VERTEX_POINT ( 'NONE', #445 ) ;
#1986 = CIRCLE ( 'NONE', #5290, 31.00000000000000355 ) ;
#1987 = EDGE_CURVE ( 'NONE', #4133, #3715, #4086, .T. ) ;
#1988 = LINE ( 'NONE', #5597, #950 ) ;
#1989 = DIRECTION ( 'NONE',  ( 0.000000000000000000, 0.000000000000000000, 1.000000000000000000 ) ) ;
#1990 = CARTESIAN_POINT ( 'NONE',  ( -34.23803458662555954, 11.12461179749801232, 2.000000000000000000 ) ) ;
#1991 = CARTESIAN_POINT ( 'NONE',  ( -32.57377388877662838, -15.32805449634276229, -3.535533905932740861 ) ) ;
#1992 = B_SPLINE_CURVE_WITH_KNOTS ( 'NONE', 3,
 ( #5256, #2145, #4923, #5373 ),
 .UNSPECIFIED., .F., .F.,
 ( 4, 4 ),
 ( 2.007925294395928170E-07, 0.005019957414438029272 ),
 .UNSPECIFIED. ) ;
#1993 = CARTESIAN_POINT ( 'NONE',  ( 30.99999999999999289, 0.000000000000000000, -14.00000000000001243 ) ) ;
#1994 = VERTEX_POINT ( 'NONE', #2346 ) ;
#1995 = CARTESIAN_POINT ( 'NONE',  ( -21.16026908252907646, 29.12461179749808338, 2.000000000000000000 ) ) ;
#1996 = DIRECTION ( 'NONE',  ( 1.000000000000000000, 0.000000000000000000, 0.000000000000000000 ) ) ;
#1997 = ORIENTED_EDGE ( 'NONE', *, *, #4727, .F. ) ;
#1998 = ORIENTED_EDGE ( 'NONE', *, *, #4948, .T. ) ;
#1999 = ORIENTED_EDGE ( 'NONE', *, *, #3032, .T. ) ;
#2000 = DIRECTION ( 'NONE',  ( -1.000000000000000000, 0.000000000000000000, 0.000000000000000000 ) ) ;
#2001 = CARTESIAN_POINT ( 'NONE',  ( 35.36234102623286191, -6.745727325085741022, 2.000000000000000000 ) ) ;
#2002 = ORIENTED_EDGE ( 'NONE', *, *, #1415, .T. ) ;
#2003 = DIRECTION ( 'NONE',  ( 0.000000000000000000, 0.000000000000000000, -1.000000000000000000 ) ) ;
#2004 = ORIENTED_EDGE ( 'NONE', *, *, #3263, .F. ) ;
#2005 = DIRECTION ( 'NONE',  ( -1.000000000000000000, 0.000000000000000000, 0.000000000000000000 ) ) ;
#2006 = AXIS2_PLACEMENT_3D ( 'NONE', #3400, #4706, #5212 ) ;
#2007 = ORIENTED_EDGE ( 'NONE', *, *, #1784, .F. ) ;
#2008 = CARTESIAN_POINT ( 'NONE',  ( -35.92896222341776280, -2.260458703055409746, 0.000000000000000000 ) ) ;
#2009 = LINE ( 'NONE', #3804, #3097 ) ;
#2010 = EDGE_LOOP ( 'NONE', ( #1008, #4097, #929, #238 ) ) ;
#2011 = CARTESIAN_POINT ( 'NONE',  ( -16.09313226766156646, -31.54704048157919161, 2.000000000000000000 ) ) ;
#2012 = CARTESIAN_POINT ( 'NONE',  ( -33.82377388877662838, -15.32805449634276229, 0.000000000000000000 ) ) ;
#2013 = FACE_OUTER_BOUND ( 'NONE', #5674, .T. ) ;
#2014 = CARTESIAN_POINT ( 'NONE',  ( 30.99999999999999289, 0.000000000000000000, -34.00000000000000000 ) ) ;
#2015 = ADVANCED_FACE ( 'NONE', ( #4118 ), #5371, .T. ) ;
#2016 = DIRECTION ( 'NONE',  ( 0.000000000000000000, 0.000000000000000000, -1.000000000000000000 ) ) ;
#2017 = AXIS2_PLACEMENT_3D ( 'NONE', #5252, #5777, #713 ) ;
#2018 = ADVANCED_FACE ( 'NONE', ( #1883 ), #859, .F. ) ;
#2019 = CIRCLE ( 'NONE', #1449, 1.249999999999999112 ) ;
#2020 = ORIENTED_EDGE ( 'NONE', *, *, #4728, .F. ) ;
#2021 = CARTESIAN_POINT ( 'NONE',  ( -33.82377388877662838, -15.32805449634276229, 2.000000000000000000 ) ) ;
#2022 = VECTOR ( 'NONE', #1928, 1000.000000000000000 ) ;
#2023 = CARTESIAN_POINT ( 'NONE',  ( 35.36234102623271269, 6.745727325086481763, -3.535533905932740861 ) ) ;
#2024 = VECTOR ( 'NONE', #752, 1000.000000000000000 ) ;
#2025 = CARTESIAN_POINT ( 'NONE',  ( -32.57377388877662838, -15.32805449634276229, 2.000000000000000000 ) ) ;
#2026 = ORIENTED_EDGE ( 'NONE', *, *, #1875, .F. ) ;
#2027 = ORIENTED_EDGE ( 'NONE', *, *, #5797, .F. ) ;
#2028 = ORIENTED_EDGE ( 'NONE', *, *, #1786, .F. ) ;
#2029 = AXIS2_PLACEMENT_3D ( 'NONE', #4032, #3173, #1428 ) ;
#2030 = AXIS2_PLACEMENT_3D ( 'NONE', #910, #3164, #5392 ) ;
#2031 = DIRECTION ( 'NONE',  ( 1.000000000000000000, 0.000000000000000000, 0.000000000000000000 ) ) ;
#2032 = CARTESIAN_POINT ( 'NONE',  ( -35.48803458662548849, -11.12461179749825746, 0.000000000000000000 ) ) ;
#2033 = ORIENTED_EDGE ( 'NONE', *, *, #1354, .T. ) ;
#2034 = CARTESIAN_POINT ( 'NONE',  ( 34.67896222341780543, -2.260458703054892382, -3.535533905932740861 ) ) ;
#2035 = ORIENTED_EDGE ( 'NONE', *, *, #345, .T. ) ;
#2036 = ADVANCED_FACE ( 'NONE', ( #28 ), #4031, .F. ) ;
#2037 = DIRECTION ( 'NONE',  ( 1.000000000000000000, 0.000000000000000000, 0.000000000000000000 ) ) ;
#2038 = ORIENTED_EDGE ( 'NONE', *, *, #2390, .T. ) ;
#2039 = CARTESIAN_POINT ( 'NONE',  ( 35.36234102623271269, 6.745727325086481763, -3.535533905932740861 ) ) ;
#2040 = CARTESIAN_POINT ( 'NONE',  ( -1.187127797032090371, -0.6500530062894411820, -5.470610214207046518 ) ) ;
#2041 = EDGE_CURVE ( 'NONE', #1436, #5409, #4116, .T. ) ;
#2042 = ADVANCED_FACE ( 'NONE', ( #1756 ), #3559, .F. ) ;
#2043 = ORIENTED_EDGE ( 'NONE', *, *, #2765, .T. ) ;
#2044 = CARTESIAN_POINT ( 'NONE',  ( -13.25248389664843351, 33.47195349197703962, -3.535533905932740861 ) ) ;
#2045 = CARTESIAN_POINT ( 'NONE',  ( 25.89369581343302329, -26.24287058717059651, 2.000000000000000000 ) ) ;
#2046 = ADVANCED_FACE ( 'NONE', ( #4922 ), #2669, .T. ) ;
#2047 = DIRECTION ( 'NONE',  ( 0.9297764858882511252, 0.3681245526846784188, 0.000000000000000000 ) ) ;
#2048 = VECTOR ( 'NONE', #4652, 1000.000000000000000 ) ;
#2049 = CARTESIAN_POINT ( 'NONE',  ( -22.61600908139312338, -21.20179551902016968, -5.000000000000000000 ) ) ;
#2050 = DIRECTION ( 'NONE',  ( 1.000000000000000000, 0.000000000000000000, 0.000000000000000000 ) ) ;
#2051 = ORIENTED_EDGE ( 'NONE', *, *, #5193, .T. ) ;
#2052 = CIRCLE ( 'NONE', #3642, 1.250000000000000000 ) ;
#2053 = CIRCLE ( 'NONE', #4699, 1.250000000000001332 ) ;
#2054 = CARTESIAN_POINT ( 'NONE',  ( -35.36234102623276243, -6.745727325086226855, 2.000000000000000000 ) ) ;
#2055 = ADVANCED_FACE ( 'NONE', ( #3172 ), #2226, .T. ) ;
#2056 = CARTESIAN_POINT ( 'NONE',  ( 8.952835937934295885, 34.86899380063083953, 0.000000000000000000 ) ) ;
#2057 = DIRECTION ( 'NONE',  ( -0.000000000000000000, -0.000000000000000000, -1.000000000000000000 ) ) ;
#2058 = AXIS2_PLACEMENT_3D ( 'NONE', #424, #3980, #2202 ) ;
#2059 = ORIENTED_EDGE ( 'NONE', *, *, #3826, .T. ) ;
#2060 = ORIENTED_EDGE ( 'NONE', *, *, #5680, .F. ) ;
#2061 = ORIENTED_EDGE ( 'NONE', *, *, #2106, .T. ) ;
#2062 = ADVANCED_FACE ( 'NONE', ( #3205 ), #5164, .T. ) ;
#2063 = DIRECTION ( 'NONE',  ( 1.000000000000000000, 0.000000000000000000, 0.000000000000000000 ) ) ;
#2064 = AXIS2_PLACEMENT_3D ( 'NONE', #2104, #4324, #5301 ) ;
#2065 = DIRECTION ( 'NONE',  ( -0.000000000000000000, -0.000000000000000000, -1.000000000000000000 ) ) ;
#2066 = VERTEX_POINT ( 'NONE', #1815 ) ;
#2067 = FACE_OUTER_BOUND ( 'NONE', #2142, .T. ) ;
#2068 = CIRCLE ( 'NONE', #2814, 2.999999999999999112 ) ;
#2069 = ORIENTED_EDGE ( 'NONE', *, *, #2765, .F. ) ;
#2070 = EDGE_CURVE ( 'NONE', #1639, #560, #3366, .T. ) ;
#2071 = CARTESIAN_POINT ( 'NONE',  ( 0.000000000000000000, 0.000000000000000000, -4.000000000000000000 ) ) ;
#2072 = VERTEX_POINT ( 'NONE', #920 ) ;
#2073 = CARTESIAN_POINT ( 'NONE',  ( -17.34313226766156646, -31.54704048157919161, 2.000000000000000000 ) ) ;
#2074 = CARTESIAN_POINT ( 'NONE',  ( -24.64369581343283500, 26.24287058717076704, -3.535533905932740861 ) ) ;
#2075 = ORIENTED_EDGE ( 'NONE', *, *, #2842, .F. ) ;
#2076 = DIRECTION ( 'NONE',  ( 1.000000000000000000, 0.000000000000000000, 0.000000000000000000 ) ) ;
#2077 = LINE ( 'NONE', #202, #2877 ) ;
#2078 = CARTESIAN_POINT ( 'NONE',  ( 25.99999999999999645, 3.000000000000000000, -14.00000000000000178 ) ) ;
#2079 = DIRECTION ( 'NONE',  ( 0.000000000000000000, 0.000000000000000000, 1.000000000000000000 ) ) ;
#2080 = DIRECTION ( 'NONE',  ( -0.000000000000000000, -0.000000000000000000, -1.000000000000000000 ) ) ;
#2081 = ORIENTED_EDGE ( 'NONE', *, *, #2870, .T. ) ;
#2082 = DIRECTION ( 'NONE',  ( -0.1873813145857272378, 0.9822872507286881660, 0.000000000000000000 ) ) ;
#2083 = EDGE_CURVE ( 'NONE', #2972, #4867, #4542, .T. ) ;
#2084 = DIRECTION ( 'NONE',  ( -0.000000000000000000, -0.000000000000000000, 1.000000000000000000 ) ) ;
#2085 = CARTESIAN_POINT ( 'NONE',  ( 4.675038617911379646, 3.260825055538327799, 0.000000000000000000 ) ) ;
#2086 = VERTEX_POINT ( 'NONE', #1847 ) ;
#2087 = ORIENTED_EDGE ( 'NONE', *, *, #4077, .T. ) ;
#2088 = DIRECTION ( 'NONE',  ( -0.000000000000000000, -0.000000000000000000, 1.000000000000000000 ) ) ;
#2089 = LINE ( 'NONE', #3441, #5240 ) ;
#2090 = EDGE_CURVE ( 'NONE', #5604, #4187, #5579, .T. ) ;
#2091 = ORIENTED_EDGE ( 'NONE', *, *, #482, .F. ) ;
#2092 = FACE_OUTER_BOUND ( 'NONE', #4694, .T. ) ;
#2093 = EDGE_CURVE ( 'NONE', #5426, #620, #3933, .T. ) ;
#2094 = ORIENTED_EDGE ( 'NONE', *, *, #1400, .T. ) ;
#2095 = DIRECTION ( 'NONE',  ( 0.3090169943749441206, 0.9510565162951547524, 0.000000000000000000 ) ) ;
#2096 = ORIENTED_EDGE ( 'NONE', *, *, #5576, .T. ) ;
#2097 = CARTESIAN_POINT ( 'NONE',  ( 3.260825055538300710, -4.675038617911397409, 0.000000000000000000 ) ) ;
#2098 = DIRECTION ( 'NONE',  ( -0.000000000000000000, 0.000000000000000000, 1.000000000000000000 ) ) ;
#2099 = ORIENTED_EDGE ( 'NONE', *, *, #2263, .T. ) ;
#2100 = DIRECTION ( 'NONE',  ( 0.000000000000000000, 0.000000000000000000, 1.000000000000000000 ) ) ;
#2101 = LINE ( 'NONE', #2424, #604 ) ;
#2102 = DIRECTION ( 'NONE',  ( -0.000000000000000000, -0.000000000000000000, -1.000000000000000000 ) ) ;
#2103 = DIRECTION ( 'NONE',  ( -0.000000000000000000, -0.000000000000000000, 1.000000000000000000 ) ) ;
#2104 = CARTESIAN_POINT ( 'NONE',  ( 8.952835937935043731, -34.86899380063064768, -3.535533905932740861 ) ) ;
#2105 = ORIENTED_EDGE ( 'NONE', *, *, #369, .F. ) ;
#2106 = EDGE_CURVE ( 'NONE', #5533, #2558, #3260, .T. ) ;
#2107 = CARTESIAN_POINT ( 'NONE',  ( -34.23803458662555954, 11.12461179749801232, 0.000000000000000000 ) ) ;
#2108 = CARTESIAN_POINT ( 'NONE',  ( 22.62741699796942996, 21.21320343559650468, -5.000000000000000000 ) ) ;
#2109 = CIRCLE ( 'NONE', #2684, 1.250000000000001110 ) ;
#2110 = CIRCLE ( 'NONE', #4087, 1.250000000000001110 ) ;
#2111 = VERTEX_POINT ( 'NONE', #4683 ) ;
#2112 = EDGE_LOOP ( 'NONE', ( #1739, #352, #308, #5108, #4972, #1443 ) ) ;
#2113 = FACE_OUTER_BOUND ( 'NONE', #595, .T. ) ;
#2114 = AXIS2_PLACEMENT_3D ( 'NONE', #2906, #3723, #5189 ) ;
#2115 = CIRCLE ( 'NONE', #5241, 30.99999999999999289 ) ;
#2116 = EDGE_CURVE ( 'NONE', #3978, #1985, #2896, .T. ) ;
#2117 = CARTESIAN_POINT ( 'NONE',  ( -13.25248389664843351, 33.47195349197703962, 0.000000000000000000 ) ) ;
#2118 = ORIENTED_EDGE ( 'NONE', *, *, #3534, .F. ) ;
#2119 = VECTOR ( 'NONE', #4971, 1000.000000000000000 ) ;
#2120 = CIRCLE ( 'NONE', #4774, 1.250000000000001554 ) ;
#2121 = VERTEX_POINT ( 'NONE', #3353 ) ;
#2122 = CARTESIAN_POINT ( 'NONE',  ( 24.24264068711928033, -3.000000000000000000, -22.24068208887892695 ) ) ;
#2123 = AXIS2_PLACEMENT_3D ( 'NONE', #263, #1150, #4319 ) ;
#2124 = ORIENTED_EDGE ( 'NONE', *, *, #1283, .T. ) ;
#2125 = CYLINDRICAL_SURFACE ( 'NONE', #2705, 7.500000000000000000 ) ;
#2126 = DIRECTION ( 'NONE',  ( -0.000000000000000000, -0.000000000000000000, 1.000000000000000000 ) ) ;
#2127 = EDGE_LOOP ( 'NONE', ( #5477, #82 ) ) ;
#2128 = EDGE_CURVE ( 'NONE', #2397, #388, #1286, .T. ) ;
#2129 = DIRECTION ( 'NONE',  ( 0.7732677904963985993, 0.000000000000000000, -0.6340795882070467959 ) ) ;
#2130 = DIRECTION ( 'NONE',  ( 0.000000000000000000, 0.000000000000000000, 1.000000000000000000 ) ) ;
#2131 = FACE_BOUND ( 'NONE', #2645, .T. ) ;
#2132 = CARTESIAN_POINT ( 'NONE',  ( 3.625503238973864395, 5.354950923166920172E-16, -8.000000000000000000 ) ) ;
#2133 = EDGE_CURVE ( 'NONE', #4370, #476, #2847, .T. ) ;
#2134 = ORIENTED_EDGE ( 'NONE', *, *, #662, .T. ) ;
#2135 = DIRECTION ( 'NONE',  ( -1.000000000000000000, 0.000000000000000000, 0.000000000000000000 ) ) ;
#2136 = VECTOR ( 'NONE', #4351, 1000.000000000000000 ) ;
#2137 = CARTESIAN_POINT ( 'NONE',  ( 31.64580531807272124, -19.28976461924359498, 2.000000000000000000 ) ) ;
#2138 = FACE_OUTER_BOUND ( 'NONE', #3839, .T. ) ;
#2139 = AXIS2_PLACEMENT_3D ( 'NONE', #2073, #5292, #309 ) ;
#2140 = VECTOR ( 'NONE', #85, 1000.000000000000000 ) ;
#2141 = ORIENTED_EDGE ( 'NONE', *, *, #5456, .T. ) ;
#2142 = EDGE_LOOP ( 'NONE', ( #645, #702, #5291, #2468 ) ) ;
#2143 = CARTESIAN_POINT ( 'NONE',  ( 24.64369581343302329, -26.24287058717059651, -3.535533905932740861 ) ) ;
#2144 = CIRCLE ( 'NONE', #1957, 1.250000000000001110 ) ;
#2145 = CARTESIAN_POINT ( 'NONE',  ( -3.051235666345106345, 4.465449228718203045, -3.333352142778016169 ) ) ;
#2146 = EDGE_CURVE ( 'NONE', #3544, #3086, #5606, .T. ) ;
#2147 = ORIENTED_EDGE ( 'NONE', *, *, #4813, .F. ) ;
#2148 = EDGE_LOOP ( 'NONE', ( #4209, #4100, #4401, #4565 ) ) ;
#2149 = CIRCLE ( 'NONE', #4224, 1.500000000000000000 ) ;
#2150 = DIRECTION ( 'NONE',  ( 1.000000000000000000, -0.000000000000000000, 0.000000000000000000 ) ) ;
#2151 = VECTOR ( 'NONE', #2897, 1000.000000000000000 ) ;
#2152 = ORIENTED_EDGE ( 'NONE', *, *, #2923, .F. ) ;
#2153 = CYLINDRICAL_SURFACE ( 'NONE', #3082, 1.250000000000001110 ) ;
#2154 = CARTESIAN_POINT ( 'NONE',  ( 0.000000000000000000, 0.000000000000000000, -34.00000000000000000 ) ) ;
#2155 = ORIENTED_EDGE ( 'NONE', *, *, #4745, .T. ) ;
#2156 = EDGE_CURVE ( 'NONE', #1895, #1436, #208, .T. ) ;
#2157 = AXIS2_PLACEMENT_3D ( 'NONE', #2154, #2126, #4798 ) ;
#2158 = CARTESIAN_POINT ( 'NONE',  ( -30.39580531807245478, -19.28976461924402130, 2.000000000000000000 ) ) ;
#2159 = LINE ( 'NONE', #3022, #5731 ) ;
#2160 = VERTEX_POINT ( 'NONE', #2878 ) ;
#2161 = FACE_BOUND ( 'NONE', #5704, .T. ) ;
#2162 = ADVANCED_FACE ( 'NONE', ( #2462 ), #3727, .F. ) ;
#2163 = EDGE_CURVE ( 'NONE', #4187, #2766, #3940, .T. ) ;
#2164 = LINE ( 'NONE', #4776, #2716 ) ;
#2165 = AXIS2_PLACEMENT_3D ( 'NONE', #3311, #1125, #614 ) ;
#2166 = ORIENTED_EDGE ( 'NONE', *, *, #4815, .F. ) ;
#2167 = DIRECTION ( 'NONE',  ( -0.000000000000000000, -0.000000000000000000, -1.000000000000000000 ) ) ;
#2168 = LINE ( 'NONE', #3078, #2903 ) ;
#2169 = CARTESIAN_POINT ( 'NONE',  ( 4.465449228718185282, 3.051235666345133879, -3.333352142778016169 ) ) ;
#2170 = VERTEX_POINT ( 'NONE', #4206 ) ;
#2171 = ORIENTED_EDGE ( 'NONE', *, *, #3021, .F. ) ;
#2172 = FACE_OUTER_BOUND ( 'NONE', #4195, .T. ) ;
#2173 = CARTESIAN_POINT ( 'NONE',  ( 1.734935157289747343, 1.800000000000000044, -4.000000000000000000 ) ) ;
#2174 = ORIENTED_EDGE ( 'NONE', *, *, #922, .F. ) ;
#2175 = EDGE_LOOP ( 'NONE', ( #1263, #2176 ) ) ;
#2176 = ORIENTED_EDGE ( 'NONE', *, *, #2833, .F. ) ;
#2177 = CARTESIAN_POINT ( 'NONE',  ( 21.16026908252864658, 29.12461179749838180, -3.535533905932740861 ) ) ;
#2178 = CARTESIAN_POINT ( 'NONE',  ( 25.99999999999999645, 1.444447458290426890E-31, -14.00000000000000178 ) ) ;
#2179 = ORIENTED_EDGE ( 'NONE', *, *, #1980, .T. ) ;
#2180 = CARTESIAN_POINT ( 'NONE',  ( -30.99999999999999289, 3.796405077356794326E-15, -14.00000000000001243 ) ) ;
#2181 = LINE ( 'NONE', #3574, #514 ) ;
#2182 = ORIENTED_EDGE ( 'NONE', *, *, #4677, .F. ) ;
#2183 = FACE_BOUND ( 'NONE', #5762, .T. ) ;
#2184 = DIRECTION ( 'NONE',  ( 0.000000000000000000, 0.000000000000000000, 1.000000000000000000 ) ) ;
#2185 = VERTEX_POINT ( 'NONE', #1906 ) ;
#2186 = DIRECTION ( 'NONE',  ( -0.000000000000000000, -0.000000000000000000, 1.000000000000000000 ) ) ;
#2187 = FACE_OUTER_BOUND ( 'NONE', #4925, .T. ) ;
#2188 = LINE ( 'NONE', #3994, #1726 ) ;
#2189 = EDGE_CURVE ( 'NONE', #3207, #3399, #5647, .T. ) ;
#2190 = CARTESIAN_POINT ( 'NONE',  ( -4.465449228718203933, 3.051235666345106345, -3.333352142778016169 ) ) ;
#2191 = ORIENTED_EDGE ( 'NONE', *, *, #401, .T. ) ;
#2192 = ORIENTED_EDGE ( 'NONE', *, *, #2396, .T. ) ;
#2193 = DIRECTION ( 'NONE',  ( 0.000000000000000000, 0.000000000000000000, -1.000000000000000000 ) ) ;
#2194 = VECTOR ( 'NONE', #1575, 1000.000000000000000 ) ;
#2195 = CARTESIAN_POINT ( 'NONE',  ( 32.99999999999999289, 0.000000000000000000, -34.00000000000000000 ) ) ;
#2196 = ORIENTED_EDGE ( 'NONE', *, *, #5797, .T. ) ;
#2197 = VECTOR ( 'NONE', #5574, 1000.000000000000000 ) ;
#2198 = ORIENTED_EDGE ( 'NONE', *, *, #2853, .F. ) ;
#2199 = AXIS2_PLACEMENT_3D ( 'NONE', #3899, #2990, #4802 ) ;
#2200 = TOROIDAL_SURFACE ( 'NONE', #2388, 1.000000000000000000, 1.500000000000000000 ) ;
#2201 = VERTEX_POINT ( 'NONE', #3295 ) ;
#2202 = DIRECTION ( 'NONE',  ( 1.000000000000000000, 0.000000000000000000, 0.000000000000000000 ) ) ;
#2203 = CARTESIAN_POINT ( 'NONE',  ( -32.57377388877662838, -15.32805449634276229, 2.000000000000000000 ) ) ;
#2204 = ORIENTED_EDGE ( 'NONE', *, *, #5601, .F. ) ;
#2205 = EDGE_CURVE ( 'NONE', #4243, #4914, #5177, .T. ) ;
#2206 = VECTOR ( 'NONE', #5556, 1000.000000000000000 ) ;
#2207 = AXIS2_PLACEMENT_3D ( 'NONE', #3492, #830, #1275 ) ;
#2208 = DIRECTION ( 'NONE',  ( 1.000000000000000000, 0.000000000000000000, 0.000000000000000000 ) ) ;
#2209 = CARTESIAN_POINT ( 'NONE',  ( -19.99999999999999645, -3.000000000000001776, -27.41463414634147355 ) ) ;
#2210 = EDGE_CURVE ( 'NONE', #4306, #3578, #149, .T. ) ;
#2211 = FACE_BOUND ( 'NONE', #3849, .T. ) ;
#2212 = ADVANCED_FACE ( 'NONE', ( #5132 ), #1459, .F. ) ;
#2213 = DIRECTION ( 'NONE',  ( -0.000000000000000000, -0.000000000000000000, -1.000000000000000000 ) ) ;
#2214 = ORIENTED_EDGE ( 'NONE', *, *, #305, .F. ) ;
#2215 = CARTESIAN_POINT ( 'NONE',  ( -17.34313226766156646, -31.54704048157919161, 0.000000000000000000 ) ) ;
#2216 = ADVANCED_FACE ( 'NONE', ( #4265 ), #5639, .F. ) ;
#2217 = CARTESIAN_POINT ( 'NONE',  ( -35.92896222341777701, 2.260458703055158836, 0.000000000000000000 ) ) ;
#2218 = FACE_BOUND ( 'NONE', #3074, .T. ) ;
#2219 = CARTESIAN_POINT ( 'NONE',  ( -24.64369581343283500, 26.24287058717076704, 0.000000000000000000 ) ) ;
#2220 = ORIENTED_EDGE ( 'NONE', *, *, #2498, .F. ) ;
#2221 = ORIENTED_EDGE ( 'NONE', *, *, #2663, .F. ) ;
#2222 = VECTOR ( 'NONE', #1711, 1000.000000000000000 ) ;
#2223 = EDGE_CURVE ( 'NONE', #5653, #395, #4238, .T. ) ;
#2224 = CARTESIAN_POINT ( 'NONE',  ( 22.41026908252864658, 29.12461179749838180, 2.000000000000000000 ) ) ;
#2225 = EDGE_CURVE ( 'NONE', #4448, #1670, #2802, .T. ) ;
#2226 = CYLINDRICAL_SURFACE ( 'NONE', #5076, 32.99999999999999289 ) ;
#2227 = CYLINDRICAL_SURFACE ( 'NONE', #2293, 1.250000000000001110 ) ;
#2228 = CIRCLE ( 'NONE', #3175, 1.250000000000001332 ) ;
#2229 = EDGE_CURVE ( 'NONE', #5765, #3094, #2053, .T. ) ;
#2230 = VERTEX_POINT ( 'NONE', #1635 ) ;
#2231 = EDGE_CURVE ( 'NONE', #684, #1947, #5281, .T. ) ;
#2232 = ORIENTED_EDGE ( 'NONE', *, *, #1987, .F. ) ;
#2233 = DIRECTION ( 'NONE',  ( 0.4257792915650701060, 0.9048270524660207981, 0.000000000000000000 ) ) ;
#2234 = AXIS2_PLACEMENT_3D ( 'NONE', #5756, #1249, #355 ) ;
#2235 = VERTEX_POINT ( 'NONE', #2494 ) ;
#2236 = VERTEX_POINT ( 'NONE', #5723 ) ;
#2237 = CARTESIAN_POINT ( 'NONE',  ( -2.946216931680112783, -4.360430494053213479, -5.000000000000000000 ) ) ;
#2238 = VECTOR ( 'NONE', #4856, 1000.000000000000000 ) ;
#2239 = EDGE_CURVE ( 'NONE', #2683, #5405, #5305, .T. ) ;
#2240 = CARTESIAN_POINT ( 'NONE',  ( 25.89369581343245486, 26.24287058717113297, 0.000000000000000000 ) ) ;
#2241 = ORIENTED_EDGE ( 'NONE', *, *, #4941, .F. ) ;
#2242 = CARTESIAN_POINT ( 'NONE',  ( 0.000000000000000000, 36.00000000000000000, -3.535533905932739973 ) ) ;
#2243 = AXIS2_PLACEMENT_3D ( 'NONE', #1154, #2395, #3404 ) ;
#2244 = LINE ( 'NONE', #4529, #617 ) ;
#2245 = CARTESIAN_POINT ( 'NONE',  ( 8.952835937934295885, 34.86899380063083953, 2.000000000000000000 ) ) ;
#2246 = DIRECTION ( 'NONE',  ( 1.000000000000000000, 0.000000000000000000, 0.000000000000000000 ) ) ;
#2247 = AXIS2_PLACEMENT_3D ( 'NONE', #4592, #5864, #3688 ) ;
#2248 = ORIENTED_EDGE ( 'NONE', *, *, #3673, .F. ) ;
#2249 = FACE_OUTER_BOUND ( 'NONE', #2562, .T. ) ;
#2250 = DIRECTION ( 'NONE',  ( 0.000000000000000000, -0.000000000000000000, 1.000000000000000000 ) ) ;
#2251 = FACE_BOUND ( 'NONE', #2613, .T. ) ;
#2252 = AXIS2_PLACEMENT_3D ( 'NONE', #1898, #488, #2750 ) ;
#2253 = FACE_OUTER_BOUND ( 'NONE', #5019, .T. ) ;
#2254 = EDGE_LOOP ( 'NONE', ( #5008, #5727, #145, #1491 ) ) ;
#2255 = EDGE_LOOP ( 'NONE', ( #1461, #658, #5780, #4777 ) ) ;
#2256 = EDGE_CURVE ( 'NONE', #1435, #4342, #3837, .T. ) ;
#2257 = DIRECTION ( 'NONE',  ( 1.000000000000000000, 0.000000000000000000, 0.000000000000000000 ) ) ;
#2258 = CARTESIAN_POINT ( 'NONE',  ( 17.34313226766133198, 31.54704048157931595, -3.535533905932740861 ) ) ;
#2259 = CARTESIAN_POINT ( 'NONE',  ( 27.73847673992861829, -22.94726363095257682, 2.000000000000000000 ) ) ;
#2260 = ORIENTED_EDGE ( 'NONE', *, *, #4551, .T. ) ;
#2261 = VERTEX_POINT ( 'NONE', #3028 ) ;
#2262 = CARTESIAN_POINT ( 'NONE',  ( -27.73847673992845486, 22.94726363095277222, 2.000000000000000000 ) ) ;
#2263 = EDGE_CURVE ( 'NONE', #4474, #3715, #3049, .T. ) ;
#2264 = ORIENTED_EDGE ( 'NONE', *, *, #4782, .F. ) ;
#2265 = ADVANCED_FACE ( 'NONE', ( #3852 ), #1698, .F. ) ;
#2266 = ORIENTED_EDGE ( 'NONE', *, *, #4836, .F. ) ;
#2267 = CARTESIAN_POINT ( 'NONE',  ( -3.051235666345103237, -4.465449228718206598, -3.333352142778016169 ) ) ;
#2268 = ADVANCED_FACE ( 'NONE', ( #747 ), #5672, .T. ) ;
#2269 = DIRECTION ( 'NONE',  ( 1.000000000000000000, 0.000000000000000000, 0.000000000000000000 ) ) ;
#2270 = ORIENTED_EDGE ( 'NONE', *, *, #4431, .T. ) ;
#2271 = DIRECTION ( 'NONE',  ( 1.000000000000000000, 0.000000000000000000, 0.000000000000000000 ) ) ;
#2272 = EDGE_LOOP ( 'NONE', ( #1036, #3670, #5577, #2004 ) ) ;
#2273 = FACE_OUTER_BOUND ( 'NONE', #5784, .T. ) ;
#2274 = CARTESIAN_POINT ( 'NONE',  ( -26.48847673992829854, -22.94726363095296762, 0.000000000000000000 ) ) ;
#2275 = CARTESIAN_POINT ( 'NONE',  ( 1.456620277054679002, -1.164341190253497915, -5.229742221797609503 ) ) ;
#2276 = FACE_OUTER_BOUND ( 'NONE', #2805, .T. ) ;
#2277 = DIRECTION ( 'NONE',  ( 1.000000000000000000, 0.000000000000000000, 0.000000000000000000 ) ) ;
#2278 = CARTESIAN_POINT ( 'NONE',  ( 0.000000000000000000, -36.00000000000000000, 2.000000000000000000 ) ) ;
#2279 = FACE_OUTER_BOUND ( 'NONE', #2797, .T. ) ;
#2280 = ORIENTED_EDGE ( 'NONE', *, *, #1656, .T. ) ;
#2281 = ORIENTED_EDGE ( 'NONE', *, *, #3338, .T. ) ;
#2282 = CARTESIAN_POINT ( 'NONE',  ( -29.14580531807245478, -19.28976461924402130, 2.000000000000000000 ) ) ;
#2283 = DIRECTION ( 'NONE',  ( -0.000000000000000000, -0.000000000000000000, 1.000000000000000000 ) ) ;
#2284 = DIRECTION ( 'NONE',  ( 0.5358267949790076479, -0.8443279255020080809, 0.000000000000000000 ) ) ;
#2285 = ORIENTED_EDGE ( 'NONE', *, *, #1162, .T. ) ;
#2286 = EDGE_CURVE ( 'NONE', #4306, #5608, #2144, .T. ) ;
#2287 = EDGE_LOOP ( 'NONE', ( #4220, #3531, #5036, #1487 ) ) ;
#2288 = CARTESIAN_POINT ( 'NONE',  ( -31.32377388877673852, 15.32805449634253492, 0.000000000000000000 ) ) ;
#2289 = ADVANCED_FACE ( 'NONE', ( #3912 ), #1718, .T. ) ;
#2290 = ORIENTED_EDGE ( 'NONE', *, *, #5343, .T. ) ;
#2291 = VERTEX_POINT ( 'NONE', #4894 ) ;
#2292 = CARTESIAN_POINT ( 'NONE',  ( -0.7071067811865555663, 0.7071067811865506814, 0.000000000000000000 ) ) ;
#2293 = AXIS2_PLACEMENT_3D ( 'NONE', #3641, #3206, #2704 ) ;
#2294 = VECTOR ( 'NONE', #5478, 1000.000000000000000 ) ;
#2295 = FACE_OUTER_BOUND ( 'NONE', #2821, .T. ) ;
#2296 = ORIENTED_EDGE ( 'NONE', *, *, #3573, .T. ) ;
#2297 = CARTESIAN_POINT ( 'NONE',  ( 28.98847673992862184, -22.94726363095257682, -3.535533905932740861 ) ) ;
#2298 = AXIS2_PLACEMENT_3D ( 'NONE', #3495, #5282, #1250 ) ;
#2299 = EDGE_CURVE ( 'NONE', #1561, #3152, #1571, .T. ) ;
#2300 = ORIENTED_EDGE ( 'NONE', *, *, #1473, .T. ) ;
#2301 = FACE_OUTER_BOUND ( 'NONE', #513, .T. ) ;
#2302 = FACE_OUTER_BOUND ( 'NONE', #4817, .T. ) ;
#2303 = AXIS2_PLACEMENT_3D ( 'NONE', #126, #1044, #1111 ) ;
#2304 = CYLINDRICAL_SURFACE ( 'NONE', #4432, 1.250000000000001110 ) ;
#2305 = CYLINDRICAL_SURFACE ( 'NONE', #5430, 1.250000000000001110 ) ;
#2306 = CYLINDRICAL_SURFACE ( 'NONE', #3091, 1.250000000000001110 ) ;
#2307 = CARTESIAN_POINT ( 'NONE',  ( 4.360430494053189499, 2.946216931680137652, -5.000000000000000000 ) ) ;
#2308 = CARTESIAN_POINT ( 'NONE',  ( 17.34313226766133198, 31.54704048157931595, 2.000000000000000000 ) ) ;
#2309 = VERTEX_POINT ( 'NONE', #4779 ) ;
#2310 = ADVANCED_FACE ( 'NONE', ( #4296 ), #5331, .F. ) ;
#2311 = ORIENTED_EDGE ( 'NONE', *, *, #5824, .T. ) ;
#2312 = DIRECTION ( 'NONE',  ( 0.000000000000000000, 0.000000000000000000, 1.000000000000000000 ) ) ;
#2313 = CARTESIAN_POINT ( 'NONE',  ( 0.000000000000000000, 0.000000000000000000, -5.000000000000000888 ) ) ;
#2314 = CARTESIAN_POINT ( 'NONE',  ( 0.000000000000000000, 0.000000000000000000, 0.000000000000000000 ) ) ;
#2315 = ORIENTED_EDGE ( 'NONE', *, *, #5811, .F. ) ;
#2316 = AXIS2_PLACEMENT_3D ( 'NONE', #90, #4158, #3707 ) ;
#2317 = ORIENTED_EDGE ( 'NONE', *, *, #3077, .F. ) ;
#2318 = DIRECTION ( 'NONE',  ( -0.000000000000000000, 0.000000000000000000, 1.000000000000000000 ) ) ;
#2319 = B_SPLINE_CURVE_WITH_KNOTS ( 'NONE', 3,
 ( #5012, #1000, #17, #1390 ),
 .UNSPECIFIED., .F., .F.,
 ( 4, 4 ),
 ( 2.007925294404567906E-07, 0.005019957414438029272 ),
 .UNSPECIFIED. ) ;
#2320 = EDGE_LOOP ( 'NONE', ( #545, #4326 ) ) ;
#2321 = VERTEX_POINT ( 'NONE', #2527 ) ;
#2322 = CARTESIAN_POINT ( 'NONE',  ( 0.000000000000000000, 0.000000000000000000, -4.000000000000000000 ) ) ;
#2323 = CARTESIAN_POINT ( 'NONE',  ( 8.952835937935043731, -34.86899380063064768, 2.000000000000000000 ) ) ;
#2324 = ORIENTED_EDGE ( 'NONE', *, *, #2439, .T. ) ;
#2325 = CIRCLE ( 'NONE', #4024, 1.250000000000001110 ) ;
#2326 = AXIS2_PLACEMENT_3D ( 'NONE', #4741, #2913, #592 ) ;
#2327 = EDGE_CURVE ( 'NONE', #5083, #2185, #1289, .T. ) ;
#2328 = CARTESIAN_POINT ( 'NONE',  ( 25.99999999999999645, 1.444447458290426890E-31, -29.00000000000000000 ) ) ;
#2329 = AXIS2_PLACEMENT_3D ( 'NONE', #5687, #2098, #3016 ) ;
#2330 = CIRCLE ( 'NONE', #1481, 32.99999999999999289 ) ;
#2331 = AXIS2_PLACEMENT_3D ( 'NONE', #1507, #3313, #5124 ) ;
#2332 = VERTEX_POINT ( 'NONE', #2969 ) ;
#2333 = CARTESIAN_POINT ( 'NONE',  ( -8.952835937934539245, -34.86899380063077558, -3.535533905932740861 ) ) ;
#2334 = DIRECTION ( 'NONE',  ( -0.000000000000000000, -0.000000000000000000, -1.000000000000000000 ) ) ;
#2335 = ORIENTED_EDGE ( 'NONE', *, *, #3703, .T. ) ;
#2336 = CIRCLE ( 'NONE', #435, 7.500000000000000000 ) ;
#2337 = CARTESIAN_POINT ( 'NONE',  ( -18.59313226766178673, 31.54704048157906726, 2.000000000000000000 ) ) ;
#2338 = CARTESIAN_POINT ( 'NONE',  ( -17.34313226766178673, 31.54704048157906726, -3.535533905932740861 ) ) ;
#2339 = EDGE_CURVE ( 'NONE', #5870, #4619, #2524, .T. ) ;
#2340 = FACE_BOUND ( 'NONE', #4294, .T. ) ;
#2341 = AXIS2_PLACEMENT_3D ( 'NONE', #936, #433, #5415 ) ;
#2342 = UNCERTAINTY_MEASURE_WITH_UNIT (LENGTH_MEASURE( 1.000000000000000082E-05 ), #3572, 'distance_accuracy_value', 'NONE');
#2343 = CARTESIAN_POINT ( 'NONE',  ( 2.500000000000000000, 0.000000000000000000, -5.500000000000000000 ) ) ;
#2344 = ORIENTED_EDGE ( 'NONE', *, *, #5167, .F. ) ;
#2345 = CARTESIAN_POINT ( 'NONE',  ( 28.09999999999999787, 2.571758278209443929E-16, -29.00000000000000000 ) ) ;
#2346 = CARTESIAN_POINT ( 'NONE',  ( 32.99999999999999289, 0.000000000000000000, 0.000000000000000000 ) ) ;
#2347 = DIRECTION ( 'NONE',  ( -0.000000000000000000, -0.000000000000000000, -1.000000000000000000 ) ) ;
#2348 = ORIENTED_EDGE ( 'NONE', *, *, #3129, .F. ) ;
#2349 = ORIENTED_EDGE ( 'NONE', *, *, #4727, .T. ) ;
#2350 = DIRECTION ( 'NONE',  ( -0.3090169943749499493, 0.9510565162951527540, 0.000000000000000000 ) ) ;
#2351 = CYLINDRICAL_SURFACE ( 'NONE', #3828, 1.250000000000001110 ) ;
#2352 = ORIENTED_EDGE ( 'NONE', *, *, #799, .T. ) ;
#2353 = EDGE_LOOP ( 'NONE', ( #322, #3621, #2038, #1107 ) ) ;
#2354 = FACE_OUTER_BOUND ( 'NONE', #990, .T. ) ;
#2355 = LINE ( 'NONE', #3303, #5175 ) ;
#2356 = VERTEX_POINT ( 'NONE', #2137 ) ;
#2357 = CARTESIAN_POINT ( 'NONE',  ( -13.25248389664818838, -33.47195349197713199, 0.000000000000000000 ) ) ;
#2358 = ORIENTED_EDGE ( 'NONE', *, *, #2116, .T. ) ;
#2359 = DIRECTION ( 'NONE',  ( 1.000000000000000000, 0.000000000000000000, 0.000000000000000000 ) ) ;
#2360 = DIRECTION ( 'NONE',  ( 0.6340795882070467959, 5.664606923615612833E-17, -0.7732677904963985993 ) ) ;
#2361 = FACE_OUTER_BOUND ( 'NONE', #1855, .T. ) ;
#2362 = PLANE ( 'NONE',  #4667 ) ;
#2363 = CARTESIAN_POINT ( 'NONE',  ( 14.50248389664867332, -33.47195349197694725, 2.000000000000000000 ) ) ;
#2364 = DIRECTION ( 'NONE',  ( 1.000000000000000000, 0.000000000000000000, 0.000000000000000000 ) ) ;
#2365 = CARTESIAN_POINT ( 'NONE',  ( -10.20283593793454102, -34.86899380063077558, -3.535533905932740861 ) ) ;
#2366 = ORIENTED_EDGE ( 'NONE', *, *, #3243, .F. ) ;
#2367 = CARTESIAN_POINT ( 'NONE',  ( -1.734935157289747343, 1.800000000000000044, -5.500000000000000000 ) ) ;
#2368 = DIRECTION ( 'NONE',  ( -0.000000000000000000, -0.000000000000000000, 1.000000000000000000 ) ) ;
#2369 = DIRECTION ( 'NONE',  ( 1.000000000000000000, 0.000000000000000000, 0.000000000000000000 ) ) ;
#2370 = VERTEX_POINT ( 'NONE', #4331 ) ;
#2371 = VERTEX_POINT ( 'NONE', #3942 ) ;
#2372 = CYLINDRICAL_SURFACE ( 'NONE', #4389, 2.100000000000000977 ) ;
#2373 = B_SPLINE_CURVE_WITH_KNOTS ( 'NONE', 3,
 ( #1053, #2863, #2040, #5507, #2421, #5594, #3337, #1086, #1237, #3420, #2598, #2566, #5236, #4403 ),
 .UNSPECIFIED., .F., .F.,
 ( 4, 2, 2, 2, 2, 2, 4 ),
 ( -7.930785746097642689E-06, 0.0006200370966003229418, 0.0009340210377735334813, 0.001248004978946744021, 0.001875972861293165534, 0.002189956802466377916, 0.002503940743639590082 ),
 .UNSPECIFIED. ) ;
#2374 = CARTESIAN_POINT ( 'NONE',  ( 24.64369581343245486, 26.24287058717113297, 2.000000000000000000 ) ) ;
#2375 = ORIENTED_EDGE ( 'NONE', *, *, #1686, .F. ) ;
#2376 = CARTESIAN_POINT ( 'NONE',  ( -21.20179551902002757, -22.61600908139325838, -5.000000000000000000 ) ) ;
#2377 = DIRECTION ( 'NONE',  ( -0.9685831611286296328, -0.2486898871648603182, 0.000000000000000000 ) ) ;
#2378 = EDGE_LOOP ( 'NONE', ( #605, #5052, #1889, #5379 ) ) ;
#2379 = DIRECTION ( 'NONE',  ( 1.000000000000000000, 0.000000000000000000, 0.000000000000000000 ) ) ;
#2380 = VECTOR ( 'NONE', #3853, 1000.000000000000000 ) ;
#2381 = STYLED_ITEM ( 'NONE', ( #2653 ), #1529 ) ;
#2382 = ORIENTED_EDGE ( 'NONE', *, *, #1854, .F. ) ;
#2383 = CARTESIAN_POINT ( 'NONE',  ( -30.95146108738144264, -2.002743090633539946, -14.05919379587629514 ) ) ;
#2384 = EDGE_CURVE ( 'NONE', #4216, #3325, #1104, .T. ) ;
#2385 = DIRECTION ( 'NONE',  ( -0.000000000000000000, -0.000000000000000000, 1.000000000000000000 ) ) ;
#2386 = AXIS2_PLACEMENT_3D ( 'NONE', #2573, #4772, #3488 ) ;
#2387 = ORIENTED_EDGE ( 'NONE', *, *, #2629, .F. ) ;
#2388 = AXIS2_PLACEMENT_3D ( 'NONE', #4989, #3556, #3525 ) ;
#2389 = CARTESIAN_POINT ( 'NONE',  ( -17.34313226766156646, -31.54704048157919161, 2.000000000000000000 ) ) ;
#2390 = EDGE_CURVE ( 'NONE', #1435, #5412, #2168, .T. ) ;
#2391 = CARTESIAN_POINT ( 'NONE',  ( 5.761996408314459472, 35.71612924732126260, -3.535533905932739085 ) ) ;
#2392 = CARTESIAN_POINT ( 'NONE',  ( 12.00248389664867155, -33.47195349197694725, 2.000000000000000000 ) ) ;
#2393 = CIRCLE ( 'NONE', #3151, 1.250000000000000888 ) ;
#2394 = AXIS2_PLACEMENT_3D ( 'NONE', #2143, #3440, #5255 ) ;
#2395 = DIRECTION ( 'NONE',  ( -0.000000000000000000, -0.000000000000000000, 1.000000000000000000 ) ) ;
#2396 = EDGE_CURVE ( 'NONE', #3444, #1527, #5549, .T. ) ;
#2397 = VERTEX_POINT ( 'NONE', #831 ) ;
#2398 = DIRECTION ( 'NONE',  ( 0.000000000000000000, 0.000000000000000000, -1.000000000000000000 ) ) ;
#2399 = AXIS2_PLACEMENT_3D ( 'NONE', #1506, #2783, #615 ) ;
#2400 = CARTESIAN_POINT ( 'NONE',  ( 0.000000000000000000, 0.000000000000000000, -5.500000000000000000 ) ) ;
#2401 = DIRECTION ( 'NONE',  ( -0.000000000000000000, 0.000000000000000000, 1.000000000000000000 ) ) ;
#2402 = ORIENTED_EDGE ( 'NONE', *, *, #1058, .T. ) ;
#2403 = EDGE_CURVE ( 'NONE', #1331, #3769, #4415, .T. ) ;
#2404 = APPLICATION_PROTOCOL_DEFINITION ( 'draft international standard', 'automotive_design', 1998, #3268 ) ;
#2405 = ADVANCED_FACE ( 'NONE', ( #1809 ), #5805, .F. ) ;
#2406 = ORIENTED_EDGE ( 'NONE', *, *, #1526, .F. ) ;
#2407 = FACE_OUTER_BOUND ( 'NONE', #92, .T. ) ;
#2408 = CARTESIAN_POINT ( 'NONE',  ( -31.32377388877673852, 15.32805449634253492, 2.000000000000000000 ) ) ;
#2409 = EDGE_CURVE ( 'NONE', #5683, #2451, #2693, .T. ) ;
#2410 = ORIENTED_EDGE ( 'NONE', *, *, #2846, .T. ) ;
#2411 = DIRECTION ( 'NONE',  ( 1.000000000000000000, 0.000000000000000000, 0.000000000000000000 ) ) ;
#2412 = FACE_OUTER_BOUND ( 'NONE', #246, .T. ) ;
#2413 = ORIENTED_EDGE ( 'NONE', *, *, #1980, .F. ) ;
#2414 = VECTOR ( 'NONE', #4770, 1000.000000000000000 ) ;
#2415 = CARTESIAN_POINT ( 'NONE',  ( -1.734935157289747343, -1.800000000000000044, -5.500000000000000000 ) ) ;
#2416 = EDGE_CURVE ( 'NONE', #3685, #376, #3552, .T. ) ;
#2417 = EDGE_LOOP ( 'NONE', ( #3589, #5094, #1752, #2477, #4039 ) ) ;
#2418 = DIRECTION ( 'NONE',  ( 1.000000000000000000, 0.000000000000000000, 0.000000000000000000 ) ) ;
#2419 = AXIS2_PLACEMENT_3D ( 'NONE', #2039, #1622, #669 ) ;
#2420 = AXIS2_PLACEMENT_3D ( 'NONE', #2258, #5492, #5049 ) ;
#2421 = CARTESIAN_POINT ( 'NONE',  ( -1.375012307570443015, -0.9992813434272147521, -5.330547717286076015 ) ) ;
#2422 = VERTEX_POINT ( 'NONE', #50 ) ;
#2423 = LINE ( 'NONE', #3840, #767 ) ;
#2424 = CARTESIAN_POINT ( 'NONE',  ( -25.99999999999999645, -3.000000000000000000, -29.00000000000000000 ) ) ;
#2425 = AXIS2_PLACEMENT_3D ( 'NONE', #5501, #4663, #607 ) ;
#2426 = AXIS2_PLACEMENT_3D ( 'NONE', #1915, #4217, #1437 ) ;
#2427 = AXIS2_PLACEMENT_3D ( 'NONE', #5078, #625, #2818 ) ;
#2428 = DIRECTION ( 'NONE',  ( 1.000000000000000000, 0.000000000000000000, 0.000000000000000000 ) ) ;
#2429 = FACE_BOUND ( 'NONE', #4954, .T. ) ;
#2430 = DIRECTION ( 'NONE',  ( 1.000000000000000000, 0.000000000000000000, 0.000000000000000000 ) ) ;
#2431 = AXIS2_PLACEMENT_3D ( 'NONE', #3167, #439, #2786 ) ;
#2432 = EDGE_LOOP ( 'NONE', ( #915, #4920 ) ) ;
#2433 = CARTESIAN_POINT ( 'NONE',  ( 27.73847673992813867, 22.94726363095315591, 0.000000000000000000 ) ) ;
#2434 = CIRCLE ( 'NONE', #2247, 5.262465990577771535 ) ;
#2435 = CARTESIAN_POINT ( 'NONE',  ( 17.34313226766133198, 31.54704048157931595, 2.000000000000000000 ) ) ;
#2436 = DIRECTION ( 'NONE',  ( -0.000000000000000000, -0.000000000000000000, -1.000000000000000000 ) ) ;
#2437 = EDGE_LOOP ( 'NONE', ( #685, #2763, #4839, #477 ) ) ;
#2438 = ORIENTED_EDGE ( 'NONE', *, *, #4070, .F. ) ;
#2439 = EDGE_CURVE ( 'NONE', #3356, #5435, #1779, .T. ) ;
#2440 = VERTEX_POINT ( 'NONE', #1420 ) ;
#2441 = CIRCLE ( 'NONE', #3647, 1.249999999999999334 ) ;
#2442 = PLANE ( 'NONE',  #3064 ) ;
#2443 = CARTESIAN_POINT ( 'NONE',  ( 22.61600908139310206, 21.20179551902017678, 0.000000000000000000 ) ) ;
#2444 = ORIENTED_EDGE ( 'NONE', *, *, #33, .F. ) ;
#2445 = DIRECTION ( 'NONE',  ( 1.000000000000000000, 0.000000000000000000, 0.000000000000000000 ) ) ;
#2446 = ORIENTED_EDGE ( 'NONE', *, *, #2772, .T. ) ;
#2447 = EDGE_CURVE ( 'NONE', #5473, #5426, #3632, .T. ) ;
#2448 = FACE_BOUND ( 'NONE', #862, .T. ) ;
#2449 = ADVANCED_FACE ( 'NONE', ( #3223 ), #2662, .F. ) ;
#2450 = EDGE_CURVE ( 'NONE', #1160, #684, #1763, .T. ) ;
#2451 = VERTEX_POINT ( 'NONE', #4079 ) ;
#2452 = CARTESIAN_POINT ( 'NONE',  ( 0.000000000000000000, 0.000000000000000000, -34.00000000000000000 ) ) ;
#2453 = CARTESIAN_POINT ( 'NONE',  ( 27.73847673992813867, 22.94726363095315591, -3.535533905932740861 ) ) ;
#2454 = EDGE_LOOP ( 'NONE', ( #1199, #1879, #1338, #2820 ) ) ;
#2455 = CYLINDRICAL_SURFACE ( 'NONE', #2951, 1.250000000000001110 ) ;
#2456 = CYLINDRICAL_SURFACE ( 'NONE', #2123, 1.250000000000001110 ) ;
#2457 = DIRECTION ( 'NONE',  ( -0.000000000000000000, -0.000000000000000000, -1.000000000000000000 ) ) ;
#2458 = DIRECTION ( 'NONE',  ( 0.000000000000000000, 0.000000000000000000, -1.000000000000000000 ) ) ;
#2459 = CARTESIAN_POINT ( 'NONE',  ( 2.946216931680084805, 4.360430494053221473, -5.000000000000000000 ) ) ;
#2460 = ORIENTED_EDGE ( 'NONE', *, *, #4341, .F. ) ;
#2461 = FACE_OUTER_BOUND ( 'NONE', #1687, .T. ) ;
#2462 = FACE_OUTER_BOUND ( 'NONE', #2602, .T. ) ;
#2463 = DIRECTION ( 'NONE',  ( -0.000000000000000000, -0.000000000000000000, 1.000000000000000000 ) ) ;
#2464 = ORIENTED_EDGE ( 'NONE', *, *, #4412, .T. ) ;
#2465 = ORIENTED_EDGE ( 'NONE', *, *, #4992, .T. ) ;
#2466 = ADVANCED_FACE ( 'NONE', ( #4444 ), #880, .F. ) ;
#2467 = DIRECTION ( 'NONE',  ( -0.000000000000000000, -0.000000000000000000, 1.000000000000000000 ) ) ;
#2468 = ORIENTED_EDGE ( 'NONE', *, *, #1620, .F. ) ;
#2469 = FACE_OUTER_BOUND ( 'NONE', #4391, .T. ) ;
#2470 = EDGE_CURVE ( 'NONE', #2766, #3967, #721, .T. ) ;
#2471 = DIRECTION ( 'NONE',  ( 0.000000000000000000, 0.000000000000000000, 1.000000000000000000 ) ) ;
#2472 = ORIENTED_EDGE ( 'NONE', *, *, #1462, .T. ) ;
#2473 = LINE ( 'NONE', #2034, #3090 ) ;
#2474 = EDGE_LOOP ( 'NONE', ( #5307, #730, #4939, #2800 ) ) ;
#2475 = ADVANCED_FACE ( 'NONE', ( #437 ), #3993, .F. ) ;
#2476 = CARTESIAN_POINT ( 'NONE',  ( 28.98971537909590523, -3.000000000000000000, -16.45156661085864869 ) ) ;
#2477 = ORIENTED_EDGE ( 'NONE', *, *, #3974, .F. ) ;
#2478 = FACE_OUTER_BOUND ( 'NONE', #5218, .T. ) ;
#2479 = CARTESIAN_POINT ( 'NONE',  ( 18.59313226766200700, -31.54704048157895002, 0.000000000000000000 ) ) ;
#2480 = ORIENTED_EDGE ( 'NONE', *, *, #803, .F. ) ;
#2481 = CARTESIAN_POINT ( 'NONE',  ( -22.41026908252887040, -29.12461179749822549, -3.535533905932740861 ) ) ;
#2482 = ADVANCED_FACE ( 'NONE', ( #1873 ), #378, .T. ) ;
#2483 = CARTESIAN_POINT ( 'NONE',  ( -32.98803458662555954, 11.12461179749801232, 0.000000000000000000 ) ) ;
#2484 = AXIS2_PLACEMENT_3D ( 'NONE', #2025, #5580, #5106 ) ;
#2485 = DIRECTION ( 'NONE',  ( -0.7071067811865477948, 0.7071067811865473507, 0.000000000000000000 ) ) ;
#2486 = FACE_BOUND ( 'NONE', #4046, .T. ) ;
#2487 = FACE_OUTER_BOUND ( 'NONE', #5810, .T. ) ;
#2488 = AXIS2_PLACEMENT_3D ( 'NONE', #706, #3072, #5719 ) ;
#2489 = CIRCLE ( 'NONE', #5793, 30.99999999999999289 ) ;
#2490 = ORIENTED_EDGE ( 'NONE', *, *, #1197, .F. ) ;
#2491 = AXIS2_PLACEMENT_3D ( 'NONE', #3499, #2088, #328 ) ;
#2492 = CARTESIAN_POINT ( 'NONE',  ( -13.25248389664818838, -33.47195349197713199, 2.000000000000000000 ) ) ;
#2493 = AXIS2_PLACEMENT_3D ( 'NONE', #12, #1745, #4439 ) ;
#2494 = CARTESIAN_POINT ( 'NONE',  ( 10.20283593793429588, 34.86899380063083953, 2.000000000000000000 ) ) ;
#2495 = VECTOR ( 'NONE', #2911, 1000.000000000000114 ) ;
#2496 = ADVANCED_FACE ( 'NONE', ( #2187 ), #2306, .F. ) ;
#2497 = CARTESIAN_POINT ( 'NONE',  ( 34.67896222341780543, -2.260458703054892382, 2.000000000000000000 ) ) ;
#2498 = EDGE_CURVE ( 'NONE', #422, #3414, #4892, .T. ) ;
#2499 = VERTEX_POINT ( 'NONE', #3109 ) ;
#2500 = ORIENTED_EDGE ( 'NONE', *, *, #5551, .T. ) ;
#2501 = EDGE_LOOP ( 'NONE', ( #834, #4498, #5675, #4547 ) ) ;
#2502 = AXIS2_PLACEMENT_3D ( 'NONE', #2117, #3560, #5729 ) ;
#2503 = AXIS2_PLACEMENT_3D ( 'NONE', #4645, #3253, #5572 ) ;
#2504 = FACE_OUTER_BOUND ( 'NONE', #4240, .T. ) ;
#2505 = DIRECTION ( 'NONE',  ( 0.8090169943749547787, -0.5877852522924629231, 0.000000000000000000 ) ) ;
#2506 = ORIENTED_EDGE ( 'NONE', *, *, #5627, .F. ) ;
#2507 = CARTESIAN_POINT ( 'NONE',  ( 35.48803458662540322, 11.12461179749849549, -3.535533905932740861 ) ) ;
#2508 = VERTEX_POINT ( 'NONE', #852 ) ;
#2509 = DIRECTION ( 'NONE',  ( 1.000000000000000000, 0.000000000000000000, -0.000000000000000000 ) ) ;
#2510 = VERTEX_POINT ( 'NONE', #4981 ) ;
#2511 = DIRECTION ( 'NONE',  ( 1.000000000000000000, 0.000000000000000000, 0.000000000000000000 ) ) ;
#2512 = CARTESIAN_POINT ( 'NONE',  ( -18.59313226766157001, -31.54704048157919161, 0.000000000000000000 ) ) ;
#2513 = ORIENTED_EDGE ( 'NONE', *, *, #4172, .T. ) ;
#2514 = CIRCLE ( 'NONE', #4405, 1.250000000000001110 ) ;
#2515 = EDGE_CURVE ( 'NONE', #2510, #1114, #3377, .T. ) ;
#2516 = DIRECTION ( 'NONE',  ( 0.000000000000000000, 0.000000000000000000, 1.000000000000000000 ) ) ;
#2517 = FACE_OUTER_BOUND ( 'NONE', #5644, .T. ) ;
#2518 = FACE_OUTER_BOUND ( 'NONE', #2501, .T. ) ;
#2519 = AXIS2_PLACEMENT_3D ( 'NONE', #1590, #728, #2509 ) ;
#2520 = FACE_OUTER_BOUND ( 'NONE', #2726, .T. ) ;
#2521 = CARTESIAN_POINT ( 'NONE',  ( 13.25248389664795390, 33.47195349197723147, 0.000000000000000000 ) ) ;
#2522 = VERTEX_POINT ( 'NONE', #2363 ) ;
#2523 = CIRCLE ( 'NONE', #3836, 1.250000000000001110 ) ;
#2524 = CIRCLE ( 'NONE', #5831, 30.99999999999999289 ) ;
#2525 = CYLINDRICAL_SURFACE ( 'NONE', #694, 1.250000000000001110 ) ;
#2526 = ADVANCED_FACE ( 'NONE', ( #2013 ), #5041, .T. ) ;
#2527 = CARTESIAN_POINT ( 'NONE',  ( -19.91026908252886685, -29.12461179749822549, 0.000000000000000000 ) ) ;
#2528 = EDGE_CURVE ( 'NONE', #1994, #4664, #4126, .T. ) ;
#2529 = CYLINDRICAL_SURFACE ( 'NONE', #3990, 1.250000000000001110 ) ;
#2530 = CIRCLE ( 'NONE', #339, 1.249999999999999556 ) ;
#2531 = ORIENTED_EDGE ( 'NONE', *, *, #343, .F. ) ;
#2532 = ORIENTED_EDGE ( 'NONE', *, *, #4516, .T. ) ;
#2533 = ORIENTED_EDGE ( 'NONE', *, *, #2912, .F. ) ;
#2534 = CARTESIAN_POINT ( 'NONE',  ( -30.39580531807259334, 19.28976461924381169, -3.535533905932740861 ) ) ;
#2535 = CIRCLE ( 'NONE', #5840, 1.250000000000000000 ) ;
#2536 = DIRECTION ( 'NONE',  ( 1.000000000000000000, 0.000000000000000000, 0.000000000000000000 ) ) ;
#2537 = ORIENTED_EDGE ( 'NONE', *, *, #3460, .F. ) ;
#2538 = CARTESIAN_POINT ( 'NONE',  ( 24.64369581343302329, -26.24287058717059651, 2.000000000000000000 ) ) ;
#2539 = AXIS2_PLACEMENT_3D ( 'NONE', #5038, #962, #2779 ) ;
#2540 = ORIENTED_EDGE ( 'NONE', *, *, #2958, .T. ) ;
#2541 = DIRECTION ( 'NONE',  ( -0.000000000000000000, -0.000000000000000000, -1.000000000000000000 ) ) ;
#2542 = AXIS2_PLACEMENT_3D ( 'NONE', #4533, #1357, #521 ) ;
#2543 = ORIENTED_EDGE ( 'NONE', *, *, #5816, .T. ) ;
#2544 = DIRECTION ( 'NONE',  ( 1.000000000000000000, 0.000000000000000000, 0.000000000000000000 ) ) ;
#2545 = DIRECTION ( 'NONE',  ( 1.000000000000000000, 0.000000000000000000, 0.000000000000000000 ) ) ;
#2546 = EDGE_LOOP ( 'NONE', ( #4360, #5641 ) ) ;
#2547 = DIRECTION ( 'NONE',  ( 0.000000000000000000, 0.000000000000000000, 1.000000000000000000 ) ) ;
#2548 = CARTESIAN_POINT ( 'NONE',  ( 17.34313226766200344, -31.54704048157895002, -3.535533905932740861 ) ) ;
#2549 = CARTESIAN_POINT ( 'NONE',  ( 13.25248389664867332, -33.47195349197694725, 0.000000000000000000 ) ) ;
#2550 = CARTESIAN_POINT ( 'NONE',  ( 0.9539392014169457701, 0.2999999999999999334, -5.500000000000000000 ) ) ;
#2551 = DIRECTION ( 'NONE',  ( 1.000000000000000000, 0.000000000000000000, 0.000000000000000000 ) ) ;
#2552 = EDGE_LOOP ( 'NONE', ( #3535, #3785, #2543, #4056 ) ) ;
#2553 = CARTESIAN_POINT ( 'NONE',  ( 0.000000000000000000, 0.000000000000000000, -5.000000000000000888 ) ) ;
#2554 = EDGE_CURVE ( 'NONE', #4549, #5374, #1577, .T. ) ;
#2555 = DIRECTION ( 'NONE',  ( 1.000000000000000000, 8.933589771645418770E-17, 0.000000000000000000 ) ) ;
#2556 = DIRECTION ( 'NONE',  ( -0.000000000000000000, -0.000000000000000000, 1.000000000000000000 ) ) ;
#2557 = VERTEX_POINT ( 'NONE', #1565 ) ;
#2558 = VERTEX_POINT ( 'NONE', #3809 ) ;
#2559 = FACE_OUTER_BOUND ( 'NONE', #276, .T. ) ;
#2560 = CARTESIAN_POINT ( 'NONE',  ( 31.32377388877653246, 15.32805449634299322, -3.535533905932739085 ) ) ;
#2561 = EDGE_LOOP ( 'NONE', ( #4987, #1999, #4480, #4808 ) ) ;
#2562 = EDGE_LOOP ( 'NONE', ( #1229, #3133, #447, #3476, #1213 ) ) ;
#2563 = LINE ( 'NONE', #3013, #4214 ) ;
#2564 = ORIENTED_EDGE ( 'NONE', *, *, #5339, .F. ) ;
#2565 = CARTESIAN_POINT ( 'NONE',  ( 3.156093203020934990, -4.570306765394029469, -1.666683961457740004 ) ) ;
#2566 = CARTESIAN_POINT ( 'NONE',  ( -1.730458922871098260, -1.788864321028846183, -4.210179274393063942 ) ) ;
#2567 = EDGE_LOOP ( 'NONE', ( #2791, #5066, #3293, #2745 ) ) ;
#2568 = DIRECTION ( 'NONE',  ( -0.000000000000000000, -0.000000000000000000, 1.000000000000000000 ) ) ;
#2569 = CARTESIAN_POINT ( 'NONE',  ( -28.09999999999999787, -1.444447458290426890E-31, -24.00000000000000000 ) ) ;
#2570 = AXIS2_PLACEMENT_3D ( 'NONE', #233, #4999, #1239 ) ;
#2571 = CARTESIAN_POINT ( 'NONE',  ( 0.7071067811865492381, 0.7071067811865495711, 0.000000000000000000 ) ) ;
#2572 = EDGE_LOOP ( 'NONE', ( #3009, #1822, #3227, #280 ) ) ;
#2573 = CARTESIAN_POINT ( 'NONE',  ( 0.000000000000000000, 36.00000000000000000, 0.000000000000000000 ) ) ;
#2574 = DIRECTION ( 'NONE',  ( -0.9921147013144789861, 0.1253332335642953765, 0.000000000000000000 ) ) ;
#2575 = ORIENTED_EDGE ( 'NONE', *, *, #660, .F. ) ;
#2576 = DIRECTION ( 'NONE',  ( 1.000000000000000000, 0.000000000000000000, 0.000000000000000000 ) ) ;
#2577 = EDGE_CURVE ( 'NONE', #1817, #5835, #1958, .T. ) ;
#2578 = DIRECTION ( 'NONE',  ( 1.000000000000000000, 0.000000000000000000, 0.000000000000000000 ) ) ;
#2579 = LINE ( 'NONE', #1719, #4274 ) ;
#2580 = AXIS2_PLACEMENT_3D ( 'NONE', #5133, #2463, #2369 ) ;
#2581 = AXIS2_PLACEMENT_3D ( 'NONE', #2357, #4164, #2271 ) ;
#2582 = EDGE_CURVE ( 'NONE', #4823, #3035, #142, .T. ) ;
#2583 = EDGE_LOOP ( 'NONE', ( #2069, #2741, #1589, #4641 ) ) ;
#2584 = ORIENTED_EDGE ( 'NONE', *, *, #3902, .T. ) ;
#2585 = CYLINDRICAL_SURFACE ( 'NONE', #2758, 1.250000000000001110 ) ;
#2586 = AXIS2_PLACEMENT_3D ( 'NONE', #618, #3288, #2458 ) ;
#2587 = CIRCLE ( 'NONE', #123, 1.250000000000000222 ) ;
#2588 = LINE ( 'NONE', #3116, #3718 ) ;
#2589 = EDGE_CURVE ( 'NONE', #2677, #781, #5573, .T. ) ;
#2590 = EDGE_LOOP ( 'NONE', ( #2506, #5183, #868, #4464 ) ) ;
#2591 = CIRCLE ( 'NONE', #4384, 7.500000000000000000 ) ;
#2592 = AXIS2_PLACEMENT_3D ( 'NONE', #2660, #4465, #405 ) ;
#2593 = ORIENTED_EDGE ( 'NONE', *, *, #672, .T. ) ;
#2594 = CARTESIAN_POINT ( 'NONE',  ( 22.99999999999999645, 1.444447458290426890E-31, -23.75609756097561842 ) ) ;
#2595 = ADVANCED_FACE ( 'NONE', ( #1003 ), #967, .F. ) ;
#2596 = ORIENTED_EDGE ( 'NONE', *, *, #5064, .T. ) ;
#2597 = CYLINDRICAL_SURFACE ( 'NONE', #4120, 7.500000000000000000 ) ;
#2598 = CARTESIAN_POINT ( 'NONE',  ( -1.712791517423061904, -1.745411962751840740, -4.414338692075640225 ) ) ;
#2599 = ORIENTED_EDGE ( 'NONE', *, *, #1034, .T. ) ;
#2600 = DIRECTION ( 'NONE',  ( 0.000000000000000000, 0.000000000000000000, 1.000000000000000000 ) ) ;
#2601 = CARTESIAN_POINT ( 'NONE',  ( -32.57377388877674207, 15.32805449634253492, 0.000000000000000000 ) ) ;
#2602 = EDGE_LOOP ( 'NONE', ( #247, #864, #498, #4606 ) ) ;
#2603 = FACE_BOUND ( 'NONE', #4447, .T. ) ;
#2604 = CARTESIAN_POINT ( 'NONE',  ( -23.89999999999999503, 2.571758278209440971E-16, -29.00000000000000000 ) ) ;
#2605 = EDGE_LOOP ( 'NONE', ( #3411, #3765, #1137, #5165 ) ) ;
#2606 = PLANE ( 'NONE',  #1651 ) ;
#2607 = AXIS2_PLACEMENT_3D ( 'NONE', #1367, #4478, #416 ) ;
#2608 = CARTESIAN_POINT ( 'NONE',  ( -25.99999999999999645, -3.000000000000000000, -14.00000000000000178 ) ) ;
#2609 = DIRECTION ( 'NONE',  ( 1.000000000000000000, 0.000000000000000000, 0.000000000000000000 ) ) ;
#2610 = AXIS2_PLACEMENT_3D ( 'NONE', #3369, #5095, #5181 ) ;
#2611 = VECTOR ( 'NONE', #2084, 1000.000000000000000 ) ;
#2612 = VERTEX_POINT ( 'NONE', #1059 ) ;
#2613 = EDGE_LOOP ( 'NONE', ( #1859, #3637 ) ) ;
#2614 = DIRECTION ( 'NONE',  ( -0.000000000000000000, -0.000000000000000000, -1.000000000000000000 ) ) ;
#2615 = CIRCLE ( 'NONE', #5652, 1.250000000000001110 ) ;
#2616 = AXIS2_PLACEMENT_3D ( 'NONE', #1811, #54, #1878 ) ;
#2617 = AXIS2_PLACEMENT_3D ( 'NONE', #1157, #3493, #242 ) ;
#2618 = DIRECTION ( 'NONE',  ( 0.000000000000000000, -0.000000000000000000, 1.000000000000000000 ) ) ;
#2619 = EDGE_LOOP ( 'NONE', ( #916, #4103, #4242, #714 ) ) ;
#2620 = ORIENTED_EDGE ( 'NONE', *, *, #3567, .F. ) ;
#2621 = CIRCLE ( 'NONE', #3848, 1.250000000000001110 ) ;
#2622 = DIRECTION ( 'NONE',  ( 0.000000000000000000, 0.000000000000000000, 1.000000000000000000 ) ) ;
#2623 = AXIS2_PLACEMENT_3D ( 'NONE', #4689, #2885, #2350 ) ;
#2624 = CIRCLE ( 'NONE', #66, 1.250000000000001110 ) ;
#2625 = VERTEX_POINT ( 'NONE', #5632 ) ;
#2626 = CYLINDRICAL_SURFACE ( 'NONE', #4312, 1.250000000000001110 ) ;
#2627 = CARTESIAN_POINT ( 'NONE',  ( -25.99999999999999645, -1.444447458290426890E-31, -29.00000000000000000 ) ) ;
#2628 = ORIENTED_EDGE ( 'NONE', *, *, #386, .T. ) ;
#2629 = EDGE_CURVE ( 'NONE', #4605, #5875, #5510, .T. ) ;
#2630 = ADVANCED_FACE ( 'NONE', ( #3254 ), #2784, .F. ) ;
#2631 = DIRECTION ( 'NONE',  ( -0.000000000000000000, -0.000000000000000000, -1.000000000000000000 ) ) ;
#2632 = FACE_BOUND ( 'NONE', #1317, .T. ) ;
#2633 = CYLINDRICAL_SURFACE ( 'NONE', #158, 1.250000000000001110 ) ;
#2634 = ORIENTED_EDGE ( 'NONE', *, *, #1614, .F. ) ;
#2635 = DIRECTION ( 'NONE',  ( -0.000000000000000000, -0.000000000000000000, 1.000000000000000000 ) ) ;
#2636 = CARTESIAN_POINT ( 'NONE',  ( 18.59313226766133198, 31.54704048157931595, -3.535533905932740861 ) ) ;
#2637 = CARTESIAN_POINT ( 'NONE',  ( 0.000000000000000000, 0.000000000000000000, -5.000000000000000000 ) ) ;
#2638 = CARTESIAN_POINT ( 'NONE',  ( -5.119795286111484600, 0.000000000000000000, -6.630733614121488095 ) ) ;
#2639 = ORIENTED_EDGE ( 'NONE', *, *, #3085, .T. ) ;
#2640 = ORIENTED_EDGE ( 'NONE', *, *, #4000, .F. ) ;
#2641 = DIRECTION ( 'NONE',  ( -0.000000000000000000, -0.000000000000000000, 1.000000000000000000 ) ) ;
#2642 = FACE_OUTER_BOUND ( 'NONE', #749, .T. ) ;
#2643 = EDGE_CURVE ( 'NONE', #3106, #5412, #891, .T. ) ;
#2644 = EDGE_LOOP ( 'NONE', ( #804, #5262, #5480, #2438 ) ) ;
#2645 = EDGE_LOOP ( 'NONE', ( #213, #3394 ) ) ;
#2646 = EDGE_CURVE ( 'NONE', #2072, #3775, #526, .T. ) ;
#2647 = EDGE_CURVE ( 'NONE', #4538, #709, #1282, .T. ) ;
#2648 = ORIENTED_EDGE ( 'NONE', *, *, #955, .T. ) ;
#2649 = CARTESIAN_POINT ( 'NONE',  ( -21.20179551902009507, 22.61600908139318378, -5.000000000000000000 ) ) ;
#2650 = DIRECTION ( 'NONE',  ( -0.000000000000000000, -0.000000000000000000, -1.000000000000000000 ) ) ;
#2651 = EDGE_CURVE ( 'NONE', #3044, #4935, #1534, .T. ) ;
#2652 = ORIENTED_EDGE ( 'NONE', *, *, #1617, .T. ) ;
#2653 = PRESENTATION_STYLE_ASSIGNMENT (( #3509 ) ) ;
#2654 = CARTESIAN_POINT ( 'NONE',  ( 37.17896222341780543, -2.260458703054892382, -3.535533905932740861 ) ) ;
#2655 = DIRECTION ( 'NONE',  ( 1.000000000000000000, 0.000000000000000000, 0.000000000000000000 ) ) ;
#2656 = EDGE_CURVE ( 'NONE', #3127, #395, #330, .T. ) ;
#2657 = LINE ( 'NONE', #4976, #3752 ) ;
#2658 = ADVANCED_FACE ( 'NONE', ( #1030 ), #2839, .F. ) ;
#2659 = VERTEX_POINT ( 'NONE', #2904 ) ;
#2660 = CARTESIAN_POINT ( 'NONE',  ( -24.64369581343264315, -26.24287058717094823, -3.535533905932740861 ) ) ;
#2661 = EDGE_CURVE ( 'NONE', #1018, #342, #4233, .T. ) ;
#2662 = CYLINDRICAL_SURFACE ( 'NONE', #3465, 1.250000000000001110 ) ;
#2663 = EDGE_CURVE ( 'NONE', #4931, #2160, #1661, .T. ) ;
#2664 = FACE_BOUND ( 'NONE', #3308, .T. ) ;
#2665 = DIRECTION ( 'NONE',  ( 1.000000000000000000, 0.000000000000000000, 0.000000000000000000 ) ) ;
#2666 = ORIENTED_EDGE ( 'NONE', *, *, #1794, .F. ) ;
#2667 = ORIENTED_EDGE ( 'NONE', *, *, #1254, .T. ) ;
#2668 = CARTESIAN_POINT ( 'NONE',  ( -37.17896222341777701, 2.260458703055158836, 0.000000000000000000 ) ) ;
#2669 = PLANE ( 'NONE',  #2607 ) ;
#2670 = EDGE_CURVE ( 'NONE', #3894, #1736, #4408, .T. ) ;
#2671 = CARTESIAN_POINT ( 'NONE',  ( 19.91026908252928607, -29.12461179749791640, 2.000000000000000000 ) ) ;
#2672 = ORIENTED_EDGE ( 'NONE', *, *, #2824, .T. ) ;
#2673 = AXIS2_PLACEMENT_3D ( 'NONE', #1032, #143, #3346 ) ;
#2674 = ORIENTED_EDGE ( 'NONE', *, *, #3017, .T. ) ;
#2675 = COLOUR_RGB ( '',0.7921568627450980005, 0.8196078431372548767, 0.9333333333333333481 ) ;
#2676 = CARTESIAN_POINT ( 'NONE',  ( -26.48847673992829854, -22.94726363095296762, 2.000000000000000000 ) ) ;
#2677 = VERTEX_POINT ( 'NONE', #5298 ) ;
#2678 = AXIS2_PLACEMENT_3D ( 'NONE', #2001, #3327, #3795 ) ;
#2679 = AXIS2_PLACEMENT_3D ( 'NONE', #1099, #3877, #5695 ) ;
#2680 = EDGE_LOOP ( 'NONE', ( #4123, #2358 ) ) ;
#2681 = DIRECTION ( 'NONE',  ( 0.7071067811865473507, 0.7071067811865477948, 0.000000000000000000 ) ) ;
#2682 = DIRECTION ( 'NONE',  ( -1.000000000000000000, 0.000000000000000000, 0.000000000000000000 ) ) ;
#2683 = VERTEX_POINT ( 'NONE', #3425 ) ;
#2684 = AXIS2_PLACEMENT_3D ( 'NONE', #243, #1012, #2819 ) ;
#2685 = AXIS2_PLACEMENT_3D ( 'NONE', #1572, #5192, #1132 ) ;
#2686 = CARTESIAN_POINT ( 'NONE',  ( 0.000000000000000000, 0.000000000000000000, 0.000000000000000000 ) ) ;
#2687 = DIRECTION ( 'NONE',  ( 0.3090169943749608295, -0.9510565162951492013, 0.000000000000000000 ) ) ;
#2688 = ORIENTED_EDGE ( 'NONE', *, *, #3961, .F. ) ;
#2689 = FACE_BOUND ( 'NONE', #4720, .T. ) ;
#2690 = EDGE_CURVE ( 'NONE', #5685, #4930, #2792, .T. ) ;
#2691 = ORIENTED_EDGE ( 'NONE', *, *, #3745, .F. ) ;
#2692 = DIRECTION ( 'NONE',  ( -0.6340795882070467959, 0.000000000000000000, 0.7732677904963985993 ) ) ;
#2693 = LINE ( 'NONE', #1328, #3181 ) ;
#2694 = DIRECTION ( 'NONE',  ( -0.000000000000000000, 0.000000000000000000, 1.000000000000000000 ) ) ;
#2695 = CARTESIAN_POINT ( 'NONE',  ( -13.25248389664818838, -33.47195349197713199, -3.535533905932740861 ) ) ;
#2696 = ORIENTED_EDGE ( 'NONE', *, *, #3243, .T. ) ;
#2697 = ORIENTED_EDGE ( 'NONE', *, *, #3692, .T. ) ;
#2698 = AXIS2_PLACEMENT_3D ( 'NONE', #4186, #4938, #2687 ) ;
#2699 = EDGE_CURVE ( 'NONE', #4267, #5581, #5160, .T. ) ;
#2700 = CARTESIAN_POINT ( 'NONE',  ( 1.730458901388163273, 1.788864267377882511, -4.210179781315881442 ) ) ;
#2701 = EDGE_CURVE ( 'NONE', #1200, #4619, #235, .T. ) ;
#2702 = EDGE_CURVE ( 'NONE', #4298, #620, #5770, .T. ) ;
#2703 = CARTESIAN_POINT ( 'NONE',  ( 8.952835937935043731, -34.86899380063064768, -3.535533905932740861 ) ) ;
#2704 = DIRECTION ( 'NONE',  ( 1.000000000000000000, 0.000000000000000000, 0.000000000000000000 ) ) ;
#2705 = AXIS2_PLACEMENT_3D ( 'NONE', #4311, #3866, #1684 ) ;
#2706 = AXIS2_PLACEMENT_3D ( 'NONE', #2926, #3799, #5707 ) ;
#2707 = EDGE_LOOP ( 'NONE', ( #3876, #1510 ) ) ;
#2708 = ORIENTED_EDGE ( 'NONE', *, *, #662, .F. ) ;
#2709 = CARTESIAN_POINT ( 'NONE',  ( -1.734935157289747343, 1.800000000000000044, -5.500000000000000000 ) ) ;
#2710 = CIRCLE ( 'NONE', #3462, 1.250000000000001332 ) ;
#2711 = CIRCLE ( 'NONE', #1103, 1.250000000000000666 ) ;
#2712 = VECTOR ( 'NONE', #4630, 1000.000000000000000 ) ;
#2713 = EDGE_LOOP ( 'NONE', ( #3676, #3507, #3730, #3624, #2232, #5086 ) ) ;
#2714 = EDGE_LOOP ( 'NONE', ( #4115, #608 ) ) ;
#2715 = CARTESIAN_POINT ( 'NONE',  ( 30.99999999999999289, 0.000000000000000000, -34.00000000000000000 ) ) ;
#2716 = VECTOR ( 'NONE', #3073, 1000.000000000000000 ) ;
#2717 = DIRECTION ( 'NONE',  ( 1.000000000000000000, 0.000000000000000000, 0.000000000000000000 ) ) ;
#2718 = ORIENTED_EDGE ( 'NONE', *, *, #3708, .T. ) ;
#2719 = CARTESIAN_POINT ( 'NONE',  ( 0.000000000000000000, 0.000000000000000000, 0.000000000000000000 ) ) ;
#2720 = CIRCLE ( 'NONE', #162, 31.00000000000000355 ) ;
#2721 = DIRECTION ( 'NONE',  ( -0.000000000000000000, 0.000000000000000000, 1.000000000000000000 ) ) ;
#2722 = ORIENTED_EDGE ( 'NONE', *, *, #666, .F. ) ;
#2723 = FACE_BOUND ( 'NONE', #2127, .T. ) ;
#2724 = CARTESIAN_POINT ( 'NONE',  ( 0.000000000000000000, 0.000000000000000000, -6.500000000000000888 ) ) ;
#2725 = AXIS2_PLACEMENT_3D ( 'NONE', #1799, #3123, #4099 ) ;
#2726 = EDGE_LOOP ( 'NONE', ( #510, #1326, #2300, #1671 ) ) ;
#2727 = DIRECTION ( 'NONE',  ( -0.000000000000000000, -0.000000000000000000, -1.000000000000000000 ) ) ;
#2728 = EDGE_CURVE ( 'NONE', #4969, #5031, #1470, .T. ) ;
#2729 = DIRECTION ( 'NONE',  ( 1.000000000000000000, 0.000000000000000000, 0.000000000000000000 ) ) ;
#2730 = FACE_BOUND ( 'NONE', #5706, .T. ) ;
#2731 = DIRECTION ( 'NONE',  ( 1.000000000000000000, 0.000000000000000000, 0.000000000000000000 ) ) ;
#2732 = ORIENTED_EDGE ( 'NONE', *, *, #194, .T. ) ;
#2733 = EDGE_CURVE ( 'NONE', #191, #2422, #1152, .T. ) ;
#2734 = ORIENTED_EDGE ( 'NONE', *, *, #746, .T. ) ;
#2735 = CARTESIAN_POINT ( 'NONE',  ( 0.000000000000000000, 0.000000000000000000, -34.00000000000000000 ) ) ;
#2736 = DIRECTION ( 'NONE',  ( 1.000000000000000000, 0.000000000000000000, 0.000000000000000000 ) ) ;
#2737 = DIRECTION ( 'NONE',  ( 1.000000000000000000, 0.000000000000000000, 0.000000000000000000 ) ) ;
#2738 = VERTEX_POINT ( 'NONE', #5273 ) ;
#2739 = ORIENTED_EDGE ( 'NONE', *, *, #128, .T. ) ;
#2740 = CARTESIAN_POINT ( 'NONE',  ( -12.00248389664818838, -33.47195349197713199, 0.000000000000000000 ) ) ;
#2741 = ORIENTED_EDGE ( 'NONE', *, *, #3012, .T. ) ;
#2742 = ORIENTED_EDGE ( 'NONE', *, *, #4329, .T. ) ;
#2743 = CARTESIAN_POINT ( 'NONE',  ( 22.41026908252864658, 29.12461179749838180, 0.000000000000000000 ) ) ;
#2744 = DIRECTION ( 'NONE',  ( 0.000000000000000000, 0.000000000000000000, 1.000000000000000000 ) ) ;
#2745 = ORIENTED_EDGE ( 'NONE', *, *, #2041, .T. ) ;
#2746 = LINE ( 'NONE', #5092, #3710 ) ;
#2747 = ORIENTED_EDGE ( 'NONE', *, *, #4693, .F. ) ;
#2748 = FACE_BOUND ( 'NONE', #2175, .T. ) ;
#2749 = LINE ( 'NONE', #1774, #5664 ) ;
#2750 = DIRECTION ( 'NONE',  ( 0.9297764858882511252, 0.3681245526846784188, 0.000000000000000000 ) ) ;
#2751 = LINE ( 'NONE', #1057, #2873 ) ;
#2752 = CARTESIAN_POINT ( 'NONE',  ( 27.73847673992861829, -22.94726363095257682, -3.535533905932740861 ) ) ;
#2753 = CARTESIAN_POINT ( 'NONE',  ( -8.952835937934539245, -34.86899380063077558, 0.000000000000000000 ) ) ;
#2754 = DIRECTION ( 'NONE',  ( -0.000000000000000000, -0.000000000000000000, 1.000000000000000000 ) ) ;
#2755 = ORIENTED_EDGE ( 'NONE', *, *, #5416, .T. ) ;
#2756 = ORIENTED_EDGE ( 'NONE', *, *, #5471, .F. ) ;
#2757 = DIRECTION ( 'NONE',  ( 1.000000000000000000, 0.000000000000000000, 0.000000000000000000 ) ) ;
#2758 = AXIS2_PLACEMENT_3D ( 'NONE', #1164, #5678, #2976 ) ;
#2759 = DIRECTION ( 'NONE',  ( 0.000000000000000000, 0.000000000000000000, 1.000000000000000000 ) ) ;
#2760 = ADVANCED_FACE ( 'NONE', ( #3903 ), #1218, .F. ) ;
#2761 = DIRECTION ( 'NONE',  ( 0.3090169943749608295, -0.9510565162951492013, 0.000000000000000000 ) ) ;
#2762 = ORIENTED_EDGE ( 'NONE', *, *, #3264, .F. ) ;
#2763 = ORIENTED_EDGE ( 'NONE', *, *, #4367, .F. ) ;
#2764 = DIRECTION ( 'NONE',  ( 1.000000000000000000, 0.000000000000000000, 0.000000000000000000 ) ) ;
#2765 = EDGE_CURVE ( 'NONE', #5758, #709, #2962, .T. ) ;
#2766 = VERTEX_POINT ( 'NONE', #4736 ) ;
#2767 = EDGE_LOOP ( 'NONE', ( #3802, #5344, #4460, #1287 ) ) ;
#2768 = PLANE ( 'NONE',  #2426 ) ;
#2769 = AXIS2_PLACEMENT_3D ( 'NONE', #1991, #3783, #5073 ) ;
#2770 = DIRECTION ( 'NONE',  ( 0.000000000000000000, 0.000000000000000000, -1.000000000000000000 ) ) ;
#2771 = VERTEX_POINT ( 'NONE', #705 ) ;
#2772 = EDGE_CURVE ( 'NONE', #4549, #5031, #4287, .T. ) ;
#2773 = EDGE_CURVE ( 'NONE', #4061, #4299, #740, .T. ) ;
#2774 = DIRECTION ( 'NONE',  ( 0.000000000000000000, 0.000000000000000000, -1.000000000000000000 ) ) ;
#2775 = VECTOR ( 'NONE', #270, 1000.000000000000000 ) ;
#2776 = CIRCLE ( 'NONE', #223, 1.250000000000000222 ) ;
#2777 = ORIENTED_EDGE ( 'NONE', *, *, #5750, .T. ) ;
#2778 = DIRECTION ( 'NONE',  ( 1.000000000000000000, 0.000000000000000000, 0.000000000000000000 ) ) ;
#2779 = DIRECTION ( 'NONE',  ( -1.000000000000000000, 0.000000000000000000, 0.000000000000000000 ) ) ;
#2780 = VECTOR ( 'NONE', #1402, 1000.000000000000000 ) ;
#2781 = AXIS2_PLACEMENT_3D ( 'NONE', #966, #5451, #1899 ) ;
#2782 = ORIENTED_EDGE ( 'NONE', *, *, #3703, .F. ) ;
#2783 = DIRECTION ( 'NONE',  ( -0.000000000000000000, -0.000000000000000000, -1.000000000000000000 ) ) ;
#2784 = CYLINDRICAL_SURFACE ( 'NONE', #240, 1.250000000000001110 ) ;
#2785 = FACE_BOUND ( 'NONE', #3584, .T. ) ;
#2786 = DIRECTION ( 'NONE',  ( 1.000000000000000000, 0.000000000000000000, 0.000000000000000000 ) ) ;
#2787 = VERTEX_POINT ( 'NONE', #5666 ) ;
#2788 = DIRECTION ( 'NONE',  ( -0.9297764858882490158, -0.3681245526846842475, 0.000000000000000000 ) ) ;
#2789 = CARTESIAN_POINT ( 'NONE',  ( -3.261996408314709051, -35.71612924732123417, 2.000000000000000000 ) ) ;
#2790 = DIRECTION ( 'NONE',  ( -0.000000000000000000, -0.000000000000000000, 1.000000000000000000 ) ) ;
#2791 = ORIENTED_EDGE ( 'NONE', *, *, #3484, .F. ) ;
#2792 = CIRCLE ( 'NONE', #1666, 1.250000000000001332 ) ;
#2793 = ORIENTED_EDGE ( 'NONE', *, *, #5778, .T. ) ;
#2794 = CYLINDRICAL_SURFACE ( 'NONE', #5468, 1.250000000000001110 ) ;
#2795 = VECTOR ( 'NONE', #5621, 1000.000000000000000 ) ;
#2796 = ORIENTED_EDGE ( 'NONE', *, *, #1795, .T. ) ;
#2797 = EDGE_LOOP ( 'NONE', ( #982, #1845, #4155, #1514 ) ) ;
#2798 = FACE_OUTER_BOUND ( 'NONE', #3683, .T. ) ;
#2799 = CYLINDRICAL_SURFACE ( 'NONE', #5738, 1.250000000000001110 ) ;
#2800 = ORIENTED_EDGE ( 'NONE', *, *, #3314, .F. ) ;
#2801 = VECTOR ( 'NONE', #1211, 1000.000000000000000 ) ;
#2802 = CIRCLE ( 'NONE', #525, 1.250000000000001110 ) ;
#2803 = CARTESIAN_POINT ( 'NONE',  ( -7.500000000000000000, -20.00000000000000000, -21.21320343559642652 ) ) ;
#2804 = VECTOR ( 'NONE', #664, 1000.000000000000000 ) ;
#2805 = EDGE_LOOP ( 'NONE', ( #2490, #1071, #3977, #5302 ) ) ;
#2806 = CARTESIAN_POINT ( 'NONE',  ( 0.000000000000000000, 0.000000000000000000, 0.000000000000000000 ) ) ;
#2807 = DIRECTION ( 'NONE',  ( -1.000000000000000000, 0.000000000000000000, 0.000000000000000000 ) ) ;
#2808 = CARTESIAN_POINT ( 'NONE',  ( 1.734935157289746233, -1.800000000000000711, -4.000000000000000000 ) ) ;
#2809 = ADVANCED_FACE ( 'NONE', ( #2518 ), #1597, .T. ) ;
#2810 = AXIS2_PLACEMENT_3D ( 'NONE', #1330, #3137, #3635 ) ;
#2811 = CARTESIAN_POINT ( 'NONE',  ( -7.702835937934791488, 34.86899380063071874, -3.535533905932740861 ) ) ;
#2812 = CARTESIAN_POINT ( 'NONE',  ( -34.23803458662548138, -11.12461179749825746, 0.000000000000000000 ) ) ;
#2813 = CARTESIAN_POINT ( 'NONE',  ( 25.99999999999999645, 3.000000000000000000, -14.00000000000000178 ) ) ;
#2814 = AXIS2_PLACEMENT_3D ( 'NONE', #2627, #4848, #820 ) ;
#2815 = DIRECTION ( 'NONE',  ( 1.000000000000000000, 0.000000000000000000, 0.000000000000000000 ) ) ;
#2816 = VERTEX_POINT ( 'NONE', #286 ) ;
#2817 = CARTESIAN_POINT ( 'NONE',  ( -28.98847673992830209, -22.94726363095296762, 2.000000000000000000 ) ) ;
#2818 = DIRECTION ( 'NONE',  ( 1.000000000000000000, 0.000000000000000000, 0.000000000000000000 ) ) ;
#2819 = DIRECTION ( 'NONE',  ( 1.000000000000000000, 0.000000000000000000, 0.000000000000000000 ) ) ;
#2820 = ORIENTED_EDGE ( 'NONE', *, *, #1861, .T. ) ;
#2821 = EDGE_LOOP ( 'NONE', ( #4304, #5681, #69, #2893 ) ) ;
#2822 = PRODUCT_DEFINITION_SHAPE ( 'NONE', 'NONE',  #3304 ) ;
#2823 = DIRECTION ( 'NONE',  ( -1.000000000000000000, 0.000000000000000000, 0.000000000000000000 ) ) ;
#2824 = EDGE_CURVE ( 'NONE', #709, #4538, #4974, .T. ) ;
#2825 = DIRECTION ( 'NONE',  ( 0.000000000000000000, 0.000000000000000000, -1.000000000000000000 ) ) ;
#2826 = ORIENTED_EDGE ( 'NONE', *, *, #739, .T. ) ;
#2827 = CARTESIAN_POINT ( 'NONE',  ( -3.261996408314709051, -35.71612924732123417, -3.535533905932739085 ) ) ;
#2828 = CARTESIAN_POINT ( 'NONE',  ( 0.000000000000000000, 0.2999999999999999334, -5.500000000000000000 ) ) ;
#2829 = EDGE_LOOP ( 'NONE', ( #4789, #5489 ) ) ;
#2830 = EDGE_CURVE ( 'NONE', #4733, #214, #2514, .T. ) ;
#2831 = EDGE_CURVE ( 'NONE', #723, #3704, #2159, .T. ) ;
#2832 = DIRECTION ( 'NONE',  ( -1.000000000000000000, 0.000000000000000000, 0.000000000000000000 ) ) ;
#2833 = EDGE_CURVE ( 'NONE', #4587, #1611, #805, .T. ) ;
#2834 = EDGE_LOOP ( 'NONE', ( #4251, #4180, #4639, #5027 ) ) ;
#2835 = DIRECTION ( 'NONE',  ( -0.6340795882070467959, -5.664606923615612833E-17, -0.7732677904963985993 ) ) ;
#2836 = FACE_OUTER_BOUND ( 'NONE', #4846, .T. ) ;
#2837 = CARTESIAN_POINT ( 'NONE',  ( -5.761996408314709051, -35.71612924732123417, 0.000000000000000000 ) ) ;
#2838 = CARTESIAN_POINT ( 'NONE',  ( 4.675038617911399186, -3.260825055538298933, 0.000000000000000000 ) ) ;
#2839 = CYLINDRICAL_SURFACE ( 'NONE', #1194, 1.250000000000001110 ) ;
#2840 = EDGE_CURVE ( 'NONE', #815, #2440, #3963, .T. ) ;
#2841 = CARTESIAN_POINT ( 'NONE',  ( 5.761996408314459472, 35.71612924732126260, 2.000000000000000000 ) ) ;
#2842 = EDGE_CURVE ( 'NONE', #2625, #1492, #1562, .T. ) ;
#2843 = CARTESIAN_POINT ( 'NONE',  ( 25.99999999999999645, 1.444447458290426890E-31, -24.00000000000000000 ) ) ;
#2844 = ORIENTED_EDGE ( 'NONE', *, *, #4599, .F. ) ;
#2845 = FACE_OUTER_BOUND ( 'NONE', #5809, .T. ) ;
#2846 = EDGE_CURVE ( 'NONE', #1895, #2261, #5821, .T. ) ;
#2847 = LINE ( 'NONE', #5161, #2048 ) ;
#2848 = DIRECTION ( 'NONE',  ( 1.000000000000000000, 0.000000000000000000, 0.000000000000000000 ) ) ;
#2849 = ORIENTED_EDGE ( 'NONE', *, *, #4329, .F. ) ;
#2850 = FACE_OUTER_BOUND ( 'NONE', #1314, .T. ) ;
#2851 = ORIENTED_EDGE ( 'NONE', *, *, #727, .F. ) ;
#2852 = LINE ( 'NONE', #601, #2977 ) ;
#2853 = EDGE_CURVE ( 'NONE', #3894, #3544, #3126, .T. ) ;
#2854 = CARTESIAN_POINT ( 'NONE',  ( 0.000000000000000000, 0.2999999999999999334, -4.000000000000000000 ) ) ;
#2855 = ORIENTED_EDGE ( 'NONE', *, *, #2528, .T. ) ;
#2856 = CYLINDRICAL_SURFACE ( 'NONE', #818, 1.250000000000000444 ) ;
#2857 = DIRECTION ( 'NONE',  ( 0.000000000000000000, 0.000000000000000000, 1.000000000000000000 ) ) ;
#2858 = VERTEX_POINT ( 'NONE', #1913 ) ;
#2859 = FACE_OUTER_BOUND ( 'NONE', #2680, .T. ) ;
#2860 = CIRCLE ( 'NONE', #2017, 5.699909308207391945 ) ;
#2861 = ORIENTED_EDGE ( 'NONE', *, *, #2396, .F. ) ;
#2862 = FACE_OUTER_BOUND ( 'NONE', #5149, .T. ) ;
#2863 = CARTESIAN_POINT ( 'NONE',  ( -1.077578913856899412, -0.4689062275034607263, -5.500000000000002665 ) ) ;
#2864 = ORIENTED_EDGE ( 'NONE', *, *, #1190, .F. ) ;
#2865 = AXIS2_PLACEMENT_3D ( 'NONE', #1508, #2935, #5126 ) ;
#2866 = DIRECTION ( 'NONE',  ( 0.1873813145857382290, -0.9822872507286861676, 0.000000000000000000 ) ) ;
#2867 = VECTOR ( 'NONE', #1457, 1000.000000000000000 ) ;
#2868 = DIRECTION ( 'NONE',  ( -0.000000000000000000, -0.000000000000000000, -1.000000000000000000 ) ) ;
#2869 = DIRECTION ( 'NONE',  ( 1.000000000000000000, 0.000000000000000000, 0.000000000000000000 ) ) ;
#2870 = EDGE_CURVE ( 'NONE', #4590, #4783, #4596, .T. ) ;
#2871 = FACE_BOUND ( 'NONE', #132, .T. ) ;
#2872 = AXIS2_PLACEMENT_3D ( 'NONE', #5385, #1803, #3597 ) ;
#2873 = VECTOR ( 'NONE', #4676, 1000.000000000000000 ) ;
#2874 = DIRECTION ( 'NONE',  ( -0.000000000000000000, -0.000000000000000000, 1.000000000000000000 ) ) ;
#2875 = ORIENTED_EDGE ( 'NONE', *, *, #1628, .F. ) ;
#2876 = FACE_OUTER_BOUND ( 'NONE', #657, .T. ) ;
#2877 = VECTOR ( 'NONE', #4708, 1000.000000000000000 ) ;
#2878 = CARTESIAN_POINT ( 'NONE',  ( 28.98847673992813867, 22.94726363095315591, 2.000000000000000000 ) ) ;
#2879 = CARTESIAN_POINT ( 'NONE',  ( 8.952835937934295885, 34.86899380063083953, -3.535533905932740861 ) ) ;
#2880 = ADVANCED_FACE ( 'NONE', ( #5085 ), #3158, .F. ) ;
#2881 = ORIENTED_EDGE ( 'NONE', *, *, #1795, .F. ) ;
#2882 = EDGE_LOOP ( 'NONE', ( #4493, #3355, #327, #1429 ) ) ;
#2883 = EDGE_LOOP ( 'NONE', ( #5712, #2844 ) ) ;
#2884 = EDGE_CURVE ( 'NONE', #2787, #4433, #5818, .T. ) ;
#2885 = DIRECTION ( 'NONE',  ( 0.000000000000000000, 0.000000000000000000, 1.000000000000000000 ) ) ;
#2886 = EDGE_CURVE ( 'NONE', #1670, #4448, #3170, .T. ) ;
#2887 = DIRECTION ( 'NONE',  ( -0.7071067811865477948, 0.7071067811865473507, 0.000000000000000000 ) ) ;
#2888 = ORIENTED_EDGE ( 'NONE', *, *, #2205, .T. ) ;
#2889 = DIRECTION ( 'NONE',  ( 1.000000000000000000, 0.000000000000000000, 0.000000000000000000 ) ) ;
#2890 = EDGE_LOOP ( 'NONE', ( #326, #3926, #5763, #1466 ) ) ;
#2891 = VECTOR ( 'NONE', #4322, 1000.000000000000000 ) ;
#2892 = CARTESIAN_POINT ( 'NONE',  ( 25.99999999999999645, 1.444447458290426890E-31, -29.00000000000000000 ) ) ;
#2893 = ORIENTED_EDGE ( 'NONE', *, *, #345, .F. ) ;
#2894 = CARTESIAN_POINT ( 'NONE',  ( -30.99999999999999289, 3.796405077356794326E-15, -14.00000000000001243 ) ) ;
#2895 = AXIS2_PLACEMENT_3D ( 'NONE', #137, #4642, #4703 ) ;
#2896 = CIRCLE ( 'NONE', #3832, 2.100000000000000977 ) ;
#2897 = DIRECTION ( 'NONE',  ( 0.000000000000000000, -0.000000000000000000, 1.000000000000000000 ) ) ;
#2898 = ORIENTED_EDGE ( 'NONE', *, *, #4357, .T. ) ;
#2899 = FACE_OUTER_BOUND ( 'NONE', #4890, .T. ) ;
#2900 = DIRECTION ( 'NONE',  ( -1.000000000000000000, -8.933589771645418770E-17, 0.000000000000000000 ) ) ;
#2901 = AXIS2_PLACEMENT_3D ( 'NONE', #2178, #2770, #2682 ) ;
#2902 = AXIS2_PLACEMENT_3D ( 'NONE', #1616, #1171, #2922 ) ;
#2903 = VECTOR ( 'NONE', #3969, 1000.000000000000000 ) ;
#2904 = CARTESIAN_POINT ( 'NONE',  ( -32.99999999999999289, 4.041334437186265411E-15, -34.00000000000000000 ) ) ;
#2905 = EDGE_CURVE ( 'NONE', #3769, #3934, #2244, .T. ) ;
#2906 = CARTESIAN_POINT ( 'NONE',  ( 3.625503238973864395, 4.439960936907704791E-16, -6.500000000000000888 ) ) ;
#2907 = CARTESIAN_POINT ( 'NONE',  ( 3.156093203020910121, 4.570306765394047233, -1.666683961457740226 ) ) ;
#2908 = CIRCLE ( 'NONE', #1206, 2.500000000000000000 ) ;
#2909 = CIRCLE ( 'NONE', #2810, 7.500000000000000000 ) ;
#2910 = VERTEX_POINT ( 'NONE', #457 ) ;
#2911 = DIRECTION ( 'NONE',  ( -0.7071067811865451302, -0.7071067811865500152, 0.000000000000000000 ) ) ;
#2912 = EDGE_CURVE ( 'NONE', #5295, #2170, #4635, .T. ) ;
#2913 = DIRECTION ( 'NONE',  ( -0.000000000000000000, 0.000000000000000000, 1.000000000000000000 ) ) ;
#2914 = DIRECTION ( 'NONE',  ( 1.000000000000000000, 0.000000000000000000, 0.000000000000000000 ) ) ;
#2915 = EDGE_CURVE ( 'NONE', #5759, #5835, #5539, .T. ) ;
#2916 = ORIENTED_EDGE ( 'NONE', *, *, #922, .T. ) ;
#2917 = ORIENTED_EDGE ( 'NONE', *, *, #917, .T. ) ;
#2918 = EDGE_LOOP ( 'NONE', ( #5773, #2375 ) ) ;
#2919 = DIRECTION ( 'NONE',  ( 0.000000000000000000, 0.000000000000000000, -1.000000000000000000 ) ) ;
#2920 = DIRECTION ( 'NONE',  ( -0.7071067811865451302, -0.7071067811865500152, 0.000000000000000000 ) ) ;
#2921 = VERTEX_POINT ( 'NONE', #572 ) ;
#2922 = DIRECTION ( 'NONE',  ( 1.000000000000000000, 0.000000000000000000, 0.000000000000000000 ) ) ;
#2923 = EDGE_CURVE ( 'NONE', #2332, #773, #5411, .T. ) ;
#2924 = AXIS2_PLACEMENT_3D ( 'NONE', #5629, #2959, #2866 ) ;
#2925 = ORIENTED_EDGE ( 'NONE', *, *, #361, .T. ) ;
#2926 = CARTESIAN_POINT ( 'NONE',  ( -34.23803458662548138, -11.12461179749825746, 0.000000000000000000 ) ) ;
#2927 = EDGE_LOOP ( 'NONE', ( #844, #1080, #1747, #3588, #5382 ) ) ;
#2928 = CARTESIAN_POINT ( 'NONE',  ( 35.92896222341774859, 2.260458703055677088, -3.535533905932739085 ) ) ;
#2929 = LINE ( 'NONE', #3310, #3289 ) ;
#2930 = VERTEX_POINT ( 'NONE', #4459 ) ;
#2931 = FACE_OUTER_BOUND ( 'NONE', #5060, .T. ) ;
#2932 = CARTESIAN_POINT ( 'NONE',  ( -2.946216931680112783, -4.360430494053213479, -5.000000000000000000 ) ) ;
#2933 = ADVANCED_FACE ( 'NONE', ( #824 ), #2351, .F. ) ;
#2934 = CARTESIAN_POINT ( 'NONE',  ( -30.99999999999999289, 3.796405077356794326E-15, -34.00000000000000000 ) ) ;
#2935 = DIRECTION ( 'NONE',  ( 0.000000000000000000, 0.000000000000000000, 1.000000000000000000 ) ) ;
#2936 = CARTESIAN_POINT ( 'NONE',  ( 22.61600908139310206, 21.20179551902017678, -4.999999999999997335 ) ) ;
#2937 = ORIENTED_EDGE ( 'NONE', *, *, #1969, .T. ) ;
#2938 = CARTESIAN_POINT ( 'NONE',  ( 31.64580531807272124, -19.28976461924359498, 0.000000000000000000 ) ) ;
#2939 = CARTESIAN_POINT ( 'NONE',  ( -7.702835937934540134, -34.86899380063077558, -3.535533905932740861 ) ) ;
#2940 = DIRECTION ( 'NONE',  ( 1.000000000000000000, 0.000000000000000000, 0.000000000000000000 ) ) ;
#2941 = ORIENTED_EDGE ( 'NONE', *, *, #1368, .F. ) ;
#2942 = ORIENTED_EDGE ( 'NONE', *, *, #5656, .F. ) ;
#2943 = ORIENTED_EDGE ( 'NONE', *, *, #5310, .F. ) ;
#2944 = DIRECTION ( 'NONE',  ( -0.000000000000000000, 0.000000000000000000, -1.000000000000000000 ) ) ;
#2945 = EDGE_CURVE ( 'NONE', #4457, #725, #2181, .T. ) ;
#2946 = CIRCLE ( 'NONE', #765, 1.250000000000001998 ) ;
#2947 = CARTESIAN_POINT ( 'NONE',  ( -4.511996408314963958, 35.71612924732120575, 2.000000000000000000 ) ) ;
#2948 = EDGE_CURVE ( 'NONE', #4517, #2422, #5345, .T. ) ;
#2949 = ORIENTED_EDGE ( 'NONE', *, *, #5167, .T. ) ;
#2950 = CARTESIAN_POINT ( 'NONE',  ( -32.99999999999999289, 4.041334437186265411E-15, 0.000000000000000000 ) ) ;
#2951 = AXIS2_PLACEMENT_3D ( 'NONE', #673, #5153, #2076 ) ;
#2952 = ORIENTED_EDGE ( 'NONE', *, *, #5024, .T. ) ;
#2953 = FACE_OUTER_BOUND ( 'NONE', #516, .T. ) ;
#2954 = ORIENTED_EDGE ( 'NONE', *, *, #1620, .T. ) ;
#2955 = FACE_OUTER_BOUND ( 'NONE', #3215, .T. ) ;
#2956 = DIRECTION ( 'NONE',  ( -1.000000000000000000, 0.000000000000000000, 0.000000000000000000 ) ) ;
#2957 = ORIENTED_EDGE ( 'NONE', *, *, #1254, .F. ) ;
#2958 = EDGE_CURVE ( 'NONE', #2451, #2356, #1646, .T. ) ;
#2959 = DIRECTION ( 'NONE',  ( 0.000000000000000000, 0.000000000000000000, 1.000000000000000000 ) ) ;
#2960 = CARTESIAN_POINT ( 'NONE',  ( 30.39580531807231623, 19.28976461924423447, 2.000000000000000000 ) ) ;
#2961 = AXIS2_PLACEMENT_3D ( 'NONE', #3970, #3029, #3080 ) ;
#2962 = LINE ( 'NONE', #5718, #2136 ) ;
#2963 = DIRECTION ( 'NONE',  ( 0.1873813145857217421, 0.9822872507286891652, 0.000000000000000000 ) ) ;
#2964 = B_SPLINE_CURVE_WITH_KNOTS ( 'NONE', 3,
 ( #77, #5508, #4168, #461, #5483, #2275, #1837, #3630, #1447, #3220, #5450, #1388, #3194, #2808 ),
 .UNSPECIFIED., .F., .F.,
 ( 4, 2, 2, 2, 2, 2, 4 ),
 ( -7.930785746097398744E-06, 0.0006200370966003252186, 0.0009340210377735363003, 0.001248004978946747490, 0.001875972861293169003, 0.002189956802466379217, 0.002503940743639589215 ),
 .UNSPECIFIED. ) ;
#2965 = CARTESIAN_POINT ( 'NONE',  ( 8.952835937934295885, 34.86899380063083953, 2.000000000000000000 ) ) ;
#2966 = AXIS2_PLACEMENT_3D ( 'NONE', #2158, #2600, #3984 ) ;
#2967 = EDGE_LOOP ( 'NONE', ( #2087, #4784, #5643, #4584 ) ) ;
#2968 = CYLINDRICAL_SURFACE ( 'NONE', #4577, 1.250000000000001110 ) ;
#2969 = CARTESIAN_POINT ( 'NONE',  ( 28.09999999999999787, 2.571758278209443929E-16, -24.00000000000000000 ) ) ;
#2970 = AXIS2_PLACEMENT_3D ( 'NONE', #4778, #1222, #4714 ) ;
#2971 = LINE ( 'NONE', #5698, #2775 ) ;
#2972 = VERTEX_POINT ( 'NONE', #1743 ) ;
#2973 = VERTEX_POINT ( 'NONE', #4911 ) ;
#2974 = ORIENTED_EDGE ( 'NONE', *, *, #734, .T. ) ;
#2975 = CIRCLE ( 'NONE', #313, 1.250000000000000888 ) ;
#2976 = DIRECTION ( 'NONE',  ( 1.000000000000000000, 0.000000000000000000, 0.000000000000000000 ) ) ;
#2977 = VECTOR ( 'NONE', #4212, 1000.000000000000114 ) ;
#2978 = DIRECTION ( 'NONE',  ( 0.000000000000000000, 0.000000000000000000, 1.000000000000000000 ) ) ;
#2979 = ORIENTED_EDGE ( 'NONE', *, *, #2915, .T. ) ;
#2980 = DIRECTION ( 'NONE',  ( -0.000000000000000000, -0.000000000000000000, -1.000000000000000000 ) ) ;
#2981 = ORIENTED_EDGE ( 'NONE', *, *, #1697, .T. ) ;
#2982 = CARTESIAN_POINT ( 'NONE',  ( 4.675038617911399186, -3.260825055538298933, 0.000000000000000000 ) ) ;
#2983 = ORIENTED_EDGE ( 'NONE', *, *, #1901, .T. ) ;
#2984 = CYLINDRICAL_SURFACE ( 'NONE', #812, 1.250000000000001110 ) ;
#2985 = DIRECTION ( 'NONE',  ( -0.000000000000000000, -0.000000000000000000, -1.000000000000000000 ) ) ;
#2986 = EDGE_CURVE ( 'NONE', #2557, #4587, #1349, .T. ) ;
#2987 = VERTEX_POINT ( 'NONE', #845 ) ;
#2988 = VECTOR ( 'NONE', #4045, 1000.000000000000000 ) ;
#2989 = CARTESIAN_POINT ( 'NONE',  ( -7.500000000000000000, -20.00000000000000000, 2.000000000000000000 ) ) ;
#2990 = DIRECTION ( 'NONE',  ( -0.000000000000000000, -0.000000000000000000, 1.000000000000000000 ) ) ;
#2991 = AXIS2_PLACEMENT_3D ( 'NONE', #171, #75, #2778 ) ;
#2992 = DIRECTION ( 'NONE',  ( -0.000000000000000000, -0.000000000000000000, -1.000000000000000000 ) ) ;
#2993 = CIRCLE ( 'NONE', #3546, 30.99999999999999289 ) ;
#2994 = FACE_BOUND ( 'NONE', #3751, .T. ) ;
#2995 = DIRECTION ( 'NONE',  ( 0.000000000000000000, 0.000000000000000000, 1.000000000000000000 ) ) ;
#2996 = ORIENTED_EDGE ( 'NONE', *, *, #5365, .F. ) ;
#2997 = CIRCLE ( 'NONE', #901, 1.250000000000001110 ) ;
#2998 = VECTOR ( 'NONE', #939, 1000.000000000000000 ) ;
#2999 = DIRECTION ( 'NONE',  ( 1.000000000000000000, 0.000000000000000000, 0.000000000000000000 ) ) ;
#3000 = CARTESIAN_POINT ( 'NONE',  ( -37.17896222341777701, 2.260458703055158836, -3.535533905932740861 ) ) ;
#3001 = AXIS2_PLACEMENT_3D ( 'NONE', #1073, #2467, #1041 ) ;
#3002 = DIRECTION ( 'NONE',  ( 0.000000000000000000, 0.000000000000000000, -1.000000000000000000 ) ) ;
#3003 = VECTOR ( 'NONE', #1485, 1000.000000000000000 ) ;
#3004 = ORIENTED_EDGE ( 'NONE', *, *, #746, .F. ) ;
#3005 = EDGE_LOOP ( 'NONE', ( #3618, #4082, #1411, #4844 ) ) ;
#3006 = LINE ( 'NONE', #4818, #2024 ) ;
#3007 = AXIS2_PLACEMENT_3D ( 'NONE', #4167, #3282, #4731 ) ;
#3008 = DIRECTION ( 'NONE',  ( -0.3090169943749499493, 0.9510565162951527540, 0.000000000000000000 ) ) ;
#3009 = ORIENTED_EDGE ( 'NONE', *, *, #5713, .T. ) ;
#3010 = AXIS2_PLACEMENT_3D ( 'NONE', #4105, #2213, #1833 ) ;
#3011 = VERTEX_POINT ( 'NONE', #5830 ) ;
#3012 = EDGE_CURVE ( 'NONE', #5758, #3983, #4582, .T. ) ;
#3013 = CARTESIAN_POINT ( 'NONE',  ( -33.82377388877674207, 15.32805449634253492, -3.535533905932739085 ) ) ;
#3014 = ORIENTED_EDGE ( 'NONE', *, *, #2515, .T. ) ;
#3015 = DIRECTION ( 'NONE',  ( 1.000000000000000000, 0.000000000000000000, 0.000000000000000000 ) ) ;
#3016 = DIRECTION ( 'NONE',  ( 1.000000000000000000, 0.000000000000000000, 0.000000000000000000 ) ) ;
#3017 = EDGE_CURVE ( 'NONE', #2370, #3094, #159, .T. ) ;
#3018 = ORIENTED_EDGE ( 'NONE', *, *, #4509, .T. ) ;
#3019 = CARTESIAN_POINT ( 'NONE',  ( 3.261996408314459028, 35.71612924732126260, 2.000000000000000000 ) ) ;
#3020 = FACE_OUTER_BOUND ( 'NONE', #3733, .T. ) ;
#3021 = EDGE_CURVE ( 'NONE', #5299, #3037, #2975, .T. ) ;
#3022 = CARTESIAN_POINT ( 'NONE',  ( 21.21320343559633415, 22.62741699796959338, -5.000000000000000000 ) ) ;
#3023 = FACE_BOUND ( 'NONE', #3645, .T. ) ;
#3024 = DIRECTION ( 'NONE',  ( -0.000000000000000000, -0.000000000000000000, -1.000000000000000000 ) ) ;
#3025 = ORIENTED_EDGE ( 'NONE', *, *, #51, .F. ) ;
#3026 = DIRECTION ( 'NONE',  ( 1.000000000000000000, 0.000000000000000000, 0.000000000000000000 ) ) ;
#3027 = EDGE_CURVE ( 'NONE', #1812, #4396, #1552, .T. ) ;
#3028 = CARTESIAN_POINT ( 'NONE',  ( 23.39369581343301974, -26.24287058717059651, 0.000000000000000000 ) ) ;
#3029 = DIRECTION ( 'NONE',  ( 0.000000000000000000, 0.000000000000000000, 1.000000000000000000 ) ) ;
#3030 = ORIENTED_EDGE ( 'NONE', *, *, #4751, .T. ) ;
#3031 = ORIENTED_EDGE ( 'NONE', *, *, #1723, .T. ) ;
#3032 = EDGE_CURVE ( 'NONE', #3399, #3207, #1075, .T. ) ;
#3033 = DIRECTION ( 'NONE',  ( 1.000000000000000000, 0.000000000000000000, 0.000000000000000000 ) ) ;
#3034 = DIRECTION ( 'NONE',  ( 1.000000000000000000, 0.000000000000000000, 0.000000000000000000 ) ) ;
#3035 = VERTEX_POINT ( 'NONE', #2032 ) ;
#3036 = ORIENTED_EDGE ( 'NONE', *, *, #3530, .T. ) ;
#3037 = VERTEX_POINT ( 'NONE', #1943 ) ;
#3038 = CARTESIAN_POINT ( 'NONE',  ( 25.99999999999999645, 1.444447458290426890E-31, -24.00000000000000000 ) ) ;
#3039 = CYLINDRICAL_SURFACE ( 'NONE', #3851, 1.250000000000001110 ) ;
#3040 = ORIENTED_EDGE ( 'NONE', *, *, #3919, .F. ) ;
#3041 = DIRECTION ( 'NONE',  ( 0.000000000000000000, 0.000000000000000000, 1.000000000000000000 ) ) ;
#3042 = CARTESIAN_POINT ( 'NONE',  ( 0.000000000000000000, 0.000000000000000000, -4.000000000000000000 ) ) ;
#3043 = CARTESIAN_POINT ( 'NONE',  ( 30.39580531807271768, -19.28976461924359498, -3.535533905932740861 ) ) ;
#3044 = VERTEX_POINT ( 'NONE', #2443 ) ;
#3045 = FACE_BOUND ( 'NONE', #4820, .T. ) ;
#3046 = DIRECTION ( 'NONE',  ( -0.7071067811865477948, 0.7071067811865473507, 0.000000000000000000 ) ) ;
#3047 = VERTEX_POINT ( 'NONE', #4750 ) ;
#3048 = DIRECTION ( 'NONE',  ( 1.000000000000000000, 0.000000000000000000, 0.000000000000000000 ) ) ;
#3049 = LINE ( 'NONE', #800, #4506 ) ;
#3050 = CARTESIAN_POINT ( 'NONE',  ( -33.82377388877662838, -15.32805449634276229, -3.535533905932740861 ) ) ;
#3051 = CIRCLE ( 'NONE', #2961, 2.500000000000000000 ) ;
#3052 = AXIS2_PLACEMENT_3D ( 'NONE', #1472, #1380, #4071 ) ;
#3053 = ORIENTED_EDGE ( 'NONE', *, *, #2470, .F. ) ;
#3054 = ORIENTED_EDGE ( 'NONE', *, *, #2229, .T. ) ;
#3055 = CARTESIAN_POINT ( 'NONE',  ( 22.41026908252928962, -29.12461179749791640, 0.000000000000000000 ) ) ;
#3056 = AXIS2_PLACEMENT_3D ( 'NONE', #4410, #764, #1599 ) ;
#3057 = CARTESIAN_POINT ( 'NONE',  ( 27.50000000000000000, 0.000000000000000000, 0.000000000000000000 ) ) ;
#3058 = VERTEX_POINT ( 'NONE', #2408 ) ;
#3059 = CIRCLE ( 'NONE', #5715, 1.249999999999999112 ) ;
#3060 = ADVANCED_FACE ( 'NONE', ( #3737 ), #1168, .F. ) ;
#3061 = EDGE_CURVE ( 'NONE', #3583, #4879, #26, .T. ) ;
#3062 = ORIENTED_EDGE ( 'NONE', *, *, #1801, .T. ) ;
#3063 = CARTESIAN_POINT ( 'NONE',  ( -21.16026908252907646, 29.12461179749808338, 2.000000000000000000 ) ) ;
#3064 = AXIS2_PLACEMENT_3D ( 'NONE', #3267, #1517, #4656 ) ;
#3065 = ORIENTED_EDGE ( 'NONE', *, *, #1279, .T. ) ;
#3066 = FACE_OUTER_BOUND ( 'NONE', #5378, .T. ) ;
#3067 = CARTESIAN_POINT ( 'NONE',  ( -24.64369581343264315, -26.24287058717094823, 0.000000000000000000 ) ) ;
#3068 = VERTEX_POINT ( 'NONE', #661 ) ;
#3069 =( NAMED_UNIT ( * ) SI_UNIT ( $, .STERADIAN. ) SOLID_ANGLE_UNIT ( ) );
#3070 = CARTESIAN_POINT ( 'NONE',  ( 24.64369581343302329, -26.24287058717059651, -3.535533905932740861 ) ) ;
#3071 = VERTEX_POINT ( 'NONE', #5139 ) ;
#3072 = DIRECTION ( 'NONE',  ( 0.000000000000000000, 0.000000000000000000, 1.000000000000000000 ) ) ;
#3073 = DIRECTION ( 'NONE',  ( -0.000000000000000000, -0.000000000000000000, 1.000000000000000000 ) ) ;
#3074 = EDGE_LOOP ( 'NONE', ( #1722, #2575 ) ) ;
#3075 = LINE ( 'NONE', #3992, #3719 ) ;
#3076 = AXIS2_PLACEMENT_3D ( 'NONE', #2703, #1312, #3115 ) ;
#3077 = EDGE_CURVE ( 'NONE', #3571, #3169, #722, .T. ) ;
#3078 = CARTESIAN_POINT ( 'NONE',  ( -32.98803458662555954, 11.12461179749801232, -3.535533905932740861 ) ) ;
#3079 = ADVANCED_BREP_SHAPE_REPRESENTATION ( 'Drum', ( #1529, #3557 ), #4991 ) ;
#3080 = DIRECTION ( 'NONE',  ( 1.000000000000000000, 0.000000000000000000, 0.000000000000000000 ) ) ;
#3081 = CARTESIAN_POINT ( 'NONE',  ( 4.511996408315208207, -35.71612924732117023, 0.000000000000000000 ) ) ;
#3082 = AXIS2_PLACEMENT_3D ( 'NONE', #2928, #229, #1653 ) ;
#3083 = AXIS2_PLACEMENT_3D ( 'NONE', #2400, #1133, #681 ) ;
#3084 = ORIENTED_EDGE ( 'NONE', *, *, #981, .T. ) ;
#3085 = EDGE_CURVE ( 'NONE', #632, #1638, #3059, .T. ) ;
#3086 = VERTEX_POINT ( 'NONE', #3413 ) ;
#3087 = EDGE_CURVE ( 'NONE', #725, #4882, #5622, .T. ) ;
#3088 = FACE_OUTER_BOUND ( 'NONE', #2561, .T. ) ;
#3089 = VECTOR ( 'NONE', #867, 999.9999999999998863 ) ;
#3090 = VECTOR ( 'NONE', #3415, 1000.000000000000000 ) ;
#3091 = AXIS2_PLACEMENT_3D ( 'NONE', #1359, #1840, #4110 ) ;
#3092 = EDGE_CURVE ( 'NONE', #3147, #5299, #5202, .T. ) ;
#3093 = CARTESIAN_POINT ( 'NONE',  ( -20.00000000000000000, 0.000000000000000000, 0.000000000000000000 ) ) ;
#3094 = VERTEX_POINT ( 'NONE', #603 ) ;
#3095 = ORIENTED_EDGE ( 'NONE', *, *, #3817, .F. ) ;
#3096 = EDGE_CURVE ( 'NONE', #1821, #431, #3347, .T. ) ;
#3097 = VECTOR ( 'NONE', #2360, 1000.000000000000000 ) ;
#3098 = ORIENTED_EDGE ( 'NONE', *, *, #2189, .F. ) ;
#3099 = CARTESIAN_POINT ( 'NONE',  ( -35.48803458662555954, 11.12461179749801232, 0.000000000000000000 ) ) ;
#3100 = CARTESIAN_POINT ( 'NONE',  ( 17.34313226766133198, 31.54704048157931595, 0.000000000000000000 ) ) ;
#3101 = ORIENTED_EDGE ( 'NONE', *, *, #134, .F. ) ;
#3102 = FILL_AREA_STYLE ('',( #1297 ) ) ;
#3103 = DIRECTION ( 'NONE',  ( 1.000000000000000000, 0.000000000000000000, 0.000000000000000000 ) ) ;
#3104 = CARTESIAN_POINT ( 'NONE',  ( 10.20283593793504373, -34.86899380063064768, 0.000000000000000000 ) ) ;
#3105 = CARTESIAN_POINT ( 'NONE',  ( -16.09313226766156646, -31.54704048157919161, 0.000000000000000000 ) ) ;
#3106 = VERTEX_POINT ( 'NONE', #5679 ) ;
#3107 = EDGE_CURVE ( 'NONE', #2987, #1233, #4215, .T. ) ;
#3108 = CARTESIAN_POINT ( 'NONE',  ( -24.64369581343264315, -26.24287058717094823, 0.000000000000000000 ) ) ;
#3109 = CARTESIAN_POINT ( 'NONE',  ( -5.761996408314964846, 35.71612924732120575, 0.000000000000000000 ) ) ;
#3110 = FACE_BOUND ( 'NONE', #4, .T. ) ;
#3111 = DIRECTION ( 'NONE',  ( 0.8763066800438640280, 0.4817536741017144908, 0.000000000000000000 ) ) ;
#3112 = EDGE_LOOP ( 'NONE', ( #2266, #2264 ) ) ;
#3113 = ORIENTED_EDGE ( 'NONE', *, *, #1007, .F. ) ;
#3114 = CARTESIAN_POINT ( 'NONE',  ( 1.330986780059222774, 0.9137330263793133067, -5.371910962232210984 ) ) ;
#3115 = DIRECTION ( 'NONE',  ( 1.000000000000000000, 0.000000000000000000, 0.000000000000000000 ) ) ;
#3116 = CARTESIAN_POINT ( 'NONE',  ( -25.99999999999999645, 3.000000000000000000, -14.00000000000000178 ) ) ;
#3117 = ORIENTED_EDGE ( 'NONE', *, *, #666, .T. ) ;
#3118 = ORIENTED_EDGE ( 'NONE', *, *, #1242, .F. ) ;
#3119 = EDGE_CURVE ( 'NONE', #4914, #4243, #501, .T. ) ;
#3120 = ORIENTED_EDGE ( 'NONE', *, *, #4948, .F. ) ;
#3121 = EDGE_LOOP ( 'NONE', ( #2722, #5628, #3036, #2734 ) ) ;
#3122 = DIRECTION ( 'NONE',  ( -0.000000000000000000, -0.000000000000000000, 1.000000000000000000 ) ) ;
#3123 = DIRECTION ( 'NONE',  ( -0.000000000000000000, -0.000000000000000000, -1.000000000000000000 ) ) ;
#3124 = ORIENTED_EDGE ( 'NONE', *, *, #2661, .F. ) ;
#3125 = CYLINDRICAL_SURFACE ( 'NONE', #303, 1.250000000000000444 ) ;
#3126 = LINE ( 'NONE', #4492, #2222 ) ;
#3127 = VERTEX_POINT ( 'NONE', #4722 ) ;
#3128 = FACE_BOUND ( 'NONE', #5353, .T. ) ;
#3129 = EDGE_CURVE ( 'NONE', #3044, #3709, #5614, .T. ) ;
#3130 = DIRECTION ( 'NONE',  ( 1.000000000000000000, 0.000000000000000000, 0.000000000000000000 ) ) ;
#3131 = EDGE_CURVE ( 'NONE', #3147, #3498, #4289, .T. ) ;
#3133 = ORIENTED_EDGE ( 'NONE', *, *, #1582, .F. ) ;
#3132 = AXIS2_PLACEMENT_3D ( 'NONE', #3422, #4284, #5663 ) ;
#3134 = DIRECTION ( 'NONE',  ( 0.000000000000000000, -0.000000000000000000, 1.000000000000000000 ) ) ;
#3135 = DIRECTION ( 'NONE',  ( -0.000000000000000000, 0.000000000000000000, 1.000000000000000000 ) ) ;
#3136 = LINE ( 'NONE', #19, #5232 ) ;
#3137 = DIRECTION ( 'NONE',  ( 0.000000000000000000, 0.000000000000000000, 1.000000000000000000 ) ) ;
#3138 = EDGE_LOOP ( 'NONE', ( #5502, #4248, #2155, #652 ) ) ;
#3139 = ORIENTED_EDGE ( 'NONE', *, *, #980, .F. ) ;
#3140 = DIRECTION ( 'NONE',  ( -0.000000000000000000, -0.000000000000000000, -1.000000000000000000 ) ) ;
#3141 = CIRCLE ( 'NONE', #5321, 1.250000000000001110 ) ;
#3142 = CARTESIAN_POINT ( 'NONE',  ( 0.000000000000000000, 0.000000000000000000, -34.00000000000000000 ) ) ;
#3143 = VECTOR ( 'NONE', #5746, 1000.000000000000000 ) ;
#3144 = CARTESIAN_POINT ( 'NONE',  ( 32.57377388877684155, -15.32805449634230577, -3.535533905932739085 ) ) ;
#3145 = EDGE_LOOP ( 'NONE', ( #3053, #1040, #1021, #2974 ) ) ;
#3146 = VECTOR ( 'NONE', #4648, 1000.000000000000000 ) ;
#3147 = VERTEX_POINT ( 'NONE', #1613 ) ;
#3148 = AXIS2_PLACEMENT_3D ( 'NONE', #3259, #83, #2757 ) ;
#3149 = CARTESIAN_POINT ( 'NONE',  ( -35.92896222341777701, 2.260458703055158836, 2.000000000000000000 ) ) ;
#3150 = ORIENTED_EDGE ( 'NONE', *, *, #3692, .F. ) ;
#3151 = AXIS2_PLACEMENT_3D ( 'NONE', #4819, #753, #3675 ) ;
#3152 = VERTEX_POINT ( 'NONE', #1139 ) ;
#3153 = DIRECTION ( 'NONE',  ( 1.000000000000000000, 0.000000000000000000, 0.000000000000000000 ) ) ;
#3154 = DIRECTION ( 'NONE',  ( -0.4257792915650762122, 0.9048270524660178005, 0.000000000000000000 ) ) ;
#3155 = ORIENTED_EDGE ( 'NONE', *, *, #1186, .T. ) ;
#3156 = CIRCLE ( 'NONE', #127, 2.500000000000000000 ) ;
#3157 = CARTESIAN_POINT ( 'NONE',  ( 35.92896222341780543, -2.260458703054892382, 0.000000000000000000 ) ) ;
#3158 = CYLINDRICAL_SURFACE ( 'NONE', #5637, 1.250000000000001110 ) ;
#3159 = EDGE_CURVE ( 'NONE', #4867, #743, #4005, .T. ) ;
#3160 = ORIENTED_EDGE ( 'NONE', *, *, #1058, .F. ) ;
#3161 = PLANE ( 'NONE',  #3995 ) ;
#3162 = CARTESIAN_POINT ( 'NONE',  ( 4.511996408315208207, -35.71612924732117023, -3.535533905932739973 ) ) ;
#3163 = CARTESIAN_POINT ( 'NONE',  ( -16.09313226766156646, -31.54704048157919161, -3.535533905932740861 ) ) ;
#3164 = DIRECTION ( 'NONE',  ( 0.000000000000000000, 0.000000000000000000, 1.000000000000000000 ) ) ;
#3165 = DIRECTION ( 'NONE',  ( 0.000000000000000000, 0.000000000000000000, 1.000000000000000000 ) ) ;
#3166 = FACE_OUTER_BOUND ( 'NONE', #855, .T. ) ;
#3167 = CARTESIAN_POINT ( 'NONE',  ( -4.511996408314963958, 35.71612924732120575, 0.000000000000000000 ) ) ;
#3168 = ORIENTED_EDGE ( 'NONE', *, *, #104, .F. ) ;
#3169 = VERTEX_POINT ( 'NONE', #3886 ) ;
#3170 = CIRCLE ( 'NONE', #4788, 1.250000000000001110 ) ;
#3171 = CARTESIAN_POINT ( 'NONE',  ( 0.000000000000000000, 0.000000000000000000, -8.000000000000000000 ) ) ;
#3172 = FACE_OUTER_BOUND ( 'NONE', #4729, .T. ) ;
#3173 = DIRECTION ( 'NONE',  ( -0.000000000000000000, 0.000000000000000000, 1.000000000000000000 ) ) ;
#3174 = VECTOR ( 'NONE', #2835, 1000.000000000000000 ) ;
#3175 = AXIS2_PLACEMENT_3D ( 'NONE', #3063, #2622, #4398 ) ;
#3176 = ORIENTED_EDGE ( 'NONE', *, *, #169, .T. ) ;
#3177 = ORIENTED_EDGE ( 'NONE', *, *, #5726, .F. ) ;
#3178 = DIRECTION ( 'NONE',  ( 0.000000000000000000, 0.000000000000000000, 1.000000000000000000 ) ) ;
#3179 = CIRCLE ( 'NONE', #5280, 30.99999999999999289 ) ;
#3180 = CIRCLE ( 'NONE', #5654, 1.250000000000000222 ) ;
#3181 = VECTOR ( 'NONE', #3135, 1000.000000000000000 ) ;
#3182 = EDGE_LOOP ( 'NONE', ( #3539, #671 ) ) ;
#3183 = ORIENTED_EDGE ( 'NONE', *, *, #5391, .T. ) ;
#3184 = DIRECTION ( 'NONE',  ( 1.000000000000000000, 0.000000000000000000, 0.000000000000000000 ) ) ;
#3185 = DIRECTION ( 'NONE',  ( 0.6374239897486974060, -0.7705132427757828140, 0.000000000000000000 ) ) ;
#3186 = ORIENTED_EDGE ( 'NONE', *, *, #4106, .F. ) ;
#3187 = DIRECTION ( 'NONE',  ( 1.000000000000000000, 0.000000000000000000, 0.000000000000000000 ) ) ;
#3188 = AXIS2_PLACEMENT_3D ( 'NONE', #2724, #4497, #45 ) ;
#3189 = ORIENTED_EDGE ( 'NONE', *, *, #4293, .T. ) ;
#3190 = FACE_BOUND ( 'NONE', #5090, .T. ) ;
#3191 = EDGE_CURVE ( 'NONE', #1670, #1638, #1676, .T. ) ;
#3192 = CARTESIAN_POINT ( 'NONE',  ( 0.000000000000000000, -20.00000000000000000, 2.000000000000000000 ) ) ;
#3193 = VECTOR ( 'NONE', #3960, 1000.000000000000000 ) ;
#3194 = CARTESIAN_POINT ( 'NONE',  ( 1.734935157289746455, -1.800000000000000933, -4.106124549132683654 ) ) ;
#3195 = CARTESIAN_POINT ( 'NONE',  ( 4.465449228718203933, -3.051235666345105901, -3.333352142778016169 ) ) ;
#3196 = PRODUCT_RELATED_PRODUCT_CATEGORY ( 'part', '', ( #1024 ) ) ;
#3197 = DIRECTION ( 'NONE',  ( 0.000000000000000000, 0.000000000000000000, 1.000000000000000000 ) ) ;
#3198 = CARTESIAN_POINT ( 'NONE',  ( -32.98803458662548138, -11.12461179749825746, -3.535533905932740861 ) ) ;
#3199 = DIRECTION ( 'NONE',  ( -0.7071067811865451302, -0.7071067811865500152, 0.000000000000000000 ) ) ;
#3200 = ORIENTED_EDGE ( 'NONE', *, *, #1167, .F. ) ;
#3201 = EDGE_LOOP ( 'NONE', ( #987, #3497, #2648, #4963 ) ) ;
#3202 = EDGE_CURVE ( 'NONE', #11, #497, #5761, .T. ) ;
#3203 = CARTESIAN_POINT ( 'NONE',  ( -1.699348003274394836, 1.712484182504837360, -4.515335278298416632 ) ) ;
#3204 =( BOUNDED_CURVE ( )  B_SPLINE_CURVE ( 3, ( #579, #2383, #5534, #2894 ),
 .UNSPECIFIED., .F., .F. ) 
 B_SPLINE_CURVE_WITH_KNOTS ( ( 4, 4 ),
 ( 6.186259421139577164, 6.283185307179586232 ),
 .UNSPECIFIED. ) 
 CURVE ( )  GEOMETRIC_REPRESENTATION_ITEM ( )  RATIONAL_B_SPLINE_CURVE ( ( 1.000000000000000000, 0.9992172676000894427, 0.9992172676000894427, 1.000000000000000000 ) ) 
 REPRESENTATION_ITEM ( '' )  );
#3205 = FACE_OUTER_BOUND ( 'NONE', #4489, .T. ) ;
#3206 = DIRECTION ( 'NONE',  ( -0.000000000000000000, 0.000000000000000000, 1.000000000000000000 ) ) ;
#3207 = VERTEX_POINT ( 'NONE', #3057 ) ;
#3208 = EDGE_CURVE ( 'NONE', #3946, #953, #1740, .T. ) ;
#3209 = EDGE_CURVE ( 'NONE', #4448, #632, #4871, .T. ) ;
#3210 = EDGE_LOOP ( 'NONE', ( #5494, #2881 ) ) ;
#3211 = CARTESIAN_POINT ( 'NONE',  ( 34.23803458662540322, 11.12461179749849549, -3.535533905932740861 ) ) ;
#3212 = EDGE_LOOP ( 'NONE', ( #5609, #4515 ) ) ;
#3213 = ORIENTED_EDGE ( 'NONE', *, *, #5367, .T. ) ;
#3214 = CARTESIAN_POINT ( 'NONE',  ( -19.91026908252907646, 29.12461179749808338, 0.000000000000000000 ) ) ;
#3215 = EDGE_LOOP ( 'NONE', ( #4610, #5134, #2652, #1880 ) ) ;
#3216 = DIRECTION ( 'NONE',  ( 1.000000000000000000, 0.000000000000000000, 0.000000000000000000 ) ) ;
#3217 = EDGE_LOOP ( 'NONE', ( #88, #3328, #336, #3301 ) ) ;
#3218 = CARTESIAN_POINT ( 'NONE',  ( 25.99999999999999645, 3.000000000000000000, -20.09756097560976329 ) ) ;
#3219 = DIRECTION ( 'NONE',  ( 0.000000000000000000, 0.000000000000000000, 1.000000000000000000 ) ) ;
#3220 = CARTESIAN_POINT ( 'NONE',  ( 1.699348176223605789, -1.712484604425694945, -4.515334074040138646 ) ) ;
#3221 = DIRECTION ( 'NONE',  ( -0.000000000000000000, -0.000000000000000000, -1.000000000000000000 ) ) ;
#3222 = VECTOR ( 'NONE', #2568, 1000.000000000000000 ) ;
#3223 = FACE_OUTER_BOUND ( 'NONE', #5531, .T. ) ;
#3224 = DIRECTION ( 'NONE',  ( 0.000000000000000000, 0.000000000000000000, 1.000000000000000000 ) ) ;
#3225 = FACE_OUTER_BOUND ( 'NONE', #1408, .T. ) ;
#3226 = ORIENTED_EDGE ( 'NONE', *, *, #482, .T. ) ;
#3227 = ORIENTED_EDGE ( 'NONE', *, *, #4780, .T. ) ;
#3228 = CARTESIAN_POINT ( 'NONE',  ( -1.330986780059222774, 0.9137330263793133067, -5.371910962232210984 ) ) ;
#3229 = DIRECTION ( 'NONE',  ( -0.7071067811865500152, 0.7071067811865451302, 0.000000000000000000 ) ) ;
#3230 = FACE_OUTER_BOUND ( 'NONE', #3217, .T. ) ;
#3231 = ORIENTED_EDGE ( 'NONE', *, *, #212, .T. ) ;
#3232 = EDGE_LOOP ( 'NONE', ( #1652, #5140 ) ) ;
#3233 = FACE_OUTER_BOUND ( 'NONE', #1792, .T. ) ;
#3234 = CIRCLE ( 'NONE', #3521, 5.262465990577771535 ) ;
#3235 = ORIENTED_EDGE ( 'NONE', *, *, #4470, .T. ) ;
#3236 = EDGE_CURVE ( 'NONE', #4783, #5208, #3619, .T. ) ;
#3237 = EDGE_LOOP ( 'NONE', ( #4038, #994 ) ) ;
#3238 = DIRECTION ( 'NONE',  ( 0.000000000000000000, 0.000000000000000000, 1.000000000000000000 ) ) ;
#3239 = EDGE_CURVE ( 'NONE', #5113, #4262, #4773, .T. ) ;
#3240 = CIRCLE ( 'NONE', #689, 1.250000000000001110 ) ;
#3241 = DIRECTION ( 'NONE',  ( -0.000000000000000000, -0.000000000000000000, -1.000000000000000000 ) ) ;
#3242 = ORIENTED_EDGE ( 'NONE', *, *, #3236, .F. ) ;
#3243 = EDGE_CURVE ( 'NONE', #3035, #695, #5703, .T. ) ;
#3244 = CARTESIAN_POINT ( 'NONE',  ( 25.99999999999999645, -3.000000000000000000, -14.00000000000000178 ) ) ;
#3245 = AXIS2_PLACEMENT_3D ( 'NONE', #3542, #5354, #1300 ) ;
#3246 = CIRCLE ( 'NONE', #1262, 1.250000000000000444 ) ;
#3247 = ORIENTED_EDGE ( 'NONE', *, *, #4625, .T. ) ;
#3248 = DIRECTION ( 'NONE',  ( -0.000000000000000000, -0.000000000000000000, 1.000000000000000000 ) ) ;
#3249 = DIRECTION ( 'NONE',  ( 0.000000000000000000, -0.000000000000000000, -1.000000000000000000 ) ) ;
#3250 = CIRCLE ( 'NONE', #1178, 39.00000000000000000 ) ;
#3251 = CIRCLE ( 'NONE', #698, 1.250000000000000444 ) ;
#3252 = CARTESIAN_POINT ( 'NONE',  ( -31.32377388877662838, -15.32805449634276229, 0.000000000000000000 ) ) ;
#3253 = DIRECTION ( 'NONE',  ( 0.000000000000000000, 0.000000000000000000, 1.000000000000000000 ) ) ;
#3254 = FACE_OUTER_BOUND ( 'NONE', #957, .T. ) ;
#3255 = CARTESIAN_POINT ( 'NONE',  ( -1.734935157289747343, 1.800000000000000044, -4.000000000000000000 ) ) ;
#3256 = DIRECTION ( 'NONE',  ( 0.8763066800438700232, -0.4817536741017036661, 0.000000000000000000 ) ) ;
#3257 = ORIENTED_EDGE ( 'NONE', *, *, #189, .F. ) ;
#3258 = EDGE_CURVE ( 'NONE', #1611, #4587, #4476, .T. ) ;
#3259 = CARTESIAN_POINT ( 'NONE',  ( -8.952835937934791488, 34.86899380063071874, -3.535533905932740861 ) ) ;
#3260 = LINE ( 'NONE', #2939, #2140 ) ;
#3261 = CARTESIAN_POINT ( 'NONE',  ( -30.85449724108301695, 3.000000000000003997, -29.00000000000000000 ) ) ;
#3262 = EDGE_LOOP ( 'NONE', ( #2315, #3266, #3095, #3868 ) ) ;
#3263 = EDGE_CURVE ( 'NONE', #4433, #934, #2588, .T. ) ;
#3264 = EDGE_CURVE ( 'NONE', #129, #2910, #5804, .T. ) ;
#3265 = VECTOR ( 'NONE', #203, 1000.000000000000000 ) ;
#3266 = ORIENTED_EDGE ( 'NONE', *, *, #734, .F. ) ;
#3267 = CARTESIAN_POINT ( 'NONE',  ( 0.000000000000000000, 0.000000000000000000, -5.500000000000000000 ) ) ;
#3268 = APPLICATION_CONTEXT ( 'automotive_design' ) ;
#3269 = EDGE_CURVE ( 'NONE', #1812, #4605, #1992, .T. ) ;
#3270 = CARTESIAN_POINT ( 'NONE',  ( -3.625503238973864395, 0.000000000000000000, -6.500000000000000888 ) ) ;
#3271 = EDGE_LOOP ( 'NONE', ( #4673, #2596, #4397, #1274 ) ) ;
#3272 = DIRECTION ( 'NONE',  ( 0.000000000000000000, 0.000000000000000000, -1.000000000000000000 ) ) ;
#3273 = DIRECTION ( 'NONE',  ( 0.000000000000000000, -0.000000000000000000, 1.000000000000000000 ) ) ;
#3274 = ORIENTED_EDGE ( 'NONE', *, *, #1541, .T. ) ;
#3275 = VECTOR ( 'NONE', #3481, 1000.000000000000000 ) ;
#3276 = EDGE_CURVE ( 'NONE', #2557, #797, #2591, .T. ) ;
#3277 = DIRECTION ( 'NONE',  ( 0.4257792915650818744, -0.9048270524660151359, 0.000000000000000000 ) ) ;
#3278 = EDGE_CURVE ( 'NONE', #267, #3325, #5312, .T. ) ;
#3279 = CIRCLE ( 'NONE', #3648, 30.99999999999999289 ) ;
#3280 = ORIENTED_EDGE ( 'NONE', *, *, #3258, .T. ) ;
#3281 = DIRECTION ( 'NONE',  ( 1.000000000000000000, 0.000000000000000000, 0.000000000000000000 ) ) ;
#3282 = DIRECTION ( 'NONE',  ( 0.000000000000000000, 0.000000000000000000, -1.000000000000000000 ) ) ;
#3283 = EDGE_CURVE ( 'NONE', #376, #3685, #3250, .T. ) ;
#3284 = VERTEX_POINT ( 'NONE', #2173 ) ;
#3285 = CIRCLE ( 'NONE', #1679, 1.250000000000001110 ) ;
#3286 = CARTESIAN_POINT ( 'NONE',  ( 4.360430494053209927, -2.946216931680111895, -5.000000000000000000 ) ) ;
#3287 = DIRECTION ( 'NONE',  ( -0.000000000000000000, -0.000000000000000000, 1.000000000000000000 ) ) ;
#3288 = DIRECTION ( 'NONE',  ( 0.000000000000000000, -1.000000000000000000, 0.000000000000000000 ) ) ;
#3289 = VECTOR ( 'NONE', #5151, 1000.000000000000000 ) ;
#3290 = LINE ( 'NONE', #237, #4896 ) ;
#3291 = ADVANCED_FACE ( 'NONE', ( #275, #2642 ), #3976, .F. ) ;
#3292 = EDGE_CURVE ( 'NONE', #937, #3568, #2089, .T. ) ;
#3293 = ORIENTED_EDGE ( 'NONE', *, *, #2156, .T. ) ;
#3294 = FACE_OUTER_BOUND ( 'NONE', #5566, .T. ) ;
#3295 = CARTESIAN_POINT ( 'NONE',  ( -34.67896222341777701, 2.260458703055158836, 2.000000000000000000 ) ) ;
#3296 = CARTESIAN_POINT ( 'NONE',  ( -27.73847673992845486, 22.94726363095277222, 2.000000000000000000 ) ) ;
#3297 = ORIENTED_EDGE ( 'NONE', *, *, #5091, .F. ) ;
#3298 = ORIENTED_EDGE ( 'NONE', *, *, #3873, .T. ) ;
#3299 = DIRECTION ( 'NONE',  ( 1.000000000000000000, 0.000000000000000000, 0.000000000000000000 ) ) ;
#3300 = DIRECTION ( 'NONE',  ( -0.000000000000000000, -0.000000000000000000, -1.000000000000000000 ) ) ;
#3301 = ORIENTED_EDGE ( 'NONE', *, *, #3508, .T. ) ;
#3302 = DIRECTION ( 'NONE',  ( 0.000000000000000000, 0.000000000000000000, 1.000000000000000000 ) ) ;
#3303 = CARTESIAN_POINT ( 'NONE',  ( 31.32377388877684155, -15.32805449634230577, -3.535533905932739085 ) ) ;
#3304 = PRODUCT_DEFINITION ( 'UNKNOWN', '', #3652, #1877 ) ;
#3305 = ORIENTED_EDGE ( 'NONE', *, *, #2670, .T. ) ;
#3306 = EDGE_CURVE ( 'NONE', #4521, #695, #876, .T. ) ;
#3307 = DIRECTION ( 'NONE',  ( -0.000000000000000000, -0.000000000000000000, -1.000000000000000000 ) ) ;
#3308 = EDGE_LOOP ( 'NONE', ( #4094, #4763 ) ) ;
#3309 = CYLINDRICAL_SURFACE ( 'NONE', #3735, 1.250000000000000222 ) ;
#3310 = CARTESIAN_POINT ( 'NONE',  ( -36.61234102623276243, -6.745727325086226855, -3.535533905932740861 ) ) ;
#3311 = CARTESIAN_POINT ( 'NONE',  ( -17.34313226766156646, -31.54704048157919161, 0.000000000000000000 ) ) ;
#3312 = FACE_OUTER_BOUND ( 'NONE', #5249, .T. ) ;
#3313 = DIRECTION ( 'NONE',  ( -0.000000000000000000, -0.000000000000000000, -1.000000000000000000 ) ) ;
#3314 = EDGE_CURVE ( 'NONE', #3438, #1994, #387, .T. ) ;
#3315 = FACE_OUTER_BOUND ( 'NONE', #925, .T. ) ;
#3316 = EDGE_CURVE ( 'NONE', #4654, #3068, #2393, .T. ) ;
#3317 = CARTESIAN_POINT ( 'NONE',  ( -12.00248389664843174, 33.47195349197703962, 2.000000000000000000 ) ) ;
#3318 = ADVANCED_FACE ( 'NONE', ( #5466 ), #63, .F. ) ;
#3319 = ORIENTED_EDGE ( 'NONE', *, *, #540, .F. ) ;
#3320 = CARTESIAN_POINT ( 'NONE',  ( -0.9539392014169457701, 0.2999999999999998779, -5.500000000000000000 ) ) ;
#3321 = CARTESIAN_POINT ( 'NONE',  ( 35.36234102623286191, -6.745727325085741022, 2.000000000000000000 ) ) ;
#3322 = CARTESIAN_POINT ( 'NONE',  ( 3.261996408315207763, -35.71612924732117023, 0.000000000000000000 ) ) ;
#3323 = CIRCLE ( 'NONE', #3981, 1.250000000000000666 ) ;
#3324 = EDGE_LOOP ( 'NONE', ( #642, #2402, #3697, #5211 ) ) ;
#3325 = VERTEX_POINT ( 'NONE', #5848 ) ;
#3326 = DIRECTION ( 'NONE',  ( 0.000000000000000000, 0.000000000000000000, -1.000000000000000000 ) ) ;
#3327 = DIRECTION ( 'NONE',  ( 0.000000000000000000, 0.000000000000000000, 1.000000000000000000 ) ) ;
#3328 = ORIENTED_EDGE ( 'NONE', *, *, #4782, .T. ) ;
#3329 = DIRECTION ( 'NONE',  ( -0.7071067811865500152, 0.7071067811865451302, 0.000000000000000000 ) ) ;
#3330 = CARTESIAN_POINT ( 'NONE',  ( -35.36234102623281217, 6.745727325085971948, 0.000000000000000000 ) ) ;
#3331 = EDGE_LOOP ( 'NONE', ( #2028, #1856 ) ) ;
#3332 = FACE_BOUND ( 'NONE', #3232, .T. ) ;
#3333 = CIRCLE ( 'NONE', #5246, 1.250000000000001110 ) ;
#3334 = AXIS2_PLACEMENT_3D ( 'NONE', #5860, #1802, #5503 ) ;
#3335 = ORIENTED_EDGE ( 'NONE', *, *, #1760, .F. ) ;
#3336 = CARTESIAN_POINT ( 'NONE',  ( 31.64580531807272124, -19.28976461924359498, -3.535533905932740861 ) ) ;
#3337 = CARTESIAN_POINT ( 'NONE',  ( -1.494328608357190280, -1.244213905519641505, -5.169754016567795318 ) ) ;
#3338 = EDGE_CURVE ( 'NONE', #3356, #3829, #4863, .T. ) ;
#3339 = VERTEX_POINT ( 'NONE', #921 ) ;
#3340 = AXIS2_PLACEMENT_3D ( 'NONE', #2753, #4597, #5868 ) ;
#3341 = CYLINDRICAL_SURFACE ( 'NONE', #389, 1.250000000000001110 ) ;
#3342 = AXIS2_PLACEMENT_3D ( 'NONE', #3171, #2193, #1366 ) ;
#3343 = CYLINDRICAL_SURFACE ( 'NONE', #1935, 1.250000000000001110 ) ;
#3344 = EDGE_CURVE ( 'NONE', #4211, #538, #86, .T. ) ;
#3345 = DIRECTION ( 'NONE',  ( 0.000000000000000000, -0.000000000000000000, 1.000000000000000000 ) ) ;
#3346 = DIRECTION ( 'NONE',  ( 1.000000000000000000, 0.000000000000000000, -0.000000000000000000 ) ) ;
#3347 = CIRCLE ( 'NONE', #406, 1.250000000000001110 ) ;
#3348 = CIRCLE ( 'NONE', #2685, 1.250000000000000222 ) ;
#3349 = CARTESIAN_POINT ( 'NONE',  ( 30.95146108738144264, -2.002743090633536838, -14.05919379587629514 ) ) ;
#3350 = ORIENTED_EDGE ( 'NONE', *, *, #3352, .T. ) ;
#3351 = DIRECTION ( 'NONE',  ( -0.000000000000000000, 0.000000000000000000, 1.000000000000000000 ) ) ;
#3352 = EDGE_CURVE ( 'NONE', #3979, #1908, #3611, .T. ) ;
#3353 = CARTESIAN_POINT ( 'NONE',  ( 31.32377388877684155, -15.32805449634230577, 2.000000000000000000 ) ) ;
#3354 = DIRECTION ( 'NONE',  ( -0.000000000000000000, -0.000000000000000000, -1.000000000000000000 ) ) ;
#3355 = ORIENTED_EDGE ( 'NONE', *, *, #3732, .T. ) ;
#3356 = VERTEX_POINT ( 'NONE', #4514 ) ;
#3357 = ORIENTED_EDGE ( 'NONE', *, *, #3893, .F. ) ;
#3358 = CARTESIAN_POINT ( 'NONE',  ( 7.500000000000000000, 20.00000000000000000, 2.000000000000000000 ) ) ;
#3359 = DIRECTION ( 'NONE',  ( 1.000000000000000000, 0.000000000000000000, 0.000000000000000000 ) ) ;
#3360 = AXIS2_PLACEMENT_3D ( 'NONE', #2078, #3872, #317 ) ;
#3361 = EDGE_LOOP ( 'NONE', ( #3562, #185, #755, #2091 ) ) ;
#3362 = LINE ( 'NONE', #2507, #3742 ) ;
#3363 = ADVANCED_FACE ( 'NONE', ( #3230 ), #5432, .F. ) ;
#3364 = EDGE_LOOP ( 'NONE', ( #3945, #789 ) ) ;
#3365 = EDGE_CURVE ( 'NONE', #388, #2397, #1062, .T. ) ;
#3366 = CIRCLE ( 'NONE', #147, 1.250000000000001110 ) ;
#3367 = CARTESIAN_POINT ( 'NONE',  ( -34.23803458662555954, 11.12461179749801232, 2.000000000000000000 ) ) ;
#3368 = ORIENTED_EDGE ( 'NONE', *, *, #4745, .F. ) ;
#3369 = CARTESIAN_POINT ( 'NONE',  ( 0.000000000000000000, 0.000000000000000000, -5.000000000000000000 ) ) ;
#3370 = AXIS2_PLACEMENT_3D ( 'NONE', #3321, #3819, #3699 ) ;
#3371 = DIRECTION ( 'NONE',  ( 0.000000000000000000, 0.000000000000000000, -1.000000000000000000 ) ) ;
#3372 = ORIENTED_EDGE ( 'NONE', *, *, #3484, .T. ) ;
#3373 = DIRECTION ( 'NONE',  ( 0.7289686274214106643, 0.6845471059286895033, 0.000000000000000000 ) ) ;
#3374 = DIRECTION ( 'NONE',  ( -0.000000000000000000, 0.000000000000000000, 1.000000000000000000 ) ) ;
#3375 = AXIS2_PLACEMENT_3D ( 'NONE', #1946, #5089, #163 ) ;
#3376 = CIRCLE ( 'NONE', #3464, 1.250000000000001110 ) ;
#3377 = CIRCLE ( 'NONE', #819, 1.250000000000000888 ) ;
#3378 = DIRECTION ( 'NONE',  ( -0.000000000000000000, -0.000000000000000000, 1.000000000000000000 ) ) ;
#3379 = LINE ( 'NONE', #5101, #963 ) ;
#3380 = FACE_OUTER_BOUND ( 'NONE', #5075, .T. ) ;
#3381 = ORIENTED_EDGE ( 'NONE', *, *, #745, .F. ) ;
#3382 = DIRECTION ( 'NONE',  ( -0.7071067811865477948, 0.7071067811865473507, 0.000000000000000000 ) ) ;
#3383 = EDGE_CURVE ( 'NONE', #861, #2440, #887, .T. ) ;
#3384 = DIRECTION ( 'NONE',  ( 1.000000000000000000, 0.000000000000000000, -0.000000000000000000 ) ) ;
#3385 = CARTESIAN_POINT ( 'NONE',  ( -34.23803458662555954, 11.12461179749801232, 0.000000000000000000 ) ) ;
#3386 = ORIENTED_EDGE ( 'NONE', *, *, #1265, .F. ) ;
#3387 = ORIENTED_EDGE ( 'NONE', *, *, #3012, .F. ) ;
#3388 = VERTEX_POINT ( 'NONE', #4153 ) ;
#3389 = DIRECTION ( 'NONE',  ( 1.000000000000000000, -0.000000000000000000, -0.000000000000000000 ) ) ;
#3390 = DIRECTION ( 'NONE',  ( -0.3090169943749386805, -0.9510565162951565288, 0.000000000000000000 ) ) ;
#3391 = EDGE_CURVE ( 'NONE', #4713, #1520, #14, .T. ) ;
#3392 = ORIENTED_EDGE ( 'NONE', *, *, #1535, .T. ) ;
#3393 = CARTESIAN_POINT ( 'NONE',  ( 0.000000000000000000, 0.000000000000000000, 0.000000000000000000 ) ) ;
#3394 = ORIENTED_EDGE ( 'NONE', *, *, #2384, .F. ) ;
#3395 = FACE_OUTER_BOUND ( 'NONE', #3600, .T. ) ;
#3396 = ORIENTED_EDGE ( 'NONE', *, *, #51, .T. ) ;
#3397 = CARTESIAN_POINT ( 'NONE',  ( 0.000000000000000000, -20.00000000000000000, -21.21320343559642652 ) ) ;
#3398 = DIRECTION ( 'NONE',  ( 1.000000000000000000, 0.000000000000000000, 0.000000000000000000 ) ) ;
#3399 = VERTEX_POINT ( 'NONE', #536 ) ;
#3400 = CARTESIAN_POINT ( 'NONE',  ( 30.39580531807271768, -19.28976461924359498, -3.535533905932740861 ) ) ;
#3401 = CYLINDRICAL_SURFACE ( 'NONE', #2199, 1.250000000000001110 ) ;
#3402 = DIRECTION ( 'NONE',  ( 1.000000000000000000, 0.000000000000000000, 0.000000000000000000 ) ) ;
#3403 = CARTESIAN_POINT ( 'NONE',  ( 0.000000000000000000, 0.000000000000000000, 2.000000000000000000 ) ) ;
#3404 = DIRECTION ( 'NONE',  ( 1.000000000000000000, 0.000000000000000000, 0.000000000000000000 ) ) ;
#3405 = EDGE_LOOP ( 'NONE', ( #1337, #3888 ) ) ;
#3406 = DIRECTION ( 'NONE',  ( 0.000000000000000000, 0.000000000000000000, -1.000000000000000000 ) ) ;
#3407 = DIRECTION ( 'NONE',  ( 0.000000000000000000, 0.000000000000000000, 1.000000000000000000 ) ) ;
#3408 = CARTESIAN_POINT ( 'NONE',  ( 35.92896222341774859, 2.260458703055677088, -3.535533905932739085 ) ) ;
#3409 = ORIENTED_EDGE ( 'NONE', *, *, #3612, .F. ) ;
#3410 = VERTEX_POINT ( 'NONE', #5519 ) ;
#3411 = ORIENTED_EDGE ( 'NONE', *, *, #2589, .F. ) ;
#3412 = CYLINDRICAL_SURFACE ( 'NONE', #1649, 1.250000000000001110 ) ;
#3413 = CARTESIAN_POINT ( 'NONE',  ( 4.360430494053209927, -2.946216931680111895, -5.000000000000000000 ) ) ;
#3414 = VERTEX_POINT ( 'NONE', #5493 ) ;
#3415 = DIRECTION ( 'NONE',  ( -0.000000000000000000, 0.000000000000000000, 1.000000000000000000 ) ) ;
#3416 = EDGE_LOOP ( 'NONE', ( #5128, #2446, #1316, #3113 ) ) ;
#3417 = CYLINDRICAL_SURFACE ( 'NONE', #4792, 7.500000000000000000 ) ;
#3418 = ORIENTED_EDGE ( 'NONE', *, *, #4139, .F. ) ;
#3419 = FACE_OUTER_BOUND ( 'NONE', #3416, .T. ) ;
#3420 = CARTESIAN_POINT ( 'NONE',  ( -1.699348176223604900, -1.712484604425694501, -4.515334074040136869 ) ) ;
#3421 = ORIENTED_EDGE ( 'NONE', *, *, #1091, .F. ) ;
#3422 = CARTESIAN_POINT ( 'NONE',  ( 0.000000000000000000, 0.000000000000000000, -6.630733614121488095 ) ) ;
#3423 = CARTESIAN_POINT ( 'NONE',  ( 1.734935157289746233, -1.800000000000000711, 2.000000000000000000 ) ) ;
#3424 = AXIS2_PLACEMENT_3D ( 'NONE', #3296, #4684, #3761 ) ;
#3425 = CARTESIAN_POINT ( 'NONE',  ( 23.89999999999999503, 1.444447458290426890E-31, -24.00000000000000000 ) ) ;
#3426 = DIRECTION ( 'NONE',  ( -0.000000000000000000, -0.000000000000000000, -1.000000000000000000 ) ) ;
#3427 = CARTESIAN_POINT ( 'NONE',  ( 29.14580531807231623, 19.28976461924423447, 0.000000000000000000 ) ) ;
#3428 = CIRCLE ( 'NONE', #870, 1.249999999999999778 ) ;
#3429 = VECTOR ( 'NONE', #1240, 1000.000000000000000 ) ;
#3430 = VERTEX_POINT ( 'NONE', #3261 ) ;
#3431 = DIRECTION ( 'NONE',  ( -0.9297764858882533456, 0.3681245526846732563, 0.000000000000000000 ) ) ;
#3432 = AXIS2_PLACEMENT_3D ( 'NONE', #4426, #360, #3034 ) ;
#3433 = DIRECTION ( 'NONE',  ( -0.000000000000000000, -0.000000000000000000, -1.000000000000000000 ) ) ;
#3434 = CIRCLE ( 'NONE', #21, 1.250000000000000000 ) ;
#3435 = DIRECTION ( 'NONE',  ( 0.000000000000000000, -0.000000000000000000, 1.000000000000000000 ) ) ;
#3436 = EDGE_LOOP ( 'NONE', ( #3831, #3298, #4530, #4159 ) ) ;
#3437 = EDGE_CURVE ( 'NONE', #684, #1160, #1441, .T. ) ;
#3438 = VERTEX_POINT ( 'NONE', #5079 ) ;
#3439 = CIRCLE ( 'NONE', #976, 1.250000000000001110 ) ;
#3440 = DIRECTION ( 'NONE',  ( -0.000000000000000000, 0.000000000000000000, 1.000000000000000000 ) ) ;
#3441 = CARTESIAN_POINT ( 'NONE',  ( -1.250000000000000444, 36.00000000000000000, -3.535533905932739973 ) ) ;
#3442 = ADVANCED_FACE ( 'NONE', ( #1884 ), #4088, .F. ) ;
#3443 = ORIENTED_EDGE ( 'NONE', *, *, #2870, .F. ) ;
#3444 = VERTEX_POINT ( 'NONE', #2671 ) ;
#3445 = EDGE_CURVE ( 'NONE', #5842, #4133, #1824, .T. ) ;
#3446 = CARTESIAN_POINT ( 'NONE',  ( 0.7071067811865421326, -0.7071067811865372477, 0.000000000000000000 ) ) ;
#3447 = ORIENTED_EDGE ( 'NONE', *, *, #4941, .T. ) ;
#3448 = DIRECTION ( 'NONE',  ( -0.4257792915650644439, -0.9048270524660233516, 0.000000000000000000 ) ) ;
#3449 = DIRECTION ( 'NONE',  ( -1.000000000000000000, 0.000000000000000000, 0.000000000000000000 ) ) ;
#3450 = ORIENTED_EDGE ( 'NONE', *, *, #5194, .F. ) ;
#3451 = VECTOR ( 'NONE', #4709, 1000.000000000000000 ) ;
#3452 = ADVANCED_FACE ( 'NONE', ( #1848 ), #2227, .F. ) ;
#3453 = CARTESIAN_POINT ( 'NONE',  ( -30.99999999999999289, 3.796405077356794326E-15, -34.00000000000000000 ) ) ;
#3454 = ADVANCED_FACE ( 'NONE', ( #417 ), #1335, .F. ) ;
#3455 = DIRECTION ( 'NONE',  ( 0.000000000000000000, -0.000000000000000000, 1.000000000000000000 ) ) ;
#3456 = CIRCLE ( 'NONE', #146, 1.250000000000001110 ) ;
#3457 = DIRECTION ( 'NONE',  ( 1.000000000000000000, 0.000000000000000000, 0.000000000000000000 ) ) ;
#3458 = CIRCLE ( 'NONE', #1853, 2.100000000000000977 ) ;
#3459 = FACE_BOUND ( 'NONE', #2417, .T. ) ;
#3460 = EDGE_CURVE ( 'NONE', #1492, #2625, #683, .T. ) ;
#3461 = CYLINDRICAL_SURFACE ( 'NONE', #1961, 1.250000000000001110 ) ;
#3462 = AXIS2_PLACEMENT_3D ( 'NONE', #5144, #3771, #5530 ) ;
#3463 = ORIENTED_EDGE ( 'NONE', *, *, #1598, .F. ) ;
#3464 = AXIS2_PLACEMENT_3D ( 'NONE', #4918, #854, #2665 ) ;
#3465 = AXIS2_PLACEMENT_3D ( 'NONE', #5454, #911, #4052 ) ;
#3466 = DIRECTION ( 'NONE',  ( -1.000000000000000000, 0.000000000000000000, -0.000000000000000000 ) ) ;
#3467 = DIRECTION ( 'NONE',  ( 1.000000000000000000, 0.000000000000000000, 0.000000000000000000 ) ) ;
#3468 = DIRECTION ( 'NONE',  ( -0.7071067811865451302, -0.7071067811865500152, 0.000000000000000000 ) ) ;
#3469 = AXIS2_PLACEMENT_3D ( 'NONE', #374, #3024, #4411 ) ;
#3470 = EDGE_CURVE ( 'NONE', #1785, #2973, #109, .T. ) ;
#3471 = ORIENTED_EDGE ( 'NONE', *, *, #3283, .T. ) ;
#3472 = ORIENTED_EDGE ( 'NONE', *, *, #2833, .T. ) ;
#3473 = CYLINDRICAL_SURFACE ( 'NONE', #4194, 2.500000000000000000 ) ;
#3474 = VECTOR ( 'NONE', #2385, 1000.000000000000000 ) ;
#3475 = CARTESIAN_POINT ( 'NONE',  ( -8.952835937934791488, 34.86899380063071874, 0.000000000000000000 ) ) ;
#3476 = ORIENTED_EDGE ( 'NONE', *, *, #5383, .T. ) ;
#3477 = CIRCLE ( 'NONE', #626, 1.250000000000000888 ) ;
#3478 = ORIENTED_EDGE ( 'NONE', *, *, #5188, .F. ) ;
#3479 = LINE ( 'NONE', #1234, #5171 ) ;
#3480 = ORIENTED_EDGE ( 'NONE', *, *, #4927, .T. ) ;
#3481 = DIRECTION ( 'NONE',  ( 0.000000000000000000, 0.000000000000000000, -1.000000000000000000 ) ) ;
#3482 = CARTESIAN_POINT ( 'NONE',  ( 25.99999999999999645, -3.000000000000000000, -20.09756097560976329 ) ) ;
#3483 = EDGE_LOOP ( 'NONE', ( #846, #630, #2179, #5542 ) ) ;
#3484 = EDGE_CURVE ( 'NONE', #2261, #5409, #4653, .T. ) ;
#3485 = CARTESIAN_POINT ( 'NONE',  ( 1.250000000000000444, -36.00000000000000000, -3.535533905932739973 ) ) ;
#3486 = DIRECTION ( 'NONE',  ( 1.000000000000000000, 0.000000000000000000, 0.000000000000000000 ) ) ;
#3487 = DIRECTION ( 'NONE',  ( -0.000000000000000000, -0.000000000000000000, 1.000000000000000000 ) ) ;
#3488 = DIRECTION ( 'NONE',  ( 1.000000000000000000, 0.000000000000000000, 0.000000000000000000 ) ) ;
#3489 = VECTOR ( 'NONE', #1702, 1000.000000000000000 ) ;
#3490 = CARTESIAN_POINT ( 'NONE',  ( 12.00248389664795390, 33.47195349197723147, 0.000000000000000000 ) ) ;
#3491 = ORIENTED_EDGE ( 'NONE', *, *, #4749, .T. ) ;
#3492 = CARTESIAN_POINT ( 'NONE',  ( -24.64369581343283500, 26.24287058717076704, 2.000000000000000000 ) ) ;
#3493 = DIRECTION ( 'NONE',  ( -0.000000000000000000, -0.000000000000000000, -1.000000000000000000 ) ) ;
#3494 = EDGE_CURVE ( 'NONE', #904, #497, #3515, .T. ) ;
#3495 = CARTESIAN_POINT ( 'NONE',  ( 21.16026908252928962, -29.12461179749791640, 0.000000000000000000 ) ) ;
#3496 = ADVANCED_FACE ( 'NONE', ( #4297 ), #1513, .F. ) ;
#3497 = ORIENTED_EDGE ( 'NONE', *, *, #4139, .T. ) ;
#3498 = VERTEX_POINT ( 'NONE', #3322 ) ;
#3499 = CARTESIAN_POINT ( 'NONE',  ( 0.000000000000000000, 20.00000000000000000, -21.21320343559642652 ) ) ;
#3500 = DIRECTION ( 'NONE',  ( -0.000000000000000000, -0.000000000000000000, -1.000000000000000000 ) ) ;
#3501 = EDGE_LOOP ( 'NONE', ( #2166, #5222, #1064, #252 ) ) ;
#3502 = ORIENTED_EDGE ( 'NONE', *, *, #3269, .F. ) ;
#3503 = DIRECTION ( 'NONE',  ( -0.000000000000000000, -0.000000000000000000, 1.000000000000000000 ) ) ;
#3504 = ORIENTED_EDGE ( 'NONE', *, *, #3878, .F. ) ;
#3505 = FACE_OUTER_BOUND ( 'NONE', #1851, .T. ) ;
#3506 = FACE_OUTER_BOUND ( 'NONE', #2272, .T. ) ;
#3507 = ORIENTED_EDGE ( 'NONE', *, *, #952, .T. ) ;
#3508 = EDGE_CURVE ( 'NONE', #750, #1975, #3900, .T. ) ;
#3509 = SURFACE_STYLE_USAGE ( .BOTH. , #344 ) ;
#3510 = DIRECTION ( 'NONE',  ( 1.000000000000000000, 8.933589771645418770E-17, 0.000000000000000000 ) ) ;
#3512 = ORIENTED_EDGE ( 'NONE', *, *, #2256, .T. ) ;
#3511 = ADVANCED_FACE ( 'NONE', ( #594 ), #5673, .F. ) ;
#3513 = FACE_BOUND ( 'NONE', #3182, .T. ) ;
#3514 = DIRECTION ( 'NONE',  ( -0.000000000000000000, -0.000000000000000000, -1.000000000000000000 ) ) ;
#3515 = CIRCLE ( 'NONE', #2484, 1.249999999999999334 ) ;
#3516 = ORIENTED_EDGE ( 'NONE', *, *, #1644, .T. ) ;
#3517 = FACE_OUTER_BOUND ( 'NONE', #639, .T. ) ;
#3518 = EDGE_CURVE ( 'NONE', #1018, #2072, #5612, .T. ) ;
#3519 = DIRECTION ( 'NONE',  ( 0.000000000000000000, 0.000000000000000000, -1.000000000000000000 ) ) ;
#3520 = LINE ( 'NONE', #4359, #5044 ) ;
#3521 = AXIS2_PLACEMENT_3D ( 'NONE', #2637, #3943, #5306 ) ;
#3522 = DIRECTION ( 'NONE',  ( 0.000000000000000000, 0.000000000000000000, -1.000000000000000000 ) ) ;
#3523 = EDGE_LOOP ( 'NONE', ( #3235, #4026, #4719, #1371 ) ) ;
#3524 = ORIENTED_EDGE ( 'NONE', *, *, #5813, .F. ) ;
#3525 = DIRECTION ( 'NONE',  ( 1.000000000000000000, 0.000000000000000000, 0.000000000000000000 ) ) ;
#3526 = AXIS2_PLACEMENT_3D ( 'NONE', #1351, #611, #2359 ) ;
#3527 = ADVANCED_FACE ( 'NONE', ( #151 ), #1967, .F. ) ;
#3528 = CIRCLE ( 'NONE', #3342, 3.625503238973864395 ) ;
#3529 = DIRECTION ( 'NONE',  ( -0.000000000000000000, -0.000000000000000000, 1.000000000000000000 ) ) ;
#3530 = EDGE_CURVE ( 'NONE', #5581, #2522, #1937, .T. ) ;
#3531 = ORIENTED_EDGE ( 'NONE', *, *, #5365, .T. ) ;
#3532 = AXIS2_PLACEMENT_3D ( 'NONE', #5421, #1748, #798 ) ;
#3533 = VERTEX_POINT ( 'NONE', #2497 ) ;
#3534 = EDGE_CURVE ( 'NONE', #1944, #2236, #3333, .T. ) ;
#3535 = ORIENTED_EDGE ( 'NONE', *, *, #5656, .T. ) ;
#3536 = CARTESIAN_POINT ( 'NONE',  ( -0.7071067811865492381, -0.7071067811865495711, 0.000000000000000000 ) ) ;
#3537 = EDGE_CURVE ( 'NONE', #4744, #296, #184, .T. ) ;
#3538 = CARTESIAN_POINT ( 'NONE',  ( -14.50248389664843351, 33.47195349197703962, 2.000000000000000000 ) ) ;
#3539 = ORIENTED_EDGE ( 'NONE', *, *, #2647, .F. ) ;
#3540 = DIRECTION ( 'NONE',  ( -0.000000000000000000, -0.000000000000000000, -1.000000000000000000 ) ) ;
#3541 = DIRECTION ( 'NONE',  ( -0.000000000000000000, -0.000000000000000000, -1.000000000000000000 ) ) ;
#3542 = CARTESIAN_POINT ( 'NONE',  ( 0.000000000000000000, 0.000000000000000000, -5.500000000000000000 ) ) ;
#3543 = DIRECTION ( 'NONE',  ( 0.000000000000000000, -0.000000000000000000, 1.000000000000000000 ) ) ;
#3544 = VERTEX_POINT ( 'NONE', #5196 ) ;
#3545 = LINE ( 'NONE', #353, #4006 ) ;
#3546 = AXIS2_PLACEMENT_3D ( 'NONE', #2313, #886, #535 ) ;
#3547 = CARTESIAN_POINT ( 'NONE',  ( -8.952835937934791488, 34.86899380063071874, 2.000000000000000000 ) ) ;
#3548 = FACE_BOUND ( 'NONE', #1170, .T. ) ;
#3549 = DIRECTION ( 'NONE',  ( 0.000000000000000000, 0.000000000000000000, 1.000000000000000000 ) ) ;
#3550 = EDGE_CURVE ( 'NONE', #4342, #1435, #4085, .T. ) ;
#3551 = AXIS2_PLACEMENT_3D ( 'NONE', #5407, #1343, #3153 ) ;
#3552 = CIRCLE ( 'NONE', #250, 39.00000000000000000 ) ;
#3553 = ORIENTED_EDGE ( 'NONE', *, *, #981, .F. ) ;
#3554 = ORIENTED_EDGE ( 'NONE', *, *, #2090, .T. ) ;
#3555 = EDGE_CURVE ( 'NONE', #781, #278, #3141, .T. ) ;
#3556 = DIRECTION ( 'NONE',  ( 0.000000000000000000, 0.000000000000000000, 1.000000000000000000 ) ) ;
#3557 = AXIS2_PLACEMENT_3D ( 'NONE', #3823, #1580, #3764 ) ;
#3558 = VECTOR ( 'NONE', #3770, 999.9999999999998863 ) ;
#3559 = CYLINDRICAL_SURFACE ( 'NONE', #3076, 1.250000000000001110 ) ;
#3560 = DIRECTION ( 'NONE',  ( -0.000000000000000000, -0.000000000000000000, -1.000000000000000000 ) ) ;
#3561 = ORIENTED_EDGE ( 'NONE', *, *, #168, .T. ) ;
#3562 = ORIENTED_EDGE ( 'NONE', *, *, #1227, .T. ) ;
#3563 = CIRCLE ( 'NONE', #3469, 1.250000000000001110 ) ;
#3564 = EDGE_CURVE ( 'NONE', #5826, #2121, #3608, .T. ) ;
#3565 = AXIS2_PLACEMENT_3D ( 'NONE', #1191, #2995, #321 ) ;
#3566 = ORIENTED_EDGE ( 'NONE', *, *, #2106, .F. ) ;
#3567 = EDGE_CURVE ( 'NONE', #3834, #3680, #1934, .T. ) ;
#3568 = VERTEX_POINT ( 'NONE', #1102 ) ;
#3569 = CARTESIAN_POINT ( 'NONE',  ( -27.73847673992845486, 22.94726363095277222, -3.535533905932740861 ) ) ;
#3570 = CARTESIAN_POINT ( 'NONE',  ( -16.09313226766178317, 31.54704048157906726, -3.535533905932740861 ) ) ;
#3571 = VERTEX_POINT ( 'NONE', #655 ) ;
#3572 =( LENGTH_UNIT ( ) NAMED_UNIT ( * ) SI_UNIT ( .MILLI., .METRE. ) );
#3573 = EDGE_CURVE ( 'NONE', #5669, #2370, #2109, .T. ) ;
#3574 = CARTESIAN_POINT ( 'NONE',  ( 22.41026908252864658, 29.12461179749838180, -3.535533905932740861 ) ) ;
#3575 = ORIENTED_EDGE ( 'NONE', *, *, #5790, .F. ) ;
#3576 = FACE_BOUND ( 'NONE', #1569, .T. ) ;
#3577 = DIRECTION ( 'NONE',  ( -0.000000000000000000, -0.000000000000000000, -1.000000000000000000 ) ) ;
#3578 = VERTEX_POINT ( 'NONE', #4631 ) ;
#3579 = LINE ( 'NONE', #5754, #5332 ) ;
#3580 = CARTESIAN_POINT ( 'NONE',  ( 0.000000000000000000, 0.000000000000000000, 2.000000000000000000 ) ) ;
#3581 = FACE_BOUND ( 'NONE', #2883, .T. ) ;
#3582 = DIRECTION ( 'NONE',  ( 1.000000000000000000, 0.000000000000000000, 0.000000000000000000 ) ) ;
#3583 = VERTEX_POINT ( 'NONE', #565 ) ;
#3584 = EDGE_LOOP ( 'NONE', ( #2708, #3592 ) ) ;
#3585 = CARTESIAN_POINT ( 'NONE',  ( 0.000000000000000000, 0.000000000000000000, 0.000000000000000000 ) ) ;
#3586 = CARTESIAN_POINT ( 'NONE',  ( 0.000000000000000000, 0.000000000000000000, -34.00000000000000000 ) ) ;
#3587 = CARTESIAN_POINT ( 'NONE',  ( 17.34313226766133198, 31.54704048157931595, -3.535533905932740861 ) ) ;
#3588 = ORIENTED_EDGE ( 'NONE', *, *, #1854, .T. ) ;
#3589 = ORIENTED_EDGE ( 'NONE', *, *, #5855, .F. ) ;
#3590 = DIRECTION ( 'NONE',  ( -0.6340795882070467959, 0.000000000000000000, -0.7732677904963985993 ) ) ;
#3591 = EDGE_CURVE ( 'NONE', #3775, #342, #211, .T. ) ;
#3592 = ORIENTED_EDGE ( 'NONE', *, *, #1162, .F. ) ;
#3593 = VERTEX_POINT ( 'NONE', #1039 ) ;
#3594 = CARTESIAN_POINT ( 'NONE',  ( -25.89369581343283500, 26.24287058717076704, 0.000000000000000000 ) ) ;
#3595 = DIRECTION ( 'NONE',  ( 1.000000000000000000, 0.000000000000000000, 0.000000000000000000 ) ) ;
#3596 = VERTEX_POINT ( 'NONE', #1636 ) ;
#3597 = DIRECTION ( 'NONE',  ( -0.5358267949789887741, -0.8443279255020200713, 0.000000000000000000 ) ) ;
#3598 = DIRECTION ( 'NONE',  ( -0.000000000000000000, -0.000000000000000000, 1.000000000000000000 ) ) ;
#3599 = FACE_OUTER_BOUND ( 'NONE', #5001, .T. ) ;
#3600 = EDGE_LOOP ( 'NONE', ( #2260, #4282, #3677, #4633, #2755, #2290 ) ) ;
#3601 = CARTESIAN_POINT ( 'NONE',  ( -25.99999999999999645, 3.000000000000000000, -14.00000000000000178 ) ) ;
#3602 = DIRECTION ( 'NONE',  ( 1.000000000000000000, 0.000000000000000000, 0.000000000000000000 ) ) ;
#3603 = CARTESIAN_POINT ( 'NONE',  ( -4.360430494053209927, -2.946216931680124329, -5.000000000000000000 ) ) ;
#3604 = CARTESIAN_POINT ( 'NONE',  ( -27.73847673992845486, 22.94726363095277222, 0.000000000000000000 ) ) ;
#3605 = ORIENTED_EDGE ( 'NONE', *, *, #5129, .T. ) ;
#3606 = EDGE_LOOP ( 'NONE', ( #3004, #841 ) ) ;
#3607 = CARTESIAN_POINT ( 'NONE',  ( 1.494327473836393416, 1.244211476087817125, -5.169755996752499527 ) ) ;
#3608 = CIRCLE ( 'NONE', #4569, 1.250000000000001332 ) ;
#3609 = CARTESIAN_POINT ( 'NONE',  ( 21.16026908252928962, -29.12461179749791640, 0.000000000000000000 ) ) ;
#3610 = CIRCLE ( 'NONE', #3334, 1.250000000000001110 ) ;
#3611 = LINE ( 'NONE', #4543, #1637 ) ;
#3612 = EDGE_CURVE ( 'NONE', #3983, #4538, #3520, .T. ) ;
#3613 = ORIENTED_EDGE ( 'NONE', *, *, #5551, .F. ) ;
#3614 = AXIS2_PLACEMENT_3D ( 'NONE', #1189, #2079, #1662 ) ;
#3615 = ORIENTED_EDGE ( 'NONE', *, *, #5456, .F. ) ;
#3616 = CARTESIAN_POINT ( 'NONE',  ( 0.000000000000000000, 0.000000000000000000, -34.00000000000000000 ) ) ;
#3617 = EDGE_CURVE ( 'NONE', #3284, #215, #487, .T. ) ;
#3618 = ORIENTED_EDGE ( 'NONE', *, *, #3706, .F. ) ;
#3619 = CIRCLE ( 'NONE', #3812, 3.625503238973864395 ) ;
#3620 = CIRCLE ( 'NONE', #1076, 1.250000000000001110 ) ;
#3621 = ORIENTED_EDGE ( 'NONE', *, *, #3550, .T. ) ;
#3622 = FACE_OUTER_BOUND ( 'NONE', #2552, .T. ) ;
#3623 = CARTESIAN_POINT ( 'NONE',  ( 34.67896222341774859, 2.260458703055677088, 0.000000000000000000 ) ) ;
#3624 = ORIENTED_EDGE ( 'NONE', *, *, #1526, .T. ) ;
#3625 = DIRECTION ( 'NONE',  ( -0.000000000000000000, 0.000000000000000000, 1.000000000000000000 ) ) ;
#3626 = EDGE_LOOP ( 'NONE', ( #537, #3117, #5557, #1028 ) ) ;
#3627 = FACE_BOUND ( 'NONE', #5200, .T. ) ;
#3628 = EDGE_CURVE ( 'NONE', #3738, #656, #3051, .T. ) ;
#3629 = CYLINDRICAL_SURFACE ( 'NONE', #4518, 1.250000000000000222 ) ;
#3630 = CARTESIAN_POINT ( 'NONE',  ( 1.594661545347701326, -1.463193825786975211, -4.967697038470015869 ) ) ;
#3631 = CARTESIAN_POINT ( 'NONE',  ( 4.570306765394031245, -3.156093203020931881, -1.666683961457740004 ) ) ;
#3632 = LINE ( 'NONE', #2636, #1002 ) ;
#3633 = EDGE_CURVE ( 'NONE', #95, #5865, #2579, .T. ) ;
#3634 = FACE_BOUND ( 'NONE', #3210, .T. ) ;
#3635 = DIRECTION ( 'NONE',  ( 1.000000000000000000, 0.000000000000000000, 0.000000000000000000 ) ) ;
#3636 = ORIENTED_EDGE ( 'NONE', *, *, #4316, .F. ) ;
#3637 = ORIENTED_EDGE ( 'NONE', *, *, #2554, .F. ) ;
#3638 = VECTOR ( 'NONE', #347, 1000.000000000000000 ) ;
#3639 = CYLINDRICAL_SURFACE ( 'NONE', #4662, 1.250000000000001110 ) ;
#3640 = DIRECTION ( 'NONE',  ( -0.7071067811865477948, 0.7071067811865473507, 0.000000000000000000 ) ) ;
#3641 = CARTESIAN_POINT ( 'NONE',  ( 13.25248389664867332, -33.47195349197694725, -3.535533905932739085 ) ) ;
#3642 = AXIS2_PLACEMENT_3D ( 'NONE', #338, #3959, #5766 ) ;
#3643 = AXIS2_PLACEMENT_3D ( 'NONE', #3142, #4958, #977 ) ;
#3644 = ORIENTED_EDGE ( 'NONE', *, *, #4135, .F. ) ;
#3645 = EDGE_LOOP ( 'NONE', ( #2634, #4421 ) ) ;
#3646 = CYLINDRICAL_SURFACE ( 'NONE', #4453, 1.250000000000001110 ) ;
#3647 = AXIS2_PLACEMENT_3D ( 'NONE', #2323, #1892, #2377 ) ;
#3648 = AXIS2_PLACEMENT_3D ( 'NONE', #3393, #3522, #5334 ) ;
#3649 = VECTOR ( 'NONE', #293, 1000.000000000000000 ) ;
#3650 = EDGE_LOOP ( 'NONE', ( #1678, #1350 ) ) ;
#3651 = EDGE_LOOP ( 'NONE', ( #4413, #1707 ) ) ;
#3653 = DIRECTION ( 'NONE',  ( -0.7071067811865451302, -0.7071067811865500152, 0.000000000000000000 ) ) ;
#3652 = PRODUCT_DEFINITION_FORMATION_WITH_SPECIFIED_SOURCE ( 'ANY', '', #1024, .NOT_KNOWN. ) ;
#3654 = AXIS2_PLACEMENT_3D ( 'NONE', #2965, #742, #1746 ) ;
#3655 = LINE ( 'NONE', #131, #4696 ) ;
#3656 = ORIENTED_EDGE ( 'NONE', *, *, #5852, .T. ) ;
#3657 = LINE ( 'NONE', #3713, #2294 ) ;
#3658 = AXIS2_PLACEMENT_3D ( 'NONE', #2521, #2080, #3875 ) ;
#3659 = ORIENTED_EDGE ( 'NONE', *, *, #2643, .T. ) ;
#3660 = DIRECTION ( 'NONE',  ( 1.000000000000000000, 0.000000000000000000, 0.000000000000000000 ) ) ;
#3661 = CYLINDRICAL_SURFACE ( 'NONE', #2539, 2.100000000000000977 ) ;
#3662 = CIRCLE ( 'NONE', #3937, 1.250000000000001110 ) ;
#3663 = ORIENTED_EDGE ( 'NONE', *, *, #991, .T. ) ;
#3664 = DIRECTION ( 'NONE',  ( -0.000000000000000000, -0.000000000000000000, -1.000000000000000000 ) ) ;
#3665 = DIRECTION ( 'NONE',  ( -0.8090169943749421222, -0.5877852522924804646, 0.000000000000000000 ) ) ;
#3666 = FACE_BOUND ( 'NONE', #3364, .T. ) ;
#3667 = CIRCLE ( 'NONE', #2252, 1.250000000000001332 ) ;
#3668 = CARTESIAN_POINT ( 'NONE',  ( -32.98803458662548138, -11.12461179749825746, 0.000000000000000000 ) ) ;
#3669 = ORIENTED_EDGE ( 'NONE', *, *, #1598, .T. ) ;
#3670 = ORIENTED_EDGE ( 'NONE', *, *, #4929, .T. ) ;
#3671 = PLANE ( 'NONE',  #307 ) ;
#3672 = EDGE_CURVE ( 'NONE', #3284, #656, #1750, .T. ) ;
#3673 = EDGE_CURVE ( 'NONE', #4605, #2612, #2860, .T. ) ;
#3674 = FACE_BOUND ( 'NONE', #370, .T. ) ;
#3675 = DIRECTION ( 'NONE',  ( 0.1873813145857382290, -0.9822872507286861676, 0.000000000000000000 ) ) ;
#3676 = ORIENTED_EDGE ( 'NONE', *, *, #5852, .F. ) ;
#3677 = ORIENTED_EDGE ( 'NONE', *, *, #2840, .T. ) ;
#3678 = CARTESIAN_POINT ( 'NONE',  ( 0.000000000000000000, -0.2999999999999999334, -4.000000000000000000 ) ) ;
#3679 = EDGE_LOOP ( 'NONE', ( #2352, #4996, #2739, #2221 ) ) ;
#3680 = VERTEX_POINT ( 'NONE', #1668 ) ;
#3681 = FACE_OUTER_BOUND ( 'NONE', #3145, .T. ) ;
#3682 = DIRECTION ( 'NONE',  ( -0.000000000000000000, -0.000000000000000000, -1.000000000000000000 ) ) ;
#3683 = EDGE_LOOP ( 'NONE', ( #4004, #1768, #1378, #2979 ) ) ;
#3684 = DIRECTION ( 'NONE',  ( 0.000000000000000000, 0.000000000000000000, 1.000000000000000000 ) ) ;
#3685 = VERTEX_POINT ( 'NONE', #1277 ) ;
#3686 = DIRECTION ( 'NONE',  ( 0.000000000000000000, 0.000000000000000000, 1.000000000000000000 ) ) ;
#3687 = EDGE_CURVE ( 'NONE', #214, #3058, #2188, .T. ) ;
#3688 = DIRECTION ( 'NONE',  ( -1.000000000000000000, 0.000000000000000000, 0.000000000000000000 ) ) ;
#3689 = ORIENTED_EDGE ( 'NONE', *, *, #2701, .T. ) ;
#3690 = DIRECTION ( 'NONE',  ( -0.000000000000000000, -0.000000000000000000, 1.000000000000000000 ) ) ;
#3691 = ADVANCED_FACE ( 'NONE', ( #2138 ), #2529, .F. ) ;
#3692 = EDGE_CURVE ( 'NONE', #3916, #1812, #3234, .T. ) ;
#3693 = CARTESIAN_POINT ( 'NONE',  ( -28.98847673992830209, -22.94726363095296762, -3.535533905932740861 ) ) ;
#3694 = CARTESIAN_POINT ( 'NONE',  ( -1.734935157289747343, 1.800000000000000044, 2.000000000000000000 ) ) ;
#3695 = CYLINDRICAL_SURFACE ( 'NONE', #2616, 1.250000000000001110 ) ;
#3696 = ADVANCED_FACE ( 'NONE', ( #4445 ), #4332, .F. ) ;
#3697 = ORIENTED_EDGE ( 'NONE', *, *, #1386, .F. ) ;
#3698 = CARTESIAN_POINT ( 'NONE',  ( -1.077483922744800315, 0.4687764585960892405, -5.500000000000000888 ) ) ;
#3699 = DIRECTION ( 'NONE',  ( -0.1873813145857161633, -0.9822872507286902755, 0.000000000000000000 ) ) ;
#3700 = DIRECTION ( 'NONE',  ( 0.000000000000000000, 0.000000000000000000, -1.000000000000000000 ) ) ;
#3701 = EDGE_LOOP ( 'NONE', ( #5439, #5817, #5461, #118 ) ) ;
#3702 = ADVANCED_FACE ( 'NONE', ( #3881 ), #294, .F. ) ;
#3703 = EDGE_CURVE ( 'NONE', #4965, #3339, #772, .T. ) ;
#3704 = VERTEX_POINT ( 'NONE', #5221 ) ;
#3705 = DIRECTION ( 'NONE',  ( 1.000000000000000000, 0.000000000000000000, 0.000000000000000000 ) ) ;
#3706 = EDGE_CURVE ( 'NONE', #4373, #1911, #2971, .T. ) ;
#3707 = DIRECTION ( 'NONE',  ( -1.000000000000000000, 0.000000000000000000, 0.000000000000000000 ) ) ;
#3708 = EDGE_CURVE ( 'NONE', #560, #1639, #4661, .T. ) ;
#3709 = VERTEX_POINT ( 'NONE', #2085 ) ;
#3710 = VECTOR ( 'NONE', #10, 1000.000000000000000 ) ;
#3711 = CARTESIAN_POINT ( 'NONE',  ( -1.250000000000000444, -36.00000000000000000, 2.000000000000000000 ) ) ;
#3712 = ORIENTED_EDGE ( 'NONE', *, *, #4728, .T. ) ;
#3713 = CARTESIAN_POINT ( 'NONE',  ( 19.91026908252864658, 29.12461179749838180, -3.535533905932740861 ) ) ;
#3714 = EDGE_CURVE ( 'NONE', #1407, #904, #1226, .T. ) ;
#3715 = VERTEX_POINT ( 'NONE', #4814 ) ;
#3716 = DIRECTION ( 'NONE',  ( -0.000000000000000000, -0.000000000000000000, -1.000000000000000000 ) ) ;
#3717 = DIRECTION ( 'NONE',  ( 1.000000000000000000, 0.000000000000000000, 0.000000000000000000 ) ) ;
#3718 = VECTOR ( 'NONE', #298, 1000.000000000000000 ) ;
#3719 = VECTOR ( 'NONE', #462, 1000.000000000000000 ) ;
#3720 = EDGE_LOOP ( 'NONE', ( #4840, #4573 ) ) ;
#3721 = DIRECTION ( 'NONE',  ( -0.000000000000000000, -0.000000000000000000, -1.000000000000000000 ) ) ;
#3722 = CARTESIAN_POINT ( 'NONE',  ( -30.39580531807245478, -19.28976461924402130, -3.535533905932740861 ) ) ;
#3723 = DIRECTION ( 'NONE',  ( -1.224646799147353207E-16, 1.000000000000000000, 0.000000000000000000 ) ) ;
#3724 = DIRECTION ( 'NONE',  ( 0.08715574274765820750, -1.067350013832297669E-17, 0.9961946980917455452 ) ) ;
#3725 = ORIENTED_EDGE ( 'NONE', *, *, #1794, .T. ) ;
#3726 = LINE ( 'NONE', #5545, #1830 ) ;
#3727 = CYLINDRICAL_SURFACE ( 'NONE', #2326, 1.250000000000001110 ) ;
#3728 = EDGE_CURVE ( 'NONE', #3410, #1463, #748, .T. ) ;
#3729 = CARTESIAN_POINT ( 'NONE',  ( 14.50248389664867332, -33.47195349197694725, -3.535533905932739085 ) ) ;
#3730 = ORIENTED_EDGE ( 'NONE', *, *, #2339, .T. ) ;
#3731 = VECTOR ( 'NONE', #5155, 999.9999999999998863 ) ;
#3732 = EDGE_CURVE ( 'NONE', #3709, #5401, #1631, .T. ) ;
#3733 = EDGE_LOOP ( 'NONE', ( #206, #2696, #5688, #4225 ) ) ;
#3734 = DIRECTION ( 'NONE',  ( -0.000000000000000000, -0.000000000000000000, -1.000000000000000000 ) ) ;
#3735 = AXIS2_PLACEMENT_3D ( 'NONE', #2333, #3803, #197 ) ;
#3736 = CIRCLE ( 'NONE', #4883, 1.250000000000001332 ) ;
#3737 = FACE_OUTER_BOUND ( 'NONE', #3262, .T. ) ;
#3738 = VERTEX_POINT ( 'NONE', #4419 ) ;
#3739 = CARTESIAN_POINT ( 'NONE',  ( -32.98803458662548138, -11.12461179749825746, 2.000000000000000000 ) ) ;
#3740 = CARTESIAN_POINT ( 'NONE',  ( 0.000000000000000000, 0.000000000000000000, 0.000000000000000000 ) ) ;
#3741 = ORIENTED_EDGE ( 'NONE', *, *, #3306, .T. ) ;
#3742 = VECTOR ( 'NONE', #4724, 1000.000000000000000 ) ;
#3743 = EDGE_CURVE ( 'NONE', #4823, #4521, #1421, .T. ) ;
#3744 = LINE ( 'NONE', #2297, #1825 ) ;
#3745 = EDGE_CURVE ( 'NONE', #3011, #5826, #3136, .T. ) ;
#3746 = EDGE_CURVE ( 'NONE', #5835, #5759, #5048, .T. ) ;
#3747 = AXIS2_PLACEMENT_3D ( 'NONE', #826, #5751, #3046 ) ;
#3748 = VERTEX_POINT ( 'NONE', #409 ) ;
#3749 = PLANE ( 'NONE',  #4213 ) ;
#3750 = LINE ( 'NONE', #997, #2151 ) ;
#3751 = EDGE_LOOP ( 'NONE', ( #31, #5045 ) ) ;
#3752 = VECTOR ( 'NONE', #4017, 1000.000000000000000 ) ;
#3753 = DIRECTION ( 'NONE',  ( 1.000000000000000000, 0.000000000000000000, 0.000000000000000000 ) ) ;
#3754 = DIRECTION ( 'NONE',  ( 0.06279051952932654390, -0.9980267284282706708, 0.000000000000000000 ) ) ;
#3755 = DIRECTION ( 'NONE',  ( 1.000000000000000000, 0.000000000000000000, 0.000000000000000000 ) ) ;
#3756 = AXIS2_PLACEMENT_3D ( 'NONE', #4456, #1410, #1319 ) ;
#3757 = CARTESIAN_POINT ( 'NONE',  ( 0.000000000000000000, 0.000000000000000000, -5.500000000000000000 ) ) ;
#3758 = VERTEX_POINT ( 'NONE', #5839 ) ;
#3759 = DIRECTION ( 'NONE',  ( -0.000000000000000000, -0.000000000000000000, 1.000000000000000000 ) ) ;
#3760 = DIRECTION ( 'NONE',  ( 0.000000000000000000, 0.000000000000000000, 1.000000000000000000 ) ) ;
#3761 = DIRECTION ( 'NONE',  ( 0.6374239897486884132, 0.7705132427757903635, 0.000000000000000000 ) ) ;
#3762 = EDGE_LOOP ( 'NONE', ( #2898, #5446, #3972, #686 ) ) ;
#3763 = EDGE_CURVE ( 'NONE', #838, #5533, #1165, .T. ) ;
#3764 = DIRECTION ( 'NONE',  ( 1.000000000000000000, 0.000000000000000000, 0.000000000000000000 ) ) ;
#3765 = ORIENTED_EDGE ( 'NONE', *, *, #52, .T. ) ;
#3766 = CARTESIAN_POINT ( 'NONE',  ( 28.98847673992862184, -22.94726363095257682, 0.000000000000000000 ) ) ;
#3767 = EDGE_CURVE ( 'NONE', #797, #2557, #4469, .T. ) ;
#3768 = DIRECTION ( 'NONE',  ( -1.000000000000000000, -0.000000000000000000, 0.000000000000000000 ) ) ;
#3769 = VERTEX_POINT ( 'NONE', #3603 ) ;
#3770 = DIRECTION ( 'NONE',  ( -0.7071067811865477948, 0.7071067811865473507, 0.000000000000000000 ) ) ;
#3771 = DIRECTION ( 'NONE',  ( 0.000000000000000000, 0.000000000000000000, 1.000000000000000000 ) ) ;
#3772 = ORIENTED_EDGE ( 'NONE', *, *, #4364, .F. ) ;
#3773 = ADVANCED_FACE ( 'NONE', ( #4112, #3166, #2340, #1810, #2218, #5423, #2251, #5394, #1842, #493, #4022, #1362, #1329, #4147, #4949, #4504, #2730, #968, #1307, #3634, #5487, #438, #1780, #5361, #3581, #881, #4982, #1874, #3548, #4536, #4053, #912, #3110, #5455, #5042, #1392, #5015, #4563, #53, #3666, #4917, #853, #2785, #2664, #4468, #2429, #1452, #2871, #2486, #4234, #5156, #5633 ), #1536, .F. ) ;
#3774 = DIRECTION ( 'NONE',  ( -0.000000000000000000, -0.000000000000000000, 1.000000000000000000 ) ) ;
#3775 = VERTEX_POINT ( 'NONE', #2841 ) ;
#3776 = FACE_OUTER_BOUND ( 'NONE', #1594, .T. ) ;
#3777 = DIRECTION ( 'NONE',  ( -0.000000000000000000, -0.000000000000000000, -1.000000000000000000 ) ) ;
#3778 = VERTEX_POINT ( 'NONE', #4173 ) ;
#3779 = FACE_OUTER_BOUND ( 'NONE', #3361, .T. ) ;
#3780 = DIRECTION ( 'NONE',  ( -0.8763066800438670256, 0.4817536741017089952, 0.000000000000000000 ) ) ;
#3781 = DIRECTION ( 'NONE',  ( 1.000000000000000000, 0.000000000000000000, 0.000000000000000000 ) ) ;
#3782 = EDGE_CURVE ( 'NONE', #2766, #215, #784, .T. ) ;
#3783 = DIRECTION ( 'NONE',  ( 0.000000000000000000, -0.000000000000000000, 1.000000000000000000 ) ) ;
#3784 = CARTESIAN_POINT ( 'NONE',  ( -10.20283593793479326, 34.86899380063071874, -3.535533905932740861 ) ) ;
#3785 = ORIENTED_EDGE ( 'NONE', *, *, #165, .T. ) ;
#3786 = CARTESIAN_POINT ( 'NONE',  ( 25.99999999999999645, 3.000000000000000000, -29.00000000000000000 ) ) ;
#3787 = AXIS2_PLACEMENT_3D ( 'NONE', #508, #4036, #2764 ) ;
#3788 = CARTESIAN_POINT ( 'NONE',  ( 25.89369581343302329, -26.24287058717059651, -3.535533905932740861 ) ) ;
#3789 = EDGE_CURVE ( 'NONE', #5581, #4267, #1923, .T. ) ;
#3790 = DIRECTION ( 'NONE',  ( 0.000000000000000000, 0.000000000000000000, 1.000000000000000000 ) ) ;
#3791 = EDGE_LOOP ( 'NONE', ( #4269, #5356, #1806, #260 ) ) ;
#3792 = ORIENTED_EDGE ( 'NONE', *, *, #2830, .T. ) ;
#3793 = ORIENTED_EDGE ( 'NONE', *, *, #1628, .T. ) ;
#3794 = DIRECTION ( 'NONE',  ( 0.000000000000000000, 0.000000000000000000, 1.000000000000000000 ) ) ;
#3795 = DIRECTION ( 'NONE',  ( -0.1873813145857161633, -0.9822872507286902755, 0.000000000000000000 ) ) ;
#3796 = ORIENTED_EDGE ( 'NONE', *, *, #3591, .F. ) ;
#3797 = DIRECTION ( 'NONE',  ( 1.000000000000000000, 0.000000000000000000, 0.000000000000000000 ) ) ;
#3798 = ORIENTED_EDGE ( 'NONE', *, *, #546, .F. ) ;
#3799 = DIRECTION ( 'NONE',  ( -0.000000000000000000, -0.000000000000000000, -1.000000000000000000 ) ) ;
#3800 =( BOUNDED_CURVE ( )  B_SPLINE_CURVE ( 3, ( #5029, #1891, #954, #511 ),
 .UNSPECIFIED., .F., .F. ) 
 B_SPLINE_CURVE_WITH_KNOTS ( ( 4, 4 ),
 ( 4.712388980384689674, 6.283185307179586232 ),
 .UNSPECIFIED. ) 
 CURVE ( )  GEOMETRIC_REPRESENTATION_ITEM ( )  RATIONAL_B_SPLINE_CURVE ( ( 1.000000000000000000, 0.8047378541243649375, 0.8047378541243649375, 1.000000000000000000 ) ) 
 REPRESENTATION_ITEM ( '' )  );
#3801 = VECTOR ( 'NONE', #3914, 1000.000000000000000 ) ;
#3802 = ORIENTED_EDGE ( 'NONE', *, *, #2231, .F. ) ;
#3803 = DIRECTION ( 'NONE',  ( 0.000000000000000000, -0.000000000000000000, 1.000000000000000000 ) ) ;
#3804 = CARTESIAN_POINT ( 'NONE',  ( -28.98971537909590523, -3.000000000000000444, -16.45156661085864869 ) ) ;
#3805 = ORIENTED_EDGE ( 'NONE', *, *, #2773, .T. ) ;
#3806 = DIRECTION ( 'NONE',  ( -0.000000000000000000, -0.000000000000000000, -1.000000000000000000 ) ) ;
#3807 = AXIS2_PLACEMENT_3D ( 'NONE', #623, #3759, #4117 ) ;
#3808 = CARTESIAN_POINT ( 'NONE',  ( 27.73847673992813867, 22.94726363095315591, -3.535533905932740861 ) ) ;
#3809 = CARTESIAN_POINT ( 'NONE',  ( -7.702835937934540134, -34.86899380063077558, 2.000000000000000000 ) ) ;
#3810 = ADVANCED_FACE ( 'NONE', ( #3315 ), #178, .F. ) ;
#3811 = CARTESIAN_POINT ( 'NONE',  ( 13.25248389664867332, -33.47195349197694725, 0.000000000000000000 ) ) ;
#3812 = AXIS2_PLACEMENT_3D ( 'NONE', #1204, #1703, #5286 ) ;
#3813 = VECTOR ( 'NONE', #2635, 1000.000000000000000 ) ;
#3814 = CARTESIAN_POINT ( 'NONE',  ( 28.98847673992813867, 22.94726363095315591, 0.000000000000000000 ) ) ;
#3815 = ORIENTED_EDGE ( 'NONE', *, *, #1723, .F. ) ;
#3816 = DIRECTION ( 'NONE',  ( 1.000000000000000000, 0.000000000000000000, 0.000000000000000000 ) ) ;
#3817 = EDGE_CURVE ( 'NONE', #4018, #3284, #5600, .T. ) ;
#3818 = ADVANCED_FACE ( 'NONE', ( #1094 ), #4090, .T. ) ;
#3819 = DIRECTION ( 'NONE',  ( 0.000000000000000000, 0.000000000000000000, 1.000000000000000000 ) ) ;
#3820 = DIRECTION ( 'NONE',  ( -0.6374239897486944084, 0.7705132427757853675, 0.000000000000000000 ) ) ;
#3821 = ORIENTED_EDGE ( 'NONE', *, *, #4910, .F. ) ;
#3822 = ORIENTED_EDGE ( 'NONE', *, *, #4616, .F. ) ;
#3823 = CARTESIAN_POINT ( 'NONE',  ( 0.000000000000000000, 0.000000000000000000, 0.000000000000000000 ) ) ;
#3824 = ORIENTED_EDGE ( 'NONE', *, *, #5702, .T. ) ;
#3825 = CARTESIAN_POINT ( 'NONE',  ( 0.000000000000000000, 36.00000000000000000, -3.535533905932739973 ) ) ;
#3826 = EDGE_CURVE ( 'NONE', #1655, #5208, #1641, .T. ) ;
#3827 = CARTESIAN_POINT ( 'NONE',  ( 4.511996408315208207, -35.71612924732117023, 2.000000000000000000 ) ) ;
#3828 = AXIS2_PLACEMENT_3D ( 'NONE', #4438, #372, #5524 ) ;
#3829 = VERTEX_POINT ( 'NONE', #4710 ) ;
#3830 = CARTESIAN_POINT ( 'NONE',  ( 34.23803458662540322, 11.12461179749849549, 0.000000000000000000 ) ) ;
#3831 = ORIENTED_EDGE ( 'NONE', *, *, #2189, .T. ) ;
#3832 = AXIS2_PLACEMENT_3D ( 'NONE', #1543, #1936, #1573 ) ;
#3833 = CARTESIAN_POINT ( 'NONE',  ( 19.91026908252864658, 29.12461179749838180, 0.000000000000000000 ) ) ;
#3834 = VERTEX_POINT ( 'NONE', #1484 ) ;
#3835 = LINE ( 'NONE', #4346, #3275 ) ;
#3836 = AXIS2_PLACEMENT_3D ( 'NONE', #1264, #4434, #4040 ) ;
#3837 = CIRCLE ( 'NONE', #4121, 1.250000000000001110 ) ;
#3838 = DIRECTION ( 'NONE',  ( -1.000000000000000000, 0.000000000000000000, 0.000000000000000000 ) ) ;
#3839 = EDGE_LOOP ( 'NONE', ( #3512, #5856, #3659, #1288 ) ) ;
#3840 = CARTESIAN_POINT ( 'NONE',  ( -34.11234102623276243, -6.745727325086226855, -3.535533905932740861 ) ) ;
#3841 =( BOUNDED_CURVE ( )  B_SPLINE_CURVE ( 3, ( #2594, #304, #2122, #1706 ),
 .UNSPECIFIED., .F., .T. ) 
 B_SPLINE_CURVE_WITH_KNOTS ( ( 4, 4 ),
 ( 0.000000000000000000, 1.570796326794896558 ),
 .UNSPECIFIED. ) 
 CURVE ( )  GEOMETRIC_REPRESENTATION_ITEM ( )  RATIONAL_B_SPLINE_CURVE ( ( 1.000000000000000000, 0.8047378541243649375, 0.8047378541243649375, 1.000000000000000000 ) ) 
 REPRESENTATION_ITEM ( '' )  );
#3842 = FACE_OUTER_BOUND ( 'NONE', #5849, .T. ) ;
#3843 = AXIS2_PLACEMENT_3D ( 'NONE', #1377, #1738, #3185 ) ;
#3844 = TOROIDAL_SURFACE ( 'NONE', #1486, 1.000000000000000000, 1.500000000000000000 ) ;
#3845 = CARTESIAN_POINT ( 'NONE',  ( 17.34313226766200344, -31.54704048157895002, 2.000000000000000000 ) ) ;
#3846 = LINE ( 'NONE', #5300, #1729 ) ;
#3847 = LINE ( 'NONE', #2365, #4512 ) ;
#3848 = AXIS2_PLACEMENT_3D ( 'NONE', #796, #3514, #1273 ) ;
#3849 = EDGE_LOOP ( 'NONE', ( #1161, #507 ) ) ;
#3850 = DIRECTION ( 'NONE',  ( 0.000000000000000000, 0.000000000000000000, 1.000000000000000000 ) ) ;
#3851 = AXIS2_PLACEMENT_3D ( 'NONE', #5210, #4347, #341 ) ;
#3852 = FACE_OUTER_BOUND ( 'NONE', #4150, .T. ) ;
#3853 = DIRECTION ( 'NONE',  ( -0.000000000000000000, 0.000000000000000000, 1.000000000000000000 ) ) ;
#3854 = ORIENTED_EDGE ( 'NONE', *, *, #2409, .F. ) ;
#3855 = ORIENTED_EDGE ( 'NONE', *, *, #2498, .T. ) ;
#3856 = CYLINDRICAL_SURFACE ( 'NONE', #3001, 1.250000000000000222 ) ;
#3857 = ORIENTED_EDGE ( 'NONE', *, *, #955, .F. ) ;
#3858 = FACE_OUTER_BOUND ( 'NONE', #3121, .T. ) ;
#3859 = EDGE_CURVE ( 'NONE', #4012, #815, #1004, .T. ) ;
#3860 = CARTESIAN_POINT ( 'NONE',  ( 34.23803458662563060, -11.12461179749777784, 2.000000000000000000 ) ) ;
#3861 = ORIENTED_EDGE ( 'NONE', *, *, #3352, .F. ) ;
#3862 = DIRECTION ( 'NONE',  ( 1.000000000000000000, 0.000000000000000000, 0.000000000000000000 ) ) ;
#3863 = VERTEX_POINT ( 'NONE', #2392 ) ;
#3864 = FACE_OUTER_BOUND ( 'NONE', #2713, .T. ) ;
#3865 = EDGE_LOOP ( 'NONE', ( #3553, #3418 ) ) ;
#3866 = DIRECTION ( 'NONE',  ( -0.000000000000000000, -0.000000000000000000, 1.000000000000000000 ) ) ;
#3867 = DIRECTION ( 'NONE',  ( 0.000000000000000000, 0.000000000000000000, -1.000000000000000000 ) ) ;
#3868 = ORIENTED_EDGE ( 'NONE', *, *, #756, .T. ) ;
#3869 = DIRECTION ( 'NONE',  ( 1.000000000000000000, 0.000000000000000000, 0.000000000000000000 ) ) ;
#3870 = DIRECTION ( 'NONE',  ( -0.000000000000000000, -0.000000000000000000, -1.000000000000000000 ) ) ;
#3871 = B_SPLINE_CURVE_WITH_KNOTS ( 'NONE', 3,
 ( #2838, #3631, #3195, #3286 ),
 .UNSPECIFIED., .F., .F.,
 ( 4, 4 ),
 ( 2.007881798787283099E-07, 0.005019957410088468630 ),
 .UNSPECIFIED. ) ;
#3872 = DIRECTION ( 'NONE',  ( -8.933589771645418770E-17, 1.000000000000000000, 0.000000000000000000 ) ) ;
#3873 = EDGE_CURVE ( 'NONE', #3399, #333, #4626, .T. ) ;
#3874 = CARTESIAN_POINT ( 'NONE',  ( 0.000000000000000000, 0.000000000000000000, 2.000000000000000000 ) ) ;
#3875 = DIRECTION ( 'NONE',  ( 1.000000000000000000, 0.000000000000000000, 0.000000000000000000 ) ) ;
#3876 = ORIENTED_EDGE ( 'NONE', *, *, #799, .F. ) ;
#3877 = DIRECTION ( 'NONE',  ( 0.000000000000000000, 0.000000000000000000, 1.000000000000000000 ) ) ;
#3878 = EDGE_CURVE ( 'NONE', #2111, #3047, #4950, .T. ) ;
#3879 = EDGE_CURVE ( 'NONE', #4342, #3106, #107, .T. ) ;
#3880 = DIRECTION ( 'NONE',  ( -0.000000000000000000, -0.000000000000000000, -1.000000000000000000 ) ) ;
#3881 = FACE_OUTER_BOUND ( 'NONE', #2882, .T. ) ;
#3882 = EDGE_CURVE ( 'NONE', #656, #5498, #1567, .T. ) ;
#3883 = ORIENTED_EDGE ( 'NONE', *, *, #5389, .T. ) ;
#3884 = EDGE_LOOP ( 'NONE', ( #1791, #4065, #5386, #5406 ) ) ;
#3885 = DIRECTION ( 'NONE',  ( -0.000000000000000000, -0.000000000000000000, -1.000000000000000000 ) ) ;
#3886 = CARTESIAN_POINT ( 'NONE',  ( 7.500000000000000000, -20.00000000000000000, 2.000000000000000000 ) ) ;
#3887 = EDGE_CURVE ( 'NONE', #4382, #2771, #4260, .T. ) ;
#3888 = ORIENTED_EDGE ( 'NONE', *, *, #4830, .F. ) ;
#3889 = CARTESIAN_POINT ( 'NONE',  ( -17.34313226766178673, 31.54704048157906726, 2.000000000000000000 ) ) ;
#3890 = EDGE_CURVE ( 'NONE', #4539, #442, #3379, .T. ) ;
#3891 = ORIENTED_EDGE ( 'NONE', *, *, #3445, .T. ) ;
#3892 = DIRECTION ( 'NONE',  ( 0.000000000000000000, 0.000000000000000000, 1.000000000000000000 ) ) ;
#3893 = EDGE_CURVE ( 'NONE', #3414, #422, #4857, .T. ) ;
#3894 = VERTEX_POINT ( 'NONE', #5511 ) ;
#3895 = CARTESIAN_POINT ( 'NONE',  ( 2.946216931680113671, -4.360430494053208150, -5.000000000000000000 ) ) ;
#3896 = CARTESIAN_POINT ( 'NONE',  ( 18.59313226766133198, 31.54704048157931595, 0.000000000000000000 ) ) ;
#3897 = EDGE_LOOP ( 'NONE', ( #5418, #4339, #2061, #2981 ) ) ;
#3898 = DIRECTION ( 'NONE',  ( -0.000000000000000000, -0.000000000000000000, 1.000000000000000000 ) ) ;
#3899 = CARTESIAN_POINT ( 'NONE',  ( 32.57377388877652891, 15.32805449634299322, -3.535533905932739085 ) ) ;
#3900 = CIRCLE ( 'NONE', #3424, 1.250000000000001998 ) ;
#3901 = CIRCLE ( 'NONE', #2966, 1.250000000000001110 ) ;
#3902 = EDGE_CURVE ( 'NONE', #296, #3388, #3428, .T. ) ;
#3903 = FACE_OUTER_BOUND ( 'NONE', #1531, .T. ) ;
#3904 = AXIS2_PLACEMENT_3D ( 'NONE', #5201, #1253, #1138 ) ;
#3905 = CARTESIAN_POINT ( 'NONE',  ( 0.000000000000000000, 0.000000000000000000, -6.630733614121488095 ) ) ;
#3906 = CARTESIAN_POINT ( 'NONE',  ( -5.000000000000000000, 0.000000000000000000, -8.000000000000000000 ) ) ;
#3907 = AXIS2_PLACEMENT_3D ( 'NONE', #4202, #1902, #2364 ) ;
#3908 = CIRCLE ( 'NONE', #2679, 1.250000000000000222 ) ;
#3909 = ORIENTED_EDGE ( 'NONE', *, *, #3919, .T. ) ;
#3910 = CARTESIAN_POINT ( 'NONE',  ( -1.250000000000000444, 36.00000000000000000, 0.000000000000000000 ) ) ;
#3911 = VECTOR ( 'NONE', #4902, 1000.000000000000000 ) ;
#3912 = FACE_OUTER_BOUND ( 'NONE', #4628, .T. ) ;
#3913 = CIRCLE ( 'NONE', #2030, 1.250000000000000888 ) ;
#3914 = DIRECTION ( 'NONE',  ( -0.000000000000000000, -0.000000000000000000, 1.000000000000000000 ) ) ;
#3915 = EDGE_LOOP ( 'NONE', ( #2220, #3357 ) ) ;
#3916 = VERTEX_POINT ( 'NONE', #5692 ) ;
#3917 = DIRECTION ( 'NONE',  ( -0.000000000000000000, -0.000000000000000000, 1.000000000000000000 ) ) ;
#3918 = DIRECTION ( 'NONE',  ( 0.000000000000000000, 0.000000000000000000, 1.000000000000000000 ) ) ;
#3919 = EDGE_CURVE ( 'NONE', #2371, #937, #4277, .T. ) ;
#3920 = ORIENTED_EDGE ( 'NONE', *, *, #4367, .T. ) ;
#3921 = ORIENTED_EDGE ( 'NONE', *, *, #2210, .F. ) ;
#3922 = CARTESIAN_POINT ( 'NONE',  ( 36.61234102623286191, -6.745727325085741022, 0.000000000000000000 ) ) ;
#3923 = ORIENTED_EDGE ( 'NONE', *, *, #2728, .F. ) ;
#3924 = CYLINDRICAL_SURFACE ( 'NONE', #2419, 1.250000000000001110 ) ;
#3925 = CARTESIAN_POINT ( 'NONE',  ( 17.34313226766133198, 31.54704048157931595, 0.000000000000000000 ) ) ;
#3926 = ORIENTED_EDGE ( 'NONE', *, *, #4341, .T. ) ;
#3927 = VECTOR ( 'NONE', #1298, 1000.000000000000000 ) ;
#3928 = LINE ( 'NONE', #949, #7 ) ;
#3929 = EDGE_CURVE ( 'NONE', #2659, #4664, #3846, .T. ) ;
#3930 = EDGE_CURVE ( 'NONE', #4317, #723, #5667, .T. ) ;
#3931 = AXIS2_PLACEMENT_3D ( 'NONE', #5120, #99, #1896 ) ;
#3932 = DIRECTION ( 'NONE',  ( 1.000000000000000000, 0.000000000000000000, 0.000000000000000000 ) ) ;
#3933 = CIRCLE ( 'NONE', #1379, 1.250000000000000000 ) ;
#3934 = VERTEX_POINT ( 'NONE', #2049 ) ;
#3935 = DIRECTION ( 'NONE',  ( 1.000000000000000000, 0.000000000000000000, 0.000000000000000000 ) ) ;
#3936 = CARTESIAN_POINT ( 'NONE',  ( 32.57377388877684155, -15.32805449634230577, 0.000000000000000000 ) ) ;
#3937 = AXIS2_PLACEMENT_3D ( 'NONE', #3100, #1345, #2717 ) ;
#3938 = EDGE_LOOP ( 'NONE', ( #1728, #5732, #4066, #5785 ) ) ;
#3939 = CIRCLE ( 'NONE', #1382, 2.999999999999999112 ) ;
#3940 = CIRCLE ( 'NONE', #3083, 1.000000000000000000 ) ;
#3941 = CARTESIAN_POINT ( 'NONE',  ( 22.62741699796951877, -21.21320343559641231, -5.000000000000000000 ) ) ;
#3942 = CARTESIAN_POINT ( 'NONE',  ( 1.250000000000000444, 36.00000000000000000, 0.000000000000000000 ) ) ;
#3943 = DIRECTION ( 'NONE',  ( 0.000000000000000000, 0.000000000000000000, -1.000000000000000000 ) ) ;
#3944 = AXIS2_PLACEMENT_3D ( 'NONE', #5634, #5102, #4203 ) ;
#3945 = ORIENTED_EDGE ( 'NONE', *, *, #1184, .F. ) ;
#3946 = VERTEX_POINT ( 'NONE', #4352 ) ;
#3947 = B_SPLINE_CURVE_WITH_KNOTS ( 'NONE', 3,
 ( #1725, #4900, #2700, #1333, #4955, #4001, #1284, #3607, #5369, #1311, #3114, #918, #836, #4475 ),
 .UNSPECIFIED., .F., .F.,
 ( 4, 2, 2, 2, 2, 2, 4 ),
 ( 0.000000000000000000, 0.0003137427105591559400, 0.0006274854211183118801, 0.001254970842236626579, 0.001568713552795783549, 0.001882456263354940736, 0.002509941684473255327 ),
 .UNSPECIFIED. ) ;
#3948 = LINE ( 'NONE', #216, #3489 ) ;
#3949 = AXIS2_PLACEMENT_3D ( 'NONE', #907, #1869, #4942 ) ;
#3950 = CARTESIAN_POINT ( 'NONE',  ( -31.32377388877662838, -15.32805449634276229, -3.535533905932740861 ) ) ;
#3951 = EDGE_CURVE ( 'NONE', #2422, #4517, #5708, .T. ) ;
#3952 = EDGE_LOOP ( 'NONE', ( #2564, #4333 ) ) ;
#3953 = VECTOR ( 'NONE', #4068, 1000.000000000000000 ) ;
#3954 = ORIENTED_EDGE ( 'NONE', *, *, #3555, .F. ) ;
#3955 = CARTESIAN_POINT ( 'NONE',  ( 30.95146108738144264, 2.002743090633539946, -14.05919379587629514 ) ) ;
#3956 = EDGE_CURVE ( 'NONE', #1238, #3578, #1066, .T. ) ;
#3957 = AXIS2_PLACEMENT_3D ( 'NONE', #1056, #703, #4257 ) ;
#3958 = ORIENTED_EDGE ( 'NONE', *, *, #4354, .T. ) ;
#3959 = DIRECTION ( 'NONE',  ( 0.000000000000000000, 0.000000000000000000, 1.000000000000000000 ) ) ;
#3960 = DIRECTION ( 'NONE',  ( 0.000000000000000000, -0.000000000000000000, 1.000000000000000000 ) ) ;
#3961 = EDGE_CURVE ( 'NONE', #1655, #4590, #20, .T. ) ;
#3962 = EDGE_LOOP ( 'NONE', ( #1174, #4636, #4183, #1303 ) ) ;
#3963 = LINE ( 'NONE', #5748, #5257 ) ;
#3964 = CARTESIAN_POINT ( 'NONE',  ( 21.20179551902000625, 22.61600908139326549, -34.00000000000000000 ) ) ;
#3965 = LINE ( 'NONE', #3906, #5272 ) ;
#3966 = EDGE_CURVE ( 'NONE', #2170, #3533, #5617, .T. ) ;
#3967 = VERTEX_POINT ( 'NONE', #2550 ) ;
#3968 = DIRECTION ( 'NONE',  ( 1.000000000000000000, 0.000000000000000000, 0.000000000000000000 ) ) ;
#3969 = DIRECTION ( 'NONE',  ( -0.000000000000000000, -0.000000000000000000, 1.000000000000000000 ) ) ;
#3970 = CARTESIAN_POINT ( 'NONE',  ( 0.000000000000000000, 0.000000000000000000, 2.000000000000000000 ) ) ;
#3971 = ORIENTED_EDGE ( 'NONE', *, *, #2256, .F. ) ;
#3972 = ORIENTED_EDGE ( 'NONE', *, *, #5304, .T. ) ;
#3973 = DIRECTION ( 'NONE',  ( 1.000000000000000000, 0.000000000000000000, 0.000000000000000000 ) ) ;
#3974 = EDGE_CURVE ( 'NONE', #1370, #3738, #494, .T. ) ;
#3975 = ADVANCED_FACE ( 'NONE', ( #2520 ), #1630, .T. ) ;
#3976 = PLANE ( 'NONE',  #1458 ) ;
#3977 = ORIENTED_EDGE ( 'NONE', *, *, #563, .F. ) ;
#3978 = VERTEX_POINT ( 'NONE', #4832 ) ;
#3979 = VERTEX_POINT ( 'NONE', #288 ) ;
#3980 = DIRECTION ( 'NONE',  ( -0.000000000000000000, -0.000000000000000000, 1.000000000000000000 ) ) ;
#3981 = AXIS2_PLACEMENT_3D ( 'NONE', #262, #2516, #4318 ) ;
#3982 = LINE ( 'NONE', #4968, #4711 ) ;
#3983 = VERTEX_POINT ( 'NONE', #4888 ) ;
#3984 = DIRECTION ( 'NONE',  ( -0.5358267949789992102, 0.8443279255020135210, 0.000000000000000000 ) ) ;
#3985 = DIRECTION ( 'NONE',  ( 0.000000000000000000, 0.000000000000000000, 1.000000000000000000 ) ) ;
#3986 = ORIENTED_EDGE ( 'NONE', *, *, #569, .F. ) ;
#3987 = CARTESIAN_POINT ( 'NONE',  ( 13.25248389664795390, 33.47195349197723147, -3.535533905932739085 ) ) ;
#3988 = ADVANCED_FACE ( 'NONE', ( #4855, #825, #3459, #236, #2632, #5245, #5216, #3045, #1153, #265, #319, #2994, #1219, #4805, #2131, #795, #5771, #5274, #349, #3023, #2603, #5749, #3513, #1692, #2161, #5324, #1272, #3576, #1868, #5009, #4557, #1773, #874, #1832, #4940, #3627, #3190, #2211, #5447, #2689, #459, #4531, #3128, #1385, #4494, #5833, #1414, #2723, #905, #4461, #5481, #2183, #373, #4015, #2748, #432 ), #3161, .T. ) ;
#3989 = DIRECTION ( 'NONE',  ( 0.000000000000000000, -0.000000000000000000, 1.000000000000000000 ) ) ;
#3990 = AXIS2_PLACEMENT_3D ( 'NONE', #5724, #832, #2609 ) ;
#3991 = ORIENTED_EDGE ( 'NONE', *, *, #4412, .F. ) ;
#3992 = CARTESIAN_POINT ( 'NONE',  ( -30.85449724108301695, -3.000000000000000444, -14.00000000000000178 ) ) ;
#3993 = CYLINDRICAL_SURFACE ( 'NONE', #4222, 1.250000000000001110 ) ;
#3994 = CARTESIAN_POINT ( 'NONE',  ( -31.32377388877673852, 15.32805449634253492, -3.535533905932739085 ) ) ;
#3995 = AXIS2_PLACEMENT_3D ( 'NONE', #5387, #935, #961 ) ;
#3996 = CIRCLE ( 'NONE', #4759, 5.699909308207391945 ) ;
#3997 = CARTESIAN_POINT ( 'NONE',  ( 25.99999999999999645, 1.444447458290426890E-31, -14.00000000000000178 ) ) ;
#3998 = ORIENTED_EDGE ( 'NONE', *, *, #2223, .T. ) ;
#3999 = ORIENTED_EDGE ( 'NONE', *, *, #986, .F. ) ;
#4000 = EDGE_CURVE ( 'NONE', #455, #2235, #4758, .T. ) ;
#4001 = CARTESIAN_POINT ( 'NONE',  ( 1.646888242189167295, 1.586441256683799539, -4.798621908441582207 ) ) ;
#4002 = VECTOR ( 'NONE', #4327, 1000.000000000000000 ) ;
#4003 = DIRECTION ( 'NONE',  ( -0.000000000000000000, -0.000000000000000000, 1.000000000000000000 ) ) ;
#4004 = ORIENTED_EDGE ( 'NONE', *, *, #2577, .F. ) ;
#4005 = CIRCLE ( 'NONE', #4095, 1.250000000000000888 ) ;
#4006 = VECTOR ( 'NONE', #4915, 1000.000000000000000 ) ;
#4007 = ORIENTED_EDGE ( 'NONE', *, *, #168, .F. ) ;
#4008 = ADVANCED_FACE ( 'NONE', ( #2273 ), #4074, .F. ) ;
#4009 = ORIENTED_EDGE ( 'NONE', *, *, #5205, .F. ) ;
#4010 = CARTESIAN_POINT ( 'NONE',  ( 0.000000000000000000, 20.00000000000000000, 0.000000000000000000 ) ) ;
#4011 = CARTESIAN_POINT ( 'NONE',  ( 21.21320343559642296, -22.62741699796951167, -5.000000000000000000 ) ) ;
#4012 = VERTEX_POINT ( 'NONE', #3218 ) ;
#4013 = CARTESIAN_POINT ( 'NONE',  ( -23.89999999999999503, 2.571758278209441464E-16, -24.00000000000000000 ) ) ;
#4014 = CARTESIAN_POINT ( 'NONE',  ( 32.57377388877652891, 15.32805449634299322, 0.000000000000000000 ) ) ;
#4015 = FACE_BOUND ( 'NONE', #196, .T. ) ;
#4016 = VECTOR ( 'NONE', #1092, 1000.000000000000000 ) ;
#4017 = DIRECTION ( 'NONE',  ( -0.000000000000000000, 0.000000000000000000, 1.000000000000000000 ) ) ;
#4018 = VERTEX_POINT ( 'NONE', #1324 ) ;
#4019 = CARTESIAN_POINT ( 'NONE',  ( -25.89369581343264670, -26.24287058717094823, 0.000000000000000000 ) ) ;
#4020 = AXIS2_PLACEMENT_3D ( 'NONE', #2892, #813, #2150 ) ;
#4021 = DIRECTION ( 'NONE',  ( 0.000000000000000000, 0.000000000000000000, 1.000000000000000000 ) ) ;
#4022 = FACE_BOUND ( 'NONE', #735, .T. ) ;
#4023 = DIRECTION ( 'NONE',  ( -0.000000000000000000, -0.000000000000000000, 1.000000000000000000 ) ) ;
#4024 = AXIS2_PLACEMENT_3D ( 'NONE', #894, #842, #1292 ) ;
#4025 = AXIS2_PLACEMENT_3D ( 'NONE', #5485, #2250, #492 ) ;
#4026 = ORIENTED_EDGE ( 'NONE', *, *, #4316, .T. ) ;
#4027 = ADVANCED_FACE ( 'NONE', ( #2301 ), #4973, .F. ) ;
#4028 = ORIENTED_EDGE ( 'NONE', *, *, #2090, .F. ) ;
#4029 = DIRECTION ( 'NONE',  ( 1.000000000000000000, 0.000000000000000000, 0.000000000000000000 ) ) ;
#4030 = VECTOR ( 'NONE', #3199, 1000.000000000000114 ) ;
#4031 = CYLINDRICAL_SURFACE ( 'NONE', #2420, 1.250000000000001110 ) ;
#4032 = CARTESIAN_POINT ( 'NONE',  ( 34.23803458662563060, -11.12461179749777784, -3.535533905932740861 ) ) ;
#4033 = ORIENTED_EDGE ( 'NONE', *, *, #778, .T. ) ;
#4034 = ORIENTED_EDGE ( 'NONE', *, *, #4509, .F. ) ;
#4035 = AXIS2_PLACEMENT_3D ( 'NONE', #1903, #4023, #1005 ) ;
#4036 = DIRECTION ( 'NONE',  ( -0.000000000000000000, -0.000000000000000000, 1.000000000000000000 ) ) ;
#4037 = CIRCLE ( 'NONE', #1493, 1.250000000000001110 ) ;
#4038 = ORIENTED_EDGE ( 'NONE', *, *, #2656, .F. ) ;
#4039 = ORIENTED_EDGE ( 'NONE', *, *, #1462, .F. ) ;
#4040 = DIRECTION ( 'NONE',  ( 1.000000000000000000, 0.000000000000000000, 0.000000000000000000 ) ) ;
#4041 = AXIS2_PLACEMENT_3D ( 'NONE', #2534, #3917, #248 ) ;
#4042 = DIRECTION ( 'NONE',  ( 1.000000000000000000, 0.000000000000000000, 0.000000000000000000 ) ) ;
#4043 = ORIENTED_EDGE ( 'NONE', *, *, #3269, .T. ) ;
#4044 = CARTESIAN_POINT ( 'NONE',  ( 35.48803458662540322, 11.12461179749849549, 2.000000000000000000 ) ) ;
#4045 = DIRECTION ( 'NONE',  ( -0.000000000000000000, -0.000000000000000000, -1.000000000000000000 ) ) ;
#4046 = EDGE_LOOP ( 'NONE', ( #5583, #5228 ) ) ;
#4047 = DIRECTION ( 'NONE',  ( 0.9685831611286339626, -0.2486898871648433595, 0.000000000000000000 ) ) ;
#4048 = CARTESIAN_POINT ( 'NONE',  ( 37.17896222341780543, -2.260458703054892382, 0.000000000000000000 ) ) ;
#4049 = ORIENTED_EDGE ( 'NONE', *, *, #3893, .T. ) ;
#4050 = CARTESIAN_POINT ( 'NONE',  ( 12.00248389664795390, 33.47195349197723147, 2.000000000000000000 ) ) ;
#4051 = EDGE_CURVE ( 'NONE', #333, #2930, #5799, .T. ) ;
#4052 = DIRECTION ( 'NONE',  ( 1.000000000000000000, 0.000000000000000000, 0.000000000000000000 ) ) ;
#4053 = FACE_BOUND ( 'NONE', #5366, .T. ) ;
#4054 = CARTESIAN_POINT ( 'NONE',  ( -21.16026908252907646, 29.12461179749808338, -3.535533905932740861 ) ) ;
#4055 = ORIENTED_EDGE ( 'NONE', *, *, #1091, .T. ) ;
#4056 = ORIENTED_EDGE ( 'NONE', *, *, #4567, .F. ) ;
#4057 = ADVANCED_FACE ( 'NONE', ( #5863 ), #5796, .F. ) ;
#4058 = CARTESIAN_POINT ( 'NONE',  ( -17.34313226766178673, 31.54704048157906726, 0.000000000000000000 ) ) ;
#4059 = DIRECTION ( 'NONE',  ( -1.000000000000000000, 0.000000000000000000, 0.000000000000000000 ) ) ;
#4060 = DIRECTION ( 'NONE',  ( -0.6374239897486836393, -0.7705132427757941382, 0.000000000000000000 ) ) ;
#4061 = VERTEX_POINT ( 'NONE', #3104 ) ;
#4062 = EDGE_LOOP ( 'NONE', ( #1049, #5390, #1320, #1645 ) ) ;
#4063 = DIRECTION ( 'NONE',  ( -0.000000000000000000, 1.000000000000000000, 0.000000000000000000 ) ) ;
#4064 = EDGE_CURVE ( 'NONE', #3934, #5870, #1804, .T. ) ;
#4065 = ORIENTED_EDGE ( 'NONE', *, *, #3714, .T. ) ;
#4066 = ORIENTED_EDGE ( 'NONE', *, *, #2853, .T. ) ;
#4067 = DIRECTION ( 'NONE',  ( -0.000000000000000000, -0.000000000000000000, 1.000000000000000000 ) ) ;
#4068 = DIRECTION ( 'NONE',  ( -0.000000000000000000, -0.000000000000000000, 1.000000000000000000 ) ) ;
#4069 = ORIENTED_EDGE ( 'NONE', *, *, #5018, .T. ) ;
#4070 = EDGE_CURVE ( 'NONE', #2066, #815, #693, .T. ) ;
#4071 = DIRECTION ( 'NONE',  ( -0.9685831611286327414, 0.2486898871648489384, 0.000000000000000000 ) ) ;
#4072 = VECTOR ( 'NONE', #200, 1000.000000000000000 ) ;
#4073 = ORIENTED_EDGE ( 'NONE', *, *, #4181, .F. ) ;
#4074 = CYLINDRICAL_SURFACE ( 'NONE', #2493, 7.500000000000000000 ) ;
#4075 = CARTESIAN_POINT ( 'NONE',  ( 0.000000000000000000, 36.00000000000000000, 2.000000000000000000 ) ) ;
#4076 = CARTESIAN_POINT ( 'NONE',  ( 1.734935157289746233, -1.800000000000000711, -4.000000000000000000 ) ) ;
#4077 = EDGE_CURVE ( 'NONE', #214, #4733, #1453, .T. ) ;
#4078 = CARTESIAN_POINT ( 'NONE',  ( -13.25248389664818838, -33.47195349197713199, -3.535533905932740861 ) ) ;
#4079 = CARTESIAN_POINT ( 'NONE',  ( 29.14580531807271768, -19.28976461924359498, 2.000000000000000000 ) ) ;
#4080 = CARTESIAN_POINT ( 'NONE',  ( -20.00000000000000000, 0.000000000000000000, 0.000000000000000000 ) ) ;
#4081 = CARTESIAN_POINT ( 'NONE',  ( 8.952835937934295885, 34.86899380063083953, -3.535533905932740861 ) ) ;
#4082 = ORIENTED_EDGE ( 'NONE', *, *, #5227, .T. ) ;
#4083 = EDGE_LOOP ( 'NONE', ( #878, #5023 ) ) ;
#4084 = CARTESIAN_POINT ( 'NONE',  ( -35.48803458662548849, -11.12461179749825746, 2.000000000000000000 ) ) ;
#4085 = CIRCLE ( 'NONE', #5513, 1.250000000000001110 ) ;
#4086 = LINE ( 'NONE', #62, #4307 ) ;
#4087 = AXIS2_PLACEMENT_3D ( 'NONE', #3157, #5769, #4437 ) ;
#4088 = CYLINDRICAL_SURFACE ( 'NONE', #1919, 1.250000000000001110 ) ;
#4089 = ORIENTED_EDGE ( 'NONE', *, *, #4064, .F. ) ;
#4090 = CONICAL_SURFACE ( 'NONE', #5326, 5.000000000000000000, 0.08726646259971651554 ) ;
#4091 = EDGE_LOOP ( 'NONE', ( #5561, #5619 ) ) ;
#4092 = FACE_OUTER_BOUND ( 'NONE', #2590, .T. ) ;
#4093 = AXIS2_PLACEMENT_3D ( 'NONE', #124, #4721, #157 ) ;
#4094 = ORIENTED_EDGE ( 'NONE', *, *, #4670, .F. ) ;
#4095 = AXIS2_PLACEMENT_3D ( 'NONE', #2947, #5226, #1313 ) ;
#4096 = AXIS2_PLACEMENT_3D ( 'NONE', #4499, #5866, #1808 ) ;
#4097 = ORIENTED_EDGE ( 'NONE', *, *, #3264, .T. ) ;
#4098 = CARTESIAN_POINT ( 'NONE',  ( -7.500000000000000000, 20.00000000000000000, 0.000000000000000000 ) ) ;
#4099 = DIRECTION ( 'NONE',  ( 1.000000000000000000, 0.000000000000000000, 0.000000000000000000 ) ) ;
#4100 = ORIENTED_EDGE ( 'NONE', *, *, #4813, .T. ) ;
#4101 = AXIS2_PLACEMENT_3D ( 'NONE', #3042, #396, #2208 ) ;
#4102 = CARTESIAN_POINT ( 'NONE',  ( 33.82377388877653601, 15.32805449634299322, 0.000000000000000000 ) ) ;
#4103 = ORIENTED_EDGE ( 'NONE', *, *, #2070, .T. ) ;
#4104 = CARTESIAN_POINT ( 'NONE',  ( 20.00000000000000000, 0.000000000000000000, 2.000000000000000000 ) ) ;
#4105 = CARTESIAN_POINT ( 'NONE',  ( -32.57377388877662838, -15.32805449634276229, 0.000000000000000000 ) ) ;
#4106 = EDGE_CURVE ( 'NONE', #2086, #1648, #4283, .T. ) ;
#4107 = ORIENTED_EDGE ( 'NONE', *, *, #4959, .T. ) ;
#4108 = ADVANCED_FACE ( 'NONE', ( #4226 ), #1475, .F. ) ;
#4109 = CARTESIAN_POINT ( 'NONE',  ( 35.36234102623271269, 6.745727325086481763, 0.000000000000000000 ) ) ;
#4110 = DIRECTION ( 'NONE',  ( 1.000000000000000000, 0.000000000000000000, 0.000000000000000000 ) ) ;
#4111 = AXIS2_PLACEMENT_3D ( 'NONE', #763, #2130, #3932 ) ;
#4112 = FACE_BOUND ( 'NONE', #1342, .T. ) ;
#4113 = DIRECTION ( 'NONE',  ( 0.000000000000000000, 0.000000000000000000, 1.000000000000000000 ) ) ;
#4114 = ORIENTED_EDGE ( 'NONE', *, *, #3131, .F. ) ;
#4115 = ORIENTED_EDGE ( 'NONE', *, *, #4357, .F. ) ;
#4116 = CIRCLE ( 'NONE', #4502, 1.250000000000000666 ) ;
#4117 = DIRECTION ( 'NONE',  ( 1.000000000000000000, 0.000000000000000000, 0.000000000000000000 ) ) ;
#4118 = FACE_OUTER_BOUND ( 'NONE', #4140, .T. ) ;
#4119 = DIRECTION ( 'NONE',  ( 0.000000000000000000, 0.000000000000000000, 1.000000000000000000 ) ) ;
#4120 = AXIS2_PLACEMENT_3D ( 'NONE', #3397, #4402, #3015 ) ;
#4121 = AXIS2_PLACEMENT_3D ( 'NONE', #2107, #3433, #4418 ) ;
#4122 = ORIENTED_EDGE ( 'NONE', *, *, #3276, .T. ) ;
#4123 = ORIENTED_EDGE ( 'NONE', *, *, #1784, .T. ) ;
#4124 = CARTESIAN_POINT ( 'NONE',  ( -39.00000000000000000, 0.000000000000000000, 2.000000000000000000 ) ) ;
#4125 = CIRCLE ( 'NONE', #1574, 5.699909308207391945 ) ;
#4126 = CIRCLE ( 'NONE', #2331, 32.99999999999999289 ) ;
#4127 = ADVANCED_FACE ( 'NONE', ( #1951 ), #1860, .F. ) ;
#4128 = ORIENTED_EDGE ( 'NONE', *, *, #1352, .T. ) ;
#4129 = ORIENTED_EDGE ( 'NONE', *, *, #5562, .F. ) ;
#4130 = DIRECTION ( 'NONE',  ( -1.000000000000000000, 0.000000000000000000, 0.000000000000000000 ) ) ;
#4131 = CIRCLE ( 'NONE', #2431, 1.250000000000000222 ) ;
#4132 = CARTESIAN_POINT ( 'NONE',  ( 17.34313226766200344, -31.54704048157895002, 0.000000000000000000 ) ) ;
#4133 = VERTEX_POINT ( 'NONE', #4252 ) ;
#4134 = ADVANCED_FACE ( 'NONE', ( #1052 ), #3309, .F. ) ;
#4135 = EDGE_CURVE ( 'NONE', #951, #2356, #1921, .T. ) ;
#4136 = DIRECTION ( 'NONE',  ( 0.000000000000000000, 0.000000000000000000, -1.000000000000000000 ) ) ;
#4137 = AXIS2_PLACEMENT_3D ( 'NONE', #2074, #1593, #2545 ) ;
#4138 = VECTOR ( 'NONE', #3389, 1000.000000000000000 ) ;
#4139 = EDGE_CURVE ( 'NONE', #5653, #5700, #3456, .T. ) ;
#4140 = EDGE_LOOP ( 'NONE', ( #2864, #4275, #1413, #426 ) ) ;
#4141 = CYLINDRICAL_SURFACE ( 'NONE', #2991, 1.250000000000001110 ) ;
#4142 = FACE_OUTER_BOUND ( 'NONE', #5427, .T. ) ;
#4143 = EDGE_CURVE ( 'NONE', #3704, #5401, #5646, .T. ) ;
#4144 = CARTESIAN_POINT ( 'NONE',  ( -26.48847673992845131, 22.94726363095277222, 0.000000000000000000 ) ) ;
#4145 = CYLINDRICAL_SURFACE ( 'NONE', #599, 1.250000000000001110 ) ;
#4146 = DIRECTION ( 'NONE',  ( -0.000000000000000000, -0.000000000000000000, 1.000000000000000000 ) ) ;
#4147 = FACE_BOUND ( 'NONE', #4345, .T. ) ;
#4148 = EDGE_CURVE ( 'NONE', #861, #4012, #517, .T. ) ;
#4149 = FACE_OUTER_BOUND ( 'NONE', #5589, .T. ) ;
#4150 = EDGE_LOOP ( 'NONE', ( #2593, #3516, #5433, #2317 ) ) ;
#4151 = DIRECTION ( 'NONE',  ( -0.000000000000000000, -0.000000000000000000, 1.000000000000000000 ) ) ;
#4152 = DIRECTION ( 'NONE',  ( 0.8763066800438700232, -0.4817536741017036661, 0.000000000000000000 ) ) ;
#4153 = CARTESIAN_POINT ( 'NONE',  ( -36.61234102623281217, 6.745727325085971948, 2.000000000000000000 ) ) ;
#4154 = ORIENTED_EDGE ( 'NONE', *, *, #4143, .T. ) ;
#4155 = ORIENTED_EDGE ( 'NONE', *, *, #4616, .T. ) ;
#4156 = CARTESIAN_POINT ( 'NONE',  ( 35.48803458662563060, -11.12461179749777784, -3.535533905932740861 ) ) ;
#4157 = EDGE_CURVE ( 'NONE', #5709, #1200, #3204, .T. ) ;
#4158 = DIRECTION ( 'NONE',  ( 0.000000000000000000, 0.000000000000000000, 1.000000000000000000 ) ) ;
#4159 = ORIENTED_EDGE ( 'NONE', *, *, #232, .F. ) ;
#4160 = ORIENTED_EDGE ( 'NONE', *, *, #1112, .F. ) ;
#4161 = CARTESIAN_POINT ( 'NONE',  ( -30.39580531807245478, -19.28976461924402130, 0.000000000000000000 ) ) ;
#4162 = DIRECTION ( 'NONE',  ( 1.000000000000000000, 0.000000000000000000, 0.000000000000000000 ) ) ;
#4163 = EDGE_LOOP ( 'NONE', ( #1914, #1721 ) ) ;
#4164 = DIRECTION ( 'NONE',  ( -0.000000000000000000, -0.000000000000000000, -1.000000000000000000 ) ) ;
#4165 = ORIENTED_EDGE ( 'NONE', *, *, #5603, .T. ) ;
#4166 = DIRECTION ( 'NONE',  ( 0.000000000000000000, 0.000000000000000000, 1.000000000000000000 ) ) ;
#4167 = CARTESIAN_POINT ( 'NONE',  ( 25.99999999999999645, 1.444447458290426890E-31, -29.00000000000000000 ) ) ;
#4168 = CARTESIAN_POINT ( 'NONE',  ( 1.187127797032090148, -0.6500530062894401828, -5.470610214207046518 ) ) ;
#4169 = CARTESIAN_POINT ( 'NONE',  ( 21.21320343559642296, -22.62741699796951167, -5.000000000000000000 ) ) ;
#4170 = ADVANCED_FACE ( 'NONE', ( #2862 ), #4141, .F. ) ;
#4171 = DIRECTION ( 'NONE',  ( 0.3090169943749441206, 0.9510565162951547524, 0.000000000000000000 ) ) ;
#4172 = EDGE_CURVE ( 'NONE', #3410, #4370, #5452, .T. ) ;
#4173 = CARTESIAN_POINT ( 'NONE',  ( -34.11234102623276243, -6.745727325086226855, 2.000000000000000000 ) ) ;
#4174 = UNCERTAINTY_MEASURE_WITH_UNIT (LENGTH_MEASURE( 1.000000000000000082E-05 ), #567, 'distance_accuracy_value', 'NONE');
#4175 = LINE ( 'NONE', #3784, #5554 ) ;
#4176 = ORIENTED_EDGE ( 'NONE', *, *, #5111, .F. ) ;
#4177 = CARTESIAN_POINT ( 'NONE',  ( -1.712791409829679479, 1.745411698944176804, -4.414339676719451155 ) ) ;
#4178 = DIRECTION ( 'NONE',  ( 1.000000000000000000, 0.000000000000000000, 0.000000000000000000 ) ) ;
#4179 = CARTESIAN_POINT ( 'NONE',  ( 4.511996408314459472, 35.71612924732126260, 2.000000000000000000 ) ) ;
#4180 = ORIENTED_EDGE ( 'NONE', *, *, #2231, .T. ) ;
#4181 = EDGE_CURVE ( 'NONE', #3011, #2816, #48, .T. ) ;
#4182 = APPLICATION_PROTOCOL_DEFINITION ( 'draft international standard', 'automotive_design', 1998, #125 ) ;
#4183 = ORIENTED_EDGE ( 'NONE', *, *, #3077, .T. ) ;
#4184 = ADVANCED_FACE ( 'NONE', ( #5150, #551 ), #3749, .F. ) ;
#4185 = CARTESIAN_POINT ( 'NONE',  ( 7.702835937934294996, 34.86899380063083953, 2.000000000000000000 ) ) ;
#4186 = CARTESIAN_POINT ( 'NONE',  ( 34.23803458662540322, 11.12461179749849549, 2.000000000000000000 ) ) ;
#4187 = VERTEX_POINT ( 'NONE', #5506 ) ;
#4188 = DIRECTION ( 'NONE',  ( 1.000000000000000000, 0.000000000000000000, 0.000000000000000000 ) ) ;
#4189 = AXIS2_PLACEMENT_3D ( 'NONE', #4080, #80, #527 ) ;
#4190 = DIRECTION ( 'NONE',  ( -0.000000000000000000, 0.000000000000000000, 1.000000000000000000 ) ) ;
#4191 = ORIENTED_EDGE ( 'NONE', *, *, #4500, .T. ) ;
#4192 = DIRECTION ( 'NONE',  ( 0.000000000000000000, 0.000000000000000000, 1.000000000000000000 ) ) ;
#4193 = VECTOR ( 'NONE', #4003, 1000.000000000000000 ) ;
#4194 = AXIS2_PLACEMENT_3D ( 'NONE', #5285, #1230, #1397 ) ;
#4195 = EDGE_LOOP ( 'NONE', ( #4816, #458, #5082, #5659 ) ) ;
#4196 = CYLINDRICAL_SURFACE ( 'NONE', #1876, 2.100000000000000977 ) ;
#4197 = AXIS2_PLACEMENT_3D ( 'NONE', #4607, #5497, #4244 ) ;
#4198 = CIRCLE ( 'NONE', #4096, 1.250000000000001110 ) ;
#4199 = EDGE_LOOP ( 'NONE', ( #1939, #2344 ) ) ;
#4200 = DIRECTION ( 'NONE',  ( 0.000000000000000000, 0.000000000000000000, 1.000000000000000000 ) ) ;
#4201 = DIRECTION ( 'NONE',  ( 0.000000000000000000, 0.000000000000000000, 1.000000000000000000 ) ) ;
#4202 = CARTESIAN_POINT ( 'NONE',  ( 0.000000000000000000, 0.000000000000000000, -5.500000000000000000 ) ) ;
#4203 = DIRECTION ( 'NONE',  ( 1.000000000000000000, 0.000000000000000000, 0.000000000000000000 ) ) ;
#4204 = ORIENTED_EDGE ( 'NONE', *, *, #4548, .T. ) ;
#4205 = CARTESIAN_POINT ( 'NONE',  ( -1.456618965294451229, 1.164338450209215559, -5.229744162047889944 ) ) ;
#4206 = CARTESIAN_POINT ( 'NONE',  ( 37.17896222341780543, -2.260458703054892382, 2.000000000000000000 ) ) ;
#4207 = CARTESIAN_POINT ( 'NONE',  ( -27.73847673992830209, -22.94726363095296762, 2.000000000000000000 ) ) ;
#4208 = ADVANCED_FACE ( 'NONE', ( #3776 ), #1444, .F. ) ;
#4209 = ORIENTED_EDGE ( 'NONE', *, *, #2133, .F. ) ;
#4210 = AXIS2_PLACEMENT_3D ( 'NONE', #2812, #2457, #555 ) ;
#4211 = VERTEX_POINT ( 'NONE', #5593 ) ;
#4212 = DIRECTION ( 'NONE',  ( -0.7071067811865451302, -0.7071067811865500152, 0.000000000000000000 ) ) ;
#4213 = AXIS2_PLACEMENT_3D ( 'NONE', #643, #3686, #1983 ) ;
#4214 = VECTOR ( 'NONE', #4822, 1000.000000000000000 ) ;
#4215 = LINE ( 'NONE', #1974, #226 ) ;
#4216 = VERTEX_POINT ( 'NONE', #5067 ) ;
#4217 = DIRECTION ( 'NONE',  ( 0.000000000000000000, 0.000000000000000000, -1.000000000000000000 ) ) ;
#4218 = LINE ( 'NONE', #2828, #5755 ) ;
#4219 = AXIS2_PLACEMENT_3D ( 'NONE', #1082, #512, #989 ) ;
#4220 = ORIENTED_EDGE ( 'NONE', *, *, #1694, .F. ) ;
#4221 = CIRCLE ( 'NONE', #5836, 5.699909308207391945 ) ;
#4222 = AXIS2_PLACEMENT_3D ( 'NONE', #2752, #4916, #4947 ) ;
#4223 = CARTESIAN_POINT ( 'NONE',  ( -29.14580531807245478, -19.28976461924402130, -3.535533905932740861 ) ) ;
#4224 = AXIS2_PLACEMENT_3D ( 'NONE', #5668, #1600, #1509 ) ;
#4225 = ORIENTED_EDGE ( 'NONE', *, *, #3743, .F. ) ;
#4226 = FACE_OUTER_BOUND ( 'NONE', #2010, .T. ) ;
#4227 = B_SPLINE_CURVE_WITH_KNOTS ( 'NONE', 3,
 ( #5779, #2190, #5808, #4273 ),
 .UNSPECIFIED., .F., .F.,
 ( 4, 4 ),
 ( 2.007925294395928170E-07, 0.005019957414438029272 ),
 .UNSPECIFIED. ) ;
#4228 = CARTESIAN_POINT ( 'NONE',  ( -36.61234102623281217, 6.745727325085971948, 0.000000000000000000 ) ) ;
#4229 = ORIENTED_EDGE ( 'NONE', *, *, #5294, .T. ) ;
#4230 = CARTESIAN_POINT ( 'NONE',  ( 0.000000000000000000, 0.000000000000000000, 2.000000000000000000 ) ) ;
#4231 = ADVANCED_FACE ( 'NONE', ( #4620 ), #2125, .F. ) ;
#4232 = DIRECTION ( 'NONE',  ( -0.000000000000000000, -0.000000000000000000, 1.000000000000000000 ) ) ;
#4233 = LINE ( 'NONE', #5599, #3451 ) ;
#4234 = FACE_BOUND ( 'NONE', #5832, .T. ) ;
#4235 = AXIS2_PLACEMENT_3D ( 'NONE', #5267, #4435, #3838 ) ;
#4236 = ORIENTED_EDGE ( 'NONE', *, *, #4764, .T. ) ;
#4237 = CARTESIAN_POINT ( 'NONE',  ( -26.48847673992845131, 22.94726363095277222, 2.000000000000000000 ) ) ;
#4238 = LINE ( 'NONE', #654, #2712 ) ;
#4239 = DIRECTION ( 'NONE',  ( 1.000000000000000000, 0.000000000000000000, 0.000000000000000000 ) ) ;
#4240 = EDGE_LOOP ( 'NONE', ( #3921, #4961, #2280, #412 ) ) ;
#4241 = ADVANCED_FACE ( 'NONE', ( #2955 ), #4824, .F. ) ;
#4242 = ORIENTED_EDGE ( 'NONE', *, *, #5194, .T. ) ;
#4243 = VERTEX_POINT ( 'NONE', #4761 ) ;
#4244 = DIRECTION ( 'NONE',  ( 1.000000000000000000, 0.000000000000000000, 0.000000000000000000 ) ) ;
#4245 = DIRECTION ( 'NONE',  ( -0.000000000000000000, 0.000000000000000000, 1.000000000000000000 ) ) ;
#4246 = ORIENTED_EDGE ( 'NONE', *, *, #2661, .T. ) ;
#4247 = CYLINDRICAL_SURFACE ( 'NONE', #1956, 7.500000000000000000 ) ;
#4248 = ORIENTED_EDGE ( 'NONE', *, *, #2146, .F. ) ;
#4249 = ADVANCED_FACE ( 'NONE', ( #3419 ), #700, .F. ) ;
#4250 = DIRECTION ( 'NONE',  ( 1.000000000000000000, 0.000000000000000000, 0.000000000000000000 ) ) ;
#4251 = ORIENTED_EDGE ( 'NONE', *, *, #2450, .T. ) ;
#4252 = CARTESIAN_POINT ( 'NONE',  ( -4.675038617911399186, 3.260825055538298933, 0.000000000000000000 ) ) ;
#4253 = DIRECTION ( 'NONE',  ( 1.000000000000000000, 0.000000000000000000, 0.000000000000000000 ) ) ;
#4254 = ORIENTED_EDGE ( 'NONE', *, *, #3743, .T. ) ;
#4255 = EDGE_CURVE ( 'NONE', #121, #1083, #4690, .T. ) ;
#4256 = ADVANCED_FACE ( 'NONE', ( #3505 ), #2153, .F. ) ;
#4257 = DIRECTION ( 'NONE',  ( 1.000000000000000000, 0.000000000000000000, 0.000000000000000000 ) ) ;
#4258 = DIRECTION ( 'NONE',  ( -0.000000000000000000, -0.000000000000000000, 1.000000000000000000 ) ) ;
#4259 = DIRECTION ( 'NONE',  ( 0.000000000000000000, 0.000000000000000000, 1.000000000000000000 ) ) ;
#4260 = LINE ( 'NONE', #2014, #2197 ) ;
#4261 = DIRECTION ( 'NONE',  ( 1.000000000000000000, 0.000000000000000000, 0.000000000000000000 ) ) ;
#4262 = VERTEX_POINT ( 'NONE', #5235 ) ;
#4263 = CARTESIAN_POINT ( 'NONE',  ( -25.99999999999999645, 3.000000000000000000, -29.00000000000000000 ) ) ;
#4264 = CIRCLE ( 'NONE', #1430, 1.250000000000000444 ) ;
#4265 = FACE_OUTER_BOUND ( 'NONE', #1800, .T. ) ;
#4266 = DIRECTION ( 'NONE',  ( -0.000000000000000000, -0.000000000000000000, 1.000000000000000000 ) ) ;
#4267 = VERTEX_POINT ( 'NONE', #4730 ) ;
#4268 = EDGE_LOOP ( 'NONE', ( #15, #4191 ) ) ;
#4269 = ORIENTED_EDGE ( 'NONE', *, *, #3633, .F. ) ;
#4270 = CYLINDRICAL_SURFACE ( 'NONE', #3904, 1.250000000000001110 ) ;
#4271 = DIRECTION ( 'NONE',  ( -0.000000000000000000, -0.000000000000000000, -1.000000000000000000 ) ) ;
#4272 = EDGE_LOOP ( 'NONE', ( #2943, #3821 ) ) ;
#4273 = CARTESIAN_POINT ( 'NONE',  ( -4.675038617911399186, 3.260825055538298933, 0.000000000000000000 ) ) ;
#4274 = VECTOR ( 'NONE', #2556, 1000.000000000000000 ) ;
#4275 = ORIENTED_EDGE ( 'NONE', *, *, #2905, .T. ) ;
#4276 = DIRECTION ( 'NONE',  ( -0.000000000000000000, -0.000000000000000000, 1.000000000000000000 ) ) ;
#4277 = CIRCLE ( 'NONE', #2386, 1.250000000000000444 ) ;
#4278 = CIRCLE ( 'NONE', #5420, 1.250000000000001110 ) ;
#4279 = ORIENTED_EDGE ( 'NONE', *, *, #2905, .F. ) ;
#4280 = CARTESIAN_POINT ( 'NONE',  ( 21.20179551902000625, 22.61600908139326549, 0.000000000000000000 ) ) ;
#4281 = CARTESIAN_POINT ( 'NONE',  ( 23.89999999999999503, 1.444447458290426890E-31, -29.00000000000000000 ) ) ;
#4282 = ORIENTED_EDGE ( 'NONE', *, *, #4070, .T. ) ;
#4283 = CIRCLE ( 'NONE', #427, 39.00000000000000000 ) ;
#4284 = DIRECTION ( 'NONE',  ( -0.000000000000000000, -0.000000000000000000, 1.000000000000000000 ) ) ;
#4285 = AXIS2_PLACEMENT_3D ( 'NONE', #2553, #3406, #2135 ) ;
#4286 = CYLINDRICAL_SURFACE ( 'NONE', #1179, 1.250000000000001110 ) ;
#4287 = LINE ( 'NONE', #4853, #2414 ) ;
#4288 = CARTESIAN_POINT ( 'NONE',  ( 0.000000000000000000, 0.000000000000000000, -8.000000000000000000 ) ) ;
#4289 = CIRCLE ( 'NONE', #5147, 1.250000000000000222 ) ;
#4290 = AXIS2_PLACEMENT_3D ( 'NONE', #1193, #1665, #3816 ) ;
#4291 = ADVANCED_FACE ( 'NONE', ( #1236 ), #3924, .F. ) ;
#4292 = CARTESIAN_POINT ( 'NONE',  ( 0.000000000000000000, -20.00000000000000000, 0.000000000000000000 ) ) ;
#4293 = EDGE_CURVE ( 'NONE', #2121, #5826, #5829, .T. ) ;
#4294 = EDGE_LOOP ( 'NONE', ( #2756, #4160 ) ) ;
#4295 = DIRECTION ( 'NONE',  ( 0.000000000000000000, -0.000000000000000000, 1.000000000000000000 ) ) ;
#4296 = FACE_OUTER_BOUND ( 'NONE', #419, .T. ) ;
#4297 = FACE_OUTER_BOUND ( 'NONE', #2583, .T. ) ;
#4298 = VERTEX_POINT ( 'NONE', #4371 ) ;
#4299 = VERTEX_POINT ( 'NONE', #4847 ) ;
#4300 = ORIENTED_EDGE ( 'NONE', *, *, #4343, .F. ) ;
#4301 = CYLINDRICAL_SURFACE ( 'NONE', #4041, 1.250000000000001110 ) ;
#4302 = CARTESIAN_POINT ( 'NONE',  ( 21.16026908252864658, 29.12461179749838180, 2.000000000000000000 ) ) ;
#4303 = AXIS2_PLACEMENT_3D ( 'NONE', #2338, #3287, #3781 ) ;
#4304 = ORIENTED_EDGE ( 'NONE', *, *, #1786, .T. ) ;
#4305 = DIRECTION ( 'NONE',  ( 0.000000000000000000, -0.000000000000000000, 1.000000000000000000 ) ) ;
#4306 = VERTEX_POINT ( 'NONE', #258 ) ;
#4307 = VECTOR ( 'NONE', #3640, 999.9999999999998863 ) ;
#4308 = ADVANCED_FACE ( 'NONE', ( #2478 ), #2984, .F. ) ;
#4309 = DIRECTION ( 'NONE',  ( 0.000000000000000000, 0.000000000000000000, -1.000000000000000000 ) ) ;
#4310 = ORIENTED_EDGE ( 'NONE', *, *, #5627, .T. ) ;
#4311 = CARTESIAN_POINT ( 'NONE',  ( 0.000000000000000000, 20.00000000000000000, -21.21320343559642652 ) ) ;
#4312 = AXIS2_PLACEMENT_3D ( 'NONE', #3569, #4067, #392 ) ;
#4313 = AXIS2_PLACEMENT_3D ( 'NONE', #18, #5360, #4466 ) ;
#4314 = CARTESIAN_POINT ( 'NONE',  ( 4.511996408314459472, 35.71612924732126260, 2.000000000000000000 ) ) ;
#4315 = EDGE_CURVE ( 'NONE', #542, #2066, #3835, .T. ) ;
#4316 = EDGE_CURVE ( 'NONE', #3834, #5314, #4732, .T. ) ;
#4317 = VERTEX_POINT ( 'NONE', #4280 ) ;
#4318 = DIRECTION ( 'NONE',  ( 0.6374239897486974060, -0.7705132427757828140, 0.000000000000000000 ) ) ;
#4319 = DIRECTION ( 'NONE',  ( 1.000000000000000000, 0.000000000000000000, 0.000000000000000000 ) ) ;
#4320 = VECTOR ( 'NONE', #1720, 1000.000000000000000 ) ;
#4321 = EDGE_CURVE ( 'NONE', #4486, #3829, #281, .T. ) ;
#4322 = DIRECTION ( 'NONE',  ( -0.000000000000000000, -0.000000000000000000, 1.000000000000000000 ) ) ;
#4323 = DIRECTION ( 'NONE',  ( -0.000000000000000000, -0.000000000000000000, 1.000000000000000000 ) ) ;
#4324 = DIRECTION ( 'NONE',  ( -0.000000000000000000, 0.000000000000000000, 1.000000000000000000 ) ) ;
#4325 = CIRCLE ( 'NONE', #1770, 1.250000000000001110 ) ;
#4326 = ORIENTED_EDGE ( 'NONE', *, *, #5495, .F. ) ;
#4327 = DIRECTION ( 'NONE',  ( 0.000000000000000000, -0.000000000000000000, 1.000000000000000000 ) ) ;
#4328 = ADVANCED_FACE ( 'NONE', ( #5660 ), #2597, .F. ) ;
#4329 = EDGE_CURVE ( 'NONE', #5269, #1962, #2052, .T. ) ;
#4330 = CIRCLE ( 'NONE', #5093, 1.250000000000000444 ) ;
#4331 = CARTESIAN_POINT ( 'NONE',  ( -22.41026908252907646, 29.12461179749808338, 0.000000000000000000 ) ) ;
#4332 = CYLINDRICAL_SURFACE ( 'NONE', #1829, 30.99999999999999289 ) ;
#4333 = ORIENTED_EDGE ( 'NONE', *, *, #5238, .F. ) ;
#4334 = ORIENTED_EDGE ( 'NONE', *, *, #3966, .T. ) ;
#4335 = EDGE_LOOP ( 'NONE', ( #4905, #850, #4368, #3891, #5521, #2697, #4043, #5586, #4705, #4154, #1365, #4204 ) ) ;
#4336 = EDGE_CURVE ( 'NONE', #4396, #5875, #5209, .T. ) ;
#4337 = CYLINDRICAL_SURFACE ( 'NONE', #1448, 1.250000000000001110 ) ;
#4338 = DIRECTION ( 'NONE',  ( -0.000000000000000000, -0.000000000000000000, -1.000000000000000000 ) ) ;
#4339 = ORIENTED_EDGE ( 'NONE', *, *, #3763, .T. ) ;
#4340 = DIRECTION ( 'NONE',  ( -0.000000000000000000, -0.000000000000000000, -1.000000000000000000 ) ) ;
#4341 = EDGE_CURVE ( 'NONE', #191, #5725, #1669, .T. ) ;
#4342 = VERTEX_POINT ( 'NONE', #3099 ) ;
#4343 = EDGE_CURVE ( 'NONE', #951, #5683, #2325, .T. ) ;
#4344 = CARTESIAN_POINT ( 'NONE',  ( -31.64580531807245478, -19.28976461924402130, 0.000000000000000000 ) ) ;
#4345 = EDGE_LOOP ( 'NONE', ( #1695, #4873 ) ) ;
#4346 = CARTESIAN_POINT ( 'NONE',  ( 22.99999999999999645, 1.444447458290426890E-31, -14.00000000000000178 ) ) ;
#4347 = DIRECTION ( 'NONE',  ( -0.000000000000000000, 0.000000000000000000, 1.000000000000000000 ) ) ;
#4348 = ORIENTED_EDGE ( 'NONE', *, *, #4975, .T. ) ;
#4349 = LINE ( 'NONE', #2481, #4072 ) ;
#4350 = DIRECTION ( 'NONE',  ( 0.000000000000000000, 0.000000000000000000, -1.000000000000000000 ) ) ;
#4351 = DIRECTION ( 'NONE',  ( -0.000000000000000000, -0.000000000000000000, 1.000000000000000000 ) ) ;
#4352 = CARTESIAN_POINT ( 'NONE',  ( -14.50248389664843351, 33.47195349197703962, 0.000000000000000000 ) ) ;
#4353 = CARTESIAN_POINT ( 'NONE',  ( 14.50248389664795567, 33.47195349197723147, -3.535533905932739085 ) ) ;
#4354 = EDGE_CURVE ( 'NONE', #5683, #951, #249, .T. ) ;
#4355 = ORIENTED_EDGE ( 'NONE', *, *, #2339, .F. ) ;
#4356 = DIRECTION ( 'NONE',  ( 0.000000000000000000, 0.000000000000000000, 1.000000000000000000 ) ) ;
#4357 = EDGE_CURVE ( 'NONE', #4211, #4373, #5080, .T. ) ;
#4358 = DIRECTION ( 'NONE',  ( -0.000000000000000000, -0.000000000000000000, 1.000000000000000000 ) ) ;
#4359 = CARTESIAN_POINT ( 'NONE',  ( 37.17896222341775569, 2.260458703055677088, -3.535533905932739085 ) ) ;
#4360 = ORIENTED_EDGE ( 'NONE', *, *, #361, .F. ) ;
#4361 = ORIENTED_EDGE ( 'NONE', *, *, #1604, .F. ) ;
#4362 = DIRECTION ( 'NONE',  ( -0.000000000000000000, -0.000000000000000000, 1.000000000000000000 ) ) ;
#4363 = DIRECTION ( 'NONE',  ( 0.000000000000000000, -0.000000000000000000, 1.000000000000000000 ) ) ;
#4364 = EDGE_CURVE ( 'NONE', #4744, #5402, #2523, .T. ) ;
#4365 = ORIENTED_EDGE ( 'NONE', *, *, #1279, .F. ) ;
#4366 = ADVANCED_FACE ( 'NONE', ( #3622 ), #5347, .F. ) ;
#4367 = EDGE_CURVE ( 'NONE', #4317, #2612, #36, .T. ) ;
#4368 = ORIENTED_EDGE ( 'NONE', *, *, #5117, .T. ) ;
#4369 = CARTESIAN_POINT ( 'NONE',  ( -28.09999999999999787, -1.444447458290426890E-31, -29.00000000000000000 ) ) ;
#4370 = VERTEX_POINT ( 'NONE', #3594 ) ;
#4371 = CARTESIAN_POINT ( 'NONE',  ( 16.09313226766132843, 31.54704048157931595, 0.000000000000000000 ) ) ;
#4372 = DIRECTION ( 'NONE',  ( 1.000000000000000000, 0.000000000000000000, 0.000000000000000000 ) ) ;
#4373 = VERTEX_POINT ( 'NONE', #4098 ) ;
#4374 = FACE_OUTER_BOUND ( 'NONE', #2112, .T. ) ;
#4375 = CARTESIAN_POINT ( 'NONE',  ( -39.00000000000000000, 0.000000000000000000, 2.000000000000000000 ) ) ;
#4376 = AXIS2_PLACEMENT_3D ( 'NONE', #2314, #4479, #29 ) ;
#4377 = VECTOR ( 'NONE', #73, 1000.000000000000000 ) ;
#4378 = DIRECTION ( 'NONE',  ( 0.000000000000000000, 0.000000000000000000, 1.000000000000000000 ) ) ;
#4379 = DIRECTION ( 'NONE',  ( 0.000000000000000000, 0.000000000000000000, -1.000000000000000000 ) ) ;
#4380 = DIRECTION ( 'NONE',  ( -0.000000000000000000, 0.000000000000000000, 1.000000000000000000 ) ) ;
#4381 = VECTOR ( 'NONE', #940, 1000.000000000000000 ) ;
#4382 = VERTEX_POINT ( 'NONE', #2715 ) ;
#4383 = DIRECTION ( 'NONE',  ( -0.000000000000000000, -0.000000000000000000, -1.000000000000000000 ) ) ;
#4384 = AXIS2_PLACEMENT_3D ( 'NONE', #3093, #3500, #860 ) ;
#4385 = DIRECTION ( 'NONE',  ( 0.000000000000000000, 0.000000000000000000, -1.000000000000000000 ) ) ;
#4386 = CIRCLE ( 'NONE', #27, 1.250000000000001110 ) ;
#4387 = CARTESIAN_POINT ( 'NONE',  ( -23.39369581343283500, 26.24287058717076704, -3.535533905932740861 ) ) ;
#4388 = EDGE_LOOP ( 'NONE', ( #302, #2214 ) ) ;
#4389 = AXIS2_PLACEMENT_3D ( 'NONE', #5168, #3734, #2000 ) ;
#4390 = ADVANCED_FACE ( 'NONE', ( #3066 ), #4906, .F. ) ;
#4391 = EDGE_LOOP ( 'NONE', ( #5224, #1205, #2035, #5505 ) ) ;
#4392 = CIRCLE ( 'NONE', #4674, 1.250000000000000888 ) ;
#4393 = CARTESIAN_POINT ( 'NONE',  ( 0.000000000000000000, 0.000000000000000000, -5.000000000000000888 ) ) ;
#4394 = ADVANCED_FACE ( 'NONE', ( #452 ), #2626, .F. ) ;
#4395 = DIRECTION ( 'NONE',  ( -0.000000000000000000, -0.000000000000000000, -1.000000000000000000 ) ) ;
#4396 = VERTEX_POINT ( 'NONE', #2649 ) ;
#4397 = ORIENTED_EDGE ( 'NONE', *, *, #3745, .T. ) ;
#4398 = DIRECTION ( 'NONE',  ( 0.8090169943749467851, 0.5877852522924741363, 0.000000000000000000 ) ) ;
#4399 = VECTOR ( 'NONE', #3487, 1000.000000000000000 ) ;
#4400 = ADVANCED_FACE ( 'NONE', ( #4487 ), #817, .F. ) ;
#4401 = ORIENTED_EDGE ( 'NONE', *, *, #3728, .T. ) ;
#4402 = DIRECTION ( 'NONE',  ( -0.000000000000000000, -0.000000000000000000, 1.000000000000000000 ) ) ;
#4403 = CARTESIAN_POINT ( 'NONE',  ( -1.734935157289747343, -1.800000000000000044, -4.000000000000000000 ) ) ;
#4404 = ORIENTED_EDGE ( 'NONE', *, *, #5125, .T. ) ;
#4405 = AXIS2_PLACEMENT_3D ( 'NONE', #2601, #2992, #3457 ) ;
#4406 = CARTESIAN_POINT ( 'NONE',  ( -23.39369581343283500, 26.24287058717076704, 2.000000000000000000 ) ) ;
#4407 = AXIS2_PLACEMENT_3D ( 'NONE', #4010, #1857, #1798 ) ;
#4408 = LINE ( 'NONE', #2571, #1850 ) ;
#4409 = CIRCLE ( 'NONE', #716, 1.250000000000001110 ) ;
#4410 = CARTESIAN_POINT ( 'NONE',  ( 35.92896222341780543, -2.260458703054892382, 2.000000000000000000 ) ) ;
#4411 = DIRECTION ( 'NONE',  ( 1.000000000000000000, 0.000000000000000000, 0.000000000000000000 ) ) ;
#4412 = EDGE_CURVE ( 'NONE', #1331, #3680, #58, .T. ) ;
#4413 = ORIENTED_EDGE ( 'NONE', *, *, #3236, .T. ) ;
#4414 = CIRCLE ( 'NONE', #1576, 1.250000000000000666 ) ;
#4415 = CIRCLE ( 'NONE', #4313, 5.262465990577771535 ) ;
#4416 = ADVANCED_FACE ( 'NONE', ( #1737 ), #1765, .F. ) ;
#4417 = DIRECTION ( 'NONE',  ( -0.000000000000000000, -0.000000000000000000, -1.000000000000000000 ) ) ;
#4418 = DIRECTION ( 'NONE',  ( 1.000000000000000000, 0.000000000000000000, 0.000000000000000000 ) ) ;
#4419 = CARTESIAN_POINT ( 'NONE',  ( 2.500000000000000000, 0.000000000000000000, 2.000000000000000000 ) ) ;
#4420 = VECTOR ( 'NONE', #4380, 1000.000000000000000 ) ;
#4421 = ORIENTED_EDGE ( 'NONE', *, *, #3085, .F. ) ;
#4422 = ORIENTED_EDGE ( 'NONE', *, *, #3782, .F. ) ;
#4423 = CIRCLE ( 'NONE', #2623, 1.249999999999999778 ) ;
#4424 = DIRECTION ( 'NONE',  ( -0.000000000000000000, 0.000000000000000000, -1.000000000000000000 ) ) ;
#4425 = AXIS2_PLACEMENT_3D ( 'NONE', #5568, #3371, #5182 ) ;
#4426 = CARTESIAN_POINT ( 'NONE',  ( -20.00000000000000000, 0.000000000000000000, 2.000000000000000000 ) ) ;
#4427 = ORIENTED_EDGE ( 'NONE', *, *, #3239, .T. ) ;
#4428 = CIRCLE ( 'NONE', #1863, 1.250000000000001110 ) ;
#4429 = EDGE_LOOP ( 'NONE', ( #4451, #3118 ) ) ;
#4430 = CARTESIAN_POINT ( 'NONE',  ( -16.09313226766178317, 31.54704048157906726, 0.000000000000000000 ) ) ;
#4431 = EDGE_CURVE ( 'NONE', #2499, #743, #6, .T. ) ;
#4432 = AXIS2_PLACEMENT_3D ( 'NONE', #1417, #5039, #5069 ) ;
#4433 = VERTEX_POINT ( 'NONE', #4932 ) ;
#4434 = DIRECTION ( 'NONE',  ( -0.000000000000000000, -0.000000000000000000, -1.000000000000000000 ) ) ;
#4435 = DIRECTION ( 'NONE',  ( 0.000000000000000000, 0.000000000000000000, -1.000000000000000000 ) ) ;
#4436 = EDGE_LOOP ( 'NONE', ( #5057, #4685 ) ) ;
#4437 = DIRECTION ( 'NONE',  ( 1.000000000000000000, 0.000000000000000000, 0.000000000000000000 ) ) ;
#4438 = CARTESIAN_POINT ( 'NONE',  ( -13.25248389664843351, 33.47195349197703962, -3.535533905932740861 ) ) ;
#4439 = DIRECTION ( 'NONE',  ( 1.000000000000000000, 0.000000000000000000, 0.000000000000000000 ) ) ;
#4440 = ADVANCED_FACE ( 'NONE', ( #1823 ), #5787, .F. ) ;
#4441 = LINE ( 'NONE', #266, #5088 ) ;
#4442 = ORIENTED_EDGE ( 'NONE', *, *, #4077, .F. ) ;
#4443 = DIRECTION ( 'NONE',  ( -0.000000000000000000, -0.000000000000000000, -1.000000000000000000 ) ) ;
#4444 = FACE_OUTER_BOUND ( 'NONE', #3201, .T. ) ;
#4445 = FACE_OUTER_BOUND ( 'NONE', #928, .T. ) ;
#4446 = DIRECTION ( 'NONE',  ( 0.000000000000000000, 0.000000000000000000, 1.000000000000000000 ) ) ;
#4447 = EDGE_LOOP ( 'NONE', ( #2537, #2075 ) ) ;
#4448 = VERTEX_POINT ( 'NONE', #930 ) ;
#4449 = CARTESIAN_POINT ( 'NONE',  ( 1.040834085586084257E-14, -1.776736310160620391E-14, -29.00000000000000000 ) ) ;
#4450 = CARTESIAN_POINT ( 'NONE',  ( -34.23803458662548138, -11.12461179749825746, 2.000000000000000000 ) ) ;
#4451 = ORIENTED_EDGE ( 'NONE', *, *, #2846, .F. ) ;
#4452 = ORIENTED_EDGE ( 'NONE', *, *, #4548, .F. ) ;
#4453 = AXIS2_PLACEMENT_3D ( 'NONE', #3211, #449, #5026 ) ;
#4454 = ORIENTED_EDGE ( 'NONE', *, *, #1415, .F. ) ;
#4455 = CARTESIAN_POINT ( 'NONE',  ( -3.156093203020929661, -4.570306765394033022, -1.666683961457740004 ) ) ;
#4456 = CARTESIAN_POINT ( 'NONE',  ( 30.39580531807231623, 19.28976461924423447, -3.535533905932740861 ) ) ;
#4457 = VERTEX_POINT ( 'NONE', #2743 ) ;
#4458 = LINE ( 'NONE', #4013, #3143 ) ;
#4459 = CARTESIAN_POINT ( 'NONE',  ( 27.50000000000000000, 0.000000000000000000, 2.000000000000000000 ) ) ;
#4460 = ORIENTED_EDGE ( 'NONE', *, *, #547, .T. ) ;
#4461 = FACE_BOUND ( 'NONE', #2918, .T. ) ;
#4462 = DIRECTION ( 'NONE',  ( 0.000000000000000000, 0.000000000000000000, 1.000000000000000000 ) ) ;
#4463 = AXIS2_PLACEMENT_3D ( 'NONE', #4572, #2347, #1790 ) ;
#4464 = ORIENTED_EDGE ( 'NONE', *, *, #3460, .T. ) ;
#4465 = DIRECTION ( 'NONE',  ( 0.000000000000000000, -0.000000000000000000, 1.000000000000000000 ) ) ;
#4466 = DIRECTION ( 'NONE',  ( -1.000000000000000000, 0.000000000000000000, 0.000000000000000000 ) ) ;
#4467 = VECTOR ( 'NONE', #3885, 1000.000000000000000 ) ;
#4468 = FACE_BOUND ( 'NONE', #1155, .T. ) ;
#4469 = CIRCLE ( 'NONE', #4189, 7.500000000000000000 ) ;
#4470 = EDGE_CURVE ( 'NONE', #3356, #3834, #4550, .T. ) ;
#4471 = VECTOR ( 'NONE', #4136, 1000.000000000000000 ) ;
#4472 = CARTESIAN_POINT ( 'NONE',  ( -3.260825055538300710, 4.675038617911397409, 0.000000000000000000 ) ) ;
#4473 = EDGE_LOOP ( 'NONE', ( #1108, #2628, #1979, #4279 ) ) ;
#4474 = VERTEX_POINT ( 'NONE', #5087 ) ;
#4475 = CARTESIAN_POINT ( 'NONE',  ( 0.9539392014169457701, 0.2999999999999999334, -5.500000000000000000 ) ) ;
#4476 = CIRCLE ( 'NONE', #3432, 7.500000000000000000 ) ;
#4477 = AXIS2_PLACEMENT_3D ( 'NONE', #5845, #4510, #885 ) ;
#4478 = DIRECTION ( 'NONE',  ( -0.000000000000000000, 0.000000000000000000, -1.000000000000000000 ) ) ;
#4479 = DIRECTION ( 'NONE',  ( -0.000000000000000000, -0.000000000000000000, -1.000000000000000000 ) ) ;
#4480 = ORIENTED_EDGE ( 'NONE', *, *, #232, .T. ) ;
#4481 = VECTOR ( 'NONE', #2618, 1000.000000000000000 ) ;
#4482 = AXIS2_PLACEMENT_3D ( 'NONE', #3108, #4417, #4893 ) ;
#4483 = VERTEX_POINT ( 'NONE', #93 ) ;
#4484 = CARTESIAN_POINT ( 'NONE',  ( -34.11234102623281217, 6.745727325085971948, 2.000000000000000000 ) ) ;
#4485 = ORIENTED_EDGE ( 'NONE', *, *, #1113, .T. ) ;
#4486 = VERTEX_POINT ( 'NONE', #2376 ) ;
#4487 = FACE_OUTER_BOUND ( 'NONE', #2255, .T. ) ;
#4488 = CARTESIAN_POINT ( 'NONE',  ( 29.14580531807271768, -19.28976461924359498, 0.000000000000000000 ) ) ;
#4489 = EDGE_LOOP ( 'NONE', ( #4752, #2465, #889, #3155, #5025, #3636, #942, #3991, #41, #1831, #3656, #835 ) ) ;
#4490 = ADVANCED_FACE ( 'NONE', ( #5061 ), #4247, .F. ) ;
#4491 = DIRECTION ( 'NONE',  ( 1.000000000000000000, 0.000000000000000000, 0.000000000000000000 ) ) ;
#4492 = CARTESIAN_POINT ( 'NONE',  ( 22.61600908139319444, -21.20179551902008797, -34.00000000000000000 ) ) ;
#4493 = ORIENTED_EDGE ( 'NONE', *, *, #3129, .T. ) ;
#4494 = FACE_BOUND ( 'NONE', #4388, .T. ) ;
#4495 = ADVANCED_FACE ( 'NONE', ( #5558 ), #2768, .T. ) ;
#4496 = VECTOR ( 'NONE', #3378, 1000.000000000000000 ) ;
#4497 = DIRECTION ( 'NONE',  ( 0.000000000000000000, 0.000000000000000000, -1.000000000000000000 ) ) ;
#4498 = ORIENTED_EDGE ( 'NONE', *, *, #3383, .T. ) ;
#4499 = CARTESIAN_POINT ( 'NONE',  ( -17.34313226766178673, 31.54704048157906726, 0.000000000000000000 ) ) ;
#4500 = EDGE_CURVE ( 'NONE', #2659, #3438, #2330, .T. ) ;
#4501 = AXIS2_PLACEMENT_3D ( 'NONE', #1146, #4523, #5823 ) ;
#4502 = AXIS2_PLACEMENT_3D ( 'NONE', #5814, #1788, #5399 ) ;
#4503 = CARTESIAN_POINT ( 'NONE',  ( 21.20179551902009507, -22.61600908139318378, -34.00000000000000000 ) ) ;
#4504 = FACE_BOUND ( 'NONE', #383, .T. ) ;
#4505 = DIRECTION ( 'NONE',  ( 1.000000000000000000, 0.000000000000000000, 0.000000000000000000 ) ) ;
#4506 = VECTOR ( 'NONE', #5220, 1000.000000000000000 ) ;
#4507 = ORIENTED_EDGE ( 'NONE', *, *, #5197, .F. ) ;
#4508 = ORIENTED_EDGE ( 'NONE', *, *, #5416, .F. ) ;
#4509 = EDGE_CURVE ( 'NONE', #1776, #2230, #152, .T. ) ;
#4510 = DIRECTION ( 'NONE',  ( -0.000000000000000000, -0.000000000000000000, -1.000000000000000000 ) ) ;
#4511 = ADVANCED_FACE ( 'NONE', ( #3681 ), #3844, .F. ) ;
#4512 = VECTOR ( 'NONE', #5127, 1000.000000000000000 ) ;
#4513 = CARTESIAN_POINT ( 'NONE',  ( 0.000000000000000000, 0.000000000000000000, -8.000000000000000000 ) ) ;
#4514 = CARTESIAN_POINT ( 'NONE',  ( 21.20179551902009507, -22.61600908139318378, 0.000000000000000000 ) ) ;
#4515 = ORIENTED_EDGE ( 'NONE', *, *, #2699, .F. ) ;
#4516 = EDGE_CURVE ( 'NONE', #2356, #2451, #2530, .T. ) ;
#4517 = VERTEX_POINT ( 'NONE', #1046 ) ;
#4518 = AXIS2_PLACEMENT_3D ( 'NONE', #3162, #1325, #1353 ) ;
#4519 = DIRECTION ( 'NONE',  ( 0.06279051952930990443, 0.9980267284282717810, 0.000000000000000000 ) ) ;
#4520 = AXIS2_PLACEMENT_3D ( 'NONE', #2203, #2744, #3154 ) ;
#4521 = VERTEX_POINT ( 'NONE', #3739 ) ;
#4522 = ORIENTED_EDGE ( 'NONE', *, *, #3628, .T. ) ;
#4523 = DIRECTION ( 'NONE',  ( -0.000000000000000000, -0.000000000000000000, -1.000000000000000000 ) ) ;
#4524 = ADVANCED_FACE ( 'NONE', ( #2798 ), #2856, .F. ) ;
#4525 = CARTESIAN_POINT ( 'NONE',  ( -29.14580531807259334, 19.28976461924381169, 0.000000000000000000 ) ) ;
#4526 = EDGE_LOOP ( 'NONE', ( #4114, #2747 ) ) ;
#4527 = CYLINDRICAL_SURFACE ( 'NONE', #218, 1.250000000000001110 ) ;
#4528 = CLOSED_SHELL ( 'NONE', ( #4241, #4589, #5445, #5544, #4511, #848, #751, #629, #2062, #4231, #1836, #4490, #2265, #2760, #2475, #2880, #2216, #4249, #3452, #2042, #5555, #4416, #4366, #4686, #1214, #840, #5819, #1120, #2658, #2630, #5795, #1419, #2496, #4308, #596, #5214, #3691, #814, #100, #4394, #4877, #4936, #1717, #2933, #780, #5463, #135, #2162, #1169, #4256, #4291, #2449, #2310, #5620, #5419, #316, #4400, #3442, #4027, #3511, #5876, #5279, #561, #105, #3696, #4208, #3291, #4184, #1838, #807, #3975, #3988, #3773, #1603, #4440, #1681, #4878, #4170, #2036, #2018, #3527, #1290, #556, #1442, #299, #2212, #3496, #924, #520, #3318, #3454, #1054, #201, #2595, #4861, #5486, #3363, #571, #4800, #1399, #241, #5100, #2466, #4108, #490, #3810, #558, #1336, #2405, #1225, #708, #4775, #4134, #110, #4524, #5268, #5053, #584, #1361, #4771, #602, #5131, #209, #4328, #648, #4008, #549, #3818, #2482, #4057, #292, #4943, #3, #398, #5309, #4127, #475, #3060, #733, #1973, #2055, #5035, #4390, #2289, #4495, #898, #1223, #2015, #4540, #4574, #2046, #468, #3702, #5569, #1022, #2268, #827, #1106, #413, #1778, #5671, #2526, #2809, #1866, #365, #5359, #5443 ) ) ;
#4529 = CARTESIAN_POINT ( 'NONE',  ( 21.21320343559633415, 22.62741699796959338, -5.000000000000000000 ) ) ;
#4530 = ORIENTED_EDGE ( 'NONE', *, *, #4051, .T. ) ;
#4531 = FACE_BOUND ( 'NONE', #3952, .T. ) ;
#4532 = CARTESIAN_POINT ( 'NONE',  ( -28.98847673992845486, 22.94726363095277222, 0.000000000000000000 ) ) ;
#4533 = CARTESIAN_POINT ( 'NONE',  ( -1.734935157289747343, -1.800000000000000044, -5.500000000000000000 ) ) ;
#4534 = DIRECTION ( 'NONE',  ( 0.000000000000000000, 1.000000000000000000, 0.000000000000000000 ) ) ;
#4535 = CARTESIAN_POINT ( 'NONE',  ( 13.25248389664795390, 33.47195349197723147, 2.000000000000000000 ) ) ;
#4536 = FACE_BOUND ( 'NONE', #5253, .T. ) ;
#4537 = CARTESIAN_POINT ( 'NONE',  ( -27.73847673992845486, 22.94726363095277222, 0.000000000000000000 ) ) ;
#4538 = VERTEX_POINT ( 'NONE', #4660 ) ;
#4539 = VERTEX_POINT ( 'NONE', #4585 ) ;
#4540 = ADVANCED_FACE ( 'NONE', ( #2354 ), #1976, .F. ) ;
#4541 = DIRECTION ( 'NONE',  ( 1.000000000000000000, 0.000000000000000000, 0.000000000000000000 ) ) ;
#4542 = LINE ( 'NONE', #470, #43 ) ;
#4543 = CARTESIAN_POINT ( 'NONE',  ( 30.99999999999999289, 0.000000000000000000, -34.00000000000000000 ) ) ;
#4544 = VERTEX_POINT ( 'NONE', #70 ) ;
#4545 = ORIENTED_EDGE ( 'NONE', *, *, #1031, .T. ) ;
#4546 = CARTESIAN_POINT ( 'NONE',  ( 31.64580531807231623, 19.28976461924423447, -3.535533905932740861 ) ) ;
#4547 = ORIENTED_EDGE ( 'NONE', *, *, #3859, .F. ) ;
#4548 = EDGE_CURVE ( 'NONE', #3709, #1691, #4221, .T. ) ;
#4549 = VERTEX_POINT ( 'NONE', #5528 ) ;
#4550 = LINE ( 'NONE', #3536, #3558 ) ;
#4551 = EDGE_CURVE ( 'NONE', #5223, #2066, #3939, .T. ) ;
#4552 = CARTESIAN_POINT ( 'NONE',  ( 1.250000000000000444, -36.00000000000000000, 2.000000000000000000 ) ) ;
#4553 = ORIENTED_EDGE ( 'NONE', *, *, #5811, .T. ) ;
#4554 = CIRCLE ( 'NONE', #856, 32.99999999999999289 ) ;
#4555 = LINE ( 'NONE', #3244, #4471 ) ;
#4556 = ORIENTED_EDGE ( 'NONE', *, *, #5702, .F. ) ;
#4557 = FACE_BOUND ( 'NONE', #1904, .T. ) ;
#4558 = DIRECTION ( 'NONE',  ( -1.000000000000000000, 0.000000000000000000, 0.000000000000000000 ) ) ;
#4560 = CARTESIAN_POINT ( 'NONE',  ( -25.89369581343264670, -26.24287058717094823, 2.000000000000000000 ) ) ;
#4559 = CIRCLE ( 'NONE', #2570, 1.250000000000000222 ) ;
#4561 = DIRECTION ( 'NONE',  ( -0.7071067811865477948, 0.7071067811865473507, 0.000000000000000000 ) ) ;
#4562 = DIRECTION ( 'NONE',  ( 0.000000000000000000, -0.000000000000000000, 1.000000000000000000 ) ) ;
#4563 = FACE_BOUND ( 'NONE', #1827, .T. ) ;
#4564 = CARTESIAN_POINT ( 'NONE',  ( -3.261996408314963958, 35.71612924732120575, 2.000000000000000000 ) ) ;
#4565 = ORIENTED_EDGE ( 'NONE', *, *, #1072, .T. ) ;
#4566 = ORIENTED_EDGE ( 'NONE', *, *, #1283, .F. ) ;
#4567 = EDGE_CURVE ( 'NONE', #821, #1982, #1081, .T. ) ;
#4568 = CARTESIAN_POINT ( 'NONE',  ( -1.494327473836393416, 1.244211476087817125, -5.169755996752499527 ) ) ;
#4569 = AXIS2_PLACEMENT_3D ( 'NONE', #4742, #3790, #5607 ) ;
#4570 = DIRECTION ( 'NONE',  ( 1.000000000000000000, 0.000000000000000000, 0.000000000000000000 ) ) ;
#4571 = CIRCLE ( 'NONE', #5518, 1.249999999999998002 ) ;
#4572 = CARTESIAN_POINT ( 'NONE',  ( -35.92896222341777701, 2.260458703055158836, 0.000000000000000000 ) ) ;
#4573 = ORIENTED_EDGE ( 'NONE', *, *, #3437, .F. ) ;
#4574 = ADVANCED_FACE ( 'NONE', ( #637 ), #5475, .T. ) ;
#4575 = AXIS2_PLACEMENT_3D ( 'NONE', #3403, #1244, #3935 ) ;
#4576 = ORIENTED_EDGE ( 'NONE', *, *, #3209, .F. ) ;
#4577 = AXIS2_PLACEMENT_3D ( 'NONE', #1602, #4295, #5722 ) ;
#4578 = DIRECTION ( 'NONE',  ( 0.000000000000000000, 0.000000000000000000, 1.000000000000000000 ) ) ;
#4579 = EDGE_CURVE ( 'NONE', #4012, #542, #3800, .T. ) ;
#4580 = AXIS2_PLACEMENT_3D ( 'NONE', #5056, #1942, #3299 ) ;
#4581 = ORIENTED_EDGE ( 'NONE', *, *, #4321, .T. ) ;
#4582 = CIRCLE ( 'NONE', #1172, 1.250000000000001110 ) ;
#4583 = CIRCLE ( 'NONE', #2781, 1.249999999999999334 ) ;
#4584 = ORIENTED_EDGE ( 'NONE', *, *, #3687, .F. ) ;
#4585 = CARTESIAN_POINT ( 'NONE',  ( -23.39369581343264315, -26.24287058717094823, 0.000000000000000000 ) ) ;
#4586 = LINE ( 'NONE', #4011, #3089 ) ;
#4587 = VERTEX_POINT ( 'NONE', #1497 ) ;
#4588 = CARTESIAN_POINT ( 'NONE',  ( 5.699909308207391945, -6.980375689726386777E-16, 0.000000000000000000 ) ) ;
#4589 = ADVANCED_FACE ( 'NONE', ( #2067 ), #5174, .T. ) ;
#4590 = VERTEX_POINT ( 'NONE', #2638 ) ;
#4591 = DIRECTION ( 'NONE',  ( 0.000000000000000000, -0.000000000000000000, 1.000000000000000000 ) ) ;
#4592 = CARTESIAN_POINT ( 'NONE',  ( 0.000000000000000000, 0.000000000000000000, -5.000000000000000000 ) ) ;
#4593 = ORIENTED_EDGE ( 'NONE', *, *, #3209, .T. ) ;
#4594 = LINE ( 'NONE', #1450, #227 ) ;
#4595 = DIRECTION ( 'NONE',  ( 0.000000000000000000, 0.000000000000000000, 1.000000000000000000 ) ) ;
#4596 = CIRCLE ( 'NONE', #4876, 1.499999999999999556 ) ;
#4597 = DIRECTION ( 'NONE',  ( -0.000000000000000000, -0.000000000000000000, -1.000000000000000000 ) ) ;
#4598 = DIRECTION ( 'NONE',  ( -0.000000000000000000, -0.000000000000000000, -1.000000000000000000 ) ) ;
#4599 = EDGE_CURVE ( 'NONE', #2973, #1785, #2997, .T. ) ;
#4600 = ORIENTED_EDGE ( 'NONE', *, *, #4106, .T. ) ;
#4601 = AXIS2_PLACEMENT_3D ( 'NONE', #1011, #3760, #5105 ) ;
#4602 = CARTESIAN_POINT ( 'NONE',  ( -1.730458901388163273, 1.788864267377882511, -4.210179781315881442 ) ) ;
#4603 = CARTESIAN_POINT ( 'NONE',  ( 21.21320343559633415, 22.62741699796959338, -5.000000000000000000 ) ) ;
#4604 = CARTESIAN_POINT ( 'NONE',  ( 7.500000000000000000, 20.00000000000000000, -21.21320343559642652 ) ) ;
#4605 = VERTEX_POINT ( 'NONE', #4472 ) ;
#4606 = ORIENTED_EDGE ( 'NONE', *, *, #5372, .F. ) ;
#4607 = CARTESIAN_POINT ( 'NONE',  ( 21.16026908252864658, 29.12461179749838180, 0.000000000000000000 ) ) ;
#4608 = AXIS2_PLACEMENT_3D ( 'NONE', #4897, #2003, #5229 ) ;
#4609 = AXIS2_PLACEMENT_3D ( 'NONE', #583, #79, #5071 ) ;
#4610 = ORIENTED_EDGE ( 'NONE', *, *, #1431, .F. ) ;
#4611 = ORIENTED_EDGE ( 'NONE', *, *, #4470, .F. ) ;
#4612 = CARTESIAN_POINT ( 'NONE',  ( 20.00000000000000000, 0.000000000000000000, -21.21320343559642652 ) ) ;
#4613 = VECTOR ( 'NONE', #559, 1000.000000000000000 ) ;
#4614 = CARTESIAN_POINT ( 'NONE',  ( -32.57377388877662838, -15.32805449634276229, -3.535533905932740861 ) ) ;
#4615 = ORIENTED_EDGE ( 'NONE', *, *, #4988, .T. ) ;
#4616 = EDGE_CURVE ( 'NONE', #1561, #2235, #5363, .T. ) ;
#4617 = CARTESIAN_POINT ( 'NONE',  ( -12.50000000000000000, 0.000000000000000000, 2.000000000000000000 ) ) ;
#4618 = AXIS2_PLACEMENT_3D ( 'NONE', #3925, #5742, #1685 ) ;
#4619 = VERTEX_POINT ( 'NONE', #1278 ) ;
#4620 = FACE_OUTER_BOUND ( 'NONE', #3762, .T. ) ;
#4621 = CYLINDRICAL_SURFACE ( 'NONE', #4811, 1.250000000000001110 ) ;
#4622 = FACE_OUTER_BOUND ( 'NONE', #1315, .T. ) ;
#4623 = DIRECTION ( 'NONE',  ( -0.000000000000000000, -0.000000000000000000, 1.000000000000000000 ) ) ;
#4624 = DIRECTION ( 'NONE',  ( -0.000000000000000000, -0.000000000000000000, 1.000000000000000000 ) ) ;
#4625 = EDGE_CURVE ( 'NONE', #3058, #4483, #1293, .T. ) ;
#4626 = LINE ( 'NONE', #557, #114 ) ;
#4627 = CARTESIAN_POINT ( 'NONE',  ( -25.99999999999999645, -3.000000000000000000, -14.00000000000000178 ) ) ;
#4628 = EDGE_LOOP ( 'NONE', ( #3150, #5820, #2916, #348 ) ) ;
#4629 = PLANE ( 'NONE',  #593 ) ;
#4630 = DIRECTION ( 'NONE',  ( 0.000000000000000000, -0.000000000000000000, 1.000000000000000000 ) ) ;
#4631 = CARTESIAN_POINT ( 'NONE',  ( -31.64580531807259689, 19.28976461924381169, 2.000000000000000000 ) ) ;
#4632 = ORIENTED_EDGE ( 'NONE', *, *, #4516, .F. ) ;
#4633 = ORIENTED_EDGE ( 'NONE', *, *, #546, .T. ) ;
#4634 = CARTESIAN_POINT ( 'NONE',  ( -37.17896222341776991, -2.260458703055409746, 2.000000000000000000 ) ) ;
#4635 = LINE ( 'NONE', #2654, #3927 ) ;
#4636 = ORIENTED_EDGE ( 'NONE', *, *, #4934, .T. ) ;
#4637 = CARTESIAN_POINT ( 'NONE',  ( -21.92031021678288738, -21.92031021678303304, -5.000000000000000000 ) ) ;
#4638 = DIRECTION ( 'NONE',  ( 0.000000000000000000, 0.000000000000000000, -1.000000000000000000 ) ) ;
#4639 = ORIENTED_EDGE ( 'NONE', *, *, #375, .T. ) ;
#4640 = CARTESIAN_POINT ( 'NONE',  ( 17.34313226766200344, -31.54704048157895002, 2.000000000000000000 ) ) ;
#4641 = ORIENTED_EDGE ( 'NONE', *, *, #2647, .T. ) ;
#4642 = DIRECTION ( 'NONE',  ( -0.000000000000000000, -0.000000000000000000, -1.000000000000000000 ) ) ;
#4643 = DIRECTION ( 'NONE',  ( -1.000000000000000000, 0.000000000000000000, 0.000000000000000000 ) ) ;
#4644 = CARTESIAN_POINT ( 'NONE',  ( 35.36234102623271269, 6.745727325086481763, 0.000000000000000000 ) ) ;
#4645 = CARTESIAN_POINT ( 'NONE',  ( -35.36234102623281217, 6.745727325085971948, 2.000000000000000000 ) ) ;
#4646 = EDGE_CURVE ( 'NONE', #1785, #1492, #3362, .T. ) ;
#4647 = DIRECTION ( 'NONE',  ( -0.000000000000000000, -0.000000000000000000, -1.000000000000000000 ) ) ;
#4648 = DIRECTION ( 'NONE',  ( 1.000000000000000000, 0.000000000000000000, -0.000000000000000000 ) ) ;
#4649 = DIRECTION ( 'NONE',  ( 0.000000000000000000, 0.000000000000000000, -1.000000000000000000 ) ) ;
#4650 = ORIENTED_EDGE ( 'NONE', *, *, #343, .T. ) ;
#4651 = CARTESIAN_POINT ( 'NONE',  ( -1.594660882299481441, 1.463192285270647153, -4.967698982919952044 ) ) ;
#4652 = DIRECTION ( 'NONE',  ( -0.000000000000000000, -0.000000000000000000, 1.000000000000000000 ) ) ;
#4653 = LINE ( 'NONE', #5640, #866 ) ;
#4654 = VERTEX_POINT ( 'NONE', #5650 ) ;
#4655 = ORIENTED_EDGE ( 'NONE', *, *, #1584, .F. ) ;
#4656 = DIRECTION ( 'NONE',  ( 1.000000000000000000, 0.000000000000000000, -0.000000000000000000 ) ) ;
#4657 = CIRCLE ( 'NONE', #1925, 2.100000000000000977 ) ;
#4658 = CARTESIAN_POINT ( 'NONE',  ( 5.761996408315208207, -35.71612924732117023, -3.535533905932739973 ) ) ;
#4659 = ORIENTED_EDGE ( 'NONE', *, *, #2646, .T. ) ;
#4660 = CARTESIAN_POINT ( 'NONE',  ( 37.17896222341775569, 2.260458703055677088, 2.000000000000000000 ) ) ;
#4661 = CIRCLE ( 'NONE', #2298, 1.250000000000001110 ) ;
#4662 = AXIS2_PLACEMENT_3D ( 'NONE', #25, #806, #3973 ) ;
#4663 = DIRECTION ( 'NONE',  ( 0.000000000000000000, 0.000000000000000000, 1.000000000000000000 ) ) ;
#4664 = VERTEX_POINT ( 'NONE', #2950 ) ;
#4665 = CARTESIAN_POINT ( 'NONE',  ( -25.99999999999999645, -1.444447458290426890E-31, -24.00000000000000000 ) ) ;
#4666 = AXIS2_PLACEMENT_3D ( 'NONE', #3860, #4787, #3390 ) ;
#4667 = AXIS2_PLACEMENT_3D ( 'NONE', #4169, #103, #4561 ) ;
#4668 = ORIENTED_EDGE ( 'NONE', *, *, #2163, .T. ) ;
#4669 = DIRECTION ( 'NONE',  ( 1.000000000000000000, 0.000000000000000000, 0.000000000000000000 ) ) ;
#4670 = EDGE_CURVE ( 'NONE', #953, #3946, #1202, .T. ) ;
#4671 = LINE ( 'NONE', #1952, #5752 ) ;
#4672 = CIRCLE ( 'NONE', #318, 2.100000000000000977 ) ;
#4673 = ORIENTED_EDGE ( 'NONE', *, *, #5824, .F. ) ;
#4674 = AXIS2_PLACEMENT_3D ( 'NONE', #2960, #1989, #1217 ) ;
#4675 = CARTESIAN_POINT ( 'NONE',  ( -36.61234102623276243, -6.745727325086226855, 0.000000000000000000 ) ) ;
#4676 = DIRECTION ( 'NONE',  ( -0.6340795882070467959, 0.000000000000000000, 0.7732677904963985993 ) ) ;
#4677 = EDGE_CURVE ( 'NONE', #5875, #4317, #3279, .T. ) ;
#4678 = CARTESIAN_POINT ( 'NONE',  ( -27.73847673992830209, -22.94726363095296762, -3.535533905932740861 ) ) ;
#4679 = DIRECTION ( 'NONE',  ( 0.000000000000000000, 0.000000000000000000, 1.000000000000000000 ) ) ;
#4680 = LINE ( 'NONE', #1931, #346 ) ;
#4681 = ORIENTED_EDGE ( 'NONE', *, *, #3518, .T. ) ;
#4682 = CARTESIAN_POINT ( 'NONE',  ( -25.99999999999999645, -1.444447458290426890E-31, -29.00000000000000000 ) ) ;
#4683 = CARTESIAN_POINT ( 'NONE',  ( -0.9539392014169457701, 0.2999999999999998779, -5.500000000000000000 ) ) ;
#4684 = DIRECTION ( 'NONE',  ( 0.000000000000000000, 0.000000000000000000, 1.000000000000000000 ) ) ;
#4685 = ORIENTED_EDGE ( 'NONE', *, *, #3316, .F. ) ;
#4686 = ADVANCED_FACE ( 'NONE', ( #2092 ), #253, .F. ) ;
#4687 = ORIENTED_EDGE ( 'NONE', *, *, #4756, .T. ) ;
#4688 = ORIENTED_EDGE ( 'NONE', *, *, #4646, .F. ) ;
#4689 = CARTESIAN_POINT ( 'NONE',  ( -34.23803458662548138, -11.12461179749825746, 2.000000000000000000 ) ) ;
#4690 = CIRCLE ( 'NONE', #2139, 1.250000000000000444 ) ;
#4691 = AXIS2_PLACEMENT_3D ( 'NONE', #2071, #2541, #4700 ) ;
#4692 = CARTESIAN_POINT ( 'NONE',  ( 32.57377388877652891, 15.32805449634299322, 2.000000000000000000 ) ) ;
#4693 = EDGE_CURVE ( 'NONE', #3498, #3147, #3180, .T. ) ;
#4694 = EDGE_LOOP ( 'NONE', ( #2349, #4107, #2033, #3566 ) ) ;
#4695 = DIRECTION ( 'NONE',  ( 0.000000000000000000, -0.000000000000000000, 1.000000000000000000 ) ) ;
#4696 = VECTOR ( 'NONE', #4638, 1000.000000000000000 ) ;
#4697 = EDGE_LOOP ( 'NONE', ( #1710, #2311, #3189, #2691 ) ) ;
#4698 = AXIS2_PLACEMENT_3D ( 'NONE', #833, #4305, #3862 ) ;
#4699 = AXIS2_PLACEMENT_3D ( 'NONE', #1995, #3407, #5697 ) ;
#4700 = DIRECTION ( 'NONE',  ( 1.000000000000000000, 0.000000000000000000, 0.000000000000000000 ) ) ;
#4701 = AXIS2_PLACEMENT_3D ( 'NONE', #3757, #2874, #2050 ) ;
#4702 = ORIENTED_EDGE ( 'NONE', *, *, #4990, .T. ) ;
#4703 = DIRECTION ( 'NONE',  ( 1.000000000000000000, 0.000000000000000000, 0.000000000000000000 ) ) ;
#4704 = CARTESIAN_POINT ( 'NONE',  ( 12.00248389664795390, 33.47195349197723147, -3.535533905932739085 ) ) ;
#4705 = ORIENTED_EDGE ( 'NONE', *, *, #5033, .T. ) ;
#4706 = DIRECTION ( 'NONE',  ( -0.000000000000000000, 0.000000000000000000, 1.000000000000000000 ) ) ;
#4707 = CIRCLE ( 'NONE', #3565, 39.00000000000000000 ) ;
#4708 = DIRECTION ( 'NONE',  ( 0.000000000000000000, -0.000000000000000000, 1.000000000000000000 ) ) ;
#4709 = DIRECTION ( 'NONE',  ( -0.000000000000000000, -0.000000000000000000, 1.000000000000000000 ) ) ;
#4710 = CARTESIAN_POINT ( 'NONE',  ( -21.20179551902002046, -22.61600908139325128, 0.000000000000000000 ) ) ;
#4711 = VECTOR ( 'NONE', #5788, 1000.000000000000000 ) ;
#4712 = CARTESIAN_POINT ( 'NONE',  ( 3.051235666345082809, 4.465449228718219921, -3.333352142778016614 ) ) ;
#4713 = VERTEX_POINT ( 'NONE', #724 ) ;
#4714 = DIRECTION ( 'NONE',  ( 1.000000000000000000, 0.000000000000000000, 0.000000000000000000 ) ) ;
#4715 = CIRCLE ( 'NONE', #2165, 1.250000000000001110 ) ;
#4716 = CARTESIAN_POINT ( 'NONE',  ( 0.000000000000000000, -0.2999999999999999334, -5.500000000000000000 ) ) ;
#4717 = DIRECTION ( 'NONE',  ( 1.000000000000000000, 0.000000000000000000, 0.000000000000000000 ) ) ;
#4718 = EDGE_LOOP ( 'NONE', ( #3319, #1251 ) ) ;
#4719 = ORIENTED_EDGE ( 'NONE', *, *, #5590, .F. ) ;
#4720 = EDGE_LOOP ( 'NONE', ( #3796, #2204 ) ) ;
#4721 = DIRECTION ( 'NONE',  ( -0.7071067811865500152, 0.7071067811865451302, 0.000000000000000000 ) ) ;
#4722 = CARTESIAN_POINT ( 'NONE',  ( -34.67896222341776280, -2.260458703055409746, 2.000000000000000000 ) ) ;
#4723 = EDGE_LOOP ( 'NONE', ( #4442, #5176 ) ) ;
#4724 = DIRECTION ( 'NONE',  ( -0.000000000000000000, -0.000000000000000000, 1.000000000000000000 ) ) ;
#4725 = EDGE_LOOP ( 'NONE', ( #4069, #271 ) ) ;
#4726 = DIRECTION ( 'NONE',  ( -0.000000000000000000, -0.000000000000000000, -1.000000000000000000 ) ) ;
#4727 = EDGE_CURVE ( 'NONE', #5533, #838, #4985, .T. ) ;
#4728 = EDGE_CURVE ( 'NONE', #5203, #3533, #2473, .T. ) ;
#4729 = EDGE_LOOP ( 'NONE', ( #863, #1516, #4831, #2855 ) ) ;
#4730 = CARTESIAN_POINT ( 'NONE',  ( 12.00248389664867155, -33.47195349197694725, 0.000000000000000000 ) ) ;
#4731 = DIRECTION ( 'NONE',  ( 1.000000000000000000, 0.000000000000000000, 0.000000000000000000 ) ) ;
#4732 = B_SPLINE_CURVE_WITH_KNOTS ( 'NONE', 3,
 ( #2097, #2565, #787, #3895 ),
 .UNSPECIFIED., .F., .F.,
 ( 4, 4 ),
 ( 2.007881798787495916E-07, 0.005019957410088468630 ),
 .UNSPECIFIED. ) ;
#4733 = VERTEX_POINT ( 'NONE', #1308 ) ;
#4734 = DIRECTION ( 'NONE',  ( -0.000000000000000000, -0.000000000000000000, 1.000000000000000000 ) ) ;
#4735 = CARTESIAN_POINT ( 'NONE',  ( 25.99999999999999645, 1.444447458290426890E-31, -24.00000000000000000 ) ) ;
#4736 = CARTESIAN_POINT ( 'NONE',  ( 1.000000000000000000, 0.000000000000000000, -5.500000000000000000 ) ) ;
#4737 = DIRECTION ( 'NONE',  ( -0.000000000000000000, -0.000000000000000000, 1.000000000000000000 ) ) ;
#4738 = DIRECTION ( 'NONE',  ( -0.000000000000000000, -0.000000000000000000, 1.000000000000000000 ) ) ;
#4739 = ORIENTED_EDGE ( 'NONE', *, *, #4872, .F. ) ;
#4740 = DIRECTION ( 'NONE',  ( 1.000000000000000000, 0.000000000000000000, 0.000000000000000000 ) ) ;
#4741 = CARTESIAN_POINT ( 'NONE',  ( 35.36234102623286191, -6.745727325085741022, -3.535533905932740861 ) ) ;
#4742 = CARTESIAN_POINT ( 'NONE',  ( 32.57377388877684155, -15.32805449634230577, 2.000000000000000000 ) ) ;
#4743 = ORIENTED_EDGE ( 'NONE', *, *, #4343, .T. ) ;
#4744 = VERTEX_POINT ( 'NONE', #692 ) ;
#4745 = EDGE_CURVE ( 'NONE', #3544, #5435, #5265, .T. ) ;
#4746 = ORIENTED_EDGE ( 'NONE', *, *, #212, .F. ) ;
#4747 = FACE_OUTER_BOUND ( 'NONE', #3005, .T. ) ;
#4748 = AXIS2_PLACEMENT_3D ( 'NONE', #5239, #2547, #3373 ) ;
#4749 = EDGE_CURVE ( 'NONE', #5409, #1436, #2711, .T. ) ;
#4750 = CARTESIAN_POINT ( 'NONE',  ( -1.000000000000000000, 2.143131898507868297E-16, -5.500000000000000000 ) ) ;
#4751 = EDGE_CURVE ( 'NONE', #3916, #4133, #4227, .T. ) ;
#4752 = ORIENTED_EDGE ( 'NONE', *, *, #189, .T. ) ;
#4753 = DIRECTION ( 'NONE',  ( 0.4257792915650701060, 0.9048270524660207981, 0.000000000000000000 ) ) ;
#4754 = AXIS2_PLACEMENT_3D ( 'NONE', #446, #1460, #471 ) ;
#4755 = ORIENTED_EDGE ( 'NONE', *, *, #3728, .F. ) ;
#4756 = EDGE_CURVE ( 'NONE', #1233, #290, #4414, .T. ) ;
#4757 = DIRECTION ( 'NONE',  ( -0.000000000000000000, -0.000000000000000000, 1.000000000000000000 ) ) ;
#4758 = CIRCLE ( 'NONE', #5516, 1.250000000000000888 ) ;
#4759 = AXIS2_PLACEMENT_3D ( 'NONE', #2719, #5006, #1557 ) ;
#4760 = ORIENTED_EDGE ( 'NONE', *, *, #84, .T. ) ;
#4761 = CARTESIAN_POINT ( 'NONE',  ( 36.61234102623286191, -6.745727325085741022, 2.000000000000000000 ) ) ;
#4762 = CARTESIAN_POINT ( 'NONE',  ( 0.000000000000000000, 36.00000000000000000, 0.000000000000000000 ) ) ;
#4763 = ORIENTED_EDGE ( 'NONE', *, *, #3208, .F. ) ;
#4764 = EDGE_CURVE ( 'NONE', #3983, #5758, #3376, .T. ) ;
#4765 = AXIS2_PLACEMENT_3D ( 'NONE', #847, #5413, #2655 ) ;
#4766 = DIRECTION ( 'NONE',  ( 0.9297764858882555661, -0.3681245526846674276, 0.000000000000000000 ) ) ;
#4767 = EDGE_CURVE ( 'NONE', #5402, #3388, #5616, .T. ) ;
#4768 = CIRCLE ( 'NONE', #2970, 1.250000000000001110 ) ;
#4769 = CARTESIAN_POINT ( 'NONE',  ( 25.89369581343245486, 26.24287058717113297, -3.535533905932740861 ) ) ;
#4770 = DIRECTION ( 'NONE',  ( -0.000000000000000000, 0.000000000000000000, 1.000000000000000000 ) ) ;
#4771 = ADVANCED_FACE ( 'NONE', ( #4983 ), #3695, .F. ) ;
#4772 = DIRECTION ( 'NONE',  ( -0.000000000000000000, -0.000000000000000000, -1.000000000000000000 ) ) ;
#4773 = CIRCLE ( 'NONE', #5525, 1.250000000000000222 ) ;
#4774 = AXIS2_PLACEMENT_3D ( 'NONE', #5837, #1358, #1777 ) ;
#4775 = ADVANCED_FACE ( 'NONE', ( #5869 ), #5512, .F. ) ;
#4776 = CARTESIAN_POINT ( 'NONE',  ( -19.91026908252907646, 29.12461179749808338, -3.535533905932740861 ) ) ;
#4777 = ORIENTED_EDGE ( 'NONE', *, *, #2945, .F. ) ;
#4778 = CARTESIAN_POINT ( 'NONE',  ( -13.25248389664818838, -33.47195349197713199, 0.000000000000000000 ) ) ;
#4779 = CARTESIAN_POINT ( 'NONE',  ( -30.85449724108301695, 3.000000000000000000, -14.17744238892315600 ) ) ;
#4780 = EDGE_CURVE ( 'NONE', #620, #5426, #4891, .T. ) ;
#4781 = DIRECTION ( 'NONE',  ( -0.000000000000000000, -0.000000000000000000, 1.000000000000000000 ) ) ;
#4782 = EDGE_CURVE ( 'NONE', #5313, #34, #530, .T. ) ;
#4783 = VERTEX_POINT ( 'NONE', #22 ) ;
#4784 = ORIENTED_EDGE ( 'NONE', *, *, #1910, .T. ) ;
#4785 = ORIENTED_EDGE ( 'NONE', *, *, #2041, .F. ) ;
#4786 = CARTESIAN_POINT ( 'NONE',  ( 39.00000000000000000, 4.776122516674677878E-15, 2.000000000000000000 ) ) ;
#4787 = DIRECTION ( 'NONE',  ( 0.000000000000000000, 0.000000000000000000, 1.000000000000000000 ) ) ;
#4788 = AXIS2_PLACEMENT_3D ( 'NONE', #4014, #3541, #872 ) ;
#4789 = ORIENTED_EDGE ( 'NONE', *, *, #5631, .F. ) ;
#4790 = CARTESIAN_POINT ( 'NONE',  ( -32.57377388877674207, 15.32805449634253492, 2.000000000000000000 ) ) ;
#4791 = ORIENTED_EDGE ( 'NONE', *, *, #5750, .F. ) ;
#4792 = AXIS2_PLACEMENT_3D ( 'NONE', #5231, #3774, #2037 ) ;
#4793 = DIRECTION ( 'NONE',  ( 1.000000000000000000, 0.000000000000000000, 0.000000000000000000 ) ) ;
#4794 = ORIENTED_EDGE ( 'NONE', *, *, #4172, .F. ) ;
#4795 = DIRECTION ( 'NONE',  ( 0.000000000000000000, -0.000000000000000000, 1.000000000000000000 ) ) ;
#4796 = AXIS2_PLACEMENT_3D ( 'NONE', #4790, #5204, #4753 ) ;
#4797 = AXIS2_PLACEMENT_3D ( 'NONE', #407, #3197, #2729 ) ;
#4798 = DIRECTION ( 'NONE',  ( 1.000000000000000000, 0.000000000000000000, 0.000000000000000000 ) ) ;
#4799 = ORIENTED_EDGE ( 'NONE', *, *, #1881, .F. ) ;
#4800 = ADVANCED_FACE ( 'NONE', ( #2253 ), #1363, .F. ) ;
#4801 = CARTESIAN_POINT ( 'NONE',  ( -21.16026908252886685, -29.12461179749822549, 2.000000000000000000 ) ) ;
#4802 = DIRECTION ( 'NONE',  ( 1.000000000000000000, 0.000000000000000000, 0.000000000000000000 ) ) ;
#4803 = VECTOR ( 'NONE', #3122, 1000.000000000000000 ) ;
#4804 = DIRECTION ( 'NONE',  ( -0.8763066800438604753, -0.4817536741017211521, 0.000000000000000000 ) ) ;
#4805 = FACE_BOUND ( 'NONE', #5346, .T. ) ;
#4806 = CARTESIAN_POINT ( 'NONE',  ( -35.92896222341777701, 2.260458703055158836, -3.535533905932740861 ) ) ;
#4807 = CIRCLE ( 'NONE', #634, 2.100000000000000977 ) ;
#4808 = ORIENTED_EDGE ( 'NONE', *, *, #540, .T. ) ;
#4809 = CARTESIAN_POINT ( 'NONE',  ( -4.511996408314963958, 35.71612924732120575, 0.000000000000000000 ) ) ;
#4810 = EDGE_CURVE ( 'NONE', #4935, #5401, #410, .T. ) ;
#4811 = AXIS2_PLACEMENT_3D ( 'NONE', #2453, #5068, #4253 ) ;
#4812 = CARTESIAN_POINT ( 'NONE',  ( 0.000000000000000000, -20.00000000000000000, -21.21320343559642652 ) ) ;
#4813 = EDGE_CURVE ( 'NONE', #4370, #3410, #4325, .T. ) ;
#4814 = CARTESIAN_POINT ( 'NONE',  ( -22.61600908139319444, 21.20179551902008797, 0.000000000000000000 ) ) ;
#4815 = EDGE_CURVE ( 'NONE', #1821, #388, #5425, .T. ) ;
#4816 = ORIENTED_EDGE ( 'NONE', *, *, #624, .F. ) ;
#4817 = EDGE_LOOP ( 'NONE', ( #573, #3257, #2081, #2851 ) ) ;
#4818 = CARTESIAN_POINT ( 'NONE',  ( -18.59313226766157001, -31.54704048157919161, -3.535533905932740861 ) ) ;
#4819 = CARTESIAN_POINT ( 'NONE',  ( 35.36234102623271269, 6.745727325086481763, 2.000000000000000000 ) ) ;
#4820 = EDGE_LOOP ( 'NONE', ( #3923, #5859 ) ) ;
#4821 = ORIENTED_EDGE ( 'NONE', *, *, #3763, .F. ) ;
#4822 = DIRECTION ( 'NONE',  ( -0.000000000000000000, -0.000000000000000000, 1.000000000000000000 ) ) ;
#4823 = VERTEX_POINT ( 'NONE', #3668 ) ;
#4824 = CYLINDRICAL_SURFACE ( 'NONE', #715, 2.100000000000000977 ) ;
#4825 = LINE ( 'NONE', #1212, #641 ) ;
#4826 = ORIENTED_EDGE ( 'NONE', *, *, #1732, .F. ) ;
#4827 = DIRECTION ( 'NONE',  ( 0.6374239897486884132, 0.7705132427757903635, 0.000000000000000000 ) ) ;
#4828 = FACE_OUTER_BOUND ( 'NONE', #2605, .T. ) ;
#4829 = DIRECTION ( 'NONE',  ( -0.7071067811865451302, -0.7071067811865500152, 0.000000000000000000 ) ) ;
#4831 = ORIENTED_EDGE ( 'NONE', *, *, #3314, .T. ) ;
#4830 = EDGE_CURVE ( 'NONE', #2499, #2972, #4131, .T. ) ;
#4832 = CARTESIAN_POINT ( 'NONE',  ( -23.89999999999999503, 2.571758278209440971E-16, -24.00000000000000000 ) ) ;
#4833 = CARTESIAN_POINT ( 'NONE',  ( -4.511996408314709051, -35.71612924732123417, 2.000000000000000000 ) ) ;
#4834 = ORIENTED_EDGE ( 'NONE', *, *, #4567, .T. ) ;
#4835 = FACE_OUTER_BOUND ( 'NONE', #3938, .T. ) ;
#4836 = EDGE_CURVE ( 'NONE', #34, #5313, #3285, .T. ) ;
#4837 = CARTESIAN_POINT ( 'NONE',  ( -21.92031021678298686, 21.92031021678297620, -5.000000000000000000 ) ) ;
#4838 = CARTESIAN_POINT ( 'NONE',  ( 30.85449724108301695, -3.000000000000003997, -14.00000000000000178 ) ) ;
#4839 = ORIENTED_EDGE ( 'NONE', *, *, #3930, .T. ) ;
#4840 = ORIENTED_EDGE ( 'NONE', *, *, #2450, .F. ) ;
#4841 = DIRECTION ( 'NONE',  ( -0.000000000000000000, 0.000000000000000000, 1.000000000000000000 ) ) ;
#4842 = CARTESIAN_POINT ( 'NONE',  ( -35.36234102623276243, -6.745727325086226855, 0.000000000000000000 ) ) ;
#4843 = ORIENTED_EDGE ( 'NONE', *, *, #2629, .T. ) ;
#4844 = ORIENTED_EDGE ( 'NONE', *, *, #5726, .T. ) ;
#4845 = CARTESIAN_POINT ( 'NONE',  ( 0.000000000000000000, 0.000000000000000000, -5.500000000000000000 ) ) ;
#4846 = EDGE_LOOP ( 'NONE', ( #5768, #3274, #884, #3463 ) ) ;
#4847 = CARTESIAN_POINT ( 'NONE',  ( 10.20283593793504373, -34.86899380063064768, 2.000000000000000000 ) ) ;
#4848 = DIRECTION ( 'NONE',  ( 0.000000000000000000, 0.000000000000000000, -1.000000000000000000 ) ) ;
#4849 = EDGE_LOOP ( 'NONE', ( #1753, #5615, #5536, #3822 ) ) ;
#4850 = FACE_OUTER_BOUND ( 'NONE', #418, .T. ) ;
#4851 = DIRECTION ( 'NONE',  ( -1.000000000000000000, 0.000000000000000000, 0.000000000000000000 ) ) ;
#4852 = AXIS2_PLACEMENT_3D ( 'NONE', #97, #1501, #1918 ) ;
#4853 = CARTESIAN_POINT ( 'NONE',  ( 16.09313226766200344, -31.54704048157895002, -3.535533905932740861 ) ) ;
#4854 = ORIENTED_EDGE ( 'NONE', *, *, #5169, .F. ) ;
#4855 = FACE_BOUND ( 'NONE', #357, .T. ) ;
#4856 = DIRECTION ( 'NONE',  ( -0.000000000000000000, -0.000000000000000000, 1.000000000000000000 ) ) ;
#4857 = CIRCLE ( 'NONE', #2865, 1.250000000000000222 ) ;
#4858 = CIRCLE ( 'NONE', #495, 1.250000000000001110 ) ;
#4859 = ORIENTED_EDGE ( 'NONE', *, *, #5790, .T. ) ;
#4860 = CARTESIAN_POINT ( 'NONE',  ( 1.734935157289746233, -1.800000000000000711, -5.500000000000000000 ) ) ;
#4861 = ADVANCED_FACE ( 'NONE', ( #3225 ), #528, .F. ) ;
#4862 = VECTOR ( 'NONE', #1077, 1000.000000000000000 ) ;
#4863 = CIRCLE ( 'NONE', #5330, 30.99999999999999289 ) ;
#4864 = DIRECTION ( 'NONE',  ( 8.933589771645418770E-17, -1.000000000000000000, 0.000000000000000000 ) ) ;
#4865 = CIRCLE ( 'NONE', #2207, 1.250000000000001110 ) ;
#4866 = CARTESIAN_POINT ( 'NONE',  ( 4.675038617911379646, 3.260825055538327799, 0.000000000000000000 ) ) ;
#4867 = VERTEX_POINT ( 'NONE', #4564 ) ;
#4868 = ORIENTED_EDGE ( 'NONE', *, *, #5091, .T. ) ;
#4869 = AXIS2_PLACEMENT_3D ( 'NONE', #2686, #371, #4851 ) ;
#4870 = DIRECTION ( 'NONE',  ( 1.000000000000000000, 0.000000000000000000, 0.000000000000000000 ) ) ;
#4871 = LINE ( 'NONE', #2560, #1355 ) ;
#4872 = EDGE_CURVE ( 'NONE', #215, #3738, #496, .T. ) ;
#4873 = ORIENTED_EDGE ( 'NONE', *, *, #1660, .F. ) ;
#4874 = ORIENTED_EDGE ( 'NONE', *, *, #739, .F. ) ;
#4875 = CARTESIAN_POINT ( 'NONE',  ( 25.89369581343302329, -26.24287058717059651, 0.000000000000000000 ) ) ;
#4876 = AXIS2_PLACEMENT_3D ( 'NONE', #3270, #5861, #2825 ) ;
#4877 = ADVANCED_FACE ( 'NONE', ( #4149 ), #5395, .F. ) ;
#4878 = ADVANCED_FACE ( 'NONE', ( #2279 ), #5841, .F. ) ;
#4879 = VERTEX_POINT ( 'NONE', #1394 ) ;
#4880 = DIRECTION ( 'NONE',  ( -0.000000000000000000, -0.000000000000000000, -1.000000000000000000 ) ) ;
#4881 = DIRECTION ( 'NONE',  ( -0.000000000000000000, -0.000000000000000000, -1.000000000000000000 ) ) ;
#4882 = VERTEX_POINT ( 'NONE', #1843 ) ;
#4883 = AXIS2_PLACEMENT_3D ( 'NONE', #5591, #3892, #1525 ) ;
#4884 = LINE ( 'NONE', #2569, #489 ) ;
#4885 = DIRECTION ( 'NONE',  ( -0.7071067811865451302, -0.7071067811865500152, 0.000000000000000000 ) ) ;
#4886 = VECTOR ( 'NONE', #5195, 1000.000000000000000 ) ;
#4887 = ORIENTED_EDGE ( 'NONE', *, *, #5111, .T. ) ;
#4888 = CARTESIAN_POINT ( 'NONE',  ( 37.17896222341775569, 2.260458703055677088, 0.000000000000000000 ) ) ;
#4889 = FACE_OUTER_BOUND ( 'NONE', #3501, .T. ) ;
#4890 = EDGE_LOOP ( 'NONE', ( #3854, #3958, #5694, #2532 ) ) ;
#4891 = CIRCLE ( 'NONE', #5740, 1.250000000000000000 ) ;
#4892 = CIRCLE ( 'NONE', #1294, 1.250000000000000222 ) ;
#4893 = DIRECTION ( 'NONE',  ( 1.000000000000000000, 0.000000000000000000, 0.000000000000000000 ) ) ;
#4894 = CARTESIAN_POINT ( 'NONE',  ( 34.11234102623271269, 6.745727325086481763, 0.000000000000000000 ) ) ;
#4895 = DIRECTION ( 'NONE',  ( -0.000000000000000000, -0.000000000000000000, 1.000000000000000000 ) ) ;
#4896 = VECTOR ( 'NONE', #4738, 1000.000000000000000 ) ;
#4897 = CARTESIAN_POINT ( 'NONE',  ( 0.000000000000000000, 0.000000000000000000, -5.000000000000000888 ) ) ;
#4898 = ORIENTED_EDGE ( 'NONE', *, *, #5564, .T. ) ;
#4899 = EDGE_LOOP ( 'NONE', ( #2118, #5180 ) ) ;
#4900 = CARTESIAN_POINT ( 'NONE',  ( 1.734935157289747565, 1.800000000000000266, -4.106124807577520741 ) ) ;
#4901 = TOROIDAL_SURFACE ( 'NONE', #3188, 3.625503238973864395, 1.500000000000000000 ) ;
#4902 = DIRECTION ( 'NONE',  ( 0.000000000000000000, -0.000000000000000000, 1.000000000000000000 ) ) ;
#4903 = ORIENTED_EDGE ( 'NONE', *, *, #4255, .F. ) ;
#4904 = ORIENTED_EDGE ( 'NONE', *, *, #756, .F. ) ;
#4905 = ORIENTED_EDGE ( 'NONE', *, *, #4992, .F. ) ;
#4906 = PLANE ( 'NONE',  #1001 ) ;
#4907 = CARTESIAN_POINT ( 'NONE',  ( -34.67896222341776280, -2.260458703055409746, 0.000000000000000000 ) ) ;
#4908 = ORIENTED_EDGE ( 'NONE', *, *, #5844, .F. ) ;
#4909 = SURFACE_STYLE_FILL_AREA ( #3102 ) ;
#4910 = EDGE_CURVE ( 'NONE', #111, #3169, #2909, .T. ) ;
#4911 = CARTESIAN_POINT ( 'NONE',  ( 32.98803458662540322, 11.12461179749849549, 0.000000000000000000 ) ) ;
#4912 = CARTESIAN_POINT ( 'NONE',  ( -22.61600908139311628, -21.20179551902016257, -34.00000000000000000 ) ) ;
#4913 = CARTESIAN_POINT ( 'NONE',  ( 5.761996408315208207, -35.71612924732117023, 2.000000000000000000 ) ) ;
#4914 = VERTEX_POINT ( 'NONE', #4952 ) ;
#4915 = DIRECTION ( 'NONE',  ( -0.000000000000000000, 0.000000000000000000, 1.000000000000000000 ) ) ;
#4916 = DIRECTION ( 'NONE',  ( -0.000000000000000000, 0.000000000000000000, 1.000000000000000000 ) ) ;
#4917 = FACE_BOUND ( 'NONE', #3112, .T. ) ;
#4918 = CARTESIAN_POINT ( 'NONE',  ( 35.92896222341774859, 2.260458703055677088, 0.000000000000000000 ) ) ;
#4919 = ORIENTED_EDGE ( 'NONE', *, *, #3032, .F. ) ;
#4920 = ORIENTED_EDGE ( 'NONE', *, *, #113, .F. ) ;
#4921 = CARTESIAN_POINT ( 'NONE',  ( 31.32377388877653246, 15.32805449634299322, 2.000000000000000000 ) ) ;
#4922 = FACE_OUTER_BOUND ( 'NONE', #3483, .T. ) ;
#4923 = CARTESIAN_POINT ( 'NONE',  ( -3.156093203020936766, 4.570306765394028581, -1.666683961457740004 ) ) ;
#4924 = EDGE_CURVE ( 'NONE', #5152, #1932, #4807, .T. ) ;
#4925 = EDGE_LOOP ( 'NONE', ( #1705, #3183, #390, #3101 ) ) ;
#4926 = ORIENTED_EDGE ( 'NONE', *, *, #1031, .F. ) ;
#4927 = EDGE_CURVE ( 'NONE', #953, #4930, #3290, .T. ) ;
#4928 = AXIS2_PLACEMENT_3D ( 'NONE', #1819, #2129, #3590 ) ;
#4929 = EDGE_CURVE ( 'NONE', #2787, #3071, #677, .T. ) ;
#4930 = VERTEX_POINT ( 'NONE', #3317 ) ;
#4931 = VERTEX_POINT ( 'NONE', #3814 ) ;
#4932 = CARTESIAN_POINT ( 'NONE',  ( -25.99999999999999645, 3.000000000000000000, -20.09756097560976329 ) ) ;
#4933 = FACE_OUTER_BOUND ( 'NONE', #2644, .T. ) ;
#4934 = EDGE_CURVE ( 'NONE', #332, #3571, #2336, .T. ) ;
#4935 = VERTEX_POINT ( 'NONE', #2936 ) ;
#4936 = ADVANCED_FACE ( 'NONE', ( #2487 ), #5190, .F. ) ;
#4937 = DIRECTION ( 'NONE',  ( -0.000000000000000000, -0.000000000000000000, 1.000000000000000000 ) ) ;
#4938 = DIRECTION ( 'NONE',  ( 0.000000000000000000, 0.000000000000000000, 1.000000000000000000 ) ) ;
#4939 = ORIENTED_EDGE ( 'NONE', *, *, #660, .T. ) ;
#4940 = FACE_BOUND ( 'NONE', #3915, .T. ) ;
#4941 = EDGE_CURVE ( 'NONE', #5725, #191, #1010, .T. ) ;
#4942 = DIRECTION ( 'NONE',  ( 1.000000000000000000, 0.000000000000000000, 0.000000000000000000 ) ) ;
#4943 = ADVANCED_FACE ( 'NONE', ( #3380 ), #205, .F. ) ;
#4944 = AXIS2_PLACEMENT_3D ( 'NONE', #2879, #4266, #2848 ) ;
#4945 = ORIENTED_EDGE ( 'NONE', *, *, #1881, .T. ) ;
#4946 = CARTESIAN_POINT ( 'NONE',  ( -31.00000000000000000, -39.00099999999999767, -14.00000000000000178 ) ) ;
#4947 = DIRECTION ( 'NONE',  ( 1.000000000000000000, 0.000000000000000000, 0.000000000000000000 ) ) ;
#4948 = EDGE_CURVE ( 'NONE', #2370, #5669, #4993, .T. ) ;
#4949 = FACE_BOUND ( 'NONE', #2432, .T. ) ;
#4950 = CIRCLE ( 'NONE', #3907, 1.000000000000000000 ) ;
#4951 = AXIS2_PLACEMENT_3D ( 'NONE', #3585, #3140, #1755 ) ;
#4952 = CARTESIAN_POINT ( 'NONE',  ( 34.11234102623286191, -6.745727325085741022, 2.000000000000000000 ) ) ;
#4953 = ORIENTED_EDGE ( 'NONE', *, *, #2577, .T. ) ;
#4954 = EDGE_LOOP ( 'NONE', ( #5337, #2996 ) ) ;
#4955 = CARTESIAN_POINT ( 'NONE',  ( 1.699348003274394836, 1.712484182504837360, -4.515335278298416632 ) ) ;
#4956 = VECTOR ( 'NONE', #4363, 1000.000000000000000 ) ;
#4957 = AXIS2_PLACEMENT_3D ( 'NONE', #384, #5428, #4870 ) ;
#4958 = DIRECTION ( 'NONE',  ( 0.000000000000000000, 0.000000000000000000, -1.000000000000000000 ) ) ;
#4959 = EDGE_CURVE ( 'NONE', #838, #481, #3847, .T. ) ;
#4960 = DIRECTION ( 'NONE',  ( 1.000000000000000000, 0.000000000000000000, 0.000000000000000000 ) ) ;
#4961 = ORIENTED_EDGE ( 'NONE', *, *, #2286, .T. ) ;
#4962 = AXIS2_PLACEMENT_3D ( 'NONE', #4809, #5278, #3026 ) ;
#4963 = ORIENTED_EDGE ( 'NONE', *, *, #2656, .T. ) ;
#4964 = DIRECTION ( 'NONE',  ( 0.000000000000000000, 0.000000000000000000, 1.000000000000000000 ) ) ;
#4965 = VERTEX_POINT ( 'NONE', #1035 ) ;
#4966 = EDGE_LOOP ( 'NONE', ( #91, #810, #4650, #1271 ) ) ;
#4967 = DIRECTION ( 'NONE',  ( -0.000000000000000000, -0.000000000000000000, 1.000000000000000000 ) ) ;
#4968 = CARTESIAN_POINT ( 'NONE',  ( 32.98803458662540322, 11.12461179749849549, -3.535533905932740861 ) ) ;
#4969 = VERTEX_POINT ( 'NONE', #1960 ) ;
#4970 = DIRECTION ( 'NONE',  ( -0.000000000000000000, -0.000000000000000000, 1.000000000000000000 ) ) ;
#4971 = DIRECTION ( 'NONE',  ( -0.000000000000000000, -0.000000000000000000, 1.000000000000000000 ) ) ;
#4972 = ORIENTED_EDGE ( 'NONE', *, *, #4579, .T. ) ;
#4973 = CYLINDRICAL_SURFACE ( 'NONE', #969, 1.250000000000001110 ) ;
#4974 = CIRCLE ( 'NONE', #1093, 1.250000000000000666 ) ;
#4975 = EDGE_CURVE ( 'NONE', #3047, #2858, #2149, .T. ) ;
#4976 = CARTESIAN_POINT ( 'NONE',  ( 19.91026908252928607, -29.12461179749791640, -3.535533905932740861 ) ) ;
#4977 = DIRECTION ( 'NONE',  ( 0.000000000000000000, -0.000000000000000000, 1.000000000000000000 ) ) ;
#4978 = CARTESIAN_POINT ( 'NONE',  ( -28.98847673992845486, 22.94726363095277222, -3.535533905932740861 ) ) ;
#4979 = AXIS2_PLACEMENT_3D ( 'NONE', #5739, #5710, #2511 ) ;
#4980 = VECTOR ( 'NONE', #3384, 1000.000000000000000 ) ;
#4981 = CARTESIAN_POINT ( 'NONE',  ( 14.50248389664795567, 33.47195349197723147, 2.000000000000000000 ) ) ;
#4982 = FACE_BOUND ( 'NONE', #3331, .T. ) ;
#4983 = FACE_OUTER_BOUND ( 'NONE', #2619, .T. ) ;
#4984 = AXIS2_PLACEMENT_3D ( 'NONE', #5711, #368, #2956 ) ;
#4985 = CIRCLE ( 'NONE', #2902, 1.250000000000000222 ) ;
#4986 = ORIENTED_EDGE ( 'NONE', *, *, #991, .F. ) ;
#4987 = ORIENTED_EDGE ( 'NONE', *, *, #3873, .F. ) ;
#4988 = EDGE_CURVE ( 'NONE', #4262, #3414, #4175, .T. ) ;
#4989 = CARTESIAN_POINT ( 'NONE',  ( 0.000000000000000000, 0.000000000000000000, -4.000000000000000000 ) ) ;
#4990 = EDGE_CURVE ( 'NONE', #3578, #1238, #256, .T. ) ;
#4991 =( GEOMETRIC_REPRESENTATION_CONTEXT ( 3 ) GLOBAL_UNCERTAINTY_ASSIGNED_CONTEXT ( ( #4174 ) ) GLOBAL_UNIT_ASSIGNED_CONTEXT ( ( #567, #597, #5676 ) ) REPRESENTATION_CONTEXT ( 'NONE', 'WORKASPACE' ) );
#4992 = EDGE_CURVE ( 'NONE', #1655, #1691, #4680, .T. ) ;
#4993 = CIRCLE ( 'NONE', #1389, 1.250000000000001110 ) ;
#4994 = DIRECTION ( 'NONE',  ( 1.000000000000000000, 0.000000000000000000, 0.000000000000000000 ) ) ;
#4995 = DIRECTION ( 'NONE',  ( -0.000000000000000000, -0.000000000000000000, 1.000000000000000000 ) ) ;
#4996 = ORIENTED_EDGE ( 'NONE', *, *, #3633, .T. ) ;
#4997 = ORIENTED_EDGE ( 'NONE', *, *, #4293, .F. ) ;
#4998 = AXIS2_PLACEMENT_3D ( 'NONE', #612, #3249, #2807 ) ;
#4999 = DIRECTION ( 'NONE',  ( -0.000000000000000000, -0.000000000000000000, -1.000000000000000000 ) ) ;
#5000 = VECTOR ( 'NONE', #5004, 1000.000000000000000 ) ;
#5001 = EDGE_LOOP ( 'NONE', ( #2875, #757, #1256, #1148 ) ) ;
#5002 = EDGE_LOOP ( 'NONE', ( #1968, #2026 ) ) ;
#5003 = DIRECTION ( 'NONE',  ( 1.000000000000000000, 0.000000000000000000, 0.000000000000000000 ) ) ;
#5004 = DIRECTION ( 'NONE',  ( -0.000000000000000000, -0.000000000000000000, 1.000000000000000000 ) ) ;
#5005 = ORIENTED_EDGE ( 'NONE', *, *, #2083, .F. ) ;
#5006 = DIRECTION ( 'NONE',  ( -0.000000000000000000, -0.000000000000000000, -1.000000000000000000 ) ) ;
#5007 = AXIS2_PLACEMENT_3D ( 'NONE', #999, #553, #102 ) ;
#5008 = ORIENTED_EDGE ( 'NONE', *, *, #4364, .T. ) ;
#5009 = FACE_BOUND ( 'NONE', #4718, .T. ) ;
#5010 = DIRECTION ( 'NONE',  ( 1.000000000000000000, 0.000000000000000000, 0.000000000000000000 ) ) ;
#5011 = CARTESIAN_POINT ( 'NONE',  ( 26.48847673992813512, 22.94726363095315591, 0.000000000000000000 ) ) ;
#5012 = CARTESIAN_POINT ( 'NONE',  ( -4.360430494053209927, -2.946216931680124329, -5.000000000000000000 ) ) ;
#5013 = EDGE_CURVE ( 'NONE', #272, #2508, #5541, .T. ) ;
#5014 = DIRECTION ( 'NONE',  ( -1.000000000000000000, 0.000000000000000000, -0.000000000000000000 ) ) ;
#5015 = FACE_BOUND ( 'NONE', #1924, .T. ) ;
#5016 = DIRECTION ( 'NONE',  ( 0.000000000000000000, -0.000000000000000000, 1.000000000000000000 ) ) ;
#5017 = ORIENTED_EDGE ( 'NONE', *, *, #3494, .F. ) ;
#5018 = EDGE_CURVE ( 'NONE', #2683, #2332, #5658, .T. ) ;
#5019 = EDGE_LOOP ( 'NONE', ( #786, #3792, #1042, #3247 ) ) ;
#5020 = CARTESIAN_POINT ( 'NONE',  ( -1.187125229080364663, 0.6500485874816313014, -5.470611318550365532 ) ) ;
#5021 = FACE_OUTER_BOUND ( 'NONE', #4268, .T. ) ;
#5022 = CARTESIAN_POINT ( 'NONE',  ( 34.23803458662540322, 11.12461179749849549, 2.000000000000000000 ) ) ;
#5023 = ORIENTED_EDGE ( 'NONE', *, *, #194, .F. ) ;
#5024 = EDGE_CURVE ( 'NONE', #3979, #4965, #5853, .T. ) ;
#5025 = ORIENTED_EDGE ( 'NONE', *, *, #5258, .T. ) ;
#5026 = DIRECTION ( 'NONE',  ( 1.000000000000000000, 0.000000000000000000, 0.000000000000000000 ) ) ;
#5027 = ORIENTED_EDGE ( 'NONE', *, *, #547, .F. ) ;
#5028 = ORIENTED_EDGE ( 'NONE', *, *, #3564, .F. ) ;
#5029 = CARTESIAN_POINT ( 'NONE',  ( 25.99999999999999645, 3.000000000000000000, -20.09756097560976329 ) ) ;
#5030 = DIRECTION ( 'NONE',  ( 0.9921147013144796523, -0.1253332335642898254, 0.000000000000000000 ) ) ;
#5031 = VERTEX_POINT ( 'NONE', #651 ) ;
#5032 = DIRECTION ( 'NONE',  ( 0.000000000000000000, 0.000000000000000000, -1.000000000000000000 ) ) ;
#5033 = EDGE_CURVE ( 'NONE', #2612, #3704, #762, .T. ) ;
#5034 = AXIS2_PLACEMENT_3D ( 'NONE', #4801, #1563, #5184 ) ;
#5035 = ADVANCED_FACE ( 'NONE', ( #180 ), #1693, .T. ) ;
#5036 = ORIENTED_EDGE ( 'NONE', *, *, #2945, .T. ) ;
#5037 = DIRECTION ( 'NONE',  ( -0.000000000000000000, -0.000000000000000000, 1.000000000000000000 ) ) ;
#5038 = CARTESIAN_POINT ( 'NONE',  ( 25.99999999999999645, 1.444447458290426890E-31, -24.00000000000000000 ) ) ;
#5039 = DIRECTION ( 'NONE',  ( -0.000000000000000000, -0.000000000000000000, 1.000000000000000000 ) ) ;
#5040 = CARTESIAN_POINT ( 'NONE',  ( -29.14580531807259334, 19.28976461924381169, 2.000000000000000000 ) ) ;
#5041 = PLANE ( 'NONE',  #4609 ) ;
#5042 = FACE_BOUND ( 'NONE', #3865, .T. ) ;
#5043 = CARTESIAN_POINT ( 'NONE',  ( 26.48847673992861829, -22.94726363095257682, -3.535533905932740861 ) ) ;
#5044 = VECTOR ( 'NONE', #4781, 1000.000000000000000 ) ;
#5045 = ORIENTED_EDGE ( 'NONE', *, *, #3746, .F. ) ;
#5046 = VERTEX_POINT ( 'NONE', #3490 ) ;
#5047 = DIRECTION ( 'NONE',  ( 0.000000000000000000, 0.000000000000000000, -1.000000000000000000 ) ) ;
#5048 = CIRCLE ( 'NONE', #5142, 1.250000000000000444 ) ;
#5049 = DIRECTION ( 'NONE',  ( 1.000000000000000000, 0.000000000000000000, 0.000000000000000000 ) ) ;
#5050 = CIRCLE ( 'NONE', #4869, 30.99999999999999289 ) ;
#5051 = DIRECTION ( 'NONE',  ( -0.000000000000000000, 0.000000000000000000, 1.000000000000000000 ) ) ;
#5052 = ORIENTED_EDGE ( 'NONE', *, *, #3672, .T. ) ;
#5053 = ADVANCED_FACE ( 'NONE', ( #5248 ), #5798, .F. ) ;
#5054 = VECTOR ( 'NONE', #3598, 1000.000000000000000 ) ;
#5055 = ORIENTED_EDGE ( 'NONE', *, *, #3159, .T. ) ;
#5056 = CARTESIAN_POINT ( 'NONE',  ( -34.23803458662548138, -11.12461179749825746, -3.535533905932740861 ) ) ;
#5057 = ORIENTED_EDGE ( 'NONE', *, *, #119, .F. ) ;
#5058 = VECTOR ( 'NONE', #1757, 1000.000000000000000 ) ;
#5059 = CIRCLE ( 'NONE', #2503, 1.249999999999999778 ) ;
#5060 = EDGE_LOOP ( 'NONE', ( #3139, #1886, #3480, #3396 ) ) ;
#5061 = FACE_OUTER_BOUND ( 'NONE', #3436, .T. ) ;
#5062 = CYLINDRICAL_SURFACE ( 'NONE', #1955, 1.250000000000001110 ) ;
#5063 = ORIENTED_EDGE ( 'NONE', *, *, #5197, .T. ) ;
#5064 = EDGE_CURVE ( 'NONE', #2816, #3011, #5179, .T. ) ;
#5065 = CARTESIAN_POINT ( 'NONE',  ( 3.261996408315207763, -35.71612924732117023, -3.535533905932739973 ) ) ;
#5066 = ORIENTED_EDGE ( 'NONE', *, *, #1242, .T. ) ;
#5067 = CARTESIAN_POINT ( 'NONE',  ( -14.50248389664819015, -33.47195349197713199, 2.000000000000000000 ) ) ;
#5068 = DIRECTION ( 'NONE',  ( -0.000000000000000000, -0.000000000000000000, 1.000000000000000000 ) ) ;
#5069 = DIRECTION ( 'NONE',  ( 1.000000000000000000, 0.000000000000000000, 0.000000000000000000 ) ) ;
#5070 = DIRECTION ( 'NONE',  ( 1.000000000000000000, 0.000000000000000000, 0.000000000000000000 ) ) ;
#5071 = DIRECTION ( 'NONE',  ( 0.000000000000000000, 0.000000000000000000, -1.000000000000000000 ) ) ;
#5072 = VECTOR ( 'NONE', #4146, 1000.000000000000000 ) ;
#5073 = DIRECTION ( 'NONE',  ( 1.000000000000000000, 0.000000000000000000, 0.000000000000000000 ) ) ;
#5074 = DIRECTION ( 'NONE',  ( -0.000000000000000000, -0.000000000000000000, 1.000000000000000000 ) ) ;
#5075 = EDGE_LOOP ( 'NONE', ( #4739, #2599, #4055, #1548 ) ) ;
#5076 = AXIS2_PLACEMENT_3D ( 'NONE', #3586, #1334, #5873 ) ;
#5077 = CARTESIAN_POINT ( 'NONE',  ( -12.50000000000000000, 0.000000000000000000, 0.000000000000000000 ) ) ;
#5078 = CARTESIAN_POINT ( 'NONE',  ( 21.16026908252928962, -29.12461179749791640, -3.535533905932740861 ) ) ;
#5079 = CARTESIAN_POINT ( 'NONE',  ( 32.99999999999999289, 0.000000000000000000, -34.00000000000000000 ) ) ;
#5080 = CIRCLE ( 'NONE', #4407, 7.500000000000000000 ) ;
#5081 = VECTOR ( 'NONE', #1966, 1000.000000000000000 ) ;
#5082 = ORIENTED_EDGE ( 'NONE', *, *, #33, .T. ) ;
#5083 = VERTEX_POINT ( 'NONE', #3427 ) ;
#5084 = CARTESIAN_POINT ( 'NONE',  ( -25.99999999999999645, -1.444447458290426890E-31, -29.00000000000000000 ) ) ;
#5085 = FACE_OUTER_BOUND ( 'NONE', #631, .T. ) ;
#5086 = ORIENTED_EDGE ( 'NONE', *, *, #3445, .F. ) ;
#5087 = CARTESIAN_POINT ( 'NONE',  ( -22.61600908139319444, 21.20179551902008797, -5.000000000000000000 ) ) ;
#5088 = VECTOR ( 'NONE', #3989, 1000.000000000000000 ) ;
#5089 = DIRECTION ( 'NONE',  ( -0.000000000000000000, -0.000000000000000000, -1.000000000000000000 ) ) ;
#5090 = EDGE_LOOP ( 'NONE', ( #473, #5119 ) ) ;
#5091 = EDGE_CURVE ( 'NONE', #754, #4216, #4441, .T. ) ;
#5092 = CARTESIAN_POINT ( 'NONE',  ( -29.14580531807259334, 19.28976461924381169, -3.535533905932740861 ) ) ;
#5093 = AXIS2_PLACEMENT_3D ( 'NONE', #4075, #5834, #13 ) ;
#5094 = ORIENTED_EDGE ( 'NONE', *, *, #3882, .F. ) ;
#5095 = DIRECTION ( 'NONE',  ( -0.000000000000000000, 0.000000000000000000, -1.000000000000000000 ) ) ;
#5096 = CARTESIAN_POINT ( 'NONE',  ( 13.25248389664867332, -33.47195349197694725, 2.000000000000000000 ) ) ;
#5097 = PLANE ( 'NONE',  #2542 ) ;
#5098 = FACE_OUTER_BOUND ( 'NONE', #472, .T. ) ;
#5099 = DIRECTION ( 'NONE',  ( -0.06279051952931545555, 0.9980267284282714479, 0.000000000000000000 ) ) ;
#5100 = ADVANCED_FACE ( 'NONE', ( #1245 ), #3461, .F. ) ;
#5101 = CARTESIAN_POINT ( 'NONE',  ( -23.39369581343264315, -26.24287058717094823, -3.535533905932740861 ) ) ;
#5102 = DIRECTION ( 'NONE',  ( -0.000000000000000000, -0.000000000000000000, -1.000000000000000000 ) ) ;
#5103 = ORIENTED_EDGE ( 'NONE', *, *, #169, .F. ) ;
#5104 = DIRECTION ( 'NONE',  ( 1.000000000000000000, 0.000000000000000000, -0.000000000000000000 ) ) ;
#5105 = DIRECTION ( 'NONE',  ( -0.6374239897486836393, -0.7705132427757941382, 0.000000000000000000 ) ) ;
#5106 = DIRECTION ( 'NONE',  ( -0.4257792915650762122, 0.9048270524660178005, 0.000000000000000000 ) ) ;
#5107 = ORIENTED_EDGE ( 'NONE', *, *, #2133, .T. ) ;
#5108 = ORIENTED_EDGE ( 'NONE', *, *, #4148, .T. ) ;
#5109 = AXIS2_PLACEMENT_3D ( 'NONE', #4393, #2944, #687 ) ;
#5110 = FACE_OUTER_BOUND ( 'NONE', #5592, .T. ) ;
#5111 = EDGE_CURVE ( 'NONE', #1677, #2510, #5355, .T. ) ;
#5112 = CARTESIAN_POINT ( 'NONE',  ( 22.62741699796951877, -21.21320343559641231, -5.000000000000000000 ) ) ;
#5113 = VERTEX_POINT ( 'NONE', #1713 ) ;
#5114 = DIRECTION ( 'NONE',  ( -0.5358267949789887741, -0.8443279255020200713, 0.000000000000000000 ) ) ;
#5115 = DIRECTION ( 'NONE',  ( 1.000000000000000000, 1.776356839400250465E-15, 0.000000000000000000 ) ) ;
#5116 = ORIENTED_EDGE ( 'NONE', *, *, #1820, .T. ) ;
#5117 = EDGE_CURVE ( 'NONE', #4590, #5842, #3965, .T. ) ;
#5118 = LINE ( 'NONE', #667, #1566 ) ;
#5119 = ORIENTED_EDGE ( 'NONE', *, *, #4780, .F. ) ;
#5120 = CARTESIAN_POINT ( 'NONE',  ( 32.57377388877684155, -15.32805449634230577, 0.000000000000000000 ) ) ;
#5121 = DIRECTION ( 'NONE',  ( 1.000000000000000000, 0.000000000000000000, 0.000000000000000000 ) ) ;
#5122 = CARTESIAN_POINT ( 'NONE',  ( 13.25248389664795390, 33.47195349197723147, 2.000000000000000000 ) ) ;
#5123 = CARTESIAN_POINT ( 'NONE',  ( 35.92896222341780543, -2.260458703054892382, -3.535533905932740861 ) ) ;
#5124 = DIRECTION ( 'NONE',  ( 1.000000000000000000, 0.000000000000000000, 0.000000000000000000 ) ) ;
#5125 = EDGE_CURVE ( 'NONE', #4061, #2921, #2621, .T. ) ;
#5126 = DIRECTION ( 'NONE',  ( 0.9685831611286310761, 0.2486898871648545728, 0.000000000000000000 ) ) ;
#5127 = DIRECTION ( 'NONE',  ( 0.000000000000000000, -0.000000000000000000, 1.000000000000000000 ) ) ;
#5128 = ORIENTED_EDGE ( 'NONE', *, *, #5803, .T. ) ;
#5129 = EDGE_CURVE ( 'NONE', #5669, #5765, #2164, .T. ) ;
#5130 = CARTESIAN_POINT ( 'NONE',  ( -1.734935157289747343, 1.800000000000000044, -4.000000000000000000 ) ) ;
#5131 = ADVANCED_FACE ( 'NONE', ( #4889 ), #2633, .F. ) ;
#5132 = FACE_OUTER_BOUND ( 'NONE', #5610, .T. ) ;
#5133 = CARTESIAN_POINT ( 'NONE',  ( 24.64369581343245486, 26.24287058717113297, -3.535533905932740861 ) ) ;
#5134 = ORIENTED_EDGE ( 'NONE', *, *, #2923, .T. ) ;
#5135 = EDGE_LOOP ( 'NONE', ( #466, #3062, #5284, #5158 ) ) ;
#5136 = DIRECTION ( 'NONE',  ( 1.000000000000000000, 0.000000000000000000, 0.000000000000000000 ) ) ;
#5137 = AXIS2_PLACEMENT_3D ( 'NONE', #2259, #1907, #4060 ) ;
#5138 = AXIS2_PLACEMENT_3D ( 'NONE', #1596, #1564, #234 ) ;
#5139 = CARTESIAN_POINT ( 'NONE',  ( -25.99999999999999645, -3.000000000000000000, -29.00000000000000000 ) ) ;
#5140 = ORIENTED_EDGE ( 'NONE', *, *, #1617, .F. ) ;
#5141 = DIRECTION ( 'NONE',  ( 1.000000000000000000, 8.881784197001252323E-16, 0.000000000000000000 ) ) ;
#5142 = AXIS2_PLACEMENT_3D ( 'NONE', #2278, #3224, #464 ) ;
#5143 = AXIS2_PLACEMENT_3D ( 'NONE', #239, #4356, #4740 ) ;
#5144 = CARTESIAN_POINT ( 'NONE',  ( -24.64369581343264315, -26.24287058717094823, 2.000000000000000000 ) ) ;
#5145 = EDGE_LOOP ( 'NONE', ( #663, #2027 ) ) ;
#5146 = PLANE ( 'NONE',  #4020 ) ;
#5147 = AXIS2_PLACEMENT_3D ( 'NONE', #251, #4271, #219 ) ;
#5148 = CIRCLE ( 'NONE', #4482, 1.250000000000001110 ) ;
#5149 = EDGE_LOOP ( 'NONE', ( #1364, #3561, #4887, #3014 ) ) ;
#5150 = FACE_BOUND ( 'NONE', #1280, .T. ) ;
#5151 = DIRECTION ( 'NONE',  ( 0.000000000000000000, -0.000000000000000000, 1.000000000000000000 ) ) ;
#5152 = VERTEX_POINT ( 'NONE', #2604 ) ;
#5153 = DIRECTION ( 'NONE',  ( -0.000000000000000000, 0.000000000000000000, 1.000000000000000000 ) ) ;
#5154 = DIRECTION ( 'NONE',  ( 1.000000000000000000, 0.000000000000000000, 0.000000000000000000 ) ) ;
#5155 = DIRECTION ( 'NONE',  ( -0.7071067811865477948, 0.7071067811865473507, 0.000000000000000000 ) ) ;
#5156 = FACE_BOUND ( 'NONE', #3405, .T. ) ;
#5157 = CARTESIAN_POINT ( 'NONE',  ( 30.85449724108301695, -3.000000000000000000, -14.17744238892315600 ) ) ;
#5158 = ORIENTED_EDGE ( 'NONE', *, *, #1963, .F. ) ;
#5159 = LINE ( 'NONE', #207, #2495 ) ;
#5160 = CIRCLE ( 'NONE', #1373, 1.250000000000001110 ) ;
#5161 = CARTESIAN_POINT ( 'NONE',  ( -25.89369581343283500, 26.24287058717076704, -3.535533905932740861 ) ) ;
#5162 = CARTESIAN_POINT ( 'NONE',  ( 4.511996408314459472, 35.71612924732126260, 0.000000000000000000 ) ) ;
#5163 = EDGE_LOOP ( 'NONE', ( #1296, #1586 ) ) ;
#5164 = CONICAL_SURFACE ( 'NONE', #897, 5.000000000000000000, 0.08726646259971651554 ) ;
#5165 = ORIENTED_EDGE ( 'NONE', *, *, #1604, .T. ) ;
#5166 = ORIENTED_EDGE ( 'NONE', *, *, #5576, .F. ) ;
#5167 = EDGE_CURVE ( 'NONE', #1407, #11, #3563, .T. ) ;
#5168 = CARTESIAN_POINT ( 'NONE',  ( -25.99999999999999645, -1.444447458290426890E-31, -24.00000000000000000 ) ) ;
#5169 = EDGE_CURVE ( 'NONE', #1982, #1633, #2535, .T. ) ;
#5170 = VECTOR ( 'NONE', #5625, 1000.000000000000000 ) ;
#5171 = VECTOR ( 'NONE', #3503, 1000.000000000000000 ) ;
#5172 = CARTESIAN_POINT ( 'NONE',  ( 0.7071067811865421326, -0.7071067811865372477, 0.000000000000000000 ) ) ;
#5173 = ORIENTED_EDGE ( 'NONE', *, *, #2773, .F. ) ;
#5174 = CYLINDRICAL_SURFACE ( 'NONE', #56, 2.999999999999999112 ) ;
#5175 = VECTOR ( 'NONE', #4190, 1000.000000000000000 ) ;
#5176 = ORIENTED_EDGE ( 'NONE', *, *, #2830, .F. ) ;
#5177 = CIRCLE ( 'NONE', #3370, 1.250000000000000000 ) ;
#5178 = CARTESIAN_POINT ( 'NONE',  ( 35.48803458662540322, 11.12461179749849549, 0.000000000000000000 ) ) ;
#5179 = CIRCLE ( 'NONE', #534, 1.250000000000001110 ) ;
#5180 = ORIENTED_EDGE ( 'NONE', *, *, #5404, .F. ) ;
#5181 = DIRECTION ( 'NONE',  ( -1.000000000000000000, 0.000000000000000000, 0.000000000000000000 ) ) ;
#5182 = DIRECTION ( 'NONE',  ( 1.000000000000000000, -0.000000000000000000, 0.000000000000000000 ) ) ;
#5183 = ORIENTED_EDGE ( 'NONE', *, *, #4599, .T. ) ;
#5184 = DIRECTION ( 'NONE',  ( -0.8090169943749503378, 0.5877852522924692513, 0.000000000000000000 ) ) ;
#5185 = AXIS2_PLACEMENT_3D ( 'NONE', #1897, #1301, #3130 ) ;
#5186 = CARTESIAN_POINT ( 'NONE',  ( 8.952835937934295885, 34.86899380063083953, 0.000000000000000000 ) ) ;
#5187 = DIRECTION ( 'NONE',  ( 1.000000000000000000, 0.000000000000000000, 0.000000000000000000 ) ) ;
#5188 = EDGE_CURVE ( 'NONE', #2235, #455, #729, .T. ) ;
#5189 = DIRECTION ( 'NONE',  ( -1.000000000000000000, -1.224646799147353207E-16, 0.000000000000000000 ) ) ;
#5190 = CYLINDRICAL_SURFACE ( 'NONE', #2243, 1.250000000000001110 ) ;
#5191 = ORIENTED_EDGE ( 'NONE', *, *, #3383, .F. ) ;
#5192 = DIRECTION ( 'NONE',  ( -0.000000000000000000, -0.000000000000000000, -1.000000000000000000 ) ) ;
#5193 = EDGE_CURVE ( 'NONE', #1776, #173, #1632, .T. ) ;
#5194 = EDGE_CURVE ( 'NONE', #560, #1527, #707, .T. ) ;
#5195 = DIRECTION ( 'NONE',  ( -0.000000000000000000, 0.000000000000000000, 1.000000000000000000 ) ) ;
#5196 = CARTESIAN_POINT ( 'NONE',  ( 22.61600908139319444, -21.20179551902008797, -5.000000000000000000 ) ) ;
#5197 = EDGE_CURVE ( 'NONE', #1677, #5046, #1871, .T. ) ;
#5198 = EDGE_LOOP ( 'NONE', ( #2152, #576, #947, #5843 ) ) ;
#5199 = ORIENTED_EDGE ( 'NONE', *, *, #2772, .F. ) ;
#5200 = EDGE_LOOP ( 'NONE', ( #5259, #1145 ) ) ;
#5201 = CARTESIAN_POINT ( 'NONE',  ( 30.39580531807231623, 19.28976461924423447, -3.535533905932740861 ) ) ;
#5202 = LINE ( 'NONE', #4658, #122 ) ;
#5203 = VERTEX_POINT ( 'NONE', #5693 ) ;
#5204 = DIRECTION ( 'NONE',  ( 0.000000000000000000, 0.000000000000000000, 1.000000000000000000 ) ) ;
#5205 = EDGE_CURVE ( 'NONE', #1648, #2086, #4707, .T. ) ;
#5206 = ORIENTED_EDGE ( 'NONE', *, *, #5343, .F. ) ;
#5207 = DIRECTION ( 'NONE',  ( 0.000000000000000000, 0.000000000000000000, -1.000000000000000000 ) ) ;
#5208 = VERTEX_POINT ( 'NONE', #2132 ) ;
#5209 = LINE ( 'NONE', #1708, #720 ) ;
#5210 = CARTESIAN_POINT ( 'NONE',  ( 32.57377388877684155, -15.32805449634230577, -3.535533905932739085 ) ) ;
#5211 = ORIENTED_EDGE ( 'NONE', *, *, #4929, .F. ) ;
#5212 = DIRECTION ( 'NONE',  ( 1.000000000000000000, 0.000000000000000000, 0.000000000000000000 ) ) ;
#5213 = LINE ( 'NONE', #4769, #408 ) ;
#5214 = ADVANCED_FACE ( 'NONE', ( #1805 ), #875, .F. ) ;
#5215 = CARTESIAN_POINT ( 'NONE',  ( 28.98847673992813867, 22.94726363095315591, -3.535533905932740861 ) ) ;
#5216 = FACE_BOUND ( 'NONE', #1180, .T. ) ;
#5217 = DIRECTION ( 'NONE',  ( 0.5358267949789939921, 0.8443279255020167406, 0.000000000000000000 ) ) ;
#5218 = EDGE_LOOP ( 'NONE', ( #3084, #3998, #257, #3857 ) ) ;
#5219 = CARTESIAN_POINT ( 'NONE',  ( -34.67896222341776280, -2.260458703055409746, -3.535533905932739085 ) ) ;
#5220 = DIRECTION ( 'NONE',  ( -0.000000000000000000, -0.000000000000000000, 1.000000000000000000 ) ) ;
#5221 = CARTESIAN_POINT ( 'NONE',  ( 2.946216931680084805, 4.360430494053221473, -5.000000000000000000 ) ) ;
#5222 = ORIENTED_EDGE ( 'NONE', *, *, #3096, .T. ) ;
#5223 = VERTEX_POINT ( 'NONE', #5482 ) ;
#5224 = ORIENTED_EDGE ( 'NONE', *, *, #1471, .F. ) ;
#5225 = CARTESIAN_POINT ( 'NONE',  ( 13.25248389664867332, -33.47195349197694725, -3.535533905932739085 ) ) ;
#5226 = DIRECTION ( 'NONE',  ( 0.000000000000000000, 0.000000000000000000, 1.000000000000000000 ) ) ;
#5227 = EDGE_CURVE ( 'NONE', #4373, #4211, #351, .T. ) ;
#5228 = ORIENTED_EDGE ( 'NONE', *, *, #1424, .F. ) ;
#5229 = DIRECTION ( 'NONE',  ( -1.000000000000000000, 0.000000000000000000, 0.000000000000000000 ) ) ;
#5230 = ORIENTED_EDGE ( 'NONE', *, *, #5339, .T. ) ;
#5231 = CARTESIAN_POINT ( 'NONE',  ( -20.00000000000000000, 0.000000000000000000, -21.21320343559642652 ) ) ;
#5232 = VECTOR ( 'NONE', #2694, 1000.000000000000000 ) ;
#5233 = VECTOR ( 'NONE', #3540, 1000.000000000000000 ) ;
#5234 = ORIENTED_EDGE ( 'NONE', *, *, #155, .F. ) ;
#5235 = CARTESIAN_POINT ( 'NONE',  ( -10.20283593793479326, 34.86899380063071874, 0.000000000000000000 ) ) ;
#5236 = CARTESIAN_POINT ( 'NONE',  ( -1.734935157289747787, -1.800000000000000488, -4.106124549132684542 ) ) ;
#5237 = ORIENTED_EDGE ( 'NONE', *, *, #5638, .F. ) ;
#5238 = EDGE_CURVE ( 'NONE', #3568, #3758, #1116, .T. ) ;
#5239 = CARTESIAN_POINT ( 'NONE',  ( -24.64369581343283500, 26.24287058717076704, 2.000000000000000000 ) ) ;
#5240 = VECTOR ( 'NONE', #3529, 1000.000000000000000 ) ;
#5241 = AXIS2_PLACEMENT_3D ( 'NONE', #2735, #5047, #562 ) ;
#5242 = EDGE_CURVE ( 'NONE', #95, #4931, #5565, .T. ) ;
#5243 = DIRECTION ( 'NONE',  ( 1.000000000000000000, 0.000000000000000000, 0.000000000000000000 ) ) ;
#5244 = DIRECTION ( 'NONE',  ( 0.000000000000000000, 0.000000000000000000, 1.000000000000000000 ) ) ;
#5245 = FACE_BOUND ( 'NONE', #4272, .T. ) ;
#5246 = AXIS2_PLACEMENT_3D ( 'NONE', #1069, #627, #4239 ) ;
#5247 = CIRCLE ( 'NONE', #1741, 1.250000000000001110 ) ;
#5248 = FACE_OUTER_BOUND ( 'NONE', #1502, .T. ) ;
#5249 = EDGE_LOOP ( 'NONE', ( #2002, #3712, #2191, #2533 ) ) ;
#5250 = CARTESIAN_POINT ( 'NONE',  ( -10.20283593793454102, -34.86899380063077558, 0.000000000000000000 ) ) ;
#5251 = DIRECTION ( 'NONE',  ( 1.000000000000000000, 0.000000000000000000, 0.000000000000000000 ) ) ;
#5252 = CARTESIAN_POINT ( 'NONE',  ( 0.000000000000000000, 0.000000000000000000, 0.000000000000000000 ) ) ;
#5253 = EDGE_LOOP ( 'NONE', ( #1375, #1556 ) ) ;
#5254 = ORIENTED_EDGE ( 'NONE', *, *, #1500, .F. ) ;
#5255 = DIRECTION ( 'NONE',  ( 1.000000000000000000, 0.000000000000000000, 0.000000000000000000 ) ) ;
#5256 = CARTESIAN_POINT ( 'NONE',  ( -2.946216931680113671, 4.360430494053208150, -5.000000000000000000 ) ) ;
#5258 = EDGE_CURVE ( 'NONE', #3086, #5314, #2434, .T. ) ;
#5257 = VECTOR ( 'NONE', #3510, 1000.000000000000000 ) ;
#5259 = ORIENTED_EDGE ( 'NONE', *, *, #3087, .F. ) ;
#5260 = EDGE_LOOP ( 'NONE', ( #581, #2762 ) ) ;
#5261 = CARTESIAN_POINT ( 'NONE',  ( -35.36234102623276243, -6.745727325086226855, 0.000000000000000000 ) ) ;
#5262 = ORIENTED_EDGE ( 'NONE', *, *, #4579, .F. ) ;
#5264 = CARTESIAN_POINT ( 'NONE',  ( -21.20179551902002046, -22.61600908139325128, -34.00000000000000000 ) ) ;
#5263 = AXIS2_PLACEMENT_3D ( 'NONE', #4314, #259, #5030 ) ;
#5265 = CIRCLE ( 'NONE', #4608, 30.99999999999999289 ) ;
#5266 = AXIS2_PLACEMENT_3D ( 'NONE', #2608, #4864, #2555 ) ;
#5267 = CARTESIAN_POINT ( 'NONE',  ( -25.99999999999999645, -1.444447458290426890E-31, -14.00000000000000178 ) ) ;
#5268 = ADVANCED_FACE ( 'NONE', ( #3599 ), #3629, .F. ) ;
#5269 = VERTEX_POINT ( 'NONE', #5449 ) ;
#5270 = DIRECTION ( 'NONE',  ( -0.06279051952931545555, 0.9980267284282714479, 0.000000000000000000 ) ) ;
#5271 = DIRECTION ( 'NONE',  ( 0.000000000000000000, 0.000000000000000000, 1.000000000000000000 ) ) ;
#5272 = VECTOR ( 'NONE', #5275, 1000.000000000000000 ) ;
#5273 = CARTESIAN_POINT ( 'NONE',  ( -4.675038617911390304, -3.260825055538311368, 0.000000000000000000 ) ) ;
#5274 = FACE_BOUND ( 'NONE', #1267, .T. ) ;
#5275 = DIRECTION ( 'NONE',  ( -0.08715574274765820750, 0.000000000000000000, 0.9961946980917455452 ) ) ;
#5276 = CIRCLE ( 'NONE', #3949, 7.500000000000000000 ) ;
#5277 = EDGE_LOOP ( 'NONE', ( #2942, #1425 ) ) ;
#5278 = DIRECTION ( 'NONE',  ( -0.000000000000000000, -0.000000000000000000, -1.000000000000000000 ) ) ;
#5279 = ADVANCED_FACE ( 'NONE', ( #4142 ), #849, .F. ) ;
#5280 = AXIS2_PLACEMENT_3D ( 'NONE', #1654, #3867, #3449 ) ;
#5281 = LINE ( 'NONE', #3000, #2611 ) ;
#5282 = DIRECTION ( 'NONE',  ( -0.000000000000000000, -0.000000000000000000, -1.000000000000000000 ) ) ;
#5283 = VERTEX_POINT ( 'NONE', #3105 ) ;
#5284 = ORIENTED_EDGE ( 'NONE', *, *, #3316, .T. ) ;
#5285 = CARTESIAN_POINT ( 'NONE',  ( 0.000000000000000000, 0.000000000000000000, -5.500000000000000000 ) ) ;
#5286 = DIRECTION ( 'NONE',  ( -1.000000000000000000, 0.000000000000000000, 0.000000000000000000 ) ) ;
#5287 = VERTEX_POINT ( 'NONE', #1387 ) ;
#5288 = ORIENTED_EDGE ( 'NONE', *, *, #3365, .T. ) ;
#5289 = DIRECTION ( 'NONE',  ( 1.000000000000000000, 0.000000000000000000, 0.000000000000000000 ) ) ;
#5290 = AXIS2_PLACEMENT_3D ( 'NONE', #659, #1612, #5760 ) ;
#5291 = ORIENTED_EDGE ( 'NONE', *, *, #4551, .F. ) ;
#5292 = DIRECTION ( 'NONE',  ( 0.000000000000000000, 0.000000000000000000, 1.000000000000000000 ) ) ;
#5293 = FACE_OUTER_BOUND ( 'NONE', #2148, .T. ) ;
#5294 = EDGE_CURVE ( 'NONE', #1639, #3444, #2657, .T. ) ;
#5295 = VERTEX_POINT ( 'NONE', #4048 ) ;
#5296 = DIRECTION ( 'NONE',  ( -1.000000000000000000, 0.000000000000000000, 0.000000000000000000 ) ) ;
#5297 = LINE ( 'NONE', #5320, #3429 ) ;
#5298 = CARTESIAN_POINT ( 'NONE',  ( -28.98847673992830209, -22.94726363095296762, 0.000000000000000000 ) ) ;
#5299 = VERTEX_POINT ( 'NONE', #4913 ) ;
#5300 = CARTESIAN_POINT ( 'NONE',  ( -32.99999999999999289, 4.041334437186265411E-15, -34.00000000000000000 ) ) ;
#5301 = DIRECTION ( 'NONE',  ( 1.000000000000000000, 0.000000000000000000, 0.000000000000000000 ) ) ;
#5302 = ORIENTED_EDGE ( 'NONE', *, *, #5776, .F. ) ;
#5303 = CARTESIAN_POINT ( 'NONE',  ( -18.59313226766157001, -31.54704048157919161, 2.000000000000000000 ) ) ;
#5304 = EDGE_CURVE ( 'NONE', #1911, #538, #5276, .T. ) ;
#5305 = LINE ( 'NONE', #269, #3649 ) ;
#5306 = DIRECTION ( 'NONE',  ( -1.000000000000000000, 0.000000000000000000, 0.000000000000000000 ) ) ;
#5307 = ORIENTED_EDGE ( 'NONE', *, *, #4500, .F. ) ;
#5308 = ORIENTED_EDGE ( 'NONE', *, *, #1801, .F. ) ;
#5309 = ADVANCED_FACE ( 'NONE', ( #2302 ), #4901, .T. ) ;
#5310 = EDGE_CURVE ( 'NONE', #3169, #111, #737, .T. ) ;
#5311 = CARTESIAN_POINT ( 'NONE',  ( -30.39580531807245478, -19.28976461924402130, -3.535533905932740861 ) ) ;
#5312 = LINE ( 'NONE', #1727, #3911 ) ;
#5313 = VERTEX_POINT ( 'NONE', #4532 ) ;
#5314 = VERTEX_POINT ( 'NONE', #402 ) ;
#5315 = CARTESIAN_POINT ( 'NONE',  ( -7.500000000000000000, 20.00000000000000000, 2.000000000000000000 ) ) ;
#5316 = VERTEX_POINT ( 'NONE', #2274 ) ;
#5317 = CARTESIAN_POINT ( 'NONE',  ( -3.260825055538294492, -4.675038617911401850, 0.000000000000000000 ) ) ;
#5318 = FACE_OUTER_BOUND ( 'NONE', #366, .T. ) ;
#5319 = ORIENTED_EDGE ( 'NONE', *, *, #3951, .F. ) ;
#5320 = CARTESIAN_POINT ( 'NONE',  ( 29.14580531807231623, 19.28976461924423447, -3.535533905932740861 ) ) ;
#5321 = AXIS2_PLACEMENT_3D ( 'NONE', #4207, #1606, #3820 ) ;
#5322 = CARTESIAN_POINT ( 'NONE',  ( -19.99999999999999645, 2.999999999999999556, -27.41463414634147355 ) ) ;
#5323 = EDGE_LOOP ( 'NONE', ( #777, #1621 ) ) ;
#5324 = FACE_BOUND ( 'NONE', #2546, .T. ) ;
#5325 = DIRECTION ( 'NONE',  ( 1.000000000000000000, 0.000000000000000000, 0.000000000000000000 ) ) ;
#5326 = AXIS2_PLACEMENT_3D ( 'NONE', #4288, #5540, #676 ) ;
#5327 = AXIS2_PLACEMENT_3D ( 'NONE', #3941, #1634, #3382 ) ;
#5328 = ORIENTED_EDGE ( 'NONE', *, *, #5778, .F. ) ;
#5329 = CYLINDRICAL_SURFACE ( 'NONE', #3532, 1.250000000000000222 ) ;
#5330 = AXIS2_PLACEMENT_3D ( 'NONE', #946, #3700, #504 ) ;
#5331 = CYLINDRICAL_SURFACE ( 'NONE', #153, 1.250000000000001110 ) ;
#5332 = VECTOR ( 'NONE', #5358, 1000.000000000000000 ) ;
#5333 = CARTESIAN_POINT ( 'NONE',  ( 0.000000000000000000, 0.000000000000000000, -4.000000000000000000 ) ) ;
#5334 = DIRECTION ( 'NONE',  ( -1.000000000000000000, 0.000000000000000000, 0.000000000000000000 ) ) ;
#5335 = ORIENTED_EDGE ( 'NONE', *, *, #1724, .T. ) ;
#5336 = AXIS2_PLACEMENT_3D ( 'NONE', #1016, #539, #67 ) ;
#5337 = ORIENTED_EDGE ( 'NONE', *, *, #441, .F. ) ;
#5338 = CARTESIAN_POINT ( 'NONE',  ( 1.734935157289747343, 1.800000000000000044, 2.000000000000000000 ) ) ;
#5339 = EDGE_CURVE ( 'NONE', #3758, #3568, #4330, .T. ) ;
#5340 = CARTESIAN_POINT ( 'NONE',  ( 0.000000000000000000, 0.000000000000000000, 2.000000000000000000 ) ) ;
#5341 = ORIENTED_EDGE ( 'NONE', *, *, #1969, .F. ) ;
#5342 = EDGE_CURVE ( 'NONE', #11, #1407, #913, .T. ) ;
#5343 = EDGE_CURVE ( 'NONE', #3339, #5223, #2749, .T. ) ;
#5344 = ORIENTED_EDGE ( 'NONE', *, *, #3437, .T. ) ;
#5345 = CIRCLE ( 'NONE', #1834, 1.249999999999999112 ) ;
#5346 = EDGE_LOOP ( 'NONE', ( #5677, #1579 ) ) ;
#5347 = CYLINDRICAL_SURFACE ( 'NONE', #3551, 1.250000000000000222 ) ;
#5348 = DIRECTION ( 'NONE',  ( -0.000000000000000000, -0.000000000000000000, -1.000000000000000000 ) ) ;
#5349 = ORIENTED_EDGE ( 'NONE', *, *, #4988, .F. ) ;
#5350 = AXIS2_PLACEMENT_3D ( 'NONE', #279, #5207, #1981 ) ;
#5351 = LINE ( 'NONE', #4375, #5233 ) ;
#5352 = CARTESIAN_POINT ( 'NONE',  ( -27.50000000000000000, 9.184850993605147944E-16, -21.21320343559642652 ) ) ;
#5353 = EDGE_LOOP ( 'NONE', ( #1474, #2531 ) ) ;
#5354 = DIRECTION ( 'NONE',  ( -0.000000000000000000, -0.000000000000000000, 1.000000000000000000 ) ) ;
#5355 = LINE ( 'NONE', #4353, #2238 ) ;
#5356 = ORIENTED_EDGE ( 'NONE', *, *, #5242, .T. ) ;
#5357 = AXIS2_PLACEMENT_3D ( 'NONE', #4161, #606, #2411 ) ;
#5358 = DIRECTION ( 'NONE',  ( -0.000000000000000000, 0.000000000000000000, 1.000000000000000000 ) ) ;
#5359 = ADVANCED_FACE ( 'NONE', ( #486 ), #3661, .F. ) ;
#5360 = DIRECTION ( 'NONE',  ( -0.000000000000000000, 0.000000000000000000, -1.000000000000000000 ) ) ;
#5361 = FACE_BOUND ( 'NONE', #440, .T. ) ;
#5362 = AXIS2_PLACEMENT_3D ( 'NONE', #4054, #5074, #2731 ) ;
#5363 = LINE ( 'NONE', #5682, #4320 ) ;
#5364 = ORIENTED_EDGE ( 'NONE', *, *, #2701, .F. ) ;
#5365 = EDGE_CURVE ( 'NONE', #1759, #4457, #5846, .T. ) ;
#5366 = EDGE_LOOP ( 'NONE', ( #4874, #4034 ) ) ;
#5367 = EDGE_CURVE ( 'NONE', #2508, #3430, #2720, .T. ) ;
#5368 = CIRCLE ( 'NONE', #261, 7.500000000000000000 ) ;
#5369 = CARTESIAN_POINT ( 'NONE',  ( 1.456618965294451229, 1.164338450209215559, -5.229744162047889944 ) ) ;
#5370 = CIRCLE ( 'NONE', #3007, 2.100000000000000977 ) ;
#5371 = PLANE ( 'NONE',  #428 ) ;
#5372 = EDGE_CURVE ( 'NONE', #1944, #4243, #4671, .T. ) ;
#5373 = CARTESIAN_POINT ( 'NONE',  ( -3.260825055538300710, 4.675038617911397409, 0.000000000000000000 ) ) ;
#5374 = VERTEX_POINT ( 'NONE', #2479 ) ;
#5375 = ORIENTED_EDGE ( 'NONE', *, *, #1535, .F. ) ;
#5376 = EDGE_CURVE ( 'NONE', #5405, #773, #5370, .T. ) ;
#5377 = EDGE_CURVE ( 'NONE', #3863, #2522, #1393, .T. ) ;
#5378 = EDGE_LOOP ( 'NONE', ( #5237, #3030, #5396, #610 ) ) ;
#5379 = ORIENTED_EDGE ( 'NONE', *, *, #770, .F. ) ;
#5380 = DIRECTION ( 'NONE',  ( -0.7071067811865451302, -0.7071067811865500152, 0.000000000000000000 ) ) ;
#5381 = CARTESIAN_POINT ( 'NONE',  ( 7.702835937935042843, -34.86899380063064768, 2.000000000000000000 ) ) ;
#5382 = ORIENTED_EDGE ( 'NONE', *, *, #770, .T. ) ;
#5383 = EDGE_CURVE ( 'NONE', #5709, #2787, #2009, .T. ) ;
#5384 = CARTESIAN_POINT ( 'NONE',  ( 10.20283593793429588, 34.86899380063083953, 0.000000000000000000 ) ) ;
#5385 = CARTESIAN_POINT ( 'NONE',  ( 30.39580531807271768, -19.28976461924359498, 2.000000000000000000 ) ) ;
#5386 = ORIENTED_EDGE ( 'NONE', *, *, #3494, .T. ) ;
#5387 = CARTESIAN_POINT ( 'NONE',  ( 0.000000000000000000, 0.000000000000000000, 2.000000000000000000 ) ) ;
#5388 = CARTESIAN_POINT ( 'NONE',  ( 27.73847673992813867, 22.94726363095315591, 0.000000000000000000 ) ) ;
#5389 = EDGE_CURVE ( 'NONE', #5046, #1114, #580, .T. ) ;
#5390 = ORIENTED_EDGE ( 'NONE', *, *, #5495, .T. ) ;
#5391 = EDGE_CURVE ( 'NONE', #129, #1221, #2929, .T. ) ;
#5392 = DIRECTION ( 'NONE',  ( -0.9921147013144768767, -0.1253332335643119466, 0.000000000000000000 ) ) ;
#5393 = DIRECTION ( 'NONE',  ( -0.000000000000000000, -0.000000000000000000, 1.000000000000000000 ) ) ;
#5394 = FACE_BOUND ( 'NONE', #3212, .T. ) ;
#5395 = CYLINDRICAL_SURFACE ( 'NONE', #4035, 1.250000000000001110 ) ;
#5396 = ORIENTED_EDGE ( 'NONE', *, *, #1987, .T. ) ;
#5397 = ORIENTED_EDGE ( 'NONE', *, *, #4336, .T. ) ;
#5398 = CARTESIAN_POINT ( 'NONE',  ( 12.00248389664867155, -33.47195349197694725, -3.535533905932739085 ) ) ;
#5399 = DIRECTION ( 'NONE',  ( -0.7289686274214053352, -0.6845471059286951654, 0.000000000000000000 ) ) ;
#5400 = DIRECTION ( 'NONE',  ( 0.000000000000000000, 0.000000000000000000, 1.000000000000000000 ) ) ;
#5401 = VERTEX_POINT ( 'NONE', #670 ) ;
#5402 = VERTEX_POINT ( 'NONE', #4228 ) ;
#5403 = DIRECTION ( 'NONE',  ( -0.000000000000000000, -0.000000000000000000, 1.000000000000000000 ) ) ;
#5404 = EDGE_CURVE ( 'NONE', #2236, #1944, #4037, .T. ) ;
#5405 = VERTEX_POINT ( 'NONE', #4281 ) ;
#5406 = ORIENTED_EDGE ( 'NONE', *, *, #3202, .F. ) ;
#5407 = CARTESIAN_POINT ( 'NONE',  ( -4.511996408314709051, -35.71612924732123417, -3.535533905932739085 ) ) ;
#5408 = LINE ( 'NONE', #1826, #5000 ) ;
#5409 = VERTEX_POINT ( 'NONE', #5626 ) ;
#5410 =( NAMED_UNIT ( * ) PLANE_ANGLE_UNIT ( ) SI_UNIT ( $, .RADIAN. ) );
#5411 = LINE ( 'NONE', #430, #2988 ) ;
#5412 = VERTEX_POINT ( 'NONE', #1530 ) ;
#5413 = DIRECTION ( 'NONE',  ( 0.000000000000000000, 0.000000000000000000, -1.000000000000000000 ) ) ;
#5414 = EDGE_CURVE ( 'NONE', #5316, #278, #3750, .T. ) ;
#5415 = DIRECTION ( 'NONE',  ( 1.000000000000000000, 0.000000000000000000, 0.000000000000000000 ) ) ;
#5416 = EDGE_CURVE ( 'NONE', #2771, #3339, #1682, .T. ) ;
#5417 = AXIS2_PLACEMENT_3D ( 'NONE', #5333, #1158, #356 ) ;
#5418 = ORIENTED_EDGE ( 'NONE', *, *, #4959, .F. ) ;
#5419 = ADVANCED_FACE ( 'NONE', ( #1984 ), #4621, .F. ) ;
#5420 = AXIS2_PLACEMENT_3D ( 'NONE', #5630, #3870, #5243 ) ;
#5421 = CARTESIAN_POINT ( 'NONE',  ( -8.952835937934791488, 34.86899380063071874, -3.535533905932740861 ) ) ;
#5422 = CARTESIAN_POINT ( 'NONE',  ( -24.64369581343264315, -26.24287058717094823, -3.535533905932740861 ) ) ;
#5423 = FACE_BOUND ( 'NONE', #5163, .T. ) ;
#5424 = VECTOR ( 'NONE', #4151, 1000.000000000000000 ) ;
#5425 = LINE ( 'NONE', #5043, #823 ) ;
#5426 = VERTEX_POINT ( 'NONE', #1560 ) ;
#5427 = EDGE_LOOP ( 'NONE', ( #1432, #2270, #65, #5005 ) ) ;
#5428 = DIRECTION ( 'NONE',  ( -0.000000000000000000, -0.000000000000000000, -1.000000000000000000 ) ) ;
#5429 = AXIS2_PLACEMENT_3D ( 'NONE', #4302, #1519, #2505 ) ;
#5430 = AXIS2_PLACEMENT_3D ( 'NONE', #5123, #938, #5537 ) ;
#5431 = DIRECTION ( 'NONE',  ( -0.000000000000000000, -0.000000000000000000, -1.000000000000000000 ) ) ;
#5432 = CYLINDRICAL_SURFACE ( 'NONE', #4754, 1.250000000000001110 ) ;
#5433 = ORIENTED_EDGE ( 'NONE', *, *, #4910, .T. ) ;
#5434 = CIRCLE ( 'NONE', #1079, 1.250000000000000666 ) ;
#5435 = VERTEX_POINT ( 'NONE', #552 ) ;
#5436 = DIRECTION ( 'NONE',  ( 0.000000000000000000, 0.000000000000000000, -1.000000000000000000 ) ) ;
#5437 =( BOUNDED_CURVE ( )  B_SPLINE_CURVE ( 3, ( #2180, #1689, #315, #1270 ),
 .UNSPECIFIED., .F., .F. ) 
 B_SPLINE_CURVE_WITH_KNOTS ( ( 4, 4 ),
 ( 0.000000000000000000, 0.09692588604000929031 ),
 .UNSPECIFIED. ) 
 CURVE ( )  GEOMETRIC_REPRESENTATION_ITEM ( )  RATIONAL_B_SPLINE_CURVE ( ( 1.000000000000000000, 0.9992172676000894427, 0.9992172676000894427, 1.000000000000000000 ) ) 
 REPRESENTATION_ITEM ( '' )  );
#5438 = EDGE_LOOP ( 'NONE', ( #3040, #5166 ) ) ;
#5439 = ORIENTED_EDGE ( 'NONE', *, *, #4670, .T. ) ;
#5440 = CARTESIAN_POINT ( 'NONE',  ( -4.511996408314963958, 35.71612924732120575, -3.535533905932740861 ) ) ;
#5441 = LINE ( 'NONE', #3570, #3953 ) ;
#5442 = ORIENTED_EDGE ( 'NONE', *, *, #165, .F. ) ;
#5443 = ADVANCED_FACE ( 'NONE', ( #5535 ), #101, .T. ) ;
#5444 = CYLINDRICAL_SURFACE ( 'NONE', #1166, 1.250000000000000222 ) ;
#5445 = ADVANCED_FACE ( 'NONE', ( #2836 ), #4196, .F. ) ;
#5446 = ORIENTED_EDGE ( 'NONE', *, *, #3706, .T. ) ;
#5447 = FACE_BOUND ( 'NONE', #170, .T. ) ;
#5448 = AXIS2_PLACEMENT_3D ( 'NONE', #1990, #4259, #4171 ) ;
#5449 = CARTESIAN_POINT ( 'NONE',  ( -19.91026908252886685, -29.12461179749822549, 2.000000000000000000 ) ) ;
#5450 = CARTESIAN_POINT ( 'NONE',  ( 1.712791517423061682, -1.745411962751840740, -4.414338692075641113 ) ) ;
#5451 = DIRECTION ( 'NONE',  ( 0.000000000000000000, 0.000000000000000000, 1.000000000000000000 ) ) ;
#5452 = CIRCLE ( 'NONE', #2895, 1.250000000000001110 ) ;
#5453 = CIRCLE ( 'NONE', #334, 1.250000000000001110 ) ;
#5454 = CARTESIAN_POINT ( 'NONE',  ( 34.23803458662540322, 11.12461179749849549, -3.535533905932740861 ) ) ;
#5455 = FACE_BOUND ( 'NONE', #5260, .T. ) ;
#5456 = EDGE_CURVE ( 'NONE', #5604, #4544, #2373, .T. ) ;
#5457 = CARTESIAN_POINT ( 'NONE',  ( 22.62741699796942996, 21.21320343559650468, -5.000000000000000000 ) ) ;
#5458 = CIRCLE ( 'NONE', #2425, 1.250000000000000000 ) ;
#5459 = AXIS2_PLACEMENT_3D ( 'NONE', #1521, #3329, #3653 ) ;
#5460 = AXIS2_PLACEMENT_3D ( 'NONE', #2056, #771, #2578 ) ;
#5461 = ORIENTED_EDGE ( 'NONE', *, *, #2690, .T. ) ;
#5462 = EDGE_LOOP ( 'NONE', ( #3297, #254, #665, #1105 ) ) ;
#5463 = ADVANCED_FACE ( 'NONE', ( #759 ), #3039, .F. ) ;
#5464 = CARTESIAN_POINT ( 'NONE',  ( 7.702835937934294996, 34.86899380063083953, -3.535533905932740861 ) ) ;
#5465 = DIRECTION ( 'NONE',  ( -0.7071067811865451302, -0.7071067811865500152, 0.000000000000000000 ) ) ;
#5466 = FACE_OUTER_BOUND ( 'NONE', #1243, .T. ) ;
#5467 = ORIENTED_EDGE ( 'NONE', *, *, #1034, .F. ) ;
#5468 = AXIS2_PLACEMENT_3D ( 'NONE', #89, #2318, #5136 ) ;
#5469 = ORIENTED_EDGE ( 'NONE', *, *, #3956, .F. ) ;
#5470 = PLANE ( 'NONE',  #4928 ) ;
#5471 = EDGE_CURVE ( 'NONE', #4539, #1131, #2624, .T. ) ;
#5472 = CIRCLE ( 'NONE', #5263, 1.250000000000000000 ) ;
#5473 = VERTEX_POINT ( 'NONE', #3896 ) ;
#5474 = ORIENTED_EDGE ( 'NONE', *, *, #2470, .T. ) ;
#5475 = PLANE ( 'NONE',  #1864 ) ;
#5476 = DIRECTION ( 'NONE',  ( 0.000000000000000000, 0.000000000000000000, 1.000000000000000000 ) ) ;
#5477 = ORIENTED_EDGE ( 'NONE', *, *, #829, .F. ) ;
#5478 = DIRECTION ( 'NONE',  ( -0.000000000000000000, -0.000000000000000000, 1.000000000000000000 ) ) ;
#5479 = CIRCLE ( 'NONE', #2924, 1.250000000000000888 ) ;
#5480 = ORIENTED_EDGE ( 'NONE', *, *, #3859, .T. ) ;
#5481 = FACE_BOUND ( 'NONE', #467, .T. ) ;
#5482 = CARTESIAN_POINT ( 'NONE',  ( 25.99999999999999645, -3.000000000000000000, -29.00000000000000000 ) ) ;
#5483 = CARTESIAN_POINT ( 'NONE',  ( 1.375012307570442571, -0.9992813434272143081, -5.330547717286074239 ) ) ;
#5484 = CARTESIAN_POINT ( 'NONE',  ( -21.16026908252886685, -29.12461179749822549, -3.535533905932740861 ) ) ;
#5485 = CARTESIAN_POINT ( 'NONE',  ( -35.92896222341776280, -2.260458703055409746, -3.535533905932739085 ) ) ;
#5486 = ADVANCED_FACE ( 'NONE', ( #5293 ), #5661, .F. ) ;
#5487 = FACE_BOUND ( 'NONE', #4899, .T. ) ;
#5488 = CARTESIAN_POINT ( 'NONE',  ( -32.57377388877674207, 15.32805449634253492, -3.535533905932739085 ) ) ;
#5489 = ORIENTED_EDGE ( 'NONE', *, *, #1524, .F. ) ;
#5490 = ORIENTED_EDGE ( 'NONE', *, *, #4767, .F. ) ;
#5491 = DIRECTION ( 'NONE',  ( 0.000000000000000000, 0.000000000000000000, -1.000000000000000000 ) ) ;
#5492 = DIRECTION ( 'NONE',  ( -0.000000000000000000, -0.000000000000000000, 1.000000000000000000 ) ) ;
#5493 = CARTESIAN_POINT ( 'NONE',  ( -10.20283593793479326, 34.86899380063071874, 2.000000000000000000 ) ) ;
#5494 = ORIENTED_EDGE ( 'NONE', *, *, #1227, .F. ) ;
#5495 = EDGE_CURVE ( 'NONE', #4298, #5473, #1302, .T. ) ;
#5496 = ORIENTED_EDGE ( 'NONE', *, *, #3131, .T. ) ;
#5497 = DIRECTION ( 'NONE',  ( -0.000000000000000000, -0.000000000000000000, -1.000000000000000000 ) ) ;
#5498 = VERTEX_POINT ( 'NONE', #1147 ) ;
#5499 = EDGE_LOOP ( 'NONE', ( #3471, #74 ) ) ;
#5500 = DIRECTION ( 'NONE',  ( -0.000000000000000000, -0.000000000000000000, 1.000000000000000000 ) ) ;
#5501 = CARTESIAN_POINT ( 'NONE',  ( -4.511996408314709051, -35.71612924732123417, 2.000000000000000000 ) ) ;
#5502 = ORIENTED_EDGE ( 'NONE', *, *, #5258, .F. ) ;
#5503 = DIRECTION ( 'NONE',  ( -0.6374239897486944084, 0.7705132427757853675, 0.000000000000000000 ) ) ;
#5504 = CIRCLE ( 'NONE', #1048, 1.250000000000000888 ) ;
#5505 = ORIENTED_EDGE ( 'NONE', *, *, #1368, .T. ) ;
#5506 = CARTESIAN_POINT ( 'NONE',  ( 0.9539392014169456591, -0.2999999999999999334, -5.500000000000000000 ) ) ;
#5507 = CARTESIAN_POINT ( 'NONE',  ( -1.330988649182820449, -0.9137365963093381227, -5.371909351118453912 ) ) ;
#5508 = CARTESIAN_POINT ( 'NONE',  ( 1.077578913856868992, -0.4689062275034828198, -5.499999999999998224 ) ) ;
#5509 = DIRECTION ( 'NONE',  ( 0.000000000000000000, -0.000000000000000000, 1.000000000000000000 ) ) ;
#5510 = LINE ( 'NONE', #649, #3731 ) ;
#5511 = CARTESIAN_POINT ( 'NONE',  ( 22.61600908139319444, -21.20179551902008797, 0.000000000000000000 ) ) ;
#5512 = CYLINDRICAL_SURFACE ( 'NONE', #1006, 1.250000000000001110 ) ;
#5513 = AXIS2_PLACEMENT_3D ( 'NONE', #3385, #1134, #2940 ) ;
#5514 = ORIENTED_EDGE ( 'NONE', *, *, #2210, .T. ) ;
#5515 = FACE_OUTER_BOUND ( 'NONE', #1941, .T. ) ;
#5516 = AXIS2_PLACEMENT_3D ( 'NONE', #2245, #485, #4047 ) ;
#5517 = CARTESIAN_POINT ( 'NONE',  ( -31.64580531807259689, 19.28976461924381169, -3.535533905932740861 ) ) ;
#5518 = AXIS2_PLACEMENT_3D ( 'NONE', #4640, #4192, #1440 ) ;
#5519 = CARTESIAN_POINT ( 'NONE',  ( -23.39369581343283500, 26.24287058717076704, 0.000000000000000000 ) ) ;
#5520 = VERTEX_POINT ( 'NONE', #282 ) ;
#5521 = ORIENTED_EDGE ( 'NONE', *, *, #4751, .F. ) ;
#5522 = AXIS2_PLACEMENT_3D ( 'NONE', #1511, #2398, #1882 ) ;
#5523 = CARTESIAN_POINT ( 'NONE',  ( 22.99999999999999645, 1.444447458290426890E-31, -23.75609756097561842 ) ) ;
#5524 = DIRECTION ( 'NONE',  ( 1.000000000000000000, 0.000000000000000000, 0.000000000000000000 ) ) ;
#5525 = AXIS2_PLACEMENT_3D ( 'NONE', #3475, #4338, #1231 ) ;
#5526 = AXIS2_PLACEMENT_3D ( 'NONE', #5484, #1872, #1418 ) ;
#5527 = ORIENTED_EDGE ( 'NONE', *, *, #3672, .F. ) ;
#5528 = CARTESIAN_POINT ( 'NONE',  ( 16.09313226766200344, -31.54704048157895002, 0.000000000000000000 ) ) ;
#5529 = EDGE_CURVE ( 'NONE', #934, #3071, #2068, .T. ) ;
#5530 = DIRECTION ( 'NONE',  ( -0.7289686274214161044, 0.6845471059286838411, 0.000000000000000000 ) ) ;
#5531 = EDGE_LOOP ( 'NONE', ( #5871, #4310, #985, #4688 ) ) ;
#5532 = CARTESIAN_POINT ( 'NONE',  ( 5.119795286111484600, -6.625158299576262644E-16, -6.630733614121488095 ) ) ;
#5533 = VERTEX_POINT ( 'NONE', #1709 ) ;
#5534 = CARTESIAN_POINT ( 'NONE',  ( -30.99999999999999645, -1.001959745083678355, -14.00000000000000533 ) ) ;
#5535 = FACE_OUTER_BOUND ( 'NONE', #4725, .T. ) ;
#5536 = ORIENTED_EDGE ( 'NONE', *, *, #4000, .T. ) ;
#5537 = DIRECTION ( 'NONE',  ( 1.000000000000000000, 0.000000000000000000, 0.000000000000000000 ) ) ;
#5538 = CARTESIAN_POINT ( 'NONE',  ( -1.250000000000000444, -36.00000000000000000, -3.535533905932739973 ) ) ;
#5539 = CIRCLE ( 'NONE', #2316, 1.250000000000000444 ) ;
#5540 = DIRECTION ( 'NONE',  ( -0.000000000000000000, -0.000000000000000000, 1.000000000000000000 ) ) ;
#5541 = LINE ( 'NONE', #619, #3003 ) ;
#5542 = ORIENTED_EDGE ( 'NONE', *, *, #4810, .T. ) ;
#5543 = CIRCLE ( 'NONE', #5827, 1.250000000000001110 ) ;
#5544 = ADVANCED_FACE ( 'NONE', ( #310 ), #1182, .T. ) ;
#5545 = CARTESIAN_POINT ( 'NONE',  ( 32.98803458662563060, -11.12461179749777784, -3.535533905932740861 ) ) ;
#5546 = CARTESIAN_POINT ( 'NONE',  ( 20.00000000000000000, 0.000000000000000000, 0.000000000000000000 ) ) ;
#5547 = DIRECTION ( 'NONE',  ( 0.000000000000000000, 0.000000000000000000, 1.000000000000000000 ) ) ;
#5548 = VECTOR ( 'NONE', #4695, 1000.000000000000000 ) ;
#5549 = CIRCLE ( 'NONE', #340, 1.249999999999999778 ) ;
#5550 = VERTEX_POINT ( 'NONE', #3482 ) ;
#5551 = EDGE_CURVE ( 'NONE', #2321, #5269, #788, .T. ) ;
#5552 = ORIENTED_EDGE ( 'NONE', *, *, #44, .F. ) ;
#5553 = CARTESIAN_POINT ( 'NONE',  ( -1.734935157289747343, -1.800000000000000044, 2.000000000000000000 ) ) ;
#5554 = VECTOR ( 'NONE', #1537, 1000.000000000000000 ) ;
#5555 = ADVANCED_FACE ( 'NONE', ( #5318 ), #5767, .F. ) ;
#5556 = DIRECTION ( 'NONE',  ( -0.000000000000000000, -0.000000000000000000, 1.000000000000000000 ) ) ;
#5557 = ORIENTED_EDGE ( 'NONE', *, *, #5377, .T. ) ;
#5558 = FACE_OUTER_BOUND ( 'NONE', #3138, .T. ) ;
#5559 = AXIS2_PLACEMENT_3D ( 'NONE', #108, #1061, #5217 ) ;
#5560 = DIRECTION ( 'NONE',  ( -0.000000000000000000, -0.000000000000000000, -1.000000000000000000 ) ) ;
#5561 = ORIENTED_EDGE ( 'NONE', *, *, #3966, .F. ) ;
#5562 = EDGE_CURVE ( 'NONE', #272, #4382, #150, .T. ) ;
#5563 = FACE_OUTER_BOUND ( 'NONE', #1299, .T. ) ;
#5564 = EDGE_CURVE ( 'NONE', #1908, #3894, #3179, .T. ) ;
#5565 = CIRCLE ( 'NONE', #444, 1.250000000000001110 ) ;
#5566 = EDGE_LOOP ( 'NONE', ( #972, #3920, #2248, #4843 ) ) ;
#5567 = CARTESIAN_POINT ( 'NONE',  ( 0.000000000000000000, 0.000000000000000000, -4.000000000000000000 ) ) ;
#5568 = CARTESIAN_POINT ( 'NONE',  ( 25.99999999999999645, 1.444447458290426890E-31, -24.00000000000000000 ) ) ;
#5569 = ADVANCED_FACE ( 'NONE', ( #3506 ), #1266, .T. ) ;
#5570 = FACE_OUTER_BOUND ( 'NONE', #5721, .T. ) ;
#5571 = CIRCLE ( 'NONE', #175, 1.250000000000001110 ) ;
#5572 = DIRECTION ( 'NONE',  ( 0.1873813145857217421, 0.9822872507286891652, 0.000000000000000000 ) ) ;
#5573 = LINE ( 'NONE', #3693, #3265 ) ;
#5574 = DIRECTION ( 'NONE',  ( -0.000000000000000000, -0.000000000000000000, 1.000000000000000000 ) ) ;
#5575 = DIRECTION ( 'NONE',  ( -0.000000000000000000, -0.000000000000000000, -1.000000000000000000 ) ) ;
#5576 = EDGE_CURVE ( 'NONE', #937, #2371, #1971, .T. ) ;
#5577 = ORIENTED_EDGE ( 'NONE', *, *, #5529, .F. ) ;
#5578 = FACE_BOUND ( 'NONE', #5323, .T. ) ;
#5579 = LINE ( 'NONE', #4716, #4980 ) ;
#5580 = DIRECTION ( 'NONE',  ( 0.000000000000000000, 0.000000000000000000, 1.000000000000000000 ) ) ;
#5581 = VERTEX_POINT ( 'NONE', #701 ) ;
#5582 = PRODUCT_CONTEXT ( 'NONE', #125, 'mechanical' ) ;
#5583 = ORIENTED_EDGE ( 'NONE', *, *, #2299, .F. ) ;
#5584 = DIRECTION ( 'NONE',  ( 1.000000000000000000, 0.000000000000000000, -0.000000000000000000 ) ) ;
#5585 = DIRECTION ( 'NONE',  ( 0.000000000000000000, 0.000000000000000000, 1.000000000000000000 ) ) ;
#5586 = ORIENTED_EDGE ( 'NONE', *, *, #3673, .T. ) ;
#5587 = CARTESIAN_POINT ( 'NONE',  ( 0.000000000000000000, 0.000000000000000000, -34.00000000000000000 ) ) ;
#5588 = DIRECTION ( 'NONE',  ( 1.000000000000000000, 0.000000000000000000, 0.000000000000000000 ) ) ;
#5589 = EDGE_LOOP ( 'NONE', ( #2513, #5107, #2732, #4755 ) ) ;
#5590 = EDGE_CURVE ( 'NONE', #5435, #5314, #4825, .T. ) ;
#5591 = CARTESIAN_POINT ( 'NONE',  ( -24.64369581343264315, -26.24287058717094823, 2.000000000000000000 ) ) ;
#5592 = EDGE_LOOP ( 'NONE', ( #768, #68, #1849, #2888 ) ) ;
#5593 = CARTESIAN_POINT ( 'NONE',  ( 7.500000000000000000, 20.00000000000000000, 0.000000000000000000 ) ) ;
#5594 = CARTESIAN_POINT ( 'NONE',  ( -1.456620277054679446, -1.164341190253498359, -5.229742221797610391 ) ) ;
#5595 = AXIS2_PLACEMENT_3D ( 'NONE', #1215, #3898, #1339 ) ;
#5596 = VERTEX_POINT ( 'NONE', #2512 ) ;
#5597 = CARTESIAN_POINT ( 'NONE',  ( -5.761996408314709051, -35.71612924732123417, -3.535533905932739085 ) ) ;
#5598 = CYLINDRICAL_SURFACE ( 'NONE', #320, 1.250000000000001110 ) ;
#5599 = CARTESIAN_POINT ( 'NONE',  ( 3.261996408314459028, 35.71612924732126260, -3.535533905932739085 ) ) ;
#5600 = LINE ( 'NONE', #3255, #3146 ) ;
#5601 = EDGE_CURVE ( 'NONE', #342, #3775, #5472, .T. ) ;
#5602 = CARTESIAN_POINT ( 'NONE',  ( 30.99999999999999645, -1.001959745083680797, -14.00000000000000533 ) ) ;
#5603 = EDGE_CURVE ( 'NONE', #1867, #290, #5441, .T. ) ;
#5604 = VERTEX_POINT ( 'NONE', #1295 ) ;
#5605 = CARTESIAN_POINT ( 'NONE',  ( -1.646888242189167295, 1.586441256683799539, -4.798621908441582207 ) ) ;
#5606 = LINE ( 'NONE', #1100, #1865 ) ;
#5607 = DIRECTION ( 'NONE',  ( -0.4257792915650644439, -0.9048270524660233516, 0.000000000000000000 ) ) ;
#5608 = VERTEX_POINT ( 'NONE', #4525 ) ;
#5609 = ORIENTED_EDGE ( 'NONE', *, *, #3789, .F. ) ;
#5610 = EDGE_LOOP ( 'NONE', ( #5308, #1920, #1210, #1136 ) ) ;
#5611 = PLANE ( 'NONE',  #4093 ) ;
#5612 = CIRCLE ( 'NONE', #959, 1.250000000000000222 ) ;
#5613 = CIRCLE ( 'NONE', #3052, 1.250000000000000666 ) ;
#5614 = LINE ( 'NONE', #5172, #975 ) ;
#5615 = ORIENTED_EDGE ( 'NONE', *, *, #678, .T. ) ;
#5616 = LINE ( 'NONE', #1555, #2804 ) ;
#5617 = CIRCLE ( 'NONE', #3056, 1.250000000000000666 ) ;
#5618 = CIRCLE ( 'NONE', #4951, 32.99999999999999289 ) ;
#5619 = ORIENTED_EDGE ( 'NONE', *, *, #401, .F. ) ;
#5620 = ADVANCED_FACE ( 'NONE', ( #2295 ), #956, .F. ) ;
#5621 = DIRECTION ( 'NONE',  ( 0.000000000000000000, -0.000000000000000000, 1.000000000000000000 ) ) ;
#5622 = CIRCLE ( 'NONE', #5429, 1.250000000000001554 ) ;
#5623 = AXIS2_PLACEMENT_3D ( 'NONE', #523, #2868, #491 ) ;
#5624 = ORIENTED_EDGE ( 'NONE', *, *, #5367, .F. ) ;
#5625 = DIRECTION ( 'NONE',  ( -0.000000000000000000, 0.000000000000000000, 1.000000000000000000 ) ) ;
#5626 = CARTESIAN_POINT ( 'NONE',  ( 23.39369581343301974, -26.24287058717059651, 2.000000000000000000 ) ) ;
#5627 = EDGE_CURVE ( 'NONE', #2973, #2625, #3982, .T. ) ;
#5628 = ORIENTED_EDGE ( 'NONE', *, *, #2699, .T. ) ;
#5629 = CARTESIAN_POINT ( 'NONE',  ( 35.36234102623271269, 6.745727325086481763, 2.000000000000000000 ) ) ;
#5630 = CARTESIAN_POINT ( 'NONE',  ( 35.92896222341780543, -2.260458703054892382, 0.000000000000000000 ) ) ;
#5631 = EDGE_CURVE ( 'NONE', #668, #173, #2615, .T. ) ;
#5632 = CARTESIAN_POINT ( 'NONE',  ( 32.98803458662540322, 11.12461179749849549, 2.000000000000000000 ) ) ;
#5633 = FACE_BOUND ( 'NONE', #5438, .T. ) ;
#5634 = CARTESIAN_POINT ( 'NONE',  ( 24.64369581343245486, 26.24287058717113297, 0.000000000000000000 ) ) ;
#5635 = ORIENTED_EDGE ( 'NONE', *, *, #1658, .F. ) ;
#5636 = LINE ( 'NONE', #5219, #4002 ) ;
#5637 = AXIS2_PLACEMENT_3D ( 'NONE', #3070, #2721, #399 ) ;
#5638 = EDGE_CURVE ( 'NONE', #3916, #4474, #4586, .T. ) ;
#5639 = CYLINDRICAL_SURFACE ( 'NONE', #2427, 1.250000000000001110 ) ;
#5640 = CARTESIAN_POINT ( 'NONE',  ( 23.39369581343301974, -26.24287058717059651, -3.535533905932740861 ) ) ;
#5641 = ORIENTED_EDGE ( 'NONE', *, *, #3061, .F. ) ;
#5642 = AXIS2_PLACEMENT_3D ( 'NONE', #5847, #1401, #2736 ) ;
#5643 = ORIENTED_EDGE ( 'NONE', *, *, #305, .T. ) ;
#5644 = EDGE_LOOP ( 'NONE', ( #5199, #1124, #5786, #717 ) ) ;
#5645 = LINE ( 'NONE', #1583, #4138 ) ;
#5646 = CIRCLE ( 'NONE', #2610, 5.262465990577771535 ) ;
#5647 = CIRCLE ( 'NONE', #1383, 7.500000000000000000 ) ;
#5648 = DIRECTION ( 'NONE',  ( -0.000000000000000000, -0.000000000000000000, 1.000000000000000000 ) ) ;
#5649 = ORIENTED_EDGE ( 'NONE', *, *, #3902, .F. ) ;
#5650 = CARTESIAN_POINT ( 'NONE',  ( 34.11234102623271269, 6.745727325086481763, 2.000000000000000000 ) ) ;
#5651 = EDGE_CURVE ( 'NONE', #2160, #5865, #167, .T. ) ;
#5652 = AXIS2_PLACEMENT_3D ( 'NONE', #8, #931, #5825 ) ;
#5653 = VERTEX_POINT ( 'NONE', #454 ) ;
#5654 = AXIS2_PLACEMENT_3D ( 'NONE', #3081, #277, #1751 ) ;
#5655 = AXIS2_PLACEMENT_3D ( 'NONE', #1927, #4647, #1900 ) ;
#5656 = EDGE_CURVE ( 'NONE', #821, #30, #919, .T. ) ;
#5657 = PLANE ( 'NONE',  #2519 ) ;
#5658 = CIRCLE ( 'NONE', #61, 2.100000000000000977 ) ;
#5659 = ORIENTED_EDGE ( 'NONE', *, *, #4255, .T. ) ;
#5660 = FACE_OUTER_BOUND ( 'NONE', #3962, .T. ) ;
#5661 = CYLINDRICAL_SURFACE ( 'NONE', #4137, 1.250000000000001110 ) ;
#5662 = VERTEX_POINT ( 'NONE', #5381 ) ;
#5663 = DIRECTION ( 'NONE',  ( 1.000000000000000000, 0.000000000000000000, 0.000000000000000000 ) ) ;
#5664 = VECTOR ( 'NONE', #4558, 1000.000000000000000 ) ;
#5665 = DIRECTION ( 'NONE',  ( 1.000000000000000000, 0.000000000000000000, 0.000000000000000000 ) ) ;
#5666 = CARTESIAN_POINT ( 'NONE',  ( -25.99999999999999645, -3.000000000000000000, -20.09756097560976329 ) ) ;
#5667 = LINE ( 'NONE', #3964, #306 ) ;
#5668 = CARTESIAN_POINT ( 'NONE',  ( -1.000000000000000000, 1.224646799147353207E-16, -4.000000000000000000 ) ) ;
#5669 = VERTEX_POINT ( 'NONE', #3214 ) ;
#5670 = PLANE ( 'NONE',  #5327 ) ;
#5671 = ADVANCED_FACE ( 'NONE', ( #4933 ), #895, .T. ) ;
#5672 = PLANE ( 'NONE',  #5266 ) ;
#5673 = CYLINDRICAL_SURFACE ( 'NONE', #4944, 1.250000000000001110 ) ;
#5674 = EDGE_LOOP ( 'NONE', ( #1608, #2954, #5206, #2782 ) ) ;
#5675 = ORIENTED_EDGE ( 'NONE', *, *, #2840, .F. ) ;
#5676 =( NAMED_UNIT ( * ) SI_UNIT ( $, .STERADIAN. ) SOLID_ANGLE_UNIT ( ) );
#5677 = ORIENTED_EDGE ( 'NONE', *, *, #1697, .F. ) ;
#5678 = DIRECTION ( 'NONE',  ( -0.000000000000000000, -0.000000000000000000, 1.000000000000000000 ) ) ;
#5679 = CARTESIAN_POINT ( 'NONE',  ( -35.48803458662555954, 11.12461179749801232, 2.000000000000000000 ) ) ;
#5680 = EDGE_CURVE ( 'NONE', #743, #4867, #3477, .T. ) ;
#5681 = ORIENTED_EDGE ( 'NONE', *, *, #1471, .T. ) ;
#5682 = CARTESIAN_POINT ( 'NONE',  ( 10.20283593793429588, 34.86899380063083953, -3.535533905932740861 ) ) ;
#5683 = VERTEX_POINT ( 'NONE', #4488 ) ;
#5684 = LINE ( 'NONE', #4223, #2795 ) ;
#5685 = VERTEX_POINT ( 'NONE', #3538 ) ;
#5686 = CARTESIAN_POINT ( 'NONE',  ( 32.57377388877684155, -15.32805449634230577, 2.000000000000000000 ) ) ;
#5687 = CARTESIAN_POINT ( 'NONE',  ( 4.511996408315208207, -35.71612924732117023, -3.535533905932739973 ) ) ;
#5688 = ORIENTED_EDGE ( 'NONE', *, *, #522, .T. ) ;
#5689 = CARTESIAN_POINT ( 'NONE',  ( 13.25248389664795390, 33.47195349197723147, 0.000000000000000000 ) ) ;
#5690 = DIRECTION ( 'NONE',  ( -0.9685831611286327414, 0.2486898871648489384, 0.000000000000000000 ) ) ;
#5691 = CARTESIAN_POINT ( 'NONE',  ( 35.92896222341774859, 2.260458703055677088, 2.000000000000000000 ) ) ;
#5692 = CARTESIAN_POINT ( 'NONE',  ( -4.360430494053209927, 2.946216931680111895, -5.000000000000000000 ) ) ;
#5693 = CARTESIAN_POINT ( 'NONE',  ( 34.67896222341780543, -2.260458703054892382, 0.000000000000000000 ) ) ;
#5694 = ORIENTED_EDGE ( 'NONE', *, *, #4135, .T. ) ;
#5695 = DIRECTION ( 'NONE',  ( 0.06279051952930990443, 0.9980267284282717810, 0.000000000000000000 ) ) ;
#5696 = CIRCLE ( 'NONE', #382, 1.250000000000000222 ) ;
#5697 = DIRECTION ( 'NONE',  ( 0.8090169943749467851, 0.5877852522924741363, 0.000000000000000000 ) ) ;
#5698 = CARTESIAN_POINT ( 'NONE',  ( -7.500000000000000000, 20.00000000000000000, -21.21320343559642652 ) ) ;
#5699 = ORIENTED_EDGE ( 'NONE', *, *, #4157, .T. ) ;
#5700 = VERTEX_POINT ( 'NONE', #4907 ) ;
#5701 = CYLINDRICAL_SURFACE ( 'NONE', #2394, 1.250000000000001110 ) ;
#5702 = EDGE_CURVE ( 'NONE', #3593, #2321, #354, .T. ) ;
#5703 = LINE ( 'NONE', #1643, #4481 ) ;
#5704 = EDGE_LOOP ( 'NONE', ( #59, #295 ) ) ;
#5705 = AXIS2_PLACEMENT_3D ( 'NONE', #4179, #5547, #1490 ) ;
#5706 = EDGE_LOOP ( 'NONE', ( #4300, #1715 ) ) ;
#5707 = DIRECTION ( 'NONE',  ( 1.000000000000000000, 0.000000000000000000, 0.000000000000000000 ) ) ;
#5708 = CIRCLE ( 'NONE', #3614, 1.249999999999999112 ) ;
#5709 = VERTEX_POINT ( 'NONE', #425 ) ;
#5710 = DIRECTION ( 'NONE',  ( -0.000000000000000000, 0.000000000000000000, 1.000000000000000000 ) ) ;
#5711 = CARTESIAN_POINT ( 'NONE',  ( 0.000000000000000000, 0.000000000000000000, -34.00000000000000000 ) ) ;
#5712 = ORIENTED_EDGE ( 'NONE', *, *, #3470, .F. ) ;
#5713 = EDGE_CURVE ( 'NONE', #5473, #4298, #3662, .T. ) ;
#5714 = DIRECTION ( 'NONE',  ( 0.000000000000000000, -0.000000000000000000, 1.000000000000000000 ) ) ;
#5715 = AXIS2_PLACEMENT_3D ( 'NONE', #4692, #2471, #635 ) ;
#5716 = CIRCLE ( 'NONE', #5623, 1.250000000000001110 ) ;
#5717 = FACE_OUTER_BOUND ( 'NONE', #3791, .T. ) ;
#5718 = CARTESIAN_POINT ( 'NONE',  ( 34.67896222341774859, 2.260458703055677088, -3.535533905932739085 ) ) ;
#5719 = DIRECTION ( 'NONE',  ( 0.5358267949789939921, 0.8443279255020167406, 0.000000000000000000 ) ) ;
#5720 = DIRECTION ( 'NONE',  ( 1.000000000000000000, 0.000000000000000000, 0.000000000000000000 ) ) ;
#5721 = EDGE_LOOP ( 'NONE', ( #381, #568, #4600, #5737 ) ) ;
#5722 = DIRECTION ( 'NONE',  ( 1.000000000000000000, 0.000000000000000000, 0.000000000000000000 ) ) ;
#5723 = CARTESIAN_POINT ( 'NONE',  ( 34.11234102623286191, -6.745727325085741022, 0.000000000000000000 ) ) ;
#5724 = CARTESIAN_POINT ( 'NONE',  ( -34.23803458662555954, 11.12461179749801232, -3.535533905932740861 ) ) ;
#5725 = VERTEX_POINT ( 'NONE', #2240 ) ;
#5726 = EDGE_CURVE ( 'NONE', #538, #1911, #1216, .T. ) ;
#5727 = ORIENTED_EDGE ( 'NONE', *, *, #4767, .T. ) ;
#5728 = FACE_OUTER_BOUND ( 'NONE', #1281, .T. ) ;
#5729 = DIRECTION ( 'NONE',  ( 1.000000000000000000, 0.000000000000000000, 0.000000000000000000 ) ) ;
#5730 = EDGE_CURVE ( 'NONE', #3596, #1817, #1381, .T. ) ;
#5731 = VECTOR ( 'NONE', #4829, 1000.000000000000114 ) ;
#5732 = ORIENTED_EDGE ( 'NONE', *, *, #2670, .F. ) ;
#5733 = ORIENTED_EDGE ( 'NONE', *, *, #128, .F. ) ;
#5734 = AXIS2_PLACEMENT_3D ( 'NONE', #5857, #4880, #478 ) ;
#5735 = VECTOR ( 'NONE', #1619, 1000.000000000000000 ) ;
#5736 = CARTESIAN_POINT ( 'NONE',  ( -37.17896222341777701, 2.260458703055158836, 2.000000000000000000 ) ) ;
#5737 = ORIENTED_EDGE ( 'NONE', *, *, #1473, .F. ) ;
#5739 = CARTESIAN_POINT ( 'NONE',  ( 17.34313226766200344, -31.54704048157895002, -3.535533905932740861 ) ) ;
#5738 = AXIS2_PLACEMENT_3D ( 'NONE', #544, #3273, #575 ) ;
#5740 = AXIS2_PLACEMENT_3D ( 'NONE', #2308, #4113, #3256 ) ;
#5741 = AXIS2_PLACEMENT_3D ( 'NONE', #4837, #3519, #1667 ) ;
#5742 = DIRECTION ( 'NONE',  ( -0.000000000000000000, -0.000000000000000000, -1.000000000000000000 ) ) ;
#5743 = EDGE_LOOP ( 'NONE', ( #1547, #434, #1403, #5055 ) ) ;
#5744 = EDGE_CURVE ( 'NONE', #34, #750, #5408, .T. ) ;
#5745 = LINE ( 'NONE', #3485, #1909 ) ;
#5746 = DIRECTION ( 'NONE',  ( -0.000000000000000000, -0.000000000000000000, -1.000000000000000000 ) ) ;
#5747 = AXIS2_PLACEMENT_3D ( 'NONE', #4081, #1782, #3582 ) ;
#5748 = CARTESIAN_POINT ( 'NONE',  ( 25.99999999999999645, 3.000000000000000000, -29.00000000000000000 ) ) ;
#5749 = FACE_BOUND ( 'NONE', #4436, .T. ) ;
#5750 = EDGE_CURVE ( 'NONE', #497, #904, #337, .T. ) ;
#5751 = DIRECTION ( 'NONE',  ( 0.7071067811865473507, 0.7071067811865477948, 0.000000000000000000 ) ) ;
#5752 = VECTOR ( 'NONE', #1478, 1000.000000000000000 ) ;
#5753 = ORIENTED_EDGE ( 'NONE', *, *, #5129, .F. ) ;
#5754 = CARTESIAN_POINT ( 'NONE',  ( 18.59313226766200700, -31.54704048157895002, -3.535533905932740861 ) ) ;
#5755 = VECTOR ( 'NONE', #1438, 1000.000000000000000 ) ;
#5756 = CARTESIAN_POINT ( 'NONE',  ( -13.25248389664818838, -33.47195349197713199, 2.000000000000000000 ) ) ;
#5757 = CARTESIAN_POINT ( 'NONE',  ( 0.000000000000000000, 0.000000000000000000, -34.00000000000000000 ) ) ;
#5758 = VERTEX_POINT ( 'NONE', #3623 ) ;
#5759 = VERTEX_POINT ( 'NONE', #4552 ) ;
#5760 = DIRECTION ( 'NONE',  ( -1.000000000000000000, 0.000000000000000000, 0.000000000000000000 ) ) ;
#5761 = LINE ( 'NONE', #3950, #4956 ) ;
#5762 = EDGE_LOOP ( 'NONE', ( #4791, #5017 ) ) ;
#5763 = ORIENTED_EDGE ( 'NONE', *, *, #1340, .T. ) ;
#5764 = CARTESIAN_POINT ( 'NONE',  ( 30.85449724108301695, 3.000000000000000444, -14.17744238892315600 ) ) ;
#5765 = VERTEX_POINT ( 'NONE', #1858 ) ;
#5766 = DIRECTION ( 'NONE',  ( -0.8090169943749503378, 0.5877852522924692513, 0.000000000000000000 ) ) ;
#5767 = CYLINDRICAL_SURFACE ( 'NONE', #2329, 1.250000000000000222 ) ;
#5768 = ORIENTED_EDGE ( 'NONE', *, *, #2116, .F. ) ;
#5769 = DIRECTION ( 'NONE',  ( -0.000000000000000000, -0.000000000000000000, -1.000000000000000000 ) ) ;
#5770 = LINE ( 'NONE', #1241, #3638 ) ;
#5771 = FACE_BOUND ( 'NONE', #1070, .T. ) ;
#5772 = DIRECTION ( 'NONE',  ( -0.000000000000000000, -0.000000000000000000, -1.000000000000000000 ) ) ;
#5773 = ORIENTED_EDGE ( 'NONE', *, *, #873, .F. ) ;
#5774 = FACE_OUTER_BOUND ( 'NONE', #896, .T. ) ;
#5775 = CARTESIAN_POINT ( 'NONE',  ( 21.16026908252928962, -29.12461179749791640, 2.000000000000000000 ) ) ;
#5776 = EDGE_CURVE ( 'NONE', #2309, #3430, #3655, .T. ) ;
#5777 = DIRECTION ( 'NONE',  ( -0.000000000000000000, -0.000000000000000000, -1.000000000000000000 ) ) ;
#5778 = EDGE_CURVE ( 'NONE', #4299, #5662, #2441, .T. ) ;
#5779 = CARTESIAN_POINT ( 'NONE',  ( -4.360430494053209927, 2.946216931680111895, -5.000000000000000000 ) ) ;
#5780 = ORIENTED_EDGE ( 'NONE', *, *, #1144, .T. ) ;
#5781 = AXIS2_PLACEMENT_3D ( 'NONE', #1688, #4578, #2233 ) ;
#5782 = VERTEX_POINT ( 'NONE', #1020 ) ;
#5783 = DIRECTION ( 'NONE',  ( 1.000000000000000000, 0.000000000000000000, -0.000000000000000000 ) ) ;
#5784 = EDGE_LOOP ( 'NONE', ( #1025, #4122, #154, #3280 ) ) ;
#5785 = ORIENTED_EDGE ( 'NONE', *, *, #2146, .T. ) ;
#5786 = ORIENTED_EDGE ( 'NONE', *, *, #1007, .T. ) ;
#5787 = CYLINDRICAL_SURFACE ( 'NONE', #1766, 1.250000000000000222 ) ;
#5788 = DIRECTION ( 'NONE',  ( -0.000000000000000000, -0.000000000000000000, 1.000000000000000000 ) ) ;
#5789 = EDGE_LOOP ( 'NONE', ( #1404, #136, #5288, #5635 ) ) ;
#5790 = EDGE_CURVE ( 'NONE', #5402, #4744, #4428, .T. ) ;
#5791 = FACE_OUTER_BOUND ( 'NONE', #193, .T. ) ;
#5792 = AXIS2_PLACEMENT_3D ( 'NONE', #3905, #4323, #741 ) ;
#5793 = AXIS2_PLACEMENT_3D ( 'NONE', #1023, #2774, #2832 ) ;
#5794 = DIRECTION ( 'NONE',  ( 0.7289686274214202122, -0.6845471059286794002, 0.000000000000000000 ) ) ;
#5795 = ADVANCED_FACE ( 'NONE', ( #71 ), #5062, .F. ) ;
#5796 = CYLINDRICAL_SURFACE ( 'NONE', #3245, 2.500000000000000000 ) ;
#5797 = EDGE_CURVE ( 'NONE', #98, #442, #2710, .T. ) ;
#5798 = CYLINDRICAL_SURFACE ( 'NONE', #2064, 1.250000000000001110 ) ;
#5799 = CIRCLE ( 'NONE', #1734, 7.500000000000000000 ) ;
#5800 = CIRCLE ( 'NONE', #1454, 31.00000000000000355 ) ;
#5801 = ORIENTED_EDGE ( 'NONE', *, *, #1248, .F. ) ;
#5802 = CARTESIAN_POINT ( 'NONE',  ( 0.000000000000000000, 0.000000000000000000, -4.000000000000000000 ) ) ;
#5803 = EDGE_CURVE ( 'NONE', #5374, #4549, #1673, .T. ) ;
#5804 = CIRCLE ( 'NONE', #1929, 1.250000000000001110 ) ;
#5805 = CYLINDRICAL_SURFACE ( 'NONE', #1675, 1.250000000000001110 ) ;
#5806 = VECTOR ( 'NONE', #4623, 1000.000000000000000 ) ;
#5807 = DIRECTION ( 'NONE',  ( -0.7071067811865500152, 0.7071067811865451302, 0.000000000000000000 ) ) ;
#5808 = CARTESIAN_POINT ( 'NONE',  ( -4.570306765394031245, 3.156093203020933213, -1.666683961457740004 ) ) ;
#5809 = EDGE_LOOP ( 'NONE', ( #4427, #4615, #4049, #4365 ) ) ;
#5810 = EDGE_LOOP ( 'NONE', ( #2296, #2674, #718, #5753 ) ) ;
#5811 = EDGE_CURVE ( 'NONE', #3967, #2111, #4218, .T. ) ;
#5812 = CARTESIAN_POINT ( 'NONE',  ( 21.20179551902000625, 22.61600908139326549, -5.000000000000000000 ) ) ;
#5813 = EDGE_CURVE ( 'NONE', #1817, #3596, #900, .T. ) ;
#5814 = CARTESIAN_POINT ( 'NONE',  ( 24.64369581343302329, -26.24287058717059651, 2.000000000000000000 ) ) ;
#5815 = DIRECTION ( 'NONE',  ( 0.000000000000000000, 0.000000000000000000, 1.000000000000000000 ) ) ;
#5816 = EDGE_CURVE ( 'NONE', #1633, #1982, #5458, .T. ) ;
#5817 = ORIENTED_EDGE ( 'NONE', *, *, #980, .T. ) ;
#5818 =( BOUNDED_CURVE ( )  B_SPLINE_CURVE ( 3, ( #1017, #2209, #5322, #902 ),
 .UNSPECIFIED., .F., .F. ) 
 B_SPLINE_CURVE_WITH_KNOTS ( ( 4, 4 ),
 ( 4.712388980384689674, 7.853981633974482790 ),
 .UNSPECIFIED. ) 
 CURVE ( )  GEOMETRIC_REPRESENTATION_ITEM ( )  RATIONAL_B_SPLINE_CURVE ( ( 1.000000000000000000, 0.3333333333333333703, 0.3333333333333333703, 1.000000000000000000 ) ) 
 REPRESENTATION_ITEM ( '' )  );
#5819 = ADVANCED_FACE ( 'NONE', ( #2412 ), #2799, .F. ) ;
#5820 = ORIENTED_EDGE ( 'NONE', *, *, #5638, .T. ) ;
#5821 = CIRCLE ( 'NONE', #711, 1.250000000000001110 ) ;
#5822 = ORIENTED_EDGE ( 'NONE', *, *, #5064, .F. ) ;
#5823 = DIRECTION ( 'NONE',  ( 1.000000000000000000, 0.000000000000000000, 0.000000000000000000 ) ) ;
#5824 = EDGE_CURVE ( 'NONE', #2816, #2121, #2355, .T. ) ;
#5825 = DIRECTION ( 'NONE',  ( -0.5358267949789992102, 0.8443279255020135210, 0.000000000000000000 ) ) ;
#5826 = VERTEX_POINT ( 'NONE', #94 ) ;
#5827 = AXIS2_PLACEMENT_3D ( 'NONE', #609, #4726, #4793 ) ;
#5828 = DIRECTION ( 'NONE',  ( -0.000000000000000000, -0.000000000000000000, -1.000000000000000000 ) ) ;
#5829 = CIRCLE ( 'NONE', #1762, 1.250000000000001332 ) ;
#5830 = CARTESIAN_POINT ( 'NONE',  ( 33.82377388877684865, -15.32805449634230577, 0.000000000000000000 ) ) ;
#5831 = AXIS2_PLACEMENT_3D ( 'NONE', #1224, #4385, #324 ) ;
#5832 = EDGE_LOOP ( 'NONE', ( #4746, #1744 ) ) ;
#5833 = FACE_BOUND ( 'NONE', #1121, .T. ) ;
#5834 = DIRECTION ( 'NONE',  ( 0.000000000000000000, 0.000000000000000000, 1.000000000000000000 ) ) ;
#5835 = VERTEX_POINT ( 'NONE', #3711 ) ;
#5836 = AXIS2_PLACEMENT_3D ( 'NONE', #192, #130, #5141 ) ;
#5837 = CARTESIAN_POINT ( 'NONE',  ( 21.16026908252864658, 29.12461179749838180, 2.000000000000000000 ) ) ;
#5838 = DIRECTION ( 'NONE',  ( 1.000000000000000000, 0.000000000000000000, 0.000000000000000000 ) ) ;
#5839 = CARTESIAN_POINT ( 'NONE',  ( 1.250000000000000444, 36.00000000000000000, 2.000000000000000000 ) ) ;
#5840 = AXIS2_PLACEMENT_3D ( 'NONE', #4833, #2184, #2574 ) ;
#5841 = CYLINDRICAL_SURFACE ( 'NONE', #5747, 1.250000000000001110 ) ;
#5842 = VERTEX_POINT ( 'NONE', #1916 ) ;
#5843 = ORIENTED_EDGE ( 'NONE', *, *, #5376, .T. ) ;
#5844 = EDGE_CURVE ( 'NONE', #2921, #4061, #55, .T. ) ;
#5845 = CARTESIAN_POINT ( 'NONE',  ( -30.39580531807245478, -19.28976461924402130, 0.000000000000000000 ) ) ;
#5846 = CIRCLE ( 'NONE', #1588, 1.250000000000001110 ) ;
#5847 = CARTESIAN_POINT ( 'NONE',  ( 21.16026908252864658, 29.12461179749838180, -3.535533905932740861 ) ) ;
#5848 = CARTESIAN_POINT ( 'NONE',  ( -12.00248389664818838, -33.47195349197713199, 2.000000000000000000 ) ) ;
#5849 = EDGE_LOOP ( 'NONE', ( #4576, #1310, #1885, #38 ) ) ;
#5850 = ORIENTED_EDGE ( 'NONE', *, *, #5816, .F. ) ;
#5851 = CARTESIAN_POINT ( 'NONE',  ( -16.09313226766178317, 31.54704048157906726, 2.000000000000000000 ) ) ;
#5852 = EDGE_CURVE ( 'NONE', #2738, #5842, #4125, .T. ) ;
#5853 =( BOUNDED_CURVE ( )  B_SPLINE_CURVE ( 3, ( #1993, #5602, #3349, #5157 ),
 .UNSPECIFIED., .F., .T. ) 
 B_SPLINE_CURVE_WITH_KNOTS ( ( 4, 4 ),
 ( 0.000000000000000000, 0.09692588604000929031 ),
 .UNSPECIFIED. ) 
 CURVE ( )  GEOMETRIC_REPRESENTATION_ITEM ( )  RATIONAL_B_SPLINE_CURVE ( ( 1.000000000000000000, 0.9992172676000894427, 0.9992172676000894427, 1.000000000000000000 ) ) 
 REPRESENTATION_ITEM ( '' )  );
#5854 = ORIENTED_EDGE ( 'NONE', *, *, #672, .F. ) ;
#5855 = EDGE_CURVE ( 'NONE', #5498, #391, #2908, .T. ) ;
#5856 = ORIENTED_EDGE ( 'NONE', *, *, #3879, .T. ) ;
#5857 = CARTESIAN_POINT ( 'NONE',  ( 30.39580531807271768, -19.28976461924359498, 0.000000000000000000 ) ) ;
#5858 = CARTESIAN_POINT ( 'NONE',  ( 0.000000000000000000, 20.00000000000000000, 2.000000000000000000 ) ) ;
#5859 = ORIENTED_EDGE ( 'NONE', *, *, #1607, .F. ) ;
#5860 = CARTESIAN_POINT ( 'NONE',  ( -27.73847673992830209, -22.94726363095296762, 2.000000000000000000 ) ) ;
#5861 = DIRECTION ( 'NONE',  ( -0.000000000000000000, -1.000000000000000000, -0.000000000000000000 ) ) ;
#5862 = EDGE_LOOP ( 'NONE', ( #3025, #1546 ) ) ;
#5863 = FACE_OUTER_BOUND ( 'NONE', #2927, .T. ) ;
#5864 = DIRECTION ( 'NONE',  ( 0.000000000000000000, 0.000000000000000000, -1.000000000000000000 ) ) ;
#5865 = VERTEX_POINT ( 'NONE', #1522 ) ;
#5866 = DIRECTION ( 'NONE',  ( -0.000000000000000000, -0.000000000000000000, -1.000000000000000000 ) ) ;
#5867 = DIRECTION ( 'NONE',  ( 0.000000000000000000, 0.000000000000000000, -1.000000000000000000 ) ) ;
#5868 = DIRECTION ( 'NONE',  ( 1.000000000000000000, 0.000000000000000000, 0.000000000000000000 ) ) ;
#5869 = FACE_OUTER_BOUND ( 'NONE', #5462, .T. ) ;
#5870 = VERTEX_POINT ( 'NONE', #1940 ) ;
#5871 = ORIENTED_EDGE ( 'NONE', *, *, #3470, .T. ) ;
#5872 = LINE ( 'NONE', #5398, #1930 ) ;
#5873 = DIRECTION ( 'NONE',  ( 1.000000000000000000, 0.000000000000000000, 0.000000000000000000 ) ) ;
#5874 = CARTESIAN_POINT ( 'NONE',  ( 30.85449724108301695, 3.000000000000000444, -14.00000000000000178 ) ) ;
#5875 = VERTEX_POINT ( 'NONE', #1610 ) ;
#5876 = ADVANCED_FACE ( 'NONE', ( #2850 ), #3856, .F. ) ;
#5877 = CIRCLE ( 'NONE', #5781, 1.250000000000000888 ) ;
ENDSEC;
END-ISO-10303-21;
