ISO-10303-21;
HEADER;
FILE_DESCRIPTION (( 'STEP AP214' ),
    '1' );
FILE_NAME ('Builder Part.STEP',
    '2025-01-16T18:19:52',
    ( '' ),
    ( '' ),
    'SwSTEP 2.0',
    'SolidWorks 2025',
    '' );
FILE_SCHEMA (( 'AUTOMOTIVE_DESIGN' ));
ENDSEC;

DATA;
#1 = ORIENTED_EDGE ( 'NONE', *, *, #2359, .T. ) ;
#2 = CARTESIAN_POINT ( 'NONE',  ( -31.26200674885978970, 24.95369579910449431, 8.000000000000000000 ) ) ;
#3 = LINE ( 'NONE', #2623, #3904 ) ;
#4 = DIRECTION ( 'NONE',  ( 0.000000000000000000, 0.000000000000000000, 1.000000000000000000 ) ) ;
#5 = ORIENTED_EDGE ( 'NONE', *, *, #4078, .T. ) ;
#6 = CARTESIAN_POINT ( 'NONE',  ( 41.01033628640186635, -18.52437091175380957, 10.00000000000000000 ) ) ;
#7 = VERTEX_POINT ( 'NONE', #4927 ) ;
#8 = ADVANCED_FACE ( 'NONE', ( #6127 ), #4395, .F. ) ;
#9 = EDGE_CURVE ( 'NONE', #3159, #5055, #2328, .T. ) ;
#10 = PLANE ( 'NONE',  #6584 ) ;
#11 = FACE_OUTER_BOUND ( 'NONE', #4505, .T. ) ;
#12 = CARTESIAN_POINT ( 'NONE',  ( 14.30056557909129999, 52.88227504726000916, 8.193579175013844965E-16 ) ) ;
#13 = ORIENTED_EDGE ( 'NONE', *, *, #2231, .T. ) ;
#14 = LINE ( 'NONE', #1580, #5114 ) ;
#15 = VECTOR ( 'NONE', #5930, 1000.000000000000000 ) ;
#16 = ORIENTED_EDGE ( 'NONE', *, *, #3099, .T. ) ;
#17 = PLANE ( 'NONE',  #5927 ) ;
#18 = VECTOR ( 'NONE', #1695, 1000.000000000000000 ) ;
#19 = VERTEX_POINT ( 'NONE', #4537 ) ;
#20 = DIRECTION ( 'NONE',  ( 1.000000000000000000, 0.000000000000000000, 0.000000000000000000 ) ) ;
#21 = CIRCLE ( 'NONE', #6556, 40.00000000000000000 ) ;
#22 = DIRECTION ( 'NONE',  ( 1.000000000000000000, 0.000000000000000000, 0.000000000000000000 ) ) ;
#23 = CARTESIAN_POINT ( 'NONE',  ( 4.944832808361910637, 44.72749298247497052, 10.00000000000000000 ) ) ;
#24 = VERTEX_POINT ( 'NONE', #6692 ) ;
#25 = CARTESIAN_POINT ( 'NONE',  ( 28.82786076073684711, 53.89070878269404119, 8.000000000000000000 ) ) ;
#26 = VECTOR ( 'NONE', #1062, 1000.000000000000000 ) ;
#27 = ORIENTED_EDGE ( 'NONE', *, *, #3274, .T. ) ;
#28 = AXIS2_PLACEMENT_3D ( 'NONE', #2042, #5820, #6844 ) ;
#29 = EDGE_CURVE ( 'NONE', #5616, #3938, #4954, .T. ) ;
#30 = VECTOR ( 'NONE', #3914, 1000.000000000000000 ) ;
#31 = PRODUCT_DEFINITION_CONTEXT ( 'detailed design', #3079, 'design' ) ;
#32 = VECTOR ( 'NONE', #5615, 1000.000000000000000 ) ;
#33 = CARTESIAN_POINT ( 'NONE',  ( 47.59862517110195057, -3.696035685520713265, 8.193579175013844965E-16 ) ) ;
#34 = EDGE_CURVE ( 'NONE', #4492, #4903, #4498, .T. ) ;
#35 = CIRCLE ( 'NONE', #827, 45.00000000000000711 ) ;
#36 = DIRECTION ( 'NONE',  ( 0.000000000000000000, 0.000000000000000000, 1.000000000000000000 ) ) ;
#37 = AXIS2_PLACEMENT_3D ( 'NONE', #793, #2557, #6218 ) ;
#38 = ORIENTED_EDGE ( 'NONE', *, *, #5162, .F. ) ;
#39 = CIRCLE ( 'NONE', #2749, 45.00000000000000711 ) ;
#40 = EDGE_CURVE ( 'NONE', #339, #93, #3301, .T. ) ;
#41 = FACE_OUTER_BOUND ( 'NONE', #2905, .T. ) ;
#42 = AXIS2_PLACEMENT_3D ( 'NONE', #539, #2664, #2101 ) ;
#43 = ORIENTED_EDGE ( 'NONE', *, *, #2908, .F. ) ;
#44 = CIRCLE ( 'NONE', #4886, 45.00000000000000711 ) ;
#45 = CIRCLE ( 'NONE', #5340, 40.00000000000000000 ) ;
#46 = CARTESIAN_POINT ( 'NONE',  ( 51.57160644768081426, -10.55043257842948989, 8.193579175013844965E-16 ) ) ;
#47 = AXIS2_PLACEMENT_3D ( 'NONE', #1010, #1149, #3234 ) ;
#48 = ORIENTED_EDGE ( 'NONE', *, *, #5252, .T. ) ;
#49 = DIRECTION ( 'NONE',  ( -0.000000000000000000, -0.000000000000000000, -1.000000000000000000 ) ) ;
#50 = DIRECTION ( 'NONE',  ( 1.000000000000000000, 0.000000000000000000, 0.000000000000000000 ) ) ;
#51 = ORIENTED_EDGE ( 'NONE', *, *, #3031, .F. ) ;
#52 = DIRECTION ( 'NONE',  ( 1.000000000000000000, 0.000000000000000000, 0.000000000000000000 ) ) ;
#53 = ORIENTED_EDGE ( 'NONE', *, *, #4598, .F. ) ;
#54 = APPLICATION_PROTOCOL_DEFINITION ( 'draft international standard', 'automotive_design', 1998, #557 ) ;
#55 = PLANE ( 'NONE',  #281 ) ;
#56 = CARTESIAN_POINT ( 'NONE',  ( 43.03253666103130826, 46.84757105319597770, 8.000000000000000000 ) ) ;
#57 = FACE_OUTER_BOUND ( 'NONE', #3071, .T. ) ;
#58 = CIRCLE ( 'NONE', #5920, 40.00000000000000000 ) ;
#59 = VERTEX_POINT ( 'NONE', #4993 ) ;
#60 = LINE ( 'NONE', #2704, #2420 ) ;
#61 = EDGE_CURVE ( 'NONE', #5597, #6121, #237, .T. ) ;
#62 = ORIENTED_EDGE ( 'NONE', *, *, #6744, .F. ) ;
#63 = DIRECTION ( 'NONE',  ( -0.3681245526846786964, 0.9297764858882510142, -0.000000000000000000 ) ) ;
#64 = ORIENTED_EDGE ( 'NONE', *, *, #5835, .T. ) ;
#65 = VECTOR ( 'NONE', #6767, 1000.000000000000000 ) ;
#66 = CARTESIAN_POINT ( 'NONE',  ( 4.944832808362229493, -44.72749298247493499, 8.193579175013844965E-16 ) ) ;
#67 = EDGE_CURVE ( 'NONE', #6876, #5373, #1944, .T. ) ;
#68 = FACE_OUTER_BOUND ( 'NONE', #4614, .T. ) ;
#69 = LINE ( 'NONE', #1525, #3408 ) ;
#70 = VERTEX_POINT ( 'NONE', #5628 ) ;
#71 = CARTESIAN_POINT ( 'NONE',  ( 0.000000000000000000, 0.000000000000000000, 8.000000000000000000 ) ) ;
#72 = ORIENTED_EDGE ( 'NONE', *, *, #3271, .T. ) ;
#73 = VECTOR ( 'NONE', #2559, 1000.000000000000000 ) ;
#74 = EDGE_CURVE ( 'NONE', #2371, #2262, #770, .T. ) ;
#75 = CIRCLE ( 'NONE', #2775, 45.00000000000000711 ) ;
#76 = DIRECTION ( 'NONE',  ( -0.000000000000000000, 0.000000000000000000, 1.000000000000000000 ) ) ;
#77 = DIRECTION ( 'NONE',  ( -0.2486898871648483555, -0.9685831611286327414, -0.000000000000000000 ) ) ;
#78 = VERTEX_POINT ( 'NONE', #1863 ) ;
#79 = DIRECTION ( 'NONE',  ( -0.000000000000000000, 0.000000000000000000, 1.000000000000000000 ) ) ;
#80 = EDGE_CURVE ( 'NONE', #3175, #5529, #4467, .T. ) ;
#81 = FACE_OUTER_BOUND ( 'NONE', #6801, .T. ) ;
#82 = ADVANCED_FACE ( 'NONE', ( #6618 ), #2253, .F. ) ;
#83 = EDGE_CURVE ( 'NONE', #3051, #5489, #3374, .T. ) ;
#84 = DIRECTION ( 'NONE',  ( 1.000000000000000000, 0.000000000000000000, 0.000000000000000000 ) ) ;
#85 = ORIENTED_EDGE ( 'NONE', *, *, #6975, .T. ) ;
#86 = CARTESIAN_POINT ( 'NONE',  ( 0.000000000000000000, 0.000000000000000000, 0.000000000000000000 ) ) ;
#87 = ORIENTED_EDGE ( 'NONE', *, *, #5260, .T. ) ;
#88 = DIRECTION ( 'NONE',  ( -0.9822872507286892763, 0.1873813145857214646, 0.000000000000000000 ) ) ;
#89 = ORIENTED_EDGE ( 'NONE', *, *, #200, .T. ) ;
#90 = FACE_OUTER_BOUND ( 'NONE', #5570, .T. ) ;
#91 = DIRECTION ( 'NONE',  ( 0.000000000000000000, 0.000000000000000000, 1.000000000000000000 ) ) ;
#92 = CARTESIAN_POINT ( 'NONE',  ( 0.000000000000000000, 0.000000000000000000, 0.000000000000000000 ) ) ;
#93 = VERTEX_POINT ( 'NONE', #3876 ) ;
#94 = PLANE ( 'NONE',  #2062 ) ;
#95 = ORIENTED_EDGE ( 'NONE', *, *, #5551, .T. ) ;
#96 = FACE_OUTER_BOUND ( 'NONE', #213, .T. ) ;
#97 = DIRECTION ( 'NONE',  ( 0.000000000000000000, 0.000000000000000000, 1.000000000000000000 ) ) ;
#98 = LINE ( 'NONE', #5314, #824 ) ;
#99 = CARTESIAN_POINT ( 'NONE',  ( 45.00000000000000711, 5.510910596163090344E-15, 10.00000000000000000 ) ) ;
#100 = DIRECTION ( 'NONE',  ( -0.3681245526846719240, -0.9297764858882537897, -0.000000000000000000 ) ) ;
#101 = ORIENTED_EDGE ( 'NONE', *, *, #6226, .T. ) ;
#102 = CARTESIAN_POINT ( 'NONE',  ( -21.06287761874466113, 39.76625688215809618, 3.907315377998108371E-16 ) ) ;
#103 = VERTEX_POINT ( 'NONE', #6023 ) ;
#104 = EDGE_CURVE ( 'NONE', #5437, #5917, #4978, .T. ) ;
#105 = CARTESIAN_POINT ( 'NONE',  ( 0.000000000000000000, 0.000000000000000000, 8.000000000000000000 ) ) ;
#106 = LINE ( 'NONE', #1738, #4298 ) ;
#107 = EDGE_CURVE ( 'NONE', #2383, #3065, #5564, .T. ) ;
#108 = ORIENTED_EDGE ( 'NONE', *, *, #862, .T. ) ;
#109 = FACE_OUTER_BOUND ( 'NONE', #5202, .T. ) ;
#110 = CARTESIAN_POINT ( 'NONE',  ( 36.37957734714225921, -51.26310366668197105, 8.193579175013844965E-16 ) ) ;
#111 = ADVANCED_FACE ( 'NONE', ( #1231 ), #6056, .F. ) ;
#112 = CARTESIAN_POINT ( 'NONE',  ( -30.36961316321162840, 26.03241433899059487, 8.000000000000000000 ) ) ;
#113 = VERTEX_POINT ( 'NONE', #4435 ) ;
#114 = DIRECTION ( 'NONE',  ( -0.000000000000000000, -0.000000000000000000, -1.000000000000000000 ) ) ;
#115 = ORIENTED_EDGE ( 'NONE', *, *, #4540, .T. ) ;
#116 = DIRECTION ( 'NONE',  ( 1.000000000000000000, 0.000000000000000000, 0.000000000000000000 ) ) ;
#117 = ORIENTED_EDGE ( 'NONE', *, *, #5048, .T. ) ;
#118 = ADVANCED_FACE ( 'NONE', ( #2884 ), #6650, .F. ) ;
#119 = EDGE_CURVE ( 'NONE', #5288, #6089, #3015, .T. ) ;
#120 = DIRECTION ( 'NONE',  ( -0.1253332335642974860, -0.9921147013144786531, 0.000000000000000000 ) ) ;
#121 = DIRECTION ( 'NONE',  ( 0.000000000000000000, 0.000000000000000000, 1.000000000000000000 ) ) ;
#122 = DIRECTION ( 'NONE',  ( 0.000000000000000000, 0.000000000000000000, 1.000000000000000000 ) ) ;
#123 = ORIENTED_EDGE ( 'NONE', *, *, #5070, .F. ) ;
#124 = DIRECTION ( 'NONE',  ( 1.000000000000000000, 0.000000000000000000, -0.000000000000000000 ) ) ;
#125 = ORIENTED_EDGE ( 'NONE', *, *, #1752, .T. ) ;
#126 = EDGE_CURVE ( 'NONE', #1413, #5291, #5806, .T. ) ;
#127 = DIRECTION ( 'NONE',  ( -0.9980267284282717810, 0.06279051952930998770, -0.000000000000000000 ) ) ;
#128 = DIRECTION ( 'NONE',  ( -0.000000000000000000, -0.000000000000000000, -1.000000000000000000 ) ) ;
#129 = EDGE_CURVE ( 'NONE', #939, #1007, #5550, .T. ) ;
#130 = DIRECTION ( 'NONE',  ( 0.000000000000000000, 0.000000000000000000, 1.000000000000000000 ) ) ;
#131 = VECTOR ( 'NONE', #2875, 1000.000000000000000 ) ;
#132 = DIRECTION ( 'NONE',  ( -0.000000000000000000, 0.000000000000000000, 1.000000000000000000 ) ) ;
#133 = CARTESIAN_POINT ( 'NONE',  ( 12.94454915351165702, -53.23044088929093931, 8.193579175013844965E-16 ) ) ;
#134 = VECTOR ( 'NONE', #1807, 1000.000000000000000 ) ;
#135 = ORIENTED_EDGE ( 'NONE', *, *, #3007, .F. ) ;
#136 = LINE ( 'NONE', #4185, #6691 ) ;
#137 = ORIENTED_EDGE ( 'NONE', *, *, #1327, .T. ) ;
#138 = VECTOR ( 'NONE', #758, 1000.000000000000000 ) ;
#139 = CIRCLE ( 'NONE', #6777, 45.00000000000000711 ) ;
#140 = ORIENTED_EDGE ( 'NONE', *, *, #862, .F. ) ;
#141 = LINE ( 'NONE', #2302, #4197 ) ;
#142 = VECTOR ( 'NONE', #4997, 1000.000000000000000 ) ;
#143 = AXIS2_PLACEMENT_3D ( 'NONE', #153, #2310, #5480 ) ;
#144 = ORIENTED_EDGE ( 'NONE', *, *, #2426, .F. ) ;
#145 = VECTOR ( 'NONE', #801, 1000.000000000000000 ) ;
#146 = CARTESIAN_POINT ( 'NONE',  ( -27.88796910425424258, -28.67509684796480229, 0.000000000000000000 ) ) ;
#147 = EDGE_CURVE ( 'NONE', #2240, #5609, #6297, .T. ) ;
#148 = AXIS2_PLACEMENT_3D ( 'NONE', #6079, #4949, #4490 ) ;
#149 = ADVANCED_FACE ( 'NONE', ( #842 ), #2030, .F. ) ;
#150 = VECTOR ( 'NONE', #1361, 1000.000000000000000 ) ;
#151 = VECTOR ( 'NONE', #443, 1000.000000000000000 ) ;
#152 = PLANE ( 'NONE',  #3529 ) ;
#153 = CARTESIAN_POINT ( 'NONE',  ( 0.000000000000000000, 0.000000000000000000, 8.000000000000000000 ) ) ;
#154 = CIRCLE ( 'NONE', #6011, 45.00000000000000711 ) ;
#155 = ORIENTED_EDGE ( 'NONE', *, *, #2107, .F. ) ;
#156 = DIRECTION ( 'NONE',  ( 1.000000000000000000, 0.000000000000000000, 0.000000000000000000 ) ) ;
#157 = CIRCLE ( 'NONE', #4099, 45.00000000000000711 ) ;
#158 = EDGE_LOOP ( 'NONE', ( #2075, #3116, #3057, #2467 ) ) ;
#159 = CARTESIAN_POINT ( 'NONE',  ( 14.30056557909174053, -52.88227504726012995, 3.907315377998108371E-16 ) ) ;
#160 = ORIENTED_EDGE ( 'NONE', *, *, #4896, .T. ) ;
#161 = EDGE_CURVE ( 'NONE', #1884, #4641, #1171, .T. ) ;
#162 = AXIS2_PLACEMENT_3D ( 'NONE', #5099, #1517, #1901 ) ;
#163 = DIRECTION ( 'NONE',  ( -0.5877852522924743583, 0.8090169943749465631, -0.000000000000000000 ) ) ;
#164 = CARTESIAN_POINT ( 'NONE',  ( 0.6999999999999998446, 44.99455522616041492, 8.000000000000000000 ) ) ;
#165 = EDGE_CURVE ( 'NONE', #4231, #194, #1614, .T. ) ;
#166 = DIRECTION ( 'NONE',  ( 0.000000000000000000, 0.000000000000000000, 1.000000000000000000 ) ) ;
#167 = ORIENTED_EDGE ( 'NONE', *, *, #5057, .T. ) ;
#168 = CARTESIAN_POINT ( 'NONE',  ( -34.22270386173917700, 29.21996817916992129, 10.00000000000000000 ) ) ;
#169 = VERTEX_POINT ( 'NONE', #5706 ) ;
#170 = LINE ( 'NONE', #4926, #748 ) ;
#171 = EDGE_CURVE ( 'NONE', #775, #5170, #875, .T. ) ;
#172 = DIRECTION ( 'NONE',  ( 0.4817536741017162671, -0.8763066800438630288, 0.000000000000000000 ) ) ;
#173 = CARTESIAN_POINT ( 'NONE',  ( 0.000000000000000000, 0.000000000000000000, 8.000000000000000000 ) ) ;
#174 = ADVANCED_FACE ( 'NONE', ( #3583 ), #2526, .F. ) ;
#175 = ADVANCED_FACE ( 'NONE', ( #6753 ), #6262, .F. ) ;
#176 = DIRECTION ( 'NONE',  ( 1.000000000000000000, 0.000000000000000000, 0.000000000000000000 ) ) ;
#177 = DIRECTION ( 'NONE',  ( 0.2486898871648553500, -0.9685831611286309650, 0.000000000000000000 ) ) ;
#178 = ORIENTED_EDGE ( 'NONE', *, *, #1879, .T. ) ;
#179 = DIRECTION ( 'NONE',  ( 0.000000000000000000, 0.000000000000000000, 1.000000000000000000 ) ) ;
#180 = ORIENTED_EDGE ( 'NONE', *, *, #2519, .T. ) ;
#181 = CIRCLE ( 'NONE', #3553, 40.00000000000000000 ) ;
#182 = ORIENTED_EDGE ( 'NONE', *, *, #2995, .F. ) ;
#183 = CARTESIAN_POINT ( 'NONE',  ( 0.6999999999999998446, 39.99387453098285761, 10.00000000000000000 ) ) ;
#184 = VECTOR ( 'NONE', #6124, 1000.000000000000114 ) ;
#185 = ORIENTED_EDGE ( 'NONE', *, *, #3250, .F. ) ;
#186 = DIRECTION ( 'NONE',  ( -0.000000000000000000, 0.000000000000000000, 1.000000000000000000 ) ) ;
#187 = CARTESIAN_POINT ( 'NONE',  ( 0.000000000000000000, 0.000000000000000000, 0.000000000000000000 ) ) ;
#188 = AXIS2_PLACEMENT_3D ( 'NONE', #2138, #2172, #6505 ) ;
#189 = DIRECTION ( 'NONE',  ( 1.000000000000000000, 0.000000000000000000, 0.000000000000000000 ) ) ;
#190 = VECTOR ( 'NONE', #6213, 1000.000000000000000 ) ;
#191 = DIRECTION ( 'NONE',  ( -0.8443279255020164076, 0.5358267949789945472, -0.000000000000000000 ) ) ;
#192 = EDGE_LOOP ( 'NONE', ( #2163, #6639, #6627, #681 ) ) ;
#193 = PLANE ( 'NONE',  #1739 ) ;
#194 = VERTEX_POINT ( 'NONE', #1406 ) ;
#195 = CARTESIAN_POINT ( 'NONE',  ( 36.37957734714186131, 51.26310366668217000, 8.000000000000000000 ) ) ;
#196 = ORIENTED_EDGE ( 'NONE', *, *, #6141, .T. ) ;
#197 = EDGE_CURVE ( 'NONE', #4226, #3065, #905, .T. ) ;
#198 = FACE_OUTER_BOUND ( 'NONE', #1502, .T. ) ;
#199 = CARTESIAN_POINT ( 'NONE',  ( -41.01033628640186635, 18.52437091175381667, 10.00000000000000000 ) ) ;
#200 = EDGE_CURVE ( 'NONE', #6121, #5634, #370, .T. ) ;
#201 = DIRECTION ( 'NONE',  ( -0.8090169943749507819, 0.5877852522924685852, 0.000000000000000000 ) ) ;
#202 = EDGE_LOOP ( 'NONE', ( #4352, #4669, #3854, #6760 ) ) ;
#203 = FACE_OUTER_BOUND ( 'NONE', #2033, .T. ) ;
#204 = ORIENTED_EDGE ( 'NONE', *, *, #3613, .F. ) ;
#205 = DIRECTION ( 'NONE',  ( -0.9822872507286892763, 0.1873813145857214646, -0.000000000000000000 ) ) ;
#206 = DIRECTION ( 'NONE',  ( 0.000000000000000000, 0.000000000000000000, 1.000000000000000000 ) ) ;
#207 = CARTESIAN_POINT ( 'NONE',  ( 44.05309273942128812, 45.88920510489581517, 8.193579175013844965E-16 ) ) ;
#209 = EDGE_CURVE ( 'NONE', #4118, #3982, #1280, .T. ) ;
#208 = CARTESIAN_POINT ( 'NONE',  ( 5.607921044894524698, 49.97637685009822661, 8.000000000000000000 ) ) ;
#210 = DIRECTION ( 'NONE',  ( 1.000000000000000000, 0.000000000000000000, 0.000000000000000000 ) ) ;
#211 = ORIENTED_EDGE ( 'NONE', *, *, #3314, .F. ) ;
#212 = LINE ( 'NONE', #2366, #6805 ) ;
#213 = EDGE_LOOP ( 'NONE', ( #6061, #3406, #4308, #5053 ) ) ;
#214 = EDGE_CURVE ( 'NONE', #6080, #2873, #6332, .T. ) ;
#215 = ORIENTED_EDGE ( 'NONE', *, *, #5057, .F. ) ;
#216 = DIRECTION ( 'NONE',  ( 0.000000000000000000, 0.000000000000000000, 1.000000000000000000 ) ) ;
#217 = ORIENTED_EDGE ( 'NONE', *, *, #1239, .T. ) ;
#218 = CARTESIAN_POINT ( 'NONE',  ( 37.51220113926718369, -50.44020431347250621, 8.000000000000000000 ) ) ;
#219 = DIRECTION ( 'NONE',  ( -0.000000000000000000, 1.000000000000000000, -0.000000000000000000 ) ) ;
#220 = ADVANCED_FACE ( 'NONE', ( #1469 ), #1511, .F. ) ;
#221 = CARTESIAN_POINT ( 'NONE',  ( 53.88054222770520596, 26.12788712983624251, 3.907315377998108371E-16 ) ) ;
#222 = CARTESIAN_POINT ( 'NONE',  ( 52.81372149718492892, -32.68754507241975915, 8.000000000000000000 ) ) ;
#223 = ORIENTED_EDGE ( 'NONE', *, *, #4910, .T. ) ;
#224 = CARTESIAN_POINT ( 'NONE',  ( 49.26373951239845894, -39.84602429327354400, 3.907315377998108371E-16 ) ) ;
#225 = EDGE_LOOP ( 'NONE', ( #3189, #5396, #697, #1519 ) ) ;
#226 = DIRECTION ( 'NONE',  ( 1.000000000000000000, 0.000000000000000000, 0.000000000000000000 ) ) ;
#227 = ORIENTED_EDGE ( 'NONE', *, *, #327, .F. ) ;
#228 = LINE ( 'NONE', #2384, #2838 ) ;
#229 = FACE_OUTER_BOUND ( 'NONE', #2548, .T. ) ;
#230 = CARTESIAN_POINT ( 'NONE',  ( 0.000000000000000000, 0.000000000000000000, 0.000000000000000000 ) ) ;
#231 = EDGE_CURVE ( 'NONE', #2182, #6080, #715, .T. ) ;
#232 = ORIENTED_EDGE ( 'NONE', *, *, #1922, .F. ) ;
#233 = CARTESIAN_POINT ( 'NONE',  ( 38.36523822947523144, -23.51825877048749902, 10.00000000000000000 ) ) ;
#234 = ORIENTED_EDGE ( 'NONE', *, *, #6375, .T. ) ;
#235 = DIRECTION ( 'NONE',  ( -0.000000000000000000, 0.000000000000000000, 1.000000000000000000 ) ) ;
#236 = ADVANCED_FACE ( 'NONE', ( #6725 ), #1894, .F. ) ;
#237 = LINE ( 'NONE', #3410, #30 ) ;
#238 = DIRECTION ( 'NONE',  ( 0.1253332335643045359, -0.9921147013144777649, 0.000000000000000000 ) ) ;
#239 = CARTESIAN_POINT ( 'NONE',  ( 27.88796910425445574, -28.67509684796459979, 3.907315377998108371E-16 ) ) ;
#240 = EDGE_LOOP ( 'NONE', ( #285, #4711, #5365, #1478 ) ) ;
#241 = FACE_OUTER_BOUND ( 'NONE', #510, .T. ) ;
#242 = VECTOR ( 'NONE', #4424, 1000.000000000000000 ) ;
#243 = EDGE_LOOP ( 'NONE', ( #6637, #5307, #5518, #3054 ) ) ;
#244 = ORIENTED_EDGE ( 'NONE', *, *, #422, .T. ) ;
#245 = PLANE ( 'NONE',  #2733 ) ;
#246 = VERTEX_POINT ( 'NONE', #2460 ) ;
#247 = DIRECTION ( 'NONE',  ( 1.000000000000000000, 0.000000000000000000, 0.000000000000000000 ) ) ;
#248 = VECTOR ( 'NONE', #6492, 1000.000000000000114 ) ;
#249 = CARTESIAN_POINT ( 'NONE',  ( 37.61508071650447249, 24.70031786619058778, 3.907315377998108371E-16 ) ) ;
#250 = AXIS2_PLACEMENT_3D ( 'NONE', #1594, #3249, #3324 ) ;
#251 = EDGE_CURVE ( 'NONE', #1105, #4226, #6937, .T. ) ;
#252 = AXIS2_PLACEMENT_3D ( 'NONE', #133, #5524, #177 ) ;
#253 = CARTESIAN_POINT ( 'NONE',  ( -35.88949410446942778, -17.66194250147066569, 8.000000000000000000 ) ) ;
#254 = ADVANCED_FACE ( 'NONE', ( #5865 ), #1744, .F. ) ;
#255 = CARTESIAN_POINT ( 'NONE',  ( 5.607921044894919049, -49.97637685009845399, 8.000000000000000000 ) ) ;
#256 = VECTOR ( 'NONE', #3209, 1000.000000000000000 ) ;
#257 = EDGE_CURVE ( 'NONE', #421, #388, #981, .T. ) ;
#258 = VERTEX_POINT ( 'NONE', #1183 ) ;
#259 = DIRECTION ( 'NONE',  ( -0.000000000000000000, 0.000000000000000000, 1.000000000000000000 ) ) ;
#260 = AXIS2_PLACEMENT_3D ( 'NONE', #2278, #3369, #4889 ) ;
#261 = ORIENTED_EDGE ( 'NONE', *, *, #3352, .F. ) ;
#262 = VECTOR ( 'NONE', #5967, 1000.000000000000114 ) ;
#263 = ADVANCED_FACE ( 'NONE', ( #1701 ), #3851, .F. ) ;
#264 = AXIS2_PLACEMENT_3D ( 'NONE', #1262, #2810, #172 ) ;
#265 = AXIS2_PLACEMENT_3D ( 'NONE', #5409, #1279, #5940 ) ;
#266 = FACE_OUTER_BOUND ( 'NONE', #6732, .T. ) ;
#267 = VECTOR ( 'NONE', #6430, 1000.000000000000000 ) ;
#268 = DIRECTION ( 'NONE',  ( 0.000000000000000000, 0.000000000000000000, 1.000000000000000000 ) ) ;
#269 = DIRECTION ( 'NONE',  ( -0.000000000000000000, 0.000000000000000000, 1.000000000000000000 ) ) ;
#270 = ORIENTED_EDGE ( 'NONE', *, *, #5903, .F. ) ;
#271 = DIRECTION ( 'NONE',  ( 0.000000000000000000, 0.000000000000000000, 1.000000000000000000 ) ) ;
#272 = ORIENTED_EDGE ( 'NONE', *, *, #2514, .F. ) ;
#273 = AXIS2_PLACEMENT_3D ( 'NONE', #5922, #1097, #3243 ) ;
#274 = CARTESIAN_POINT ( 'NONE',  ( 30.36961316321144011, 26.03241433899080448, 8.000000000000000000 ) ) ;
#275 = VECTOR ( 'NONE', #2465, 1000.000000000000000 ) ;
#276 = DIRECTION ( 'NONE',  ( 1.000000000000000000, 0.000000000000000000, 0.000000000000000000 ) ) ;
#277 = LINE ( 'NONE', #1304, #3182 ) ;
#278 = PLANE ( 'NONE',  #5217 ) ;
#279 = AXIS2_PLACEMENT_3D ( 'NONE', #987, #3664, #4848 ) ;
#280 = DIRECTION ( 'NONE',  ( 1.000000000000000000, 0.000000000000000000, 0.000000000000000000 ) ) ;
#281 = AXIS2_PLACEMENT_3D ( 'NONE', #4219, #3297, #5350 ) ;
#282 = EDGE_LOOP ( 'NONE', ( #838, #1191, #6741, #5557 ) ) ;
#283 = LINE ( 'NONE', #3622, #3646 ) ;
#284 = ORIENTED_EDGE ( 'NONE', *, *, #3361, .F. ) ;
#285 = ORIENTED_EDGE ( 'NONE', *, *, #6455, .T. ) ;
#286 = EDGE_CURVE ( 'NONE', #5170, #4903, #5272, .T. ) ;
#287 = CARTESIAN_POINT ( 'NONE',  ( 6.333793390202175466, 44.55202645548494900, 10.00000000000000000 ) ) ;
#288 = DIRECTION ( 'NONE',  ( -0.9685831611286327414, 0.2486898871648483555, 0.000000000000000000 ) ) ;
#289 = ORIENTED_EDGE ( 'NONE', *, *, #6274, .F. ) ;
#290 = LINE ( 'NONE', #2863, #6006 ) ;
#291 = ADVANCED_FACE ( 'NONE', ( #611 ), #3126, .F. ) ;
#292 = AXIS2_PLACEMENT_3D ( 'NONE', #3333, #1222, #3365 ) ;
#293 = FACE_OUTER_BOUND ( 'NONE', #6342, .T. ) ;
#294 = DIRECTION ( 'NONE',  ( 1.000000000000000000, 0.000000000000000000, 0.000000000000000000 ) ) ;
#295 = VECTOR ( 'NONE', #3066, 1000.000000000000000 ) ;
#296 = ORIENTED_EDGE ( 'NONE', *, *, #5501, .T. ) ;
#297 = EDGE_CURVE ( 'NONE', #3461, #3922, #2634, .T. ) ;
#298 = DIRECTION ( 'NONE',  ( 1.000000000000000000, 0.000000000000000000, 0.000000000000000000 ) ) ;
#299 = ORIENTED_EDGE ( 'NONE', *, *, #2796, .F. ) ;
#300 = AXIS2_PLACEMENT_3D ( 'NONE', #1403, #2524, #4672 ) ;
#301 = EDGE_CURVE ( 'NONE', #1972, #2425, #3327, .T. ) ;
#302 = CARTESIAN_POINT ( 'NONE',  ( -27.88796910425425679, -28.67509684796480585, 8.000000000000000000 ) ) ;
#303 = DIRECTION ( 'NONE',  ( -0.9510565162951521989, -0.3090169943749514481, -0.000000000000000000 ) ) ;
#304 = LINE ( 'NONE', #1858, #2957 ) ;
#305 = ORIENTED_EDGE ( 'NONE', *, *, #2451, .T. ) ;
#306 = FACE_OUTER_BOUND ( 'NONE', #4079, .T. ) ;
#307 = VERTEX_POINT ( 'NONE', #1042 ) ;
#308 = DIRECTION ( 'NONE',  ( 0.9685831611286309650, 0.2486898871648553500, 0.000000000000000000 ) ) ;
#309 = DIRECTION ( 'NONE',  ( 1.000000000000000000, 0.000000000000000000, 0.000000000000000000 ) ) ;
#310 = DIRECTION ( 'NONE',  ( 0.000000000000000000, 0.000000000000000000, 1.000000000000000000 ) ) ;
#311 = LINE ( 'NONE', #2363, #6574 ) ;
#312 = PLANE ( 'NONE',  #3631 ) ;
#313 = ORIENTED_EDGE ( 'NONE', *, *, #714, .F. ) ;
#314 = PLANE ( 'NONE',  #162 ) ;
#315 = ORIENTED_EDGE ( 'NONE', *, *, #4675, .F. ) ;
#316 = ORIENTED_EDGE ( 'NONE', *, *, #5853, .F. ) ;
#317 = CARTESIAN_POINT ( 'NONE',  ( -44.94972211312062171, -2.126612788741366611, 8.000000000000000000 ) ) ;
#318 = DIRECTION ( 'NONE',  ( -0.2486898871648483555, -0.9685831611286327414, 0.000000000000000000 ) ) ;
#319 = EDGE_LOOP ( 'NONE', ( #5188, #6657, #272, #766 ) ) ;
#320 = CARTESIAN_POINT ( 'NONE',  ( 0.000000000000000000, 0.000000000000000000, 0.000000000000000000 ) ) ;
#321 = CARTESIAN_POINT ( 'NONE',  ( 52.06356398421432630, -33.86960416812257790, 8.193579175013844965E-16 ) ) ;
#322 = EDGE_CURVE ( 'NONE', #997, #4799, #5895, .T. ) ;
#323 = CARTESIAN_POINT ( 'NONE',  ( 0.000000000000000000, 0.000000000000000000, 0.000000000000000000 ) ) ;
#324 = ORIENTED_EDGE ( 'NONE', *, *, #5602, .T. ) ;
#325 = CARTESIAN_POINT ( 'NONE',  ( 52.81372149718477260, 32.68754507242017127, 8.193579175013844965E-16 ) ) ;
#326 = VERTEX_POINT ( 'NONE', #644 ) ;
#327 = EDGE_CURVE ( 'NONE', #3897, #5318, #6403, .T. ) ;
#328 = CARTESIAN_POINT ( 'NONE',  ( 0.000000000000000000, 0.000000000000000000, 0.000000000000000000 ) ) ;
#329 = DIRECTION ( 'NONE',  ( -0.000000000000000000, 0.000000000000000000, 1.000000000000000000 ) ) ;
#330 = FACE_OUTER_BOUND ( 'NONE', #5636, .T. ) ;
#331 = VERTEX_POINT ( 'NONE', #6040 ) ;
#332 = ADVANCED_FACE ( 'NONE', ( #81 ), #6002, .F. ) ;
#333 = DIRECTION ( 'NONE',  ( -0.5877852522924743583, 0.8090169943749465631, 0.000000000000000000 ) ) ;
#334 = VERTEX_POINT ( 'NONE', #5302 ) ;
#335 = DIRECTION ( 'NONE',  ( 0.5877852522924743583, -0.8090169943749465631, 0.000000000000000000 ) ) ;
#336 = CARTESIAN_POINT ( 'NONE',  ( 0.000000000000000000, 0.000000000000000000, 0.000000000000000000 ) ) ;
#337 = DIRECTION ( 'NONE',  ( 1.000000000000000000, 0.000000000000000000, 0.000000000000000000 ) ) ;
#338 = DIRECTION ( 'NONE',  ( -0.9822872507286879440, -0.1873813145857285145, -0.000000000000000000 ) ) ;
#339 = VERTEX_POINT ( 'NONE', #2238 ) ;
#340 = CARTESIAN_POINT ( 'NONE',  ( 0.000000000000000000, 0.000000000000000000, 0.000000000000000000 ) ) ;
#341 = ORIENTED_EDGE ( 'NONE', *, *, #6666, .T. ) ;
#342 = CARTESIAN_POINT ( 'NONE',  ( 14.30056557909129467, 52.88227504726000916, 8.000000000000000000 ) ) ;
#343 = ORIENTED_EDGE ( 'NONE', *, *, #6752, .F. ) ;
#344 = VECTOR ( 'NONE', #91, 1000.000000000000000 ) ;
#345 = EDGE_CURVE ( 'NONE', #521, #2601, #4379, .T. ) ;
#346 = ORIENTED_EDGE ( 'NONE', *, *, #3858, .T. ) ;
#347 = CARTESIAN_POINT ( 'NONE',  ( 51.57160644768101321, 10.55043257842991267, 8.000000000000000000 ) ) ;
#348 = LINE ( 'NONE', #4127, #1380 ) ;
#349 = ORIENTED_EDGE ( 'NONE', *, *, #5664, .T. ) ;
#350 = CARTESIAN_POINT ( 'NONE',  ( 24.07412152740979039, -31.94427448985975815, 10.00000000000000000 ) ) ;
#351 = EDGE_LOOP ( 'NONE', ( #3920, #1260, #3228, #5220, #3949, #618, #6066, #4870, #1316, #6157, #4071, #2639, #4901, #2599, #5282, #878, #101, #6904, #2569, #1917, #913, #529, #968, #1242, #6855, #2212, #1985, #1493, #3013, #1278, #3151, #5280, #6892, #4175, #6327, #1623, #3663, #2148, #4998, #5544, #2826, #6383, #2039, #3989, #4579, #6528, #4989, #1687, #5977, #4830, #3269, #1236, #4000, #459, #5958, #3687, #1859, #1014, #1616, #2224, #1342, #3726, #178, #6381, #2689, #4671, #2612, #2002, #6425, #3785, #2814, #5650, #6304, #4400, #5617, #4744, #482, #3377, #574, #3366, #1906, #6522, #6689, #1223, #4570, #5943, #296, #1258, #2567, #117, #4600, #4622, #3446, #1111, #990, #6272, #2998, #6409, #6710, #6275, #3212, #349, #4553, #5047 ) ) ;
#352 = DIRECTION ( 'NONE',  ( 0.3681245526846719240, 0.9297764858882537897, 0.000000000000000000 ) ) ;
#353 = DIRECTION ( 'NONE',  ( 0.000000000000000000, 0.000000000000000000, 1.000000000000000000 ) ) ;
#354 = VERTEX_POINT ( 'NONE', #4410 ) ;
#355 = EDGE_CURVE ( 'NONE', #3475, #2894, #4984, .T. ) ;
#356 = AXIS2_PLACEMENT_3D ( 'NONE', #430, #2091, #1529 ) ;
#357 = DIRECTION ( 'NONE',  ( -0.7705132427757860336, -0.6374239897486935202, -0.000000000000000000 ) ) ;
#358 = EDGE_CURVE ( 'NONE', #719, #3624, #5507, .T. ) ;
#359 = ORIENTED_EDGE ( 'NONE', *, *, #2698, .F. ) ;
#360 = AXIS2_PLACEMENT_3D ( 'NONE', #5585, #2347, #3931 ) ;
#361 = VECTOR ( 'NONE', #2403, 1000.000000000000000 ) ;
#362 = CARTESIAN_POINT ( 'NONE',  ( 51.83394028810082688, -9.175230427409326595, 3.907315377998108371E-16 ) ) ;
#363 = DIRECTION ( 'NONE',  ( 1.000000000000000000, 0.000000000000000000, 0.000000000000000000 ) ) ;
#364 = CIRCLE ( 'NONE', #6214, 45.00000000000000711 ) ;
#365 = CARTESIAN_POINT ( 'NONE',  ( 0.7000000000000000666, -45.00000000000000711, 8.000000000000000000 ) ) ;
#366 = CIRCLE ( 'NONE', #1386, 40.00000000000000000 ) ;
#367 = ORIENTED_EDGE ( 'NONE', *, *, #6632, .T. ) ;
#368 = CARTESIAN_POINT ( 'NONE',  ( 6.333793390202496987, -44.55202645548491347, -2.143131898507865093E-16 ) ) ;
#369 = ADVANCED_FACE ( 'NONE', ( #4969 ), #152, .F. ) ;
#370 = CIRCLE ( 'NONE', #4311, 45.00000000000000711 ) ;
#371 = ORIENTED_EDGE ( 'NONE', *, *, #6591, .F. ) ;
#372 = CARTESIAN_POINT ( 'NONE',  ( 49.26373951239821736, 39.84602429327391349, 8.000000000000000000 ) ) ;
#373 = CIRCLE ( 'NONE', #1836, 40.00000000000000000 ) ;
#374 = AXIS2_PLACEMENT_3D ( 'NONE', #6503, #4975, #2315 ) ;
#375 = CARTESIAN_POINT ( 'NONE',  ( 39.15430613881724753, 8.181705860502340499, 10.00000000000000000 ) ) ;
#376 = EDGE_CURVE ( 'NONE', #6288, #2761, #2857, .T. ) ;
#377 = FACE_OUTER_BOUND ( 'NONE', #6889, .T. ) ;
#378 = PLANE ( 'NONE',  #1374 ) ;
#379 = ORIENTED_EDGE ( 'NONE', *, *, #358, .T. ) ;
#380 = DIRECTION ( 'NONE',  ( 0.000000000000000000, 0.000000000000000000, 1.000000000000000000 ) ) ;
#381 = AXIS2_PLACEMENT_3D ( 'NONE', #1204, #593, #5394 ) ;
#382 = ORIENTED_EDGE ( 'NONE', *, *, #5818, .F. ) ;
#383 = CARTESIAN_POINT ( 'NONE',  ( -43.00867684170442828, -13.23834265781925446, 3.907315377998108371E-16 ) ) ;
#384 = EDGE_CURVE ( 'NONE', #749, #354, #696, .T. ) ;
#385 = AXIS2_PLACEMENT_3D ( 'NONE', #1243, #750, #782 ) ;
#386 = ORIENTED_EDGE ( 'NONE', *, *, #2831, .F. ) ;
#387 = EDGE_CURVE ( 'NONE', #1809, #4140, #1351, .T. ) ;
#388 = VERTEX_POINT ( 'NONE', #3495 ) ;
#389 = EDGE_CURVE ( 'NONE', #2558, #2425, #6207, .T. ) ;
#390 = CIRCLE ( 'NONE', #1068, 45.00000000000000711 ) ;
#391 = DIRECTION ( 'NONE',  ( 0.9822872507286892763, -0.1873813145857214646, 0.000000000000000000 ) ) ;
#392 = AXIS2_PLACEMENT_3D ( 'NONE', #6263, #4636, #337 ) ;
#393 = LINE ( 'NONE', #1020, #6454 ) ;
#394 = CARTESIAN_POINT ( 'NONE',  ( 53.71173865395454783, 18.18802536455120844, 3.907315377998108371E-16 ) ) ;
#395 = ORIENTED_EDGE ( 'NONE', *, *, #4629, .F. ) ;
#396 = DIRECTION ( 'NONE',  ( -0.000000000000000000, 0.000000000000000000, 1.000000000000000000 ) ) ;
#397 = EDGE_LOOP ( 'NONE', ( #38, #1331, #792, #1360 ) ) ;
#398 = CARTESIAN_POINT ( 'NONE',  ( 43.03253666103166353, -46.84757105319567216, 8.000000000000000000 ) ) ;
#399 = VERTEX_POINT ( 'NONE', #820 ) ;
#400 = DIRECTION ( 'NONE',  ( -0.000000000000000000, -0.000000000000000000, -1.000000000000000000 ) ) ;
#401 = VERTEX_POINT ( 'NONE', #6707 ) ;
#402 = CIRCLE ( 'NONE', #1085, 40.00000000000000000 ) ;
#403 = CARTESIAN_POINT ( 'NONE',  ( 0.000000000000000000, 0.000000000000000000, 8.000000000000000000 ) ) ;
#404 = CARTESIAN_POINT ( 'NONE',  ( -0.6999999999999934053, 39.99387453098285761, 8.000000000000000000 ) ) ;
#405 = LINE ( 'NONE', #1463, #6682 ) ;
#406 = AXIS2_PLACEMENT_3D ( 'NONE', #3447, #3343, #5627 ) ;
#407 = ORIENTED_EDGE ( 'NONE', *, *, #286, .T. ) ;
#408 = LINE ( 'NONE', #5130, #606 ) ;
#409 = ORIENTED_EDGE ( 'NONE', *, *, #5289, .T. ) ;
#410 = CARTESIAN_POINT ( 'NONE',  ( -40.41424527821077817, 19.79112878520624008, 10.00000000000000000 ) ) ;
#411 = ADVANCED_FACE ( 'NONE', ( #5148 ), #5692, .F. ) ;
#412 = DIRECTION ( 'NONE',  ( 0.000000000000000000, 0.000000000000000000, 1.000000000000000000 ) ) ;
#413 = EDGE_CURVE ( 'NONE', #3026, #2720, #2968, .T. ) ;
#414 = DIRECTION ( 'NONE',  ( 1.000000000000000000, 0.000000000000000000, 0.000000000000000000 ) ) ;
#415 = DIRECTION ( 'NONE',  ( 1.000000000000000000, 0.000000000000000000, 0.000000000000000000 ) ) ;
#416 = ORIENTED_EDGE ( 'NONE', *, *, #4136, .T. ) ;
#417 = DIRECTION ( 'NONE',  ( 1.000000000000000000, 0.000000000000000000, -0.000000000000000000 ) ) ;
#418 = ORIENTED_EDGE ( 'NONE', *, *, #6841, .T. ) ;
#419 = CARTESIAN_POINT ( 'NONE',  ( 0.000000000000000000, 0.000000000000000000, 8.000000000000000000 ) ) ;
#420 = ORIENTED_EDGE ( 'NONE', *, *, #4845, .F. ) ;
#421 = VERTEX_POINT ( 'NONE', #1284 ) ;
#422 = EDGE_CURVE ( 'NONE', #6293, #4960, #4617, .T. ) ;
#423 = CARTESIAN_POINT ( 'NONE',  ( 53.88054222770520596, 26.12788712983624251, 8.000000000000000000 ) ) ;
#424 = PLANE ( 'NONE',  #4874 ) ;
#425 = FACE_OUTER_BOUND ( 'NONE', #3317, .T. ) ;
#426 = ORIENTED_EDGE ( 'NONE', *, *, #413, .T. ) ;
#427 = CARTESIAN_POINT ( 'NONE',  ( -36.48558511266052307, -16.39518462801823873, 10.00000000000000000 ) ) ;
#428 = ORIENTED_EDGE ( 'NONE', *, *, #5508, .F. ) ;
#429 = ADVANCED_FACE ( 'NONE', ( #5041 ), #6103, .F. ) ;
#430 = CARTESIAN_POINT ( 'NONE',  ( 0.000000000000000000, 0.000000000000000000, 8.000000000000000000 ) ) ;
#431 = ORIENTED_EDGE ( 'NONE', *, *, #3816, .T. ) ;
#432 = EDGE_CURVE ( 'NONE', #5851, #1526, #2165, .T. ) ;
#433 = CARTESIAN_POINT ( 'NONE',  ( 14.07188363172318191, 37.44305130535225601, 8.000000000000000000 ) ) ;
#434 = ORIENTED_EDGE ( 'NONE', *, *, #1806, .F. ) ;
#435 = EDGE_CURVE ( 'NONE', #1348, #1647, #6739, .T. ) ;
#436 = DIRECTION ( 'NONE',  ( -0.9822872507286892763, 0.1873813145857214646, -0.000000000000000000 ) ) ;
#437 = DIRECTION ( 'NONE',  ( 1.000000000000000000, 0.000000000000000000, 0.000000000000000000 ) ) ;
#438 = DIRECTION ( 'NONE',  ( -0.9048270524660205760, 0.4257792915650703836, -0.000000000000000000 ) ) ;
#439 = ORIENTED_EDGE ( 'NONE', *, *, #6461, .F. ) ;
#440 = PLANE ( 'NONE',  #5894 ) ;
#441 = ORIENTED_EDGE ( 'NONE', *, *, #682, .F. ) ;
#442 = DIRECTION ( 'NONE',  ( -0.9685831611286327414, 0.2486898871648483555, 0.000000000000000000 ) ) ;
#443 = DIRECTION ( 'NONE',  ( -0.000000000000000000, -0.000000000000000000, -1.000000000000000000 ) ) ;
#444 = DIRECTION ( 'NONE',  ( 1.000000000000000000, 0.000000000000000000, 0.000000000000000000 ) ) ;
#445 = DIRECTION ( 'NONE',  ( 0.9510565162951544194, -0.3090169943749446757, 0.000000000000000000 ) ) ;
#446 = ORIENTED_EDGE ( 'NONE', *, *, #2866, .T. ) ;
#447 = PLANE ( 'NONE',  #2854 ) ;
#448 = ORIENTED_EDGE ( 'NONE', *, *, #4841, .T. ) ;
#449 = CARTESIAN_POINT ( 'NONE',  ( 28.82786076073728410, -53.89070878269394882, 8.193579175013844965E-16 ) ) ;
#450 = ORIENTED_EDGE ( 'NONE', *, *, #4777, .T. ) ;
#451 = VERTEX_POINT ( 'NONE', #1942 ) ;
#452 = FACE_OUTER_BOUND ( 'NONE', #4155, .T. ) ;
#453 = FACE_OUTER_BOUND ( 'NONE', #1867, .T. ) ;
#454 = DIRECTION ( 'NONE',  ( 0.000000000000000000, 0.000000000000000000, 1.000000000000000000 ) ) ;
#455 = ORIENTED_EDGE ( 'NONE', *, *, #2705, .T. ) ;
#456 = CARTESIAN_POINT ( 'NONE',  ( -31.31117060181170331, 32.32043619050092786, 8.000000000000000000 ) ) ;
#457 = ORIENTED_EDGE ( 'NONE', *, *, #1066, .F. ) ;
#458 = CARTESIAN_POINT ( 'NONE',  ( -15.37357071196673886, -36.92767693159371589, 10.00000000000000000 ) ) ;
#459 = ORIENTED_EDGE ( 'NONE', *, *, #1292, .T. ) ;
#460 = CARTESIAN_POINT ( 'NONE',  ( -41.01033628640174555, -18.52437091175409378, 10.00000000000000000 ) ) ;
#461 = EDGE_CURVE ( 'NONE', #6983, #3355, #6069, .T. ) ;
#462 = ORIENTED_EDGE ( 'NONE', *, *, #171, .T. ) ;
#463 = CIRCLE ( 'NONE', #3737, 40.00000000000000000 ) ;
#464 = ADVANCED_FACE ( 'NONE', ( #4513 ), #6669, .F. ) ;
#465 = LINE ( 'NONE', #569, #3409 ) ;
#466 = DIRECTION ( 'NONE',  ( 0.8763066800438664705, -0.4817536741017101609, 6.505213034913025618E-16 ) ) ;
#467 = DIRECTION ( 'NONE',  ( 1.000000000000000000, 0.000000000000000000, 0.000000000000000000 ) ) ;
#468 = ORIENTED_EDGE ( 'NONE', *, *, #6633, .F. ) ;
#469 = DIRECTION ( 'NONE',  ( -0.000000000000000000, 0.000000000000000000, 1.000000000000000000 ) ) ;
#470 = AXIS2_PLACEMENT_3D ( 'NONE', #960, #4160, #4056 ) ;
#471 = ORIENTED_EDGE ( 'NONE', *, *, #301, .F. ) ;
#472 = AXIS2_PLACEMENT_3D ( 'NONE', #2928, #3002, #2899 ) ;
#473 = CARTESIAN_POINT ( 'NONE',  ( 10.62408035718555510, -38.56331049798583166, 10.00000000000000000 ) ) ;
#474 = CIRCLE ( 'NONE', #4865, 40.00000000000000000 ) ;
#475 = DIRECTION ( 'NONE',  ( 0.000000000000000000, 0.000000000000000000, 1.000000000000000000 ) ) ;
#476 = DIRECTION ( 'NONE',  ( 0.000000000000000000, 0.000000000000000000, 1.000000000000000000 ) ) ;
#477 = VECTOR ( 'NONE', #798, 1000.000000000000000 ) ;
#478 = DIRECTION ( 'NONE',  ( 1.000000000000000000, 0.000000000000000000, -0.000000000000000000 ) ) ;
#479 = VECTOR ( 'NONE', #3878, 1000.000000000000000 ) ;
#480 = VERTEX_POINT ( 'NONE', #253 ) ;
#481 = DIRECTION ( 'NONE',  ( 1.000000000000000000, 0.000000000000000000, -0.000000000000000000 ) ) ;
#482 = ORIENTED_EDGE ( 'NONE', *, *, #2338, .T. ) ;
#483 = CARTESIAN_POINT ( 'NONE',  ( 0.000000000000000000, 0.000000000000000000, 0.000000000000000000 ) ) ;
#484 = CIRCLE ( 'NONE', #5779, 45.00000000000000711 ) ;
#485 = VECTOR ( 'NONE', #4924, 1000.000000000000000 ) ;
#486 = AXIS2_PLACEMENT_3D ( 'NONE', #3155, #5479, #3689 ) ;
#487 = ORIENTED_EDGE ( 'NONE', *, *, #5095, .F. ) ;
#488 = LINE ( 'NONE', #2782, #479 ) ;
#489 = DIRECTION ( 'NONE',  ( -0.9048270524660205760, 0.4257792915650703836, -0.000000000000000000 ) ) ;
#490 = CIRCLE ( 'NONE', #6912, 40.00000000000000000 ) ;
#491 = LINE ( 'NONE', #2152, #4309 ) ;
#492 = AXIS2_PLACEMENT_3D ( 'NONE', #5367, #1664, #639 ) ;
#493 = EDGE_LOOP ( 'NONE', ( #4465, #6072, #5016, #2923 ) ) ;
#494 = LINE ( 'NONE', #3842, #2306 ) ;
#495 = ORIENTED_EDGE ( 'NONE', *, *, #5966, .F. ) ;
#496 = EDGE_CURVE ( 'NONE', #999, #2756, #3171, .T. ) ;
#497 = VECTOR ( 'NONE', #6487, 1000.000000000000000 ) ;
#498 = VECTOR ( 'NONE', #982, 1000.000000000000000 ) ;
#499 = DIRECTION ( 'NONE',  ( -0.000000000000000000, -0.000000000000000000, -1.000000000000000000 ) ) ;
#500 = FACE_OUTER_BOUND ( 'NONE', #1694, .T. ) ;
#501 = EDGE_CURVE ( 'NONE', #2975, #6394, #716, .T. ) ;
#502 = ORIENTED_EDGE ( 'NONE', *, *, #5404, .T. ) ;
#503 = VECTOR ( 'NONE', #6615, 1000.000000000000000 ) ;
#504 = DIRECTION ( 'NONE',  ( -0.5358267949789945472, -0.8443279255020164076, 6.505213034913027590E-16 ) ) ;
#505 = EDGE_LOOP ( 'NONE', ( #5979, #5884, #232, #6750 ) ) ;
#506 = EDGE_CURVE ( 'NONE', #5275, #512, #1844, .T. ) ;
#507 = DIRECTION ( 'NONE',  ( -0.9822872507286879440, -0.1873813145857285145, -0.000000000000000000 ) ) ;
#508 = CARTESIAN_POINT ( 'NONE',  ( 43.00867684170443539, 13.23834265781925623, 8.193579175013844965E-16 ) ) ;
#509 = DIRECTION ( 'NONE',  ( 1.000000000000000000, 0.000000000000000000, 0.000000000000000000 ) ) ;
#510 = EDGE_LOOP ( 'NONE', ( #4773, #6641, #5527, #2130 ) ) ;
#511 = CARTESIAN_POINT ( 'NONE',  ( 5.607921044894919049, -49.97637685009845399, 8.000000000000000000 ) ) ;
#512 = VERTEX_POINT ( 'NONE', #5007 ) ;
#513 = AXIS2_PLACEMENT_3D ( 'NONE', #4937, #3387, #643 ) ;
#514 = EDGE_CURVE ( 'NONE', #5498, #5278, #1934, .T. ) ;
#515 = CARTESIAN_POINT ( 'NONE',  ( 0.000000000000000000, 0.000000000000000000, 0.000000000000000000 ) ) ;
#516 = VECTOR ( 'NONE', #2252, 1000.000000000000114 ) ;
#517 = CARTESIAN_POINT ( 'NONE',  ( -36.48558511266053728, -16.39518462801824938, 8.000000000000000000 ) ) ;
#518 = CARTESIAN_POINT ( 'NONE',  ( 54.47663323589631545, 24.86112925638382265, 8.000000000000000000 ) ) ;
#519 = EDGE_LOOP ( 'NONE', ( #554, #5863, #6623, #2523 ) ) ;
#520 = DIRECTION ( 'NONE',  ( -0.000000000000000000, 0.000000000000000000, 1.000000000000000000 ) ) ;
#521 = VERTEX_POINT ( 'NONE', #784 ) ;
#522 = CARTESIAN_POINT ( 'NONE',  ( 52.06356398421417708, 33.86960416812299002, 8.000000000000000000 ) ) ;
#523 = EDGE_LOOP ( 'NONE', ( #4851, #778, #3999, #1787 ) ) ;
#524 = DIRECTION ( 'NONE',  ( 1.000000000000000000, 0.000000000000000000, 0.000000000000000000 ) ) ;
#525 = DIRECTION ( 'NONE',  ( -0.000000000000000000, 0.000000000000000000, 1.000000000000000000 ) ) ;
#526 = CARTESIAN_POINT ( 'NONE',  ( 5.607921044894919049, -49.97637685009845399, 8.000000000000000000 ) ) ;
#527 = VERTEX_POINT ( 'NONE', #4481 ) ;
#528 = CARTESIAN_POINT ( 'NONE',  ( 20.84967222629154904, 54.56179118725652444, 3.907315377998108371E-16 ) ) ;
#529 = ORIENTED_EDGE ( 'NONE', *, *, #6702, .T. ) ;
#530 = CARTESIAN_POINT ( 'NONE',  ( 0.000000000000000000, 0.000000000000000000, 0.000000000000000000 ) ) ;
#531 = CARTESIAN_POINT ( 'NONE',  ( 6.996881626734789528, 49.80091032310820509, 8.000000000000000000 ) ) ;
#532 = EDGE_CURVE ( 'NONE', #3267, #5000, #2412, .T. ) ;
#533 = ORIENTED_EDGE ( 'NONE', *, *, #2004, .F. ) ;
#534 = CARTESIAN_POINT ( 'NONE',  ( 0.000000000000000000, 0.000000000000000000, 10.00000000000000000 ) ) ;
#535 = ORIENTED_EDGE ( 'NONE', *, *, #3352, .T. ) ;
#536 = EDGE_CURVE ( 'NONE', #334, #6021, #5873, .T. ) ;
#537 = CARTESIAN_POINT ( 'NONE',  ( -39.95890911899811471, -1.812617449890939536, 0.000000000000000000 ) ) ;
#538 = CARTESIAN_POINT ( 'NONE',  ( 49.26373951239845894, -39.84602429327354400, 8.000000000000000000 ) ) ;
#539 = CARTESIAN_POINT ( 'NONE',  ( 52.81372149718492892, -32.68754507241975915, 8.000000000000000000 ) ) ;
#540 = ORIENTED_EDGE ( 'NONE', *, *, #3831, .T. ) ;
#541 = LINE ( 'NONE', #2589, #2296 ) ;
#542 = ORIENTED_EDGE ( 'NONE', *, *, #3388, .F. ) ;
#543 = CARTESIAN_POINT ( 'NONE',  ( 20.84967222629201800, -54.56179118725653154, 8.000000000000000000 ) ) ;
#544 = EDGE_CURVE ( 'NONE', #1833, #2912, #5315, .T. ) ;
#545 = CARTESIAN_POINT ( 'NONE',  ( 28.82786076073684711, 53.89070878269404119, 3.907315377998108371E-16 ) ) ;
#546 = EDGE_CURVE ( 'NONE', #2171, #3370, #2282, .T. ) ;
#547 = CARTESIAN_POINT ( 'NONE',  ( -4.944832808362230381, 44.72749298247493499, 10.00000000000000000 ) ) ;
#548 = DIRECTION ( 'NONE',  ( -0.9048270524660175784, -0.4257792915650767673, -0.000000000000000000 ) ) ;
#549 = ORIENTED_EDGE ( 'NONE', *, *, #4300, .F. ) ;
#550 = DIRECTION ( 'NONE',  ( 0.4817536741017162671, -0.8763066800438630288, 0.000000000000000000 ) ) ;
#551 = ORIENTED_EDGE ( 'NONE', *, *, #422, .F. ) ;
#552 = DIRECTION ( 'NONE',  ( -0.7705132427757860336, -0.6374239897486935202, -0.000000000000000000 ) ) ;
#553 = EDGE_CURVE ( 'NONE', #6983, #5373, #3111, .T. ) ;
#554 = ORIENTED_EDGE ( 'NONE', *, *, #2093, .T. ) ;
#555 = DIRECTION ( 'NONE',  ( 1.000000000000000000, 0.000000000000000000, 0.000000000000000000 ) ) ;
#556 = ADVANCED_FACE ( 'NONE', ( #3636 ), #3708, .F. ) ;
#557 = APPLICATION_CONTEXT ( 'automotive_design' ) ;
#558 = DIRECTION ( 'NONE',  ( -0.1253332335642974860, -0.9921147013144786531, -0.000000000000000000 ) ) ;
#559 = CARTESIAN_POINT ( 'NONE',  ( -45.00000000000000711, 0.000000000000000000, 10.00000000000000000 ) ) ;
#560 = ORIENTED_EDGE ( 'NONE', *, *, #1912, .F. ) ;
#561 = LINE ( 'NONE', #528, #4769 ) ;
#562 = ORIENTED_EDGE ( 'NONE', *, *, #1799, .F. ) ;
#563 = EDGE_CURVE ( 'NONE', #2779, #2383, #5193, .T. ) ;
#564 = LINE ( 'NONE', #2758, #1151 ) ;
#565 = LINE ( 'NONE', #2717, #3853 ) ;
#566 = EDGE_LOOP ( 'NONE', ( #5740, #1, #2500, #6868 ) ) ;
#567 = DIRECTION ( 'NONE',  ( 0.8443279255020126328, 0.5358267949790005424, 0.000000000000000000 ) ) ;
#568 = EDGE_LOOP ( 'NONE', ( #6592, #2257, #1505, #1355 ) ) ;
#569 = CARTESIAN_POINT ( 'NONE',  ( 48.37134592675004541, 40.92474283316000339, 3.907315377998108371E-16 ) ) ;
#570 = ORIENTED_EDGE ( 'NONE', *, *, #5796, .T. ) ;
#571 = DIRECTION ( 'NONE',  ( 0.3090169943749515036, -0.9510565162951523099, 6.505213034913028576E-16 ) ) ;
#572 = CARTESIAN_POINT ( 'NONE',  ( 0.000000000000000000, 0.000000000000000000, 8.000000000000000000 ) ) ;
#573 = ADVANCED_FACE ( 'NONE', ( #1982 ), #3173, .F. ) ;
#574 = ORIENTED_EDGE ( 'NONE', *, *, #6189, .T. ) ;
#575 = DIRECTION ( 'NONE',  ( -0.000000000000000000, 0.000000000000000000, 1.000000000000000000 ) ) ;
#576 = VERTEX_POINT ( 'NONE', #1489 ) ;
#577 = CARTESIAN_POINT ( 'NONE',  ( 44.86181538577955763, -3.523850208540625584, 10.00000000000000000 ) ) ;
#578 = ADVANCED_FACE ( 'NONE', ( #5854 ), #2014, .F. ) ;
#579 = CARTESIAN_POINT ( 'NONE',  ( 0.000000000000000000, 0.000000000000000000, 0.000000000000000000 ) ) ;
#580 = DIRECTION ( 'NONE',  ( 0.000000000000000000, 0.000000000000000000, 1.000000000000000000 ) ) ;
#581 = ADVANCED_FACE ( 'NONE', ( #500 ), #3069, .F. ) ;
#582 = DIRECTION ( 'NONE',  ( 0.000000000000000000, 0.000000000000000000, 1.000000000000000000 ) ) ;
#583 = CIRCLE ( 'NONE', #6769, 45.00000000000000711 ) ;
#584 = ORIENTED_EDGE ( 'NONE', *, *, #2399, .F. ) ;
#585 = DIRECTION ( 'NONE',  ( 0.000000000000000000, 0.000000000000000000, 1.000000000000000000 ) ) ;
#586 = VECTOR ( 'NONE', #1136, 1000.000000000000000 ) ;
#587 = ORIENTED_EDGE ( 'NONE', *, *, #1699, .F. ) ;
#588 = LINE ( 'NONE', #4258, #2216 ) ;
#589 = AXIS2_PLACEMENT_3D ( 'NONE', #6913, #1660, #6415 ) ;
#590 = ORIENTED_EDGE ( 'NONE', *, *, #6658, .F. ) ;
#591 = CARTESIAN_POINT ( 'NONE',  ( 44.94972211312059329, -2.126612788741051752, 8.000000000000000000 ) ) ;
#592 = VECTOR ( 'NONE', #2956, 1000.000000000000114 ) ;
#594 = EDGE_CURVE ( 'NONE', #103, #4377, #4797, .T. ) ;
#593 = DIRECTION ( 'NONE',  ( -0.000000000000000000, 0.000000000000000000, 1.000000000000000000 ) ) ;
#595 = CARTESIAN_POINT ( 'NONE',  ( -44.06641103065532405, 9.118739982987872139, 3.907315377998108371E-16 ) ) ;
#596 = ORIENTED_EDGE ( 'NONE', *, *, #3470, .F. ) ;
#597 = PLANE ( 'NONE',  #4551 ) ;
#598 = AXIS2_PLACEMENT_3D ( 'NONE', #3266, #4710, #417 ) ;
#599 = ORIENTED_EDGE ( 'NONE', *, *, #2570, .F. ) ;
#600 = VECTOR ( 'NONE', #191, 1000.000000000000227 ) ;
#601 = VECTOR ( 'NONE', #2847, 1000.000000000000000 ) ;
#602 = ADVANCED_FACE ( 'NONE', ( #6356 ), #5259, .F. ) ;
#603 = DIRECTION ( 'NONE',  ( 0.000000000000000000, 0.000000000000000000, 1.000000000000000000 ) ) ;
#604 = VECTOR ( 'NONE', #1451, 1000.000000000000000 ) ;
#605 = DIRECTION ( 'NONE',  ( 0.000000000000000000, 0.000000000000000000, 1.000000000000000000 ) ) ;
#606 = VECTOR ( 'NONE', #6159, 1000.000000000000227 ) ;
#607 = ORIENTED_EDGE ( 'NONE', *, *, #3397, .F. ) ;
#608 = AXIS2_PLACEMENT_3D ( 'NONE', #5523, #5135, #4995 ) ;
#609 = CARTESIAN_POINT ( 'NONE',  ( 19.88061067289450534, 34.70967184046534726, 10.00000000000000000 ) ) ;
#610 = VECTOR ( 'NONE', #849, 1000.000000000000114 ) ;
#611 = FACE_OUTER_BOUND ( 'NONE', #986, .T. ) ;
#612 = CIRCLE ( 'NONE', #6020, 45.00000000000000711 ) ;
#613 = CARTESIAN_POINT ( 'NONE',  ( 5.607921044894919049, -49.97637685009845399, 8.000000000000000000 ) ) ;
#614 = ORIENTED_EDGE ( 'NONE', *, *, #6226, .F. ) ;
#615 = PLANE ( 'NONE',  #360 ) ;
#616 = VERTEX_POINT ( 'NONE', #998 ) ;
#617 = DIRECTION ( 'NONE',  ( -0.5877852522924685852, -0.8090169943749507819, -0.000000000000000000 ) ) ;
#618 = ORIENTED_EDGE ( 'NONE', *, *, #6808, .T. ) ;
#619 = DIRECTION ( 'NONE',  ( -0.000000000000000000, -0.000000000000000000, -1.000000000000000000 ) ) ;
#620 = CARTESIAN_POINT ( 'NONE',  ( 37.82012308851961535, -13.02452646237957978, 10.00000000000000000 ) ) ;
#621 = CARTESIAN_POINT ( 'NONE',  ( -40.00000000000000000, 0.000000000000000000, 0.000000000000000000 ) ) ;
#622 = CIRCLE ( 'NONE', #513, 40.00000000000000000 ) ;
#623 = EDGE_CURVE ( 'NONE', #5910, #6150, #3286, .T. ) ;
#624 = EDGE_LOOP ( 'NONE', ( #1450, #4867, #5381, #1900 ) ) ;
#625 = FACE_OUTER_BOUND ( 'NONE', #4802, .T. ) ;
#626 = EDGE_LOOP ( 'NONE', ( #1516, #3167, #418, #6302 ) ) ;
#627 = DIRECTION ( 'NONE',  ( -0.9510565162951544194, 0.3090169943749446757, -0.000000000000000000 ) ) ;
#628 = EDGE_CURVE ( 'NONE', #3085, #7, #3677, .T. ) ;
#629 = ORIENTED_EDGE ( 'NONE', *, *, #5549, .F. ) ;
#630 = CIRCLE ( 'NONE', #861, 40.00000000000000000 ) ;
#631 = LINE ( 'NONE', #1658, #3405 ) ;
#632 = CARTESIAN_POINT ( 'NONE',  ( 36.37957734714225921, -51.26310366668197105, 8.000000000000000000 ) ) ;
#633 = CARTESIAN_POINT ( 'NONE',  ( 36.48558511266062965, -16.39518462801798648, 8.000000000000000000 ) ) ;
#634 = VERTEX_POINT ( 'NONE', #3143 ) ;
#635 = DIRECTION ( 'NONE',  ( -0.9048270524660175784, -0.4257792915650767673, 0.000000000000000000 ) ) ;
#636 = ORIENTED_EDGE ( 'NONE', *, *, #1173, .F. ) ;
#637 = AXIS2_PLACEMENT_3D ( 'NONE', #5161, #2459, #4043 ) ;
#638 = EDGE_CURVE ( 'NONE', #3075, #70, #6248, .T. ) ;
#639 = DIRECTION ( 'NONE',  ( 1.000000000000000000, 0.000000000000000000, 0.000000000000000000 ) ) ;
#640 = CARTESIAN_POINT ( 'NONE',  ( 10.62408035718555510, -38.56331049798583166, 8.000000000000000000 ) ) ;
#641 = VERTEX_POINT ( 'NONE', #2610 ) ;
#642 = EDGE_CURVE ( 'NONE', #78, #1434, #3033, .T. ) ;
#643 = DIRECTION ( 'NONE',  ( 1.000000000000000000, 0.000000000000000000, 0.000000000000000000 ) ) ;
#644 = CARTESIAN_POINT ( 'NONE',  ( -0.7000000000000000666, 44.99455522616039360, 8.193579175013844965E-16 ) ) ;
#645 = CARTESIAN_POINT ( 'NONE',  ( -44.32874487107530825, 7.743537831967709728, 10.00000000000000000 ) ) ;
#646 = EDGE_CURVE ( 'NONE', #2951, #4936, #5753, .T. ) ;
#647 = ORIENTED_EDGE ( 'NONE', *, *, #5724, .F. ) ;
#648 = DIRECTION ( 'NONE',  ( 0.000000000000000000, 0.000000000000000000, 1.000000000000000000 ) ) ;
#649 = VERTEX_POINT ( 'NONE', #4757 ) ;
#650 = DIRECTION ( 'NONE',  ( -0.000000000000000000, 0.000000000000000000, 1.000000000000000000 ) ) ;
#651 = ORIENTED_EDGE ( 'NONE', *, *, #4334, .T. ) ;
#652 = CARTESIAN_POINT ( 'NONE',  ( 0.000000000000000000, 0.000000000000000000, 8.000000000000000000 ) ) ;
#653 = DIRECTION ( 'NONE',  ( 1.000000000000000000, 0.000000000000000000, 0.000000000000000000 ) ) ;
#654 = DIRECTION ( 'NONE',  ( -0.000000000000000000, -0.000000000000000000, -1.000000000000000000 ) ) ;
#655 = EDGE_LOOP ( 'NONE', ( #3703, #3610, #3837, #901 ) ) ;
#656 = CARTESIAN_POINT ( 'NONE',  ( 0.000000000000000000, 0.000000000000000000, 8.000000000000000000 ) ) ;
#657 = VERTEX_POINT ( 'NONE', #4235 ) ;
#658 = CARTESIAN_POINT ( 'NONE',  ( 36.48558511266051596, 16.39518462801824938, 10.00000000000000000 ) ) ;
#659 = CARTESIAN_POINT ( 'NONE',  ( 39.95890911899812181, -1.812617449890662424, 10.00000000000000000 ) ) ;
#660 = DIRECTION ( 'NONE',  ( -0.000000000000000000, -0.000000000000000000, -1.000000000000000000 ) ) ;
#661 = CARTESIAN_POINT ( 'NONE',  ( 6.996881626734794857, 49.80091032310820509, 8.193579175013844965E-16 ) ) ;
#662 = EDGE_CURVE ( 'NONE', #5950, #4858, #3741, .T. ) ;
#663 = CARTESIAN_POINT ( 'NONE',  ( -0.7000000000000000666, -44.99455522616041492, 8.193579175013844965E-16 ) ) ;
#664 = VERTEX_POINT ( 'NONE', #3781 ) ;
#665 = DIRECTION ( 'NONE',  ( -0.9822872507286879440, -0.1873813145857285145, 0.000000000000000000 ) ) ;
#666 = ADVANCED_FACE ( 'NONE', ( #6422 ), #1176, .F. ) ;
#667 = EDGE_LOOP ( 'NONE', ( #850, #6733, #4749, #495 ) ) ;
#668 = ORIENTED_EDGE ( 'NONE', *, *, #1840, .F. ) ;
#669 = LINE ( 'NONE', #2819, #4524 ) ;
#670 = ORIENTED_EDGE ( 'NONE', *, *, #6264, .T. ) ;
#671 = CARTESIAN_POINT ( 'NONE',  ( 47.59862517110195057, -3.696035685520713265, 8.193579175013844965E-16 ) ) ;
#672 = EDGE_CURVE ( 'NONE', #1817, #6969, #2159, .T. ) ;
#673 = CARTESIAN_POINT ( 'NONE',  ( 44.94972211312059329, -2.126612788741052196, 10.00000000000000000 ) ) ;
#674 = DIRECTION ( 'NONE',  ( 1.000000000000000000, 0.000000000000000000, 0.000000000000000000 ) ) ;
#675 = ORIENTED_EDGE ( 'NONE', *, *, #714, .T. ) ;
#676 = LINE ( 'NONE', #6005, #2633 ) ;
#677 = EDGE_CURVE ( 'NONE', #3175, #3986, #1665, .T. ) ;
#678 = VERTEX_POINT ( 'NONE', #3354 ) ;
#679 = LINE ( 'NONE', #5513, #4003 ) ;
#680 = VECTOR ( 'NONE', #3299, 1000.000000000000000 ) ;
#681 = ORIENTED_EDGE ( 'NONE', *, *, #209, .F. ) ;
#682 = EDGE_CURVE ( 'NONE', #3771, #339, #5962, .T. ) ;
#683 = EDGE_CURVE ( 'NONE', #5597, #4799, #2234, .T. ) ;
#684 = CARTESIAN_POINT ( 'NONE',  ( 37.51220113926718369, -50.44020431347250621, 3.907315377998108371E-16 ) ) ;
#685 = DIRECTION ( 'NONE',  ( 0.000000000000000000, 0.000000000000000000, 1.000000000000000000 ) ) ;
#686 = PLANE ( 'NONE',  #3754 ) ;
#687 = VERTEX_POINT ( 'NONE', #6458 ) ;
#688 = LINE ( 'NONE', #3834, #1732 ) ;
#689 = VERTEX_POINT ( 'NONE', #3846 ) ;
#690 = CARTESIAN_POINT ( 'NONE',  ( 0.000000000000000000, 0.000000000000000000, 0.000000000000000000 ) ) ;
#691 = CARTESIAN_POINT ( 'NONE',  ( 5.607921044894919049, -49.97637685009845399, 8.000000000000000000 ) ) ;
#692 = CARTESIAN_POINT ( 'NONE',  ( -37.82012308851960825, 13.02452646237958511, 0.000000000000000000 ) ) ;
#693 = VECTOR ( 'NONE', #6534, 1000.000000000000000 ) ;
#694 = CARTESIAN_POINT ( 'NONE',  ( 10.62408035718527088, 38.56331049798590982, 10.00000000000000000 ) ) ;
#695 = CARTESIAN_POINT ( 'NONE',  ( 39.15430613881731148, -8.181705860502050953, 10.00000000000000000 ) ) ;
#696 = CIRCLE ( 'NONE', #4412, 45.00000000000000711 ) ;
#697 = ORIENTED_EDGE ( 'NONE', *, *, #4555, .F. ) ;
#698 = DIRECTION ( 'NONE',  ( -0.000000000000000000, 0.000000000000000000, 1.000000000000000000 ) ) ;
#699 = ORIENTED_EDGE ( 'NONE', *, *, #6167, .F. ) ;
#700 = AXIS2_PLACEMENT_3D ( 'NONE', #6875, #5109, #5253 ) ;
#701 = AXIS2_PLACEMENT_3D ( 'NONE', #328, #898, #5125 ) ;
#702 = CIRCLE ( 'NONE', #3197, 40.00000000000000000 ) ;
#703 = ORIENTED_EDGE ( 'NONE', *, *, #1583, .T. ) ;
#704 = LINE ( 'NONE', #2996, #5774 ) ;
#705 = CIRCLE ( 'NONE', #4645, 45.00000000000000711 ) ;
#706 = CIRCLE ( 'NONE', #143, 45.00000000000000711 ) ;
#707 = ORIENTED_EDGE ( 'NONE', *, *, #5349, .F. ) ;
#708 = CARTESIAN_POINT ( 'NONE',  ( -30.36961316321145432, -26.03241433899081159, 8.000000000000000000 ) ) ;
#709 = VECTOR ( 'NONE', #6586, 1000.000000000000114 ) ;
#710 = EDGE_CURVE ( 'NONE', #2103, #1048, #4966, .T. ) ;
#711 = CARTESIAN_POINT ( 'NONE',  ( 34.14302387201784228, 20.83876006087741928, 8.193579175013844965E-16 ) ) ;
#712 = VECTOR ( 'NONE', #2321, 1000.000000000000114 ) ;
#713 = CIRCLE ( 'NONE', #37, 40.00000000000000000 ) ;
#714 = EDGE_CURVE ( 'NONE', #4356, #5910, #1635, .T. ) ;
#715 = CIRCLE ( 'NONE', #4425, 40.00000000000000000 ) ;
#716 = LINE ( 'NONE', #2867, #134 ) ;
#717 = FACE_OUTER_BOUND ( 'NONE', #1484, .T. ) ;
#718 = VECTOR ( 'NONE', #1164, 1000.000000000000000 ) ;
#719 = VERTEX_POINT ( 'NONE', #640 ) ;
#720 = CARTESIAN_POINT ( 'NONE',  ( 5.607921044894919049, -49.97637685009845399, 8.000000000000000000 ) ) ;
#721 = VECTOR ( 'NONE', #2481, 1000.000000000000000 ) ;
#722 = ORIENTED_EDGE ( 'NONE', *, *, #2316, .F. ) ;
#723 = LINE ( 'NONE', #2872, #6705 ) ;
#724 = ORIENTED_EDGE ( 'NONE', *, *, #2698, .T. ) ;
#725 = ADVANCED_FACE ( 'NONE', ( #3813 ), #6552, .F. ) ;
#726 = AXIS2_PLACEMENT_3D ( 'NONE', #1310, #698, #3350 ) ;
#727 = CIRCLE ( 'NONE', #6467, 45.00000000000000711 ) ;
#728 = DIRECTION ( 'NONE',  ( 0.000000000000000000, 0.000000000000000000, 1.000000000000000000 ) ) ;
#729 = CARTESIAN_POINT ( 'NONE',  ( 15.37357071196700886, -36.92767693159360221, 8.000000000000000000 ) ) ;
#730 = DIRECTION ( 'NONE',  ( -0.000000000000000000, 0.000000000000000000, 1.000000000000000000 ) ) ;
#731 = AXIS2_PLACEMENT_3D ( 'NONE', #3017, #4181, #6299 ) ;
#732 = ORIENTED_EDGE ( 'NONE', *, *, #197, .T. ) ;
#733 = EDGE_CURVE ( 'NONE', #1647, #5011, #3739, .T. ) ;
#734 = CARTESIAN_POINT ( 'NONE',  ( -22.28970697080578844, -39.09180173841582473, 8.000000000000000000 ) ) ;
#735 = EDGE_LOOP ( 'NONE', ( #3560, #2232, #6441, #2123 ) ) ;
#736 = AXIS2_PLACEMENT_3D ( 'NONE', #579, #2737, #3472 ) ;
#737 = CARTESIAN_POINT ( 'NONE',  ( 43.03253666103130826, 46.84757105319597770, 8.000000000000000000 ) ) ;
#738 = CARTESIAN_POINT ( 'NONE',  ( 0.000000000000000000, 0.000000000000000000, 8.000000000000000000 ) ) ;
#739 = DIRECTION ( 'NONE',  ( 0.000000000000000000, 0.000000000000000000, 1.000000000000000000 ) ) ;
#740 = DIRECTION ( 'NONE',  ( -0.9980267284282713369, -0.06279051952931692659, 0.000000000000000000 ) ) ;
#741 = CARTESIAN_POINT ( 'NONE',  ( 11.86769907501641264, 43.40688561351591801, 10.00000000000000000 ) ) ;
#742 = ORIENTED_EDGE ( 'NONE', *, *, #5468, .F. ) ;
#743 = FACE_OUTER_BOUND ( 'NONE', #5971, .T. ) ;
#744 = ORIENTED_EDGE ( 'NONE', *, *, #1922, .T. ) ;
#745 = CIRCLE ( 'NONE', #5697, 45.00000000000000711 ) ;
#746 = VERTEX_POINT ( 'NONE', #6521 ) ;
#747 = DIRECTION ( 'NONE',  ( -0.000000000000000000, -0.000000000000000000, -1.000000000000000000 ) ) ;
#748 = VECTOR ( 'NONE', #5056, 1000.000000000000000 ) ;
#749 = VERTEX_POINT ( 'NONE', #1696 ) ;
#750 = DIRECTION ( 'NONE',  ( 0.000000000000000000, 0.000000000000000000, 1.000000000000000000 ) ) ;
#751 = CARTESIAN_POINT ( 'NONE',  ( 0.000000000000000000, 0.000000000000000000, 0.000000000000000000 ) ) ;
#752 = AXIS2_PLACEMENT_3D ( 'NONE', #3577, #5265, #3501 ) ;
#753 = CIRCLE ( 'NONE', #3112, 45.00000000000000711 ) ;
#754 = DIRECTION ( 'NONE',  ( 1.000000000000000000, 0.000000000000000000, 0.000000000000000000 ) ) ;
#755 = EDGE_CURVE ( 'NONE', #521, #6909, #106, .T. ) ;
#756 = DIRECTION ( 'NONE',  ( -0.000000000000000000, 0.000000000000000000, 1.000000000000000000 ) ) ;
#757 = ORIENTED_EDGE ( 'NONE', *, *, #4214, .T. ) ;
#758 = DIRECTION ( 'NONE',  ( -0.1253332335642974860, -0.9921147013144786531, -0.000000000000000000 ) ) ;
#759 = ORIENTED_EDGE ( 'NONE', *, *, #2796, .T. ) ;
#760 = PLANE ( 'NONE',  #4788 ) ;
#761 = EDGE_CURVE ( 'NONE', #4519, #5815, #5536, .T. ) ;
#762 = VERTEX_POINT ( 'NONE', #4375 ) ;
#763 = CARTESIAN_POINT ( 'NONE',  ( -19.88061067289451600, -34.70967184046534015, 10.00000000000000000 ) ) ;
#764 = DIRECTION ( 'NONE',  ( -0.3681245526846719240, -0.9297764858882537897, 0.000000000000000000 ) ) ;
#765 = DIRECTION ( 'NONE',  ( -0.1253332335643045359, 0.9921147013144777649, -0.000000000000000000 ) ) ;
#766 = ORIENTED_EDGE ( 'NONE', *, *, #6050, .F. ) ;
#767 = FACE_OUTER_BOUND ( 'NONE', #5168, .T. ) ;
#768 = ORIENTED_EDGE ( 'NONE', *, *, #104, .F. ) ;
#769 = CARTESIAN_POINT ( 'NONE',  ( 51.83394028810082688, -9.175230427409326595, 8.000000000000000000 ) ) ;
#770 = LINE ( 'NONE', #5058, #477 ) ;
#771 = EDGE_CURVE ( 'NONE', #6280, #5638, #669, .T. ) ;
#772 = LINE ( 'NONE', #2431, #3176 ) ;
#773 = DIRECTION ( 'NONE',  ( 0.000000000000000000, 0.000000000000000000, 1.000000000000000000 ) ) ;
#774 = CARTESIAN_POINT ( 'NONE',  ( 39.87100239165710036, -3.209854869690236701, 0.000000000000000000 ) ) ;
#775 = VERTEX_POINT ( 'NONE', #4907 ) ;
#776 = DIRECTION ( 'NONE',  ( 0.000000000000000000, 0.000000000000000000, 1.000000000000000000 ) ) ;
#777 = EDGE_CURVE ( 'NONE', #2601, #2103, #4962, .T. ) ;
#778 = ORIENTED_EDGE ( 'NONE', *, *, #1423, .T. ) ;
#779 = EDGE_LOOP ( 'NONE', ( #5139, #6096, #808, #3135 ) ) ;
#780 = LINE ( 'NONE', #2924, #592 ) ;
#781 = ORIENTED_EDGE ( 'NONE', *, *, #546, .F. ) ;
#782 = DIRECTION ( 'NONE',  ( 1.000000000000000000, 0.000000000000000000, 0.000000000000000000 ) ) ;
#783 = CARTESIAN_POINT ( 'NONE',  ( 39.95890911899812181, 1.812617449890947308, 10.00000000000000000 ) ) ;
#784 = CARTESIAN_POINT ( 'NONE',  ( 25.88082409933390693, -36.81280950891058268, 8.193579175013844965E-16 ) ) ;
#785 = DIRECTION ( 'NONE',  ( -0.000000000000000000, 0.000000000000000000, 1.000000000000000000 ) ) ;
#786 = ORIENTED_EDGE ( 'NONE', *, *, #2325, .F. ) ;
#787 = FACE_OUTER_BOUND ( 'NONE', #3310, .T. ) ;
#788 = EDGE_LOOP ( 'NONE', ( #346, #5485, #420, #786 ) ) ;
#789 = DIRECTION ( 'NONE',  ( -0.000000000000000000, 0.000000000000000000, 1.000000000000000000 ) ) ;
#790 = CARTESIAN_POINT ( 'NONE',  ( 52.06356398421417708, 33.86960416812299002, 3.907315377998108371E-16 ) ) ;
#791 = FACE_OUTER_BOUND ( 'NONE', #1760, .T. ) ;
#792 = ORIENTED_EDGE ( 'NONE', *, *, #3393, .T. ) ;
#793 = CARTESIAN_POINT ( 'NONE',  ( 0.000000000000000000, 0.000000000000000000, 8.000000000000000000 ) ) ;
#794 = VERTEX_POINT ( 'NONE', #1103 ) ;
#795 = DIRECTION ( 'NONE',  ( 0.5358267949789945472, 0.8443279255020164076, 0.000000000000000000 ) ) ;
#796 = EDGE_CURVE ( 'NONE', #5757, #5000, #1491, .T. ) ;
#797 = AXIS2_PLACEMENT_3D ( 'NONE', #6078, #121, #5555 ) ;
#798 = DIRECTION ( 'NONE',  ( 0.000000000000000000, 0.000000000000000000, 1.000000000000000000 ) ) ;
#799 = EDGE_CURVE ( 'NONE', #4618, #4032, #565, .T. ) ;
#800 = EDGE_CURVE ( 'NONE', #6959, #1095, #2498, .T. ) ;
#801 = DIRECTION ( 'NONE',  ( -0.6845471059286846183, -0.7289686274214153272, -0.000000000000000000 ) ) ;
#802 = FACE_OUTER_BOUND ( 'NONE', #1267, .T. ) ;
#803 = VERTEX_POINT ( 'NONE', #5067 ) ;
#804 = DIRECTION ( 'NONE',  ( -0.6845471059286899473, 0.7289686274214103312, 0.000000000000000000 ) ) ;
#805 = VERTEX_POINT ( 'NONE', #5037 ) ;
#806 = DIRECTION ( 'NONE',  ( -0.9980267284282717810, 0.06279051952930998770, -0.000000000000000000 ) ) ;
#807 = VERTEX_POINT ( 'NONE', #1241 ) ;
#808 = ORIENTED_EDGE ( 'NONE', *, *, #5258, .F. ) ;
#809 = EDGE_CURVE ( 'NONE', #5634, #4356, #3523, .T. ) ;
#810 = DIRECTION ( 'NONE',  ( -0.000000000000000000, 0.000000000000000000, 1.000000000000000000 ) ) ;
#811 = CARTESIAN_POINT ( 'NONE',  ( 0.000000000000000000, 0.000000000000000000, 10.00000000000000000 ) ) ;
#812 = ORIENTED_EDGE ( 'NONE', *, *, #1932, .F. ) ;
#813 = DIRECTION ( 'NONE',  ( 0.9510565162951521989, 0.3090169943749514481, 0.000000000000000000 ) ) ;
#814 = VECTOR ( 'NONE', #499, 1000.000000000000000 ) ;
#815 = AXIS2_PLACEMENT_3D ( 'NONE', #5653, #5797, #6181 ) ;
#816 = EDGE_CURVE ( 'NONE', #1606, #3022, #3067, .T. ) ;
#817 = LINE ( 'NONE', #4059, #4348 ) ;
#818 = VECTOR ( 'NONE', #4404, 1000.000000000000114 ) ;
#819 = AXIS2_PLACEMENT_3D ( 'NONE', #1795, #2785, #2292 ) ;
#820 = CARTESIAN_POINT ( 'NONE',  ( -6.333793390202497875, 44.55202645548491347, 2.143131898507867804E-16 ) ) ;
#821 = VECTOR ( 'NONE', #6146, 1000.000000000000227 ) ;
#822 = AXIS2_PLACEMENT_3D ( 'NONE', #336, #5133, #3551 ) ;
#823 = DIRECTION ( 'NONE',  ( 1.000000000000000000, 0.000000000000000000, 0.000000000000000000 ) ) ;
#824 = VECTOR ( 'NONE', #2646, 1000.000000000000000 ) ;
#825 = ORIENTED_EDGE ( 'NONE', *, *, #4475, .F. ) ;
#826 = DIRECTION ( 'NONE',  ( -0.000000000000000000, -0.000000000000000000, -1.000000000000000000 ) ) ;
#827 = AXIS2_PLACEMENT_3D ( 'NONE', #2878, #6508, #4427 ) ;
#828 = ORIENTED_EDGE ( 'NONE', *, *, #5027, .T. ) ;
#829 = AXIS2_PLACEMENT_3D ( 'NONE', #3548, #3476, #6258 ) ;
#830 = AXIS2_PLACEMENT_3D ( 'NONE', #4045, #2985, #3508 ) ;
#831 = AXIS2_PLACEMENT_3D ( 'NONE', #320, #5287, #6203 ) ;
#832 = DIRECTION ( 'NONE',  ( 1.000000000000000000, 0.000000000000000000, -0.000000000000000000 ) ) ;
#833 = CIRCLE ( 'NONE', #4968, 45.00000000000000711 ) ;
#834 = LINE ( 'NONE', #2059, #6259 ) ;
#835 = CARTESIAN_POINT ( 'NONE',  ( 0.000000000000000000, 0.000000000000000000, 8.000000000000000000 ) ) ;
#836 = ORIENTED_EDGE ( 'NONE', *, *, #4777, .F. ) ;
#837 = FACE_OUTER_BOUND ( 'NONE', #1763, .T. ) ;
#838 = ORIENTED_EDGE ( 'NONE', *, *, #3697, .F. ) ;
#839 = VECTOR ( 'NONE', #1727, 1000.000000000000000 ) ;
#840 = PLANE ( 'NONE',  #637 ) ;
#841 = AXIS2_PLACEMENT_3D ( 'NONE', #6869, #5169, #2494 ) ;
#842 = FACE_OUTER_BOUND ( 'NONE', #6973, .T. ) ;
#843 = CARTESIAN_POINT ( 'NONE',  ( 31.31117060181171752, -32.32043619050092786, 3.907315377998108371E-16 ) ) ;
#844 = EDGE_CURVE ( 'NONE', #5634, #6954, #5531, .T. ) ;
#845 = DIRECTION ( 'NONE',  ( 1.000000000000000000, 0.000000000000000000, 0.000000000000000000 ) ) ;
#846 = AXIS2_PLACEMENT_3D ( 'NONE', #3133, #6380, #2640 ) ;
#847 = DIRECTION ( 'NONE',  ( -0.000000000000000000, 0.000000000000000000, 1.000000000000000000 ) ) ;
#848 = ORIENTED_EDGE ( 'NONE', *, *, #989, .F. ) ;
#849 = DIRECTION ( 'NONE',  ( -0.2486898871648483555, -0.9685831611286327414, -0.000000000000000000 ) ) ;
#850 = ORIENTED_EDGE ( 'NONE', *, *, #2156, .F. ) ;
#851 = ADVANCED_FACE ( 'NONE', ( #4552 ), #2441, .F. ) ;
#852 = ORIENTED_EDGE ( 'NONE', *, *, #4113, .F. ) ;
#853 = DIRECTION ( 'NONE',  ( -0.1873813145857214646, -0.9822872507286892763, 6.505213034913027590E-16 ) ) ;
#854 = CARTESIAN_POINT ( 'NONE',  ( -42.57605304957949954, -14.56982178063246103, 8.000000000000000000 ) ) ;
#855 = EDGE_LOOP ( 'NONE', ( #4533, #3598, #2406, #6947, #4087, #1147, #3214, #5089, #866, #3902, #6835, #5989, #651, #2937, #4269, #5800, #6647, #873, #5662, #4504, #6377, #5171, #910, #5787, #2046, #3036, #1740, #3259, #5938, #5869, #2531, #3757, #4169, #5624, #1555, #5336, #6743, #2180, #6168, #1566, #1705, #2317, #5611, #5190, #5421, #1430, #89, #4122, #2016, #6416, #3815, #6930, #2955, #4972, #3947, #3558, #4950, #6583, #6278, #3372, #6085, #4020, #2051, #13, #3208, #4259, #3034, #407, #6236, #409, #5789, #4692, #3437, #2200, #2135, #5401, #6206, #2590, #6053, #95, #6660, #4111, #963, #3765, #2346, #1227, #4611, #6082, #2323, #6966, #3132, #4184, #1674, #4011, #1645, #1024, #1827, #2792, #3467, #5743, #6184, #5413, #1629, #4151 ) ) ;
#856 = CARTESIAN_POINT ( 'NONE',  ( 20.84967222629154904, 54.56179118725652444, 3.907315377998108371E-16 ) ) ;
#857 = AXIS2_PLACEMENT_3D ( 'NONE', #6075, #1706, #4416 ) ;
#858 = DIRECTION ( 'NONE',  ( 1.000000000000000000, 0.000000000000000000, 0.000000000000000000 ) ) ;
#859 = ADVANCED_FACE ( 'NONE', ( #4583 ), #3924, .F. ) ;
#860 = DIRECTION ( 'NONE',  ( -0.000000000000000000, 0.000000000000000000, 1.000000000000000000 ) ) ;
#861 = AXIS2_PLACEMENT_3D ( 'NONE', #5177, #5072, #858 ) ;
#862 = EDGE_CURVE ( 'NONE', #1007, #4665, #6734, .T. ) ;
#863 = ORIENTED_EDGE ( 'NONE', *, *, #4134, .F. ) ;
#864 = EDGE_CURVE ( 'NONE', #2770, #5772, #3490, .T. ) ;
#865 = CARTESIAN_POINT ( 'NONE',  ( 39.15430613881724753, 8.181705860502338723, 8.000000000000000000 ) ) ;
#866 = ORIENTED_EDGE ( 'NONE', *, *, #1405, .T. ) ;
#867 = EDGE_CURVE ( 'NONE', #775, #4492, #704, .T. ) ;
#868 = LINE ( 'NONE', #2021, #2953 ) ;
#869 = CARTESIAN_POINT ( 'NONE',  ( -39.95890911899812181, -1.812617449890939980, 10.00000000000000000 ) ) ;
#870 = DIRECTION ( 'NONE',  ( 0.000000000000000000, 0.000000000000000000, 1.000000000000000000 ) ) ;
#871 = EDGE_LOOP ( 'NONE', ( #6028, #5240, #562, #6202 ) ) ;
#872 = DIRECTION ( 'NONE',  ( -0.000000000000000000, -0.000000000000000000, -1.000000000000000000 ) ) ;
#873 = ORIENTED_EDGE ( 'NONE', *, *, #638, .T. ) ;
#874 = DIRECTION ( 'NONE',  ( -0.2486898871648553500, 0.9685831611286309650, 0.000000000000000000 ) ) ;
#875 = LINE ( 'NONE', #1963, #6785 ) ;
#876 = LINE ( 'NONE', #1470, #498 ) ;
#877 = DIRECTION ( 'NONE',  ( 1.000000000000000000, 0.000000000000000000, 0.000000000000000000 ) ) ;
#878 = ORIENTED_EDGE ( 'NONE', *, *, #1636, .T. ) ;
#879 = LINE ( 'NONE', #2947, #5546 ) ;
#880 = EDGE_LOOP ( 'NONE', ( #5822, #1976, #5632, #4002 ) ) ;
#881 = DIRECTION ( 'NONE',  ( -1.000000000000000000, 0.000000000000000000, 0.000000000000000000 ) ) ;
#882 = ORIENTED_EDGE ( 'NONE', *, *, #3561, .T. ) ;
#883 = ORIENTED_EDGE ( 'NONE', *, *, #1233, .T. ) ;
#884 = CARTESIAN_POINT ( 'NONE',  ( 10.62408035718527266, 38.56331049798590271, 8.000000000000000000 ) ) ;
#885 = CARTESIAN_POINT ( 'NONE',  ( 12.94454915351166235, -53.23044088929093220, 8.000000000000000000 ) ) ;
#886 = ADVANCED_FACE ( 'NONE', ( #6065 ), #245, .F. ) ;
#887 = ORIENTED_EDGE ( 'NONE', *, *, #4331, .F. ) ;
#888 = DIRECTION ( 'NONE',  ( 1.000000000000000000, 0.000000000000000000, -0.000000000000000000 ) ) ;
#889 = EDGE_LOOP ( 'NONE', ( #1445, #1931, #2389, #51 ) ) ;
#890 = DIRECTION ( 'NONE',  ( 1.000000000000000000, 0.000000000000000000, 0.000000000000000000 ) ) ;
#891 = CARTESIAN_POINT ( 'NONE',  ( 28.82786076073728410, -53.89070878269394882, 8.193579175013844965E-16 ) ) ;
#892 = EDGE_CURVE ( 'NONE', #2821, #1291, #5003, .T. ) ;
#893 = ORIENTED_EDGE ( 'NONE', *, *, #345, .F. ) ;
#894 = DIRECTION ( 'NONE',  ( -0.8443279255020126328, -0.5358267949790005424, -0.000000000000000000 ) ) ;
#895 = VERTEX_POINT ( 'NONE', #4477 ) ;
#896 = ADVANCED_FACE ( 'NONE', ( #5682 ), #4446, .F. ) ;
#897 = ADVANCED_FACE ( 'NONE', ( #5574 ), #3460, .F. ) ;
#898 = DIRECTION ( 'NONE',  ( 0.000000000000000000, 0.000000000000000000, 1.000000000000000000 ) ) ;
#899 = CARTESIAN_POINT ( 'NONE',  ( -44.86181538577952921, 3.523850208540630469, 3.907315377998108371E-16 ) ) ;
#900 = LINE ( 'NONE', #5052, #2191 ) ;
#901 = ORIENTED_EDGE ( 'NONE', *, *, #5048, .F. ) ;
#902 = CARTESIAN_POINT ( 'NONE',  ( -15.91275697575429682, -42.09256662916367020, 8.193579175013844965E-16 ) ) ;
#903 = VERTEX_POINT ( 'NONE', #3422 ) ;
#904 = DIRECTION ( 'NONE',  ( 0.000000000000000000, 0.000000000000000000, 1.000000000000000000 ) ) ;
#905 = LINE ( 'NONE', #2561, #3411 ) ;
#906 = DIRECTION ( 'NONE',  ( 0.000000000000000000, 0.000000000000000000, 1.000000000000000000 ) ) ;
#907 = DIRECTION ( 'NONE',  ( -0.3681245526846719240, -0.9297764858882537897, -0.000000000000000000 ) ) ;
#908 = ORIENTED_EDGE ( 'NONE', *, *, #4759, .T. ) ;
#909 = DIRECTION ( 'NONE',  ( 1.000000000000000000, 0.000000000000000000, 0.000000000000000000 ) ) ;
#910 = ORIENTED_EDGE ( 'NONE', *, *, #3344, .T. ) ;
#911 = LINE ( 'NONE', #1412, #2641 ) ;
#912 = ORIENTED_EDGE ( 'NONE', *, *, #2026, .T. ) ;
#913 = ORIENTED_EDGE ( 'NONE', *, *, #2426, .T. ) ;
#914 = PLANE ( 'NONE',  #1388 ) ;
#915 = AXIS2_PLACEMENT_3D ( 'NONE', #1785, #268, #4567 ) ;
#916 = LINE ( 'NONE', #4091, #5994 ) ;
#917 = EDGE_LOOP ( 'NONE', ( #2477, #1415, #3468, #4358 ) ) ;
#918 = CARTESIAN_POINT ( 'NONE',  ( -14.07188363172345547, 37.44305130535214232, 8.000000000000000000 ) ) ;
#919 = EDGE_LOOP ( 'NONE', ( #3709, #3951, #4915, #1464 ) ) ;
#920 = CARTESIAN_POINT ( 'NONE',  ( -33.39286635904738887, 22.02081915658000710, 10.00000000000000000 ) ) ;
#921 = CARTESIAN_POINT ( 'NONE',  ( 0.000000000000000000, 0.000000000000000000, 0.000000000000000000 ) ) ;
#922 = EDGE_CURVE ( 'NONE', #3026, #1770, #141, .T. ) ;
#923 = ORIENTED_EDGE ( 'NONE', *, *, #6829, .F. ) ;
#924 = AXIS2_PLACEMENT_3D ( 'NONE', #6372, #4779, #754 ) ;
#925 = CARTESIAN_POINT ( 'NONE',  ( -38.25274688064452988, 11.69304733956637676, 10.00000000000000000 ) ) ;
#926 = VERTEX_POINT ( 'NONE', #4506 ) ;
#927 = EDGE_CURVE ( 'NONE', #512, #7, #6662, .T. ) ;
#928 = VECTOR ( 'NONE', #3882, 1000.000000000000227 ) ;
#929 = AXIS2_PLACEMENT_3D ( 'NONE', #1709, #3367, #5591 ) ;
#930 = VECTOR ( 'NONE', #6843, 1000.000000000000227 ) ;
#931 = PLANE ( 'NONE',  #2618 ) ;
#932 = LINE ( 'NONE', #4667, #6265 ) ;
#933 = VECTOR ( 'NONE', #5497, 1000.000000000000000 ) ;
#934 = LINE ( 'NONE', #5266, #2410 ) ;
#935 = VECTOR ( 'NONE', #6212, 1000.000000000000114 ) ;
#936 = VERTEX_POINT ( 'NONE', #1314 ) ;
#937 = CARTESIAN_POINT ( 'NONE',  ( 41.01033628640186635, -18.52437091175380601, 8.000000000000000000 ) ) ;
#938 = AXIS2_PLACEMENT_3D ( 'NONE', #2391, #3978, #6162 ) ;
#939 = VERTEX_POINT ( 'NONE', #5610 ) ;
#940 = CARTESIAN_POINT ( 'NONE',  ( 25.88082409933390693, -36.81280950891058268, 8.000000000000000000 ) ) ;
#941 = EDGE_CURVE ( 'NONE', #4221, #2145, #780, .T. ) ;
#942 = AXIS2_PLACEMENT_3D ( 'NONE', #1786, #730, #2774 ) ;
#943 = CIRCLE ( 'NONE', #1843, 40.00000000000000000 ) ;
#944 = DIRECTION ( 'NONE',  ( -0.4817536741017162671, 0.8763066800438630288, -0.000000000000000000 ) ) ;
#945 = FACE_OUTER_BOUND ( 'NONE', #6720, .T. ) ;
#946 = ADVANCED_FACE ( 'NONE', ( #4612 ), #5142, .F. ) ;
#947 = CARTESIAN_POINT ( 'NONE',  ( 0.000000000000000000, 0.000000000000000000, 8.000000000000000000 ) ) ;
#948 = ORIENTED_EDGE ( 'NONE', *, *, #5216, .F. ) ;
#949 = CARTESIAN_POINT ( 'NONE',  ( 0.000000000000000000, 0.000000000000000000, 0.000000000000000000 ) ) ;
#950 = VECTOR ( 'NONE', #6266, 1000.000000000000000 ) ;
#951 = ORIENTED_EDGE ( 'NONE', *, *, #683, .T. ) ;
#952 = DIRECTION ( 'NONE',  ( -0.000000000000000000, 0.000000000000000000, 1.000000000000000000 ) ) ;
#953 = AXIS2_PLACEMENT_3D ( 'NONE', #3385, #1876, #813 ) ;
#954 = ORIENTED_EDGE ( 'NONE', *, *, #327, .T. ) ;
#955 = ORIENTED_EDGE ( 'NONE', *, *, #532, .F. ) ;
#956 = AXIS2_PLACEMENT_3D ( 'NONE', #71, #1065, #5988 ) ;
#957 = DIRECTION ( 'NONE',  ( -0.9822872507286879440, -0.1873813145857285145, 0.000000000000000000 ) ) ;
#958 = EDGE_CURVE ( 'NONE', #2786, #2715, #5782, .T. ) ;
#959 = DIRECTION ( 'NONE',  ( -0.000000000000000000, 0.000000000000000000, 1.000000000000000000 ) ) ;
#960 = CARTESIAN_POINT ( 'NONE',  ( 0.000000000000000000, 0.000000000000000000, 0.000000000000000000 ) ) ;
#961 = ORIENTED_EDGE ( 'NONE', *, *, #1104, .F. ) ;
#962 = DIRECTION ( 'NONE',  ( -0.9048270524660205760, 0.4257792915650703836, -0.000000000000000000 ) ) ;
#963 = ORIENTED_EDGE ( 'NONE', *, *, #4086, .T. ) ;
#964 = DIRECTION ( 'NONE',  ( 0.000000000000000000, 0.000000000000000000, 1.000000000000000000 ) ) ;
#965 = AXIS2_PLACEMENT_3D ( 'NONE', #1812, #6531, #88 ) ;
#966 = ORIENTED_EDGE ( 'NONE', *, *, #1178, .F. ) ;
#967 = DIRECTION ( 'NONE',  ( -0.000000000000000000, -0.000000000000000000, -1.000000000000000000 ) ) ;
#968 = ORIENTED_EDGE ( 'NONE', *, *, #6328, .T. ) ;
#969 = AXIS2_PLACEMENT_3D ( 'NONE', #5952, #1127, #3207 ) ;
#970 = EDGE_CURVE ( 'NONE', #3332, #5973, #6306, .T. ) ;
#971 = ADVANCED_FACE ( 'NONE', ( #3593 ), #914, .F. ) ;
#972 = LINE ( 'NONE', #3118, #1170 ) ;
#973 = LINE ( 'NONE', #4172, #1545 ) ;
#974 = ADVANCED_FACE ( 'NONE', ( #452 ), #1974, .F. ) ;
#975 = DIRECTION ( 'NONE',  ( -0.000000000000000000, 0.000000000000000000, 1.000000000000000000 ) ) ;
#976 = ORIENTED_EDGE ( 'NONE', *, *, #5059, .F. ) ;
#977 = CARTESIAN_POINT ( 'NONE',  ( -31.31117060181171041, 32.32043619050093497, 10.00000000000000000 ) ) ;
#978 = VECTOR ( 'NONE', #4210, 1000.000000000000000 ) ;
#979 = ORIENTED_EDGE ( 'NONE', *, *, #5369, .F. ) ;
#980 = PRODUCT_CONTEXT ( 'NONE', #557, 'mechanical' ) ;
#981 = LINE ( 'NONE', #6526, #6227 ) ;
#982 = DIRECTION ( 'NONE',  ( -0.000000000000000000, -0.000000000000000000, -1.000000000000000000 ) ) ;
#983 = DIRECTION ( 'NONE',  ( -0.000000000000000000, 0.000000000000000000, 1.000000000000000000 ) ) ;
#984 = ORIENTED_EDGE ( 'NONE', *, *, #3379, .T. ) ;
#985 = LINE ( 'NONE', #12, #1168 ) ;
#986 = EDGE_LOOP ( 'NONE', ( #6269, #2168, #4840, #6008 ) ) ;
#987 = CARTESIAN_POINT ( 'NONE',  ( 51.83394028810103293, 9.175230427409749367, 8.193579175013844965E-16 ) ) ;
#988 = EDGE_LOOP ( 'NONE', ( #1604, #955, #53, #3574 ) ) ;
#989 = EDGE_CURVE ( 'NONE', #527, #1298, #5716, .T. ) ;
#990 = ORIENTED_EDGE ( 'NONE', *, *, #3356, .T. ) ;
#991 = DIRECTION ( 'NONE',  ( 0.7289686274214103312, 0.6845471059286899473, 0.000000000000000000 ) ) ;
#993 = ADVANCED_FACE ( 'NONE', ( #2603 ), #2468, .F. ) ;
#992 = CARTESIAN_POINT ( 'NONE',  ( 21.06287761874437692, 39.76625688215823828, 10.00000000000000000 ) ) ;
#994 = LINE ( 'NONE', #4293, #5886 ) ;
#995 = ORIENTED_EDGE ( 'NONE', *, *, #5951, .F. ) ;
#996 = DIRECTION ( 'NONE',  ( 0.000000000000000000, 0.000000000000000000, 1.000000000000000000 ) ) ;
#997 = VERTEX_POINT ( 'NONE', #884 ) ;
#998 = CARTESIAN_POINT ( 'NONE',  ( -40.41424527821065027, -19.79112878520652785, 8.000000000000000000 ) ) ;
#999 = VERTEX_POINT ( 'NONE', #3024 ) ;
#1000 = CARTESIAN_POINT ( 'NONE',  ( 42.57605304957949954, 14.56982178063246813, 8.000000000000000000 ) ) ;
#1001 = ORIENTED_EDGE ( 'NONE', *, *, #4300, .T. ) ;
#1002 = DIRECTION ( 'NONE',  ( -0.7705132427757904745, 0.6374239897486881912, -0.000000000000000000 ) ) ;
#1003 = DIRECTION ( 'NONE',  ( 1.000000000000000000, 0.000000000000000000, -0.000000000000000000 ) ) ;
#1004 = DIRECTION ( 'NONE',  ( 1.000000000000000000, 0.000000000000000000, 0.000000000000000000 ) ) ;
#1005 = VERTEX_POINT ( 'NONE', #317 ) ;
#1006 = DIRECTION ( 'NONE',  ( 0.000000000000000000, 0.000000000000000000, 1.000000000000000000 ) ) ;
#1007 = VERTEX_POINT ( 'NONE', #4228 ) ;
#1008 = FACE_OUTER_BOUND ( 'NONE', #3192, .T. ) ;
#1009 = DIRECTION ( 'NONE',  ( -0.000000000000000000, 0.000000000000000000, 1.000000000000000000 ) ) ;
#1010 = CARTESIAN_POINT ( 'NONE',  ( 49.26373951239845894, -39.84602429327354400, 8.000000000000000000 ) ) ;
#1011 = LINE ( 'NONE', #1999, #950 ) ;
#1012 = CARTESIAN_POINT ( 'NONE',  ( -15.37357071196700531, 36.92767693159360221, 10.00000000000000000 ) ) ;
#1013 = EDGE_CURVE ( 'NONE', #78, #6445, #2008, .T. ) ;
#1014 = ORIENTED_EDGE ( 'NONE', *, *, #4015, .T. ) ;
#1015 = CARTESIAN_POINT ( 'NONE',  ( 0.000000000000000000, 0.000000000000000000, 0.000000000000000000 ) ) ;
#1016 = ORIENTED_EDGE ( 'NONE', *, *, #119, .F. ) ;
#1017 = ADVANCED_FACE ( 'NONE', ( #6910 ), #6763, .F. ) ;
#1018 = ORIENTED_EDGE ( 'NONE', *, *, #6437, .T. ) ;
#1019 = CARTESIAN_POINT ( 'NONE',  ( 47.68653189844327045, 2.298798265721484047, 8.193579175013844965E-16 ) ) ;
#1020 = CARTESIAN_POINT ( 'NONE',  ( 54.47663323589631545, 24.86112925638382265, 8.000000000000000000 ) ) ;
#1021 = DIRECTION ( 'NONE',  ( 0.000000000000000000, 0.000000000000000000, 1.000000000000000000 ) ) ;
#1022 = ORIENTED_EDGE ( 'NONE', *, *, #1405, .F. ) ;
#1023 = CARTESIAN_POINT ( 'NONE',  ( 0.000000000000000000, 0.000000000000000000, 0.000000000000000000 ) ) ;
#1024 = ORIENTED_EDGE ( 'NONE', *, *, #5406, .T. ) ;
#1025 = EDGE_CURVE ( 'NONE', #2128, #3351, #4687, .T. ) ;
#1026 = LINE ( 'NONE', #33, #248 ) ;
#1027 = DIRECTION ( 'NONE',  ( -0.4817536741017162671, 0.8763066800438630288, -0.000000000000000000 ) ) ;
#1028 = EDGE_LOOP ( 'NONE', ( #1466, #3419, #72, #1324 ) ) ;
#1029 = ADVANCED_FACE ( 'NONE', ( #3564 ), #1481, .F. ) ;
#1030 = CARTESIAN_POINT ( 'NONE',  ( 10.51168264943633268, 43.75505145554670605, 3.907315377998108371E-16 ) ) ;
#1031 = VERTEX_POINT ( 'NONE', #4088 ) ;
#1032 = CARTESIAN_POINT ( 'NONE',  ( 38.25274688064444462, 11.69304733956665032, 8.000000000000000000 ) ) ;
#1033 = VECTOR ( 'NONE', #3601, 1000.000000000000000 ) ;
#1034 = CARTESIAN_POINT ( 'NONE',  ( 5.607921044894919049, -49.97637685009845399, 8.000000000000000000 ) ) ;
#1035 = DIRECTION ( 'NONE',  ( 0.000000000000000000, 0.000000000000000000, 1.000000000000000000 ) ) ;
#1036 = VERTEX_POINT ( 'NONE', #3104 ) ;
#1037 = DIRECTION ( 'NONE',  ( 1.000000000000000000, 0.000000000000000000, 0.000000000000000000 ) ) ;
#1038 = AXIS2_PLACEMENT_3D ( 'NONE', #4934, #6520, #3281 ) ;
#1039 = EDGE_LOOP ( 'NONE', ( #3776, #4560, #5525, #1692 ) ) ;
#1040 = LINE ( 'NONE', #3688, #4236 ) ;
#1041 = VECTOR ( 'NONE', #6980, 1000.000000000000000 ) ;
#1042 = CARTESIAN_POINT ( 'NONE',  ( -37.82012308851950166, -13.02452646237985157, 8.193579175013844965E-16 ) ) ;
#1043 = VECTOR ( 'NONE', #4748, 1000.000000000000000 ) ;
#1044 = DIRECTION ( 'NONE',  ( 1.000000000000000000, 0.000000000000000000, -0.000000000000000000 ) ) ;
#1045 = CARTESIAN_POINT ( 'NONE',  ( -4.318081326813031140, 39.76624414820977194, 3.907315377998108371E-16 ) ) ;
#1046 = CLOSED_SHELL ( 'NONE', ( #6055, #5339, #4247, #4387, #4376, #3224, #6488, #5495, #4938, #6895, #3654, #5578, #411, #2817, #1849, #174, #1124, #8, #3300, #6851, #1460, #175, #6882, #5802, #666, #6330, #4340, #6114, #6962, #5380, #5215, #1212, #5246, #4047, #4138, #573, #4241, #291, #4619, #2361, #3465, #3606, #4693, #556, #3053, #6794, #1575, #6432, #2709, #4031, #3706, #6143, #1592, #3592, #1106, #254, #5009, #2843, #4512, #4101, #2392, #2544, #5752, #4426, #3638, #6619, #4943, #2883, #1824, #2069, #5066, #5666, #149, #4347, #6714, #111, #6101, #725, #464, #578, #2157, #118, #4163, #6062, #5320, #3944, #1980, #3488, #2474, #897, #5622, #1414, #6309, #2374, #5560, #1017, #2263, #974, #859, #4602, #429, #3264, #220, #5226, #5837, #2242, #5936, #3921, #1426, #6776, #6239, #5775, #1542, #5631, #3738, #4124, #2941, #6067, #6596, #6885, #3232, #2151, #82, #3320, #5532, #581, #5153, #6878, #3877, #2196, #602, #6012, #1930, #5035, #4028, #1428, #5388, #236, #263, #5015, #5579, #2962, #5277, #946, #2265, #5152, #1535, #5144, #6419, #4650, #2613, #886, #6921, #5727, #2671, #6533, #5412, #993, #5931, #6849, #5313, #2833, #6071, #2015, #2538, #5637, #5351, #5225, #2917, #4713, #5180, #2237, #5944, #971, #3798, #6282, #6572, #1029, #1487, #1766, #1585, #1726, #2789, #369, #6321, #851, #2735, #3295, #1928, #2049, #6398, #3043, #2205, #6587, #6932, #896, #2309, #1632, #5872, #5691, #332, #1358, #2547, #1666, #2734 ) ) ;
#1047 = CARTESIAN_POINT ( 'NONE',  ( 0.000000000000000000, 0.000000000000000000, 0.000000000000000000 ) ) ;
#1048 = VERTEX_POINT ( 'NONE', #6346 ) ;
#1049 = DIRECTION ( 'NONE',  ( -0.3681245526846786964, 0.9297764858882510142, -0.000000000000000000 ) ) ;
#1050 = PRODUCT ( 'Builder Part', 'Builder Part', '', ( #980 ) ) ;
#1051 = ORIENTED_EDGE ( 'NONE', *, *, #5281, .T. ) ;
#1052 = LINE ( 'NONE', #737, #6824 ) ;
#1053 = VECTOR ( 'NONE', #1226, 1000.000000000000000 ) ;
#1054 = VECTOR ( 'NONE', #4599, 1000.000000000000000 ) ;
#1055 = AXIS2_PLACEMENT_3D ( 'NONE', #4939, #1009, #3198 ) ;
#1056 = ORIENTED_EDGE ( 'NONE', *, *, #4979, .T. ) ;
#1057 = EDGE_CURVE ( 'NONE', #3022, #3783, #6276, .T. ) ;
#1058 = CARTESIAN_POINT ( 'NONE',  ( 18.65378132083309737, 35.38412698420773950, 3.907315377998108371E-16 ) ) ;
#1059 = VECTOR ( 'NONE', #6191, 1000.000000000000000 ) ;
#1060 = CARTESIAN_POINT ( 'NONE',  ( -9.268063931605468042, 38.91147634001663391, 0.000000000000000000 ) ) ;
#1061 = VECTOR ( 'NONE', #2897, 1000.000000000000000 ) ;
#1062 = DIRECTION ( 'NONE',  ( -0.000000000000000000, -0.000000000000000000, -1.000000000000000000 ) ) ;
#1063 = AXIS2_PLACEMENT_3D ( 'NONE', #173, #2811, #4955 ) ;
#1064 = ORIENTED_EDGE ( 'NONE', *, *, #3047, .F. ) ;
#1065 = DIRECTION ( 'NONE',  ( -0.000000000000000000, 0.000000000000000000, 1.000000000000000000 ) ) ;
#1066 = EDGE_CURVE ( 'NONE', #2259, #3237, #3294, .T. ) ;
#1067 = ORIENTED_EDGE ( 'NONE', *, *, #119, .T. ) ;
#1068 = AXIS2_PLACEMENT_3D ( 'NONE', #1023, #3318, #6518 ) ;
#1069 = CIRCLE ( 'NONE', #392, 40.00000000000000000 ) ;
#1070 = DIRECTION ( 'NONE',  ( 1.000000000000000000, 0.000000000000000000, 0.000000000000000000 ) ) ;
#1071 = DIRECTION ( 'NONE',  ( 0.000000000000000000, 0.000000000000000000, 1.000000000000000000 ) ) ;
#1072 = ORIENTED_EDGE ( 'NONE', *, *, #6098, .F. ) ;
#1073 = EDGE_CURVE ( 'NONE', #1373, #1703, #1448, .T. ) ;
#1074 = DIRECTION ( 'NONE',  ( 0.000000000000000000, 0.000000000000000000, 1.000000000000000000 ) ) ;
#1075 = ORIENTED_EDGE ( 'NONE', *, *, #1118, .F. ) ;
#1076 = EDGE_CURVE ( 'NONE', #4641, #6133, #3668, .T. ) ;
#1077 = DIRECTION ( 'NONE',  ( 0.000000000000000000, 0.000000000000000000, 1.000000000000000000 ) ) ;
#1078 = CARTESIAN_POINT ( 'NONE',  ( 34.22270386173898515, 29.21996817917015221, 10.00000000000000000 ) ) ;
#1079 = EDGE_CURVE ( 'NONE', #1671, #1309, #2173, .T. ) ;
#1080 = CARTESIAN_POINT ( 'NONE',  ( -19.88061067289451600, -34.70967184046534015, 0.000000000000000000 ) ) ;
#1081 = ORIENTED_EDGE ( 'NONE', *, *, #710, .T. ) ;
#1082 = CARTESIAN_POINT ( 'NONE',  ( 0.000000000000000000, 0.000000000000000000, 0.000000000000000000 ) ) ;
#1083 = ORIENTED_EDGE ( 'NONE', *, *, #6287, .T. ) ;
#1084 = PLANE ( 'NONE',  #6382 ) ;
#1085 = AXIS2_PLACEMENT_3D ( 'NONE', #4869, #2793, #1244 ) ;
#1086 = EDGE_CURVE ( 'NONE', #2240, #2090, #21, .T. ) ;
#1087 = CARTESIAN_POINT ( 'NONE',  ( -14.07188363172318724, -37.44305130535225601, 10.00000000000000000 ) ) ;
#1088 = AXIS2_PLACEMENT_3D ( 'NONE', #5688, #5112, #352 ) ;
#1089 = CARTESIAN_POINT ( 'NONE',  ( -39.95890911899812181, 1.812617449890669308, 10.00000000000000000 ) ) ;
#1090 = DIRECTION ( 'NONE',  ( 0.000000000000000000, 0.000000000000000000, 1.000000000000000000 ) ) ;
#1091 = ORIENTED_EDGE ( 'NONE', *, *, #1383, .T. ) ;
#1092 = CARTESIAN_POINT ( 'NONE',  ( -43.00867684170452065, 13.23834265781895603, 10.00000000000000000 ) ) ;
#1093 = VERTEX_POINT ( 'NONE', #1058 ) ;
#1094 = DIRECTION ( 'NONE',  ( 0.9685831611286327414, -0.2486898871648483555, 6.505213034913025618E-16 ) ) ;
#1095 = VERTEX_POINT ( 'NONE', #66 ) ;
#1096 = DIRECTION ( 'NONE',  ( 1.000000000000000000, 0.000000000000000000, 0.000000000000000000 ) ) ;
#1097 = DIRECTION ( 'NONE',  ( -1.000000000000000000, 0.000000000000000000, 6.505213034913027590E-16 ) ) ;
#1098 = DIRECTION ( 'NONE',  ( 0.000000000000000000, 0.000000000000000000, 1.000000000000000000 ) ) ;
#1099 = ORIENTED_EDGE ( 'NONE', *, *, #1322, .F. ) ;
#1100 = DIRECTION ( 'NONE',  ( -0.4817536741017101609, -0.8763066800438664705, 0.000000000000000000 ) ) ;
#1101 = VERTEX_POINT ( 'NONE', #2710 ) ;
#1102 = CARTESIAN_POINT ( 'NONE',  ( 30.36961316321144011, 26.03241433899080448, 3.907315377998108371E-16 ) ) ;
#1104 = EDGE_CURVE ( 'NONE', #246, #1514, #3273, .T. ) ;
#1103 = CARTESIAN_POINT ( 'NONE',  ( -39.15430613881725463, -8.181705860502340499, 8.193579175013844965E-16 ) ) ;
#1105 = VERTEX_POINT ( 'NONE', #591 ) ;
#1106 = ADVANCED_FACE ( 'NONE', ( #3730 ), #4397, .F. ) ;
#1107 = LINE ( 'NONE', #3252, #5017 ) ;
#1108 = ORIENTED_EDGE ( 'NONE', *, *, #4098, .T. ) ;
#1109 = EDGE_CURVE ( 'NONE', #2128, #5288, #6447, .T. ) ;
#1110 = DIRECTION ( 'NONE',  ( -0.9822872507286892763, 0.1873813145857214646, -0.000000000000000000 ) ) ;
#1111 = ORIENTED_EDGE ( 'NONE', *, *, #3037, .T. ) ;
#1112 = PLANE ( 'NONE',  #2303 ) ;
#1113 = DIRECTION ( 'NONE',  ( -0.000000000000000000, 0.000000000000000000, 1.000000000000000000 ) ) ;
#1114 = VERTEX_POINT ( 'NONE', #4291 ) ;
#1115 = DIRECTION ( 'NONE',  ( -0.9510565162951544194, 0.3090169943749446757, -0.000000000000000000 ) ) ;
#1116 = ORIENTED_EDGE ( 'NONE', *, *, #6723, .F. ) ;
#1117 = CARTESIAN_POINT ( 'NONE',  ( 39.41663997923731699, -6.806503709481893871, 10.00000000000000000 ) ) ;
#1118 = EDGE_CURVE ( 'NONE', #4799, #3380, #2681, .T. ) ;
#1119 = PLANE ( 'NONE',  #736 ) ;
#1120 = DIRECTION ( 'NONE',  ( 0.000000000000000000, 0.000000000000000000, 1.000000000000000000 ) ) ;
#1121 = DIRECTION ( 'NONE',  ( -0.8443279255020126328, -0.5358267949790005424, 0.000000000000000000 ) ) ;
#1122 = EDGE_CURVE ( 'NONE', #3457, #6244, #631, .T. ) ;
#1123 = EDGE_LOOP ( 'NONE', ( #5410, #4919, #4740, #1581 ) ) ;
#1124 = ADVANCED_FACE ( 'NONE', ( #3311 ), #3806, .F. ) ;
#1125 = CARTESIAN_POINT ( 'NONE',  ( 5.707041908653299522, -39.59077762121975752, -2.143131898507865093E-16 ) ) ;
#1126 = ORIENTED_EDGE ( 'NONE', *, *, #2759, .F. ) ;
#1127 = DIRECTION ( 'NONE',  ( 0.000000000000000000, 0.000000000000000000, 1.000000000000000000 ) ) ;
#1128 = ORIENTED_EDGE ( 'NONE', *, *, #1899, .T. ) ;
#1129 = CARTESIAN_POINT ( 'NONE',  ( -43.00867684170442828, -13.23834265781925090, 10.00000000000000000 ) ) ;
#1130 = CARTESIAN_POINT ( 'NONE',  ( 0.000000000000000000, 0.000000000000000000, 0.000000000000000000 ) ) ;
#1131 = LINE ( 'NONE', #2228, #6668 ) ;
#1132 = VERTEX_POINT ( 'NONE', #4821 ) ;
#1133 = DIRECTION ( 'NONE',  ( 0.000000000000000000, 0.000000000000000000, 1.000000000000000000 ) ) ;
#1134 = ORIENTED_EDGE ( 'NONE', *, *, #6975, .F. ) ;
#1135 = DIRECTION ( 'NONE',  ( -0.000000000000000000, -0.000000000000000000, -1.000000000000000000 ) ) ;
#1136 = DIRECTION ( 'NONE',  ( 0.000000000000000000, 0.000000000000000000, 1.000000000000000000 ) ) ;
#1137 = ORIENTED_EDGE ( 'NONE', *, *, #1423, .F. ) ;
#1138 = LINE ( 'NONE', #2864, #6820 ) ;
#1139 = VECTOR ( 'NONE', #5516, 1000.000000000000000 ) ;
#1140 = EDGE_CURVE ( 'NONE', #5781, #5950, #3773, .T. ) ;
#1141 = DIRECTION ( 'NONE',  ( 0.9510565162951544194, -0.3090169943749446757, 0.000000000000000000 ) ) ;
#1142 = ORIENTED_EDGE ( 'NONE', *, *, #126, .T. ) ;
#1143 = FACE_OUTER_BOUND ( 'NONE', #1169, .T. ) ;
#1144 = ORIENTED_EDGE ( 'NONE', *, *, #2668, .F. ) ;
#1145 = DIRECTION ( 'NONE',  ( 0.9048270524660175784, 0.4257792915650767673, 0.000000000000000000 ) ) ;
#1146 = EDGE_CURVE ( 'NONE', #6614, #6773, #488, .T. ) ;
#1147 = ORIENTED_EDGE ( 'NONE', *, *, #5540, .T. ) ;
#1148 = VECTOR ( 'NONE', #163, 1000.000000000000114 ) ;
#1149 = DIRECTION ( 'NONE',  ( 0.6374239897486881912, 0.7705132427757904745, 0.000000000000000000 ) ) ;
#1150 = CARTESIAN_POINT ( 'NONE',  ( 27.01344789145857916, 35.98991015570130969, 10.00000000000000000 ) ) ;
#1151 = VECTOR ( 'NONE', #4299, 1000.000000000000114 ) ;
#1152 = CARTESIAN_POINT ( 'NONE',  ( 0.000000000000000000, 0.000000000000000000, 0.000000000000000000 ) ) ;
#1153 = EDGE_LOOP ( 'NONE', ( #3256, #1371, #3325, #5595 ) ) ;
#1154 = LINE ( 'NONE', #1259, #503 ) ;
#1155 = EDGE_CURVE ( 'NONE', #3982, #3351, #1162, .T. ) ;
#1156 = AXIS2_PLACEMENT_3D ( 'NONE', #5400, #36, #4829 ) ;
#1157 = EDGE_LOOP ( 'NONE', ( #668, #446, #3591, #1768 ) ) ;
#1158 = CARTESIAN_POINT ( 'NONE',  ( -42.57605304957949244, -14.56982178063246103, 8.193579175013844965E-16 ) ) ;
#1159 = VECTOR ( 'NONE', #2333, 1000.000000000000000 ) ;
#1160 = ORIENTED_EDGE ( 'NONE', *, *, #6943, .F. ) ;
#1161 = EDGE_CURVE ( 'NONE', #5300, #1269, #6024, .T. ) ;
#1162 = LINE ( 'NONE', #3242, #6903 ) ;
#1163 = AXIS2_PLACEMENT_3D ( 'NONE', #6598, #1274, #1346 ) ;
#1164 = DIRECTION ( 'NONE',  ( -0.000000000000000000, -0.000000000000000000, -1.000000000000000000 ) ) ;
#1165 = LINE ( 'NONE', #1767, #1831 ) ;
#1166 = ORIENTED_EDGE ( 'NONE', *, *, #6853, .F. ) ;
#1167 = DIRECTION ( 'NONE',  ( 0.000000000000000000, 0.000000000000000000, 1.000000000000000000 ) ) ;
#1168 = VECTOR ( 'NONE', #2178, 1000.000000000000114 ) ;
#1169 = EDGE_LOOP ( 'NONE', ( #5312, #160, #1618, #1313 ) ) ;
#1170 = VECTOR ( 'NONE', #3544, 1000.000000000000000 ) ;
#1171 = CIRCLE ( 'NONE', #2066, 45.00000000000000711 ) ;
#1172 = AXIS2_PLACEMENT_3D ( 'NONE', #5956, #3275, #2190 ) ;
#1173 = EDGE_CURVE ( 'NONE', #2028, #4118, #4928, .T. ) ;
#1174 = DIRECTION ( 'NONE',  ( 1.000000000000000000, 0.000000000000000000, 0.000000000000000000 ) ) ;
#1175 = AXIS2_PLACEMENT_3D ( 'NONE', #4701, #6366, #1004 ) ;
#1176 = PLANE ( 'NONE',  #2832 ) ;
#1177 = AXIS2_PLACEMENT_3D ( 'NONE', #6688, #3611, #4070 ) ;
#1178 = EDGE_CURVE ( 'NONE', #5204, #4231, #98, .T. ) ;
#1179 = ORIENTED_EDGE ( 'NONE', *, *, #3386, .T. ) ;
#1180 = VECTOR ( 'NONE', #3916, 1000.000000000000000 ) ;
#1181 = DIRECTION ( 'NONE',  ( 1.000000000000000000, 0.000000000000000000, 0.000000000000000000 ) ) ;
#1182 = VECTOR ( 'NONE', #5175, 1000.000000000000000 ) ;
#1183 = CARTESIAN_POINT ( 'NONE',  ( 33.39286635904724676, 22.02081915658023803, 3.907315377998108371E-16 ) ) ;
#1184 = AXIS2_PLACEMENT_3D ( 'NONE', #4154, #5712, #881 ) ;
#1185 = DIRECTION ( 'NONE',  ( -0.000000000000000000, -0.000000000000000000, -1.000000000000000000 ) ) ;
#1186 = AXIS2_PLACEMENT_3D ( 'NONE', #5736, #906, #3049 ) ;
#1187 = ORIENTED_EDGE ( 'NONE', *, *, #4621, .F. ) ;
#1188 = DIRECTION ( 'NONE',  ( -0.3681245526846786964, 0.9297764858882510142, -0.000000000000000000 ) ) ;
#1189 = ORIENTED_EDGE ( 'NONE', *, *, #1233, .F. ) ;
#1190 = DIRECTION ( 'NONE',  ( 0.9048270524660175784, 0.4257792915650767673, 0.000000000000000000 ) ) ;
#1191 = ORIENTED_EDGE ( 'NONE', *, *, #864, .T. ) ;
#1192 = CARTESIAN_POINT ( 'NONE',  ( -36.48558511266066517, 16.39518462801799714, 8.193579175013844965E-16 ) ) ;
#1193 = EDGE_CURVE ( 'NONE', #1434, #2652, #4754, .T. ) ;
#1194 = PLANE ( 'NONE',  #5751 ) ;
#1195 = LINE ( 'NONE', #5455, #4877 ) ;
#1196 = VECTOR ( 'NONE', #1698, 1000.000000000000000 ) ;
#1197 = EDGE_LOOP ( 'NONE', ( #5572, #3953, #4961, #3715 ) ) ;
#1198 = LINE ( 'NONE', #4392, #5447 ) ;
#1199 = ORIENTED_EDGE ( 'NONE', *, *, #6752, .T. ) ;
#1200 = CARTESIAN_POINT ( 'NONE',  ( 52.81372149718492892, -32.68754507241975915, 8.000000000000000000 ) ) ;
#1201 = CARTESIAN_POINT ( 'NONE',  ( 54.47663323589635098, -24.86112925638337146, 8.000000000000000000 ) ) ;
#1202 = VECTOR ( 'NONE', #1261, 1000.000000000000227 ) ;
#1203 = FILL_AREA_STYLE_COLOUR ( '', #3883 ) ;
#1204 = CARTESIAN_POINT ( 'NONE',  ( 0.000000000000000000, 0.000000000000000000, 8.000000000000000000 ) ) ;
#1205 = DIRECTION ( 'NONE',  ( -0.000000000000000000, 0.000000000000000000, 1.000000000000000000 ) ) ;
#1206 = VERTEX_POINT ( 'NONE', #4852 ) ;
#1207 = DIRECTION ( 'NONE',  ( -0.000000000000000000, 0.000000000000000000, 1.000000000000000000 ) ) ;
#1208 = ORIENTED_EDGE ( 'NONE', *, *, #5197, .F. ) ;
#1209 = EDGE_CURVE ( 'NONE', #4665, #4742, #5325, .T. ) ;
#1210 = VECTOR ( 'NONE', #6291, 1000.000000000000000 ) ;
#1211 = ORIENTED_EDGE ( 'NONE', *, *, #6274, .T. ) ;
#1212 = ADVANCED_FACE ( 'NONE', ( #4789 ), #5425, .F. ) ;
#1213 = DIRECTION ( 'NONE',  ( 1.000000000000000000, 0.000000000000000000, -0.000000000000000000 ) ) ;
#1214 = ORIENTED_EDGE ( 'NONE', *, *, #1755, .T. ) ;
#1215 = EDGE_CURVE ( 'NONE', #3237, #5068, #277, .T. ) ;
#1216 = DIRECTION ( 'NONE',  ( 0.8090169943749507819, -0.5877852522924685852, 6.505213034913028576E-16 ) ) ;
#1217 = DIRECTION ( 'NONE',  ( -1.000000000000000000, 0.000000000000000000, 6.505213034913027590E-16 ) ) ;
#1218 = PLANE ( 'NONE',  #4419 ) ;
#1219 = ORIENTED_EDGE ( 'NONE', *, *, #3926, .F. ) ;
#1220 = LINE ( 'NONE', #1593, #1712 ) ;
#1221 = ORIENTED_EDGE ( 'NONE', *, *, #6371, .T. ) ;
#1222 = DIRECTION ( 'NONE',  ( 0.000000000000000000, 0.000000000000000000, 1.000000000000000000 ) ) ;
#1223 = ORIENTED_EDGE ( 'NONE', *, *, #4260, .T. ) ;
#1224 = LINE ( 'NONE', #763, #5878 ) ;
#1225 = DIRECTION ( 'NONE',  ( 1.000000000000000000, 0.000000000000000000, 0.000000000000000000 ) ) ;
#1226 = DIRECTION ( 'NONE',  ( -0.000000000000000000, -0.000000000000000000, -1.000000000000000000 ) ) ;
#1227 = ORIENTED_EDGE ( 'NONE', *, *, #1155, .T. ) ;
#1228 = LINE ( 'NONE', #5978, #3643 ) ;
#1229 = EDGE_LOOP ( 'NONE', ( #3674, #6392, #5387, #5105 ) ) ;
#1230 = LINE ( 'NONE', #2844, #516 ) ;
#1231 = FACE_OUTER_BOUND ( 'NONE', #4549, .T. ) ;
#1232 =( NAMED_UNIT ( * ) PLANE_ANGLE_UNIT ( ) SI_UNIT ( $, .RADIAN. ) );
#1233 = EDGE_CURVE ( 'NONE', #807, #334, #6651, .T. ) ;
#1234 = CARTESIAN_POINT ( 'NONE',  ( 14.30056557909129467, 52.88227504726000916, 8.000000000000000000 ) ) ;
#1235 = LINE ( 'NONE', #1691, #1276 ) ;
#1236 = ORIENTED_EDGE ( 'NONE', *, *, #4044, .T. ) ;
#1237 = DIRECTION ( 'NONE',  ( -0.000000000000000000, 0.000000000000000000, 1.000000000000000000 ) ) ;
#1238 = ORIENTED_EDGE ( 'NONE', *, *, #6633, .T. ) ;
#1239 = EDGE_CURVE ( 'NONE', #6121, #3380, #772, .T. ) ;
#1240 = ORIENTED_EDGE ( 'NONE', *, *, #4306, .T. ) ;
#1241 = CARTESIAN_POINT ( 'NONE',  ( -26.86741302586424851, -29.63346279626495772, 8.193579175013844965E-16 ) ) ;
#1242 = ORIENTED_EDGE ( 'NONE', *, *, #2778, .T. ) ;
#1243 = CARTESIAN_POINT ( 'NONE',  ( 0.000000000000000000, 0.000000000000000000, 0.000000000000000000 ) ) ;
#1244 = DIRECTION ( 'NONE',  ( 1.000000000000000000, 0.000000000000000000, 0.000000000000000000 ) ) ;
#1245 = EDGE_CURVE ( 'NONE', #3022, #1957, #1793, .T. ) ;
#1246 = CARTESIAN_POINT ( 'NONE',  ( 5.607921044894919049, -49.97637685009845399, 8.000000000000000000 ) ) ;
#1247 = EDGE_CURVE ( 'NONE', #6345, #4882, #139, .T. ) ;
#1248 = DIRECTION ( 'NONE',  ( 0.8763066800438630288, 0.4817536741017162671, 0.000000000000000000 ) ) ;
#1249 = ORIENTED_EDGE ( 'NONE', *, *, #6632, .F. ) ;
#1250 = DIRECTION ( 'NONE',  ( 0.000000000000000000, 0.000000000000000000, 1.000000000000000000 ) ) ;
#1251 = ORIENTED_EDGE ( 'NONE', *, *, #677, .T. ) ;
#1252 = CARTESIAN_POINT ( 'NONE',  ( 22.28970697080606200, -39.09180173841568262, 3.907315377998108371E-16 ) ) ;
#1253 = AXIS2_PLACEMENT_3D ( 'NONE', #1577, #4888, #5867 ) ;
#1254 = ORIENTED_EDGE ( 'NONE', *, *, #5120, .F. ) ;
#1255 = DIRECTION ( 'NONE',  ( -0.000000000000000000, -0.000000000000000000, -1.000000000000000000 ) ) ;
#1256 = DIRECTION ( 'NONE',  ( 1.000000000000000000, 0.000000000000000000, 0.000000000000000000 ) ) ;
#1257 = CARTESIAN_POINT ( 'NONE',  ( -39.95890911899810760, 1.812617449890661980, 8.193579175013844965E-16 ) ) ;
#1258 = ORIENTED_EDGE ( 'NONE', *, *, #4598, .T. ) ;
#1259 = CARTESIAN_POINT ( 'NONE',  ( 35.11509744738734184, -28.14124963928381362, 10.00000000000000000 ) ) ;
#1260 = ORIENTED_EDGE ( 'NONE', *, *, #2451, .F. ) ;
#1261 = DIRECTION ( 'NONE',  ( -0.9510565162951521989, -0.3090169943749514481, -0.000000000000000000 ) ) ;
#1262 = CARTESIAN_POINT ( 'NONE',  ( 28.82786076073728410, -53.89070878269394882, 8.193579175013844965E-16 ) ) ;
#1263 = CARTESIAN_POINT ( 'NONE',  ( 42.57605304957949954, 14.56982178063246813, 10.00000000000000000 ) ) ;
#1264 = DIRECTION ( 'NONE',  ( 0.1873813145857214646, 0.9822872507286892763, 0.000000000000000000 ) ) ;
#1265 = CARTESIAN_POINT ( 'NONE',  ( 43.03253666103166353, -46.84757105319567216, 8.000000000000000000 ) ) ;
#1266 = AXIS2_PLACEMENT_3D ( 'NONE', #6034, #3217, #2760 ) ;
#1267 = EDGE_LOOP ( 'NONE', ( #471, #16, #6786, #1208 ) ) ;
#1268 = LINE ( 'NONE', #6547, #1743 ) ;
#1269 = VERTEX_POINT ( 'NONE', #6726 ) ;
#1270 = CIRCLE ( 'NONE', #6549, 40.00000000000000000 ) ;
#1271 = EDGE_CURVE ( 'NONE', #6220, #1606, #4468, .T. ) ;
#1272 = AXIS2_PLACEMENT_3D ( 'NONE', #4158, #991, #5250 ) ;
#1273 = EDGE_LOOP ( 'NONE', ( #115, #6340, #1798, #2609 ) ) ;
#1274 = DIRECTION ( 'NONE',  ( -0.8090169943749507819, 0.5877852522924685852, 0.000000000000000000 ) ) ;
#1275 = EDGE_CURVE ( 'NONE', #2919, #1413, #702, .T. ) ;
#1276 = VECTOR ( 'NONE', #5568, 1000.000000000000000 ) ;
#1277 = VECTOR ( 'NONE', #3959, 1000.000000000000114 ) ;
#1278 = ORIENTED_EDGE ( 'NONE', *, *, #4297, .T. ) ;
#1279 = DIRECTION ( 'NONE',  ( 0.000000000000000000, 0.000000000000000000, 1.000000000000000000 ) ) ;
#1280 = CIRCLE ( 'NONE', #4760, 45.00000000000000711 ) ;
#1281 = DIRECTION ( 'NONE',  ( -0.9822872507286879440, -0.1873813145857285145, -0.000000000000000000 ) ) ;
#1282 = AXIS2_PLACEMENT_3D ( 'NONE', #6475, #3662, #5947 ) ;
#1283 = AXIS2_PLACEMENT_3D ( 'NONE', #3901, #5587, #52 ) ;
#1284 = CARTESIAN_POINT ( 'NONE',  ( 24.07412152740955236, 31.94427448985992513, 0.000000000000000000 ) ) ;
#1285 = CARTESIAN_POINT ( 'NONE',  ( -10.62408035718527266, -38.56331049798590271, 0.000000000000000000 ) ) ;
#1286 = ORIENTED_EDGE ( 'NONE', *, *, #892, .F. ) ;
#1287 = LINE ( 'NONE', #1704, #138 ) ;
#1288 = AXIS2_PLACEMENT_3D ( 'NONE', #6397, #1035, #509 ) ;
#1289 = ORIENTED_EDGE ( 'NONE', *, *, #6371, .F. ) ;
#1290 = CARTESIAN_POINT ( 'NONE',  ( -34.22270386173899936, -29.21996817917016287, 8.000000000000000000 ) ) ;
#1291 = VERTEX_POINT ( 'NONE', #2362 ) ;
#1292 = EDGE_CURVE ( 'NONE', #4704, #2155, #5108, .T. ) ;
#1293 = AXIS2_PLACEMENT_3D ( 'NONE', #3567, #396, #3108 ) ;
#1294 = EDGE_CURVE ( 'NONE', #3681, #6345, #3346, .T. ) ;
#1295 = CARTESIAN_POINT ( 'NONE',  ( 5.607921044894524698, 49.97637685009822661, 8.000000000000000000 ) ) ;
#1296 = DIRECTION ( 'NONE',  ( -0.7289686274214103312, -0.6845471059286899473, 6.505213034913026604E-16 ) ) ;
#1297 = CARTESIAN_POINT ( 'NONE',  ( 0.000000000000000000, 0.000000000000000000, 0.000000000000000000 ) ) ;
#1298 = VERTEX_POINT ( 'NONE', #5565 ) ;
#1299 = CARTESIAN_POINT ( 'NONE',  ( -35.88949410446942778, -17.66194250147066924, 8.193579175013844965E-16 ) ) ;
#1300 = EDGE_LOOP ( 'NONE', ( #6906, #1640, #3811, #4787 ) ) ;
#1301 = EDGE_CURVE ( 'NONE', #5638, #5356, #2915, .T. ) ;
#1302 = CARTESIAN_POINT ( 'NONE',  ( 0.000000000000000000, 0.000000000000000000, 8.000000000000000000 ) ) ;
#1303 = CARTESIAN_POINT ( 'NONE',  ( 47.59862517110222058, 3.696035685521064540, 3.907315377998108371E-16 ) ) ;
#1304 = CARTESIAN_POINT ( 'NONE',  ( 54.14436244607947657, 16.85654624173799476, 8.193579175013844965E-16 ) ) ;
#1305 = MANIFOLD_SOLID_BREP ( 'CirPattern1', #1046 ) ;
#1306 = AXIS2_PLACEMENT_3D ( 'NONE', #671, #2822, #5997 ) ;
#1307 = DIRECTION ( 'NONE',  ( -0.8443279255020126328, -0.5358267949790005424, -0.000000000000000000 ) ) ;
#1308 = FACE_OUTER_BOUND ( 'NONE', #243, .T. ) ;
#1309 = VERTEX_POINT ( 'NONE', #692 ) ;
#1310 = CARTESIAN_POINT ( 'NONE',  ( 0.000000000000000000, 0.000000000000000000, 8.000000000000000000 ) ) ;
#1311 = ORIENTED_EDGE ( 'NONE', *, *, #5095, .T. ) ;
#1312 = AXIS2_PLACEMENT_3D ( 'NONE', #4620, #2931, #4139 ) ;
#1313 = ORIENTED_EDGE ( 'NONE', *, *, #1076, .F. ) ;
#1314 = CARTESIAN_POINT ( 'NONE',  ( -27.01344789145885272, 35.98991015570113916, 8.193579175013844965E-16 ) ) ;
#1315 = CIRCLE ( 'NONE', #1764, 45.00000000000000711 ) ;
#1316 = ORIENTED_EDGE ( 'NONE', *, *, #3818, .T. ) ;
#1317 = DIRECTION ( 'NONE',  ( -0.5877852522924743583, 0.8090169943749465631, -0.000000000000000000 ) ) ;
#1318 = DIRECTION ( 'NONE',  ( 1.000000000000000000, 0.000000000000000000, 0.000000000000000000 ) ) ;
#1319 = VECTOR ( 'NONE', #5090, 1000.000000000000000 ) ;
#1320 = CARTESIAN_POINT ( 'NONE',  ( 21.06287761874466824, -39.76625688215808196, 10.00000000000000000 ) ) ;
#1321 = CARTESIAN_POINT ( 'NONE',  ( -39.41663997923727436, -6.806503709482176312, 8.000000000000000000 ) ) ;
#1322 = EDGE_CURVE ( 'NONE', #4231, #3455, #3412, .T. ) ;
#1323 = VERTEX_POINT ( 'NONE', #6128 ) ;
#1324 = ORIENTED_EDGE ( 'NONE', *, *, #5551, .F. ) ;
#1325 = CARTESIAN_POINT ( 'NONE',  ( 5.607921044894919049, -49.97637685009845399, 8.000000000000000000 ) ) ;
#1326 = ORIENTED_EDGE ( 'NONE', *, *, #3575, .F. ) ;
#1327 = EDGE_CURVE ( 'NONE', #5204, #354, #6693, .T. ) ;
#1328 = CARTESIAN_POINT ( 'NONE',  ( 11.86769907501672883, -43.40688561351581853, 3.907315377998108371E-16 ) ) ;
#1329 = DIRECTION ( 'NONE',  ( -0.9980267284282717810, 0.06279051952930998770, 0.000000000000000000 ) ) ;
#1330 = CARTESIAN_POINT ( 'NONE',  ( 6.996881626735182991, -49.80091032310843246, 8.000000000000000000 ) ) ;
#1331 = ORIENTED_EDGE ( 'NONE', *, *, #5374, .T. ) ;
#1332 = DIRECTION ( 'NONE',  ( 1.000000000000000000, 0.000000000000000000, 0.000000000000000000 ) ) ;
#1333 = ORIENTED_EDGE ( 'NONE', *, *, #9, .F. ) ;
#1334 = PLANE ( 'NONE',  #5473 ) ;
#1335 = EDGE_CURVE ( 'NONE', #5815, #3982, #1864, .T. ) ;
#1336 = DIRECTION ( 'NONE',  ( 0.000000000000000000, 0.000000000000000000, 1.000000000000000000 ) ) ;
#1337 = FILL_AREA_STYLE ('',( #1203 ) ) ;
#1338 = EDGE_CURVE ( 'NONE', #6988, #616, #5563, .T. ) ;
#1339 = EDGE_CURVE ( 'NONE', #2259, #2873, #5707, .T. ) ;
#1340 = CARTESIAN_POINT ( 'NONE',  ( 43.03253666103165642, -46.84757105319567216, 8.193579175013844965E-16 ) ) ;
#1341 = DIRECTION ( 'NONE',  ( 0.7289686274214103312, 0.6845471059286899473, 0.000000000000000000 ) ) ;
#1342 = ORIENTED_EDGE ( 'NONE', *, *, #5694, .T. ) ;
#1343 = PLANE ( 'NONE',  #5681 ) ;
#1344 = ORIENTED_EDGE ( 'NONE', *, *, #4643, .T. ) ;
#1345 = ORIENTED_EDGE ( 'NONE', *, *, #2110, .F. ) ;
#1346 = DIRECTION ( 'NONE',  ( -0.5877852522924685852, -0.8090169943749507819, 0.000000000000000000 ) ) ;
#1347 = DIRECTION ( 'NONE',  ( -0.9510565162951521989, -0.3090169943749514481, -0.000000000000000000 ) ) ;
#1348 = VERTEX_POINT ( 'NONE', #3617 ) ;
#1349 = CARTESIAN_POINT ( 'NONE',  ( -9.268063931605199812, -38.91147634001674049, 8.193579175013844965E-16 ) ) ;
#1350 = DIRECTION ( 'NONE',  ( 0.000000000000000000, 0.000000000000000000, 1.000000000000000000 ) ) ;
#1351 = LINE ( 'NONE', #2447, #3060 ) ;
#1352 = CARTESIAN_POINT ( 'NONE',  ( 5.607921044894919049, -49.97637685009845399, 8.000000000000000000 ) ) ;
#1353 = ORIENTED_EDGE ( 'NONE', *, *, #4686, .F. ) ;
#1354 = LINE ( 'NONE', #5618, #5123 ) ;
#1355 = ORIENTED_EDGE ( 'NONE', *, *, #5289, .F. ) ;
#1356 = DIRECTION ( 'NONE',  ( 0.000000000000000000, 0.000000000000000000, 1.000000000000000000 ) ) ;
#1357 = LINE ( 'NONE', #790, #3279 ) ;
#1358 = ADVANCED_FACE ( 'NONE', ( #945 ), #5134, .F. ) ;
#1359 = DIRECTION ( 'NONE',  ( 1.000000000000000000, 0.000000000000000000, 0.000000000000000000 ) ) ;
#1360 = ORIENTED_EDGE ( 'NONE', *, *, #2231, .F. ) ;
#1361 = DIRECTION ( 'NONE',  ( -0.000000000000000000, -0.000000000000000000, -1.000000000000000000 ) ) ;
#1362 = ORIENTED_EDGE ( 'NONE', *, *, #1912, .T. ) ;
#1363 = CARTESIAN_POINT ( 'NONE',  ( 53.71173865395447677, -18.18802536455075369, 8.000000000000000000 ) ) ;
#1364 = DIRECTION ( 'NONE',  ( -0.000000000000000000, -0.000000000000000000, -1.000000000000000000 ) ) ;
#1365 = DIRECTION ( 'NONE',  ( 1.000000000000000000, 0.000000000000000000, 0.000000000000000000 ) ) ;
#1367 = EDGE_CURVE ( 'NONE', #5908, #521, #44, .T. ) ;
#1366 = PLANE ( 'NONE',  #2638 ) ;
#1368 = DIRECTION ( 'NONE',  ( 1.000000000000000000, 0.000000000000000000, -0.000000000000000000 ) ) ;
#1369 = ORIENTED_EDGE ( 'NONE', *, *, #3358, .F. ) ;
#1370 = FACE_OUTER_BOUND ( 'NONE', #566, .T. ) ;
#1371 = ORIENTED_EDGE ( 'NONE', *, *, #2320, .T. ) ;
#1372 = EDGE_CURVE ( 'NONE', #5398, #6464, #2753, .T. ) ;
#1373 = VERTEX_POINT ( 'NONE', #6190 ) ;
#1374 = AXIS2_PLACEMENT_3D ( 'NONE', #4708, #1472, #415 ) ;
#1375 = CARTESIAN_POINT ( 'NONE',  ( 6.996881626734794857, 49.80091032310820509, 8.193579175013844965E-16 ) ) ;
#1376 = EDGE_CURVE ( 'NONE', #5815, #2128, #876, .T. ) ;
#1377 = CARTESIAN_POINT ( 'NONE',  ( 44.32874487107525141, 7.743537831968025920, 8.000000000000000000 ) ) ;
#1378 = ORIENTED_EDGE ( 'NONE', *, *, #34, .F. ) ;
#1379 = CARTESIAN_POINT ( 'NONE',  ( 20.84967222629154904, 54.56179118725652444, 8.000000000000000000 ) ) ;
#1380 = VECTOR ( 'NONE', #1905, 1000.000000000000000 ) ;
#1381 = FACE_OUTER_BOUND ( 'NONE', #319, .T. ) ;
#1382 = VECTOR ( 'NONE', #3464, 1000.000000000000114 ) ;
#1383 = EDGE_CURVE ( 'NONE', #2766, #480, #1069, .T. ) ;
#1384 = CIRCLE ( 'NONE', #5321, 40.00000000000000000 ) ;
#1385 = DIRECTION ( 'NONE',  ( -0.000000000000000000, 0.000000000000000000, 1.000000000000000000 ) ) ;
#1386 = AXIS2_PLACEMENT_3D ( 'NONE', #5443, #4913, #84 ) ;
#1387 = VECTOR ( 'NONE', #97, 1000.000000000000000 ) ;
#1388 = AXIS2_PLACEMENT_3D ( 'NONE', #423, #3059, #2536 ) ;
#1389 = VERTEX_POINT ( 'NONE', #3128 ) ;
#1390 = DIRECTION ( 'NONE',  ( -0.8443279255020126328, -0.5358267949790005424, -0.000000000000000000 ) ) ;
#1391 = AXIS2_PLACEMENT_3D ( 'NONE', #365, #5127, #5623 ) ;
#1392 = ORIENTED_EDGE ( 'NONE', *, *, #3509, .F. ) ;
#1393 = AXIS2_PLACEMENT_3D ( 'NONE', #656, #3304, #5457 ) ;
#1394 = VECTOR ( 'NONE', #1364, 1000.000000000000000 ) ;
#1395 = AXIS2_PLACEMENT_3D ( 'NONE', #3187, #975, #4315 ) ;
#1396 = DIRECTION ( 'NONE',  ( -0.000000000000000000, 1.000000000000000000, -0.000000000000000000 ) ) ;
#1397 = CIRCLE ( 'NONE', #1938, 45.00000000000000711 ) ;
#1398 = LINE ( 'NONE', #869, #978 ) ;
#1399 = CARTESIAN_POINT ( 'NONE',  ( -10.62408035718528154, -38.56331049798593114, 8.000000000000000000 ) ) ;
#1400 = VERTEX_POINT ( 'NONE', #2986 ) ;
#1401 = CARTESIAN_POINT ( 'NONE',  ( 0.000000000000000000, 0.000000000000000000, 8.000000000000000000 ) ) ;
#1402 = ORIENTED_EDGE ( 'NONE', *, *, #6108, .T. ) ;
#1403 = CARTESIAN_POINT ( 'NONE',  ( 0.000000000000000000, 0.000000000000000000, 0.000000000000000000 ) ) ;
#1404 = AXIS2_PLACEMENT_3D ( 'NONE', #5138, #4609, #3559 ) ;
#1405 = EDGE_CURVE ( 'NONE', #3619, #3869, #5690, .T. ) ;
#1406 = CARTESIAN_POINT ( 'NONE',  ( -0.6999999999999935163, -39.99387453098286471, 0.000000000000000000 ) ) ;
#1407 = CARTESIAN_POINT ( 'NONE',  ( 47.68653189844298623, -2.298798265721132772, 8.000000000000000000 ) ) ;
#1408 = CARTESIAN_POINT ( 'NONE',  ( 49.26373951239845894, -39.84602429327354400, 3.907315377998108371E-16 ) ) ;
#1409 = ORIENTED_EDGE ( 'NONE', *, *, #1791, .F. ) ;
#1410 = DIRECTION ( 'NONE',  ( 1.000000000000000000, 0.000000000000000000, 0.000000000000000000 ) ) ;
#1411 = ORIENTED_EDGE ( 'NONE', *, *, #5845, .F. ) ;
#1412 = CARTESIAN_POINT ( 'NONE',  ( 47.59862517110195057, -3.696035685520708380, 8.000000000000000000 ) ) ;
#1413 = VERTEX_POINT ( 'NONE', #6864 ) ;
#1414 = ADVANCED_FACE ( 'NONE', ( #4076 ), #6228, .F. ) ;
#1415 = ORIENTED_EDGE ( 'NONE', *, *, #1178, .T. ) ;
#1416 = DIRECTION ( 'NONE',  ( -0.9048270524660175784, -0.4257792915650767673, -0.000000000000000000 ) ) ;
#1417 = CARTESIAN_POINT ( 'NONE',  ( -37.82012308851960825, 13.02452646237958511, 10.00000000000000000 ) ) ;
#1418 = ORIENTED_EDGE ( 'NONE', *, *, #1025, .T. ) ;
#1419 = DIRECTION ( 'NONE',  ( -0.000000000000000000, 0.000000000000000000, 1.000000000000000000 ) ) ;
#1420 = EDGE_CURVE ( 'NONE', #5356, #5950, #3656, .T. ) ;
#1421 = CIRCLE ( 'NONE', #2203, 40.00000000000000000 ) ;
#1422 = DIRECTION ( 'NONE',  ( -0.9980267284282713369, -0.06279051952931692659, -0.000000000000000000 ) ) ;
#1423 = EDGE_CURVE ( 'NONE', #5288, #687, #2593, .T. ) ;
#1424 = CARTESIAN_POINT ( 'NONE',  ( 0.000000000000000000, 0.000000000000000000, 0.000000000000000000 ) ) ;
#1425 = AXIS2_PLACEMENT_3D ( 'NONE', #3599, #1094, #3270 ) ;
#1426 = ADVANCED_FACE ( 'NONE', ( #4180 ), #1923, .F. ) ;
#1427 = ORIENTED_EDGE ( 'NONE', *, *, #6357, .T. ) ;
#1428 = ADVANCED_FACE ( 'NONE', ( #4149 ), #1965, .F. ) ;
#1429 = FACE_OUTER_BOUND ( 'NONE', #2718, .T. ) ;
#1430 = ORIENTED_EDGE ( 'NONE', *, *, #61, .T. ) ;
#1431 = DIRECTION ( 'NONE',  ( 1.000000000000000000, 0.000000000000000000, 0.000000000000000000 ) ) ;
#1432 = DIRECTION ( 'NONE',  ( 1.000000000000000000, 0.000000000000000000, 0.000000000000000000 ) ) ;
#1433 = CARTESIAN_POINT ( 'NONE',  ( -22.94149773528486591, 32.76717384306921588, 0.000000000000000000 ) ) ;
#1434 = VERTEX_POINT ( 'NONE', #6298 ) ;
#1435 = LINE ( 'NONE', #4628, #6908 ) ;
#1436 = ORIENTED_EDGE ( 'NONE', *, *, #5796, .F. ) ;
#1437 = CARTESIAN_POINT ( 'NONE',  ( 54.47663323589635098, -24.86112925638337146, 8.000000000000000000 ) ) ;
#1438 = CARTESIAN_POINT ( 'NONE',  ( 0.000000000000000000, 0.000000000000000000, 0.000000000000000000 ) ) ;
#1439 = DIRECTION ( 'NONE',  ( -0.000000000000000000, -0.000000000000000000, -1.000000000000000000 ) ) ;
#1440 = CARTESIAN_POINT ( 'NONE',  ( 0.000000000000000000, 0.000000000000000000, 8.000000000000000000 ) ) ;
#1441 = ORIENTED_EDGE ( 'NONE', *, *, #2489, .F. ) ;
#1442 = DIRECTION ( 'NONE',  ( 1.000000000000000000, 0.000000000000000000, 0.000000000000000000 ) ) ;
#1443 = ORIENTED_EDGE ( 'NONE', *, *, #514, .F. ) ;
#1444 = CARTESIAN_POINT ( 'NONE',  ( 0.000000000000000000, 0.000000000000000000, 8.000000000000000000 ) ) ;
#1445 = ORIENTED_EDGE ( 'NONE', *, *, #5749, .F. ) ;
#1446 = EDGE_LOOP ( 'NONE', ( #2869, #85, #4144, #6460 ) ) ;
#1447 = EDGE_CURVE ( 'NONE', #70, #6969, #3511, .T. ) ;
#1448 = LINE ( 'NONE', #6806, #2841 ) ;
#1449 = CARTESIAN_POINT ( 'NONE',  ( 10.62408035718555510, -38.56331049798583166, 3.907315377998108371E-16 ) ) ;
#1450 = ORIENTED_EDGE ( 'NONE', *, *, #1079, .T. ) ;
#1451 = DIRECTION ( 'NONE',  ( -0.3681245526846719240, -0.9297764858882537897, -0.000000000000000000 ) ) ;
#1452 = EDGE_CURVE ( 'NONE', #3938, #6546, #6792, .T. ) ;
#1453 = VERTEX_POINT ( 'NONE', #843 ) ;
#1454 = CARTESIAN_POINT ( 'NONE',  ( -22.28970697080605845, 39.09180173841568262, 8.193579175013844965E-16 ) ) ;
#1455 = CARTESIAN_POINT ( 'NONE',  ( 0.000000000000000000, 0.000000000000000000, 8.000000000000000000 ) ) ;
#1456 = ORIENTED_EDGE ( 'NONE', *, *, #3103, .F. ) ;
#1457 = EDGE_CURVE ( 'NONE', #1323, #2558, #6242, .T. ) ;
#1458 = DIRECTION ( 'NONE',  ( -0.2486898871648553500, 0.9685831611286309650, 0.000000000000000000 ) ) ;
#1459 = VERTEX_POINT ( 'NONE', #5196 ) ;
#1460 = ADVANCED_FACE ( 'NONE', ( #377 ), #1997, .F. ) ;
#1461 = CARTESIAN_POINT ( 'NONE',  ( 0.000000000000000000, 0.000000000000000000, 0.000000000000000000 ) ) ;
#1462 = LINE ( 'NONE', #1602, #6039 ) ;
#1463 = CARTESIAN_POINT ( 'NONE',  ( 47.68653189844327045, 2.298798265721484047, 8.193579175013844965E-16 ) ) ;
#1464 = ORIENTED_EDGE ( 'NONE', *, *, #2373, .F. ) ;
#1465 = LINE ( 'NONE', #1918, #5101 ) ;
#1466 = ORIENTED_EDGE ( 'NONE', *, *, #3379, .F. ) ;
#1467 = PLANE ( 'NONE',  #1539 ) ;
#1468 = EDGE_CURVE ( 'NONE', #1514, #3744, #3206, .T. ) ;
#1469 = FACE_OUTER_BOUND ( 'NONE', #493, .T. ) ;
#1470 = CARTESIAN_POINT ( 'NONE',  ( -34.14302387201797728, 20.83876006087718835, 10.00000000000000000 ) ) ;
#1471 = EDGE_CURVE ( 'NONE', #3163, #5778, #1649, .T. ) ;
#1472 = DIRECTION ( 'NONE',  ( -0.000000000000000000, 0.000000000000000000, 1.000000000000000000 ) ) ;
#1473 = ORIENTED_EDGE ( 'NONE', *, *, #1641, .F. ) ;
#1474 = EDGE_CURVE ( 'NONE', #1453, #4681, #727, .T. ) ;
#1475 = CARTESIAN_POINT ( 'NONE',  ( -37.61508071650462881, 24.70031786619032133, 8.000000000000000000 ) ) ;
#1476 = ORIENTED_EDGE ( 'NONE', *, *, #3215, .F. ) ;
#1477 = DIRECTION ( 'NONE',  ( -0.000000000000000000, -0.000000000000000000, -1.000000000000000000 ) ) ;
#1478 = ORIENTED_EDGE ( 'NONE', *, *, #2486, .F. ) ;
#1479 = AXIS2_PLACEMENT_3D ( 'NONE', #2217, #4361, #1680 ) ;
#1480 = VERTEX_POINT ( 'NONE', #4887 ) ;
#1481 = PLANE ( 'NONE',  #6339 ) ;
#1482 = FACE_OUTER_BOUND ( 'NONE', #6817, .T. ) ;
#1483 = CARTESIAN_POINT ( 'NONE',  ( 44.32874487107525141, 7.743537831968020591, 8.193579175013844965E-16 ) ) ;
#1484 = EDGE_LOOP ( 'NONE', ( #4679, #4542, #2802, #6453 ) ) ;
#1485 = CARTESIAN_POINT ( 'NONE',  ( 52.81372149718492892, -32.68754507241975915, 8.000000000000000000 ) ) ;
#1486 = EDGE_LOOP ( 'NONE', ( #2616, #670, #2067, #2229 ) ) ;
#1487 = ADVANCED_FACE ( 'NONE', ( #90 ), #2215, .F. ) ;
#1488 = EDGE_CURVE ( 'NONE', #3237, #5444, #1611, .T. ) ;
#1489 = CARTESIAN_POINT ( 'NONE',  ( -35.11509744738713579, -28.14124963928405521, 8.000000000000000000 ) ) ;
#1490 = ORIENTED_EDGE ( 'NONE', *, *, #4408, .T. ) ;
#1491 = CIRCLE ( 'NONE', #1156, 40.00000000000000000 ) ;
#1492 = CARTESIAN_POINT ( 'NONE',  ( 39.15430613881731148, -8.181705860502052730, 8.000000000000000000 ) ) ;
#1493 = ORIENTED_EDGE ( 'NONE', *, *, #40, .T. ) ;
#1494 = AXIS2_PLACEMENT_3D ( 'NONE', #2001, #6192, #6729 ) ;
#1495 = CIRCLE ( 'NONE', #929, 45.00000000000000711 ) ;
#1496 = VECTOR ( 'NONE', #2340, 1000.000000000000000 ) ;
#1497 = CARTESIAN_POINT ( 'NONE',  ( 22.15135930653510599, 54.04641681349798432, 8.193579175013844965E-16 ) ) ;
#1498 = DIRECTION ( 'NONE',  ( -0.9297764858882537897, 0.3681245526846719240, 0.000000000000000000 ) ) ;
#1499 = CIRCLE ( 'NONE', #5440, 40.00000000000000000 ) ;
#1500 = DIRECTION ( 'NONE',  ( 1.000000000000000000, 0.000000000000000000, 0.000000000000000000 ) ) ;
#1501 = AXIS2_PLACEMENT_3D ( 'NONE', #5295, #6426, #1642 ) ;
#1502 = EDGE_LOOP ( 'NONE', ( #6915, #450, #883, #2994 ) ) ;
#1503 = CARTESIAN_POINT ( 'NONE',  ( 0.000000000000000000, 0.000000000000000000, 0.000000000000000000 ) ) ;
#1504 = VECTOR ( 'NONE', #4074, 1000.000000000000000 ) ;
#1505 = ORIENTED_EDGE ( 'NONE', *, *, #6050, .T. ) ;
#1506 = PLANE ( 'NONE',  #2552 ) ;
#1507 = EDGE_CURVE ( 'NONE', #331, #2240, #5974, .T. ) ;
#1508 = AXIS2_PLACEMENT_3D ( 'NONE', #4274, #1603, #467 ) ;
#1509 = VECTOR ( 'NONE', #1715, 1000.000000000000000 ) ;
#1510 = AXIS2_PLACEMENT_3D ( 'NONE', #2648, #959, #6952 ) ;
#1511 = PLANE ( 'NONE',  #5331 ) ;
#1512 = DIRECTION ( 'NONE',  ( 1.000000000000000000, 0.000000000000000000, 0.000000000000000000 ) ) ;
#1513 = LINE ( 'NONE', #3094, #1741 ) ;
#1514 = VERTEX_POINT ( 'NONE', #4360 ) ;
#1515 = PLANE ( 'NONE',  #5209 ) ;
#1516 = ORIENTED_EDGE ( 'NONE', *, *, #4914, .F. ) ;
#1517 = DIRECTION ( 'NONE',  ( -0.7289686274214103312, -0.6845471059286899473, 6.505213034913026604E-16 ) ) ;
#1518 = CIRCLE ( 'NONE', #956, 45.00000000000000711 ) ;
#1519 = ORIENTED_EDGE ( 'NONE', *, *, #2097, .F. ) ;
#1520 = VECTOR ( 'NONE', #130, 1000.000000000000000 ) ;
#1521 = ORIENTED_EDGE ( 'NONE', *, *, #2313, .F. ) ;
#1522 = AXIS2_PLACEMENT_3D ( 'NONE', #4255, #4817, #481 ) ;
#1523 = DIRECTION ( 'NONE',  ( -0.7705132427757860336, -0.6374239897486935202, -0.000000000000000000 ) ) ;
#1524 = DIRECTION ( 'NONE',  ( -0.000000000000000000, -0.000000000000000000, -1.000000000000000000 ) ) ;
#1525 = CARTESIAN_POINT ( 'NONE',  ( 51.83394028810103293, 9.175230427409754697, 8.000000000000000000 ) ) ;
#1526 = VERTEX_POINT ( 'NONE', #6970 ) ;
#1527 = CARTESIAN_POINT ( 'NONE',  ( 0.000000000000000000, 0.000000000000000000, 8.000000000000000000 ) ) ;
#1528 = VERTEX_POINT ( 'NONE', #4281 ) ;
#1529 = DIRECTION ( 'NONE',  ( 1.000000000000000000, 0.000000000000000000, 0.000000000000000000 ) ) ;
#1530 = AXIS2_PLACEMENT_3D ( 'NONE', #4911, #5402, #567 ) ;
#1531 = ORIENTED_EDGE ( 'NONE', *, *, #1271, .F. ) ;
#1532 = CARTESIAN_POINT ( 'NONE',  ( -22.28970697080605490, 39.09180173841568262, 8.000000000000000000 ) ) ;
#1533 = EDGE_LOOP ( 'NONE', ( #4572, #5626, #4223, #948 ) ) ;
#1534 = VECTOR ( 'NONE', #1761, 1000.000000000000000 ) ;
#1535 = ADVANCED_FACE ( 'NONE', ( #3828 ), #2772, .F. ) ;
#1536 = FACE_OUTER_BOUND ( 'NONE', #2657, .T. ) ;
#1537 = DIRECTION ( 'NONE',  ( -0.000000000000000000, 0.000000000000000000, 1.000000000000000000 ) ) ;
#1538 = LINE ( 'NONE', #5377, #3421 ) ;
#1539 = AXIS2_PLACEMENT_3D ( 'NONE', #2029, #4072, #3046 ) ;
#1540 = VERTEX_POINT ( 'NONE', #5453 ) ;
#1541 = DIRECTION ( 'NONE',  ( -0.000000000000000000, -0.000000000000000000, -1.000000000000000000 ) ) ;
#1542 = ADVANCED_FACE ( 'NONE', ( #3690 ), #55, .F. ) ;
#1543 = EDGE_LOOP ( 'NONE', ( #5964, #954, #3349, #3621 ) ) ;
#1544 = CARTESIAN_POINT ( 'NONE',  ( 5.707041908653014417, 39.59077762121980015, 0.000000000000000000 ) ) ;
#1545 = VECTOR ( 'NONE', #2518, 1000.000000000000000 ) ;
#1546 = CARTESIAN_POINT ( 'NONE',  ( 0.000000000000000000, 0.000000000000000000, 0.000000000000000000 ) ) ;
#1547 = DIRECTION ( 'NONE',  ( 1.000000000000000000, 0.000000000000000000, 0.000000000000000000 ) ) ;
#1548 = CARTESIAN_POINT ( 'NONE',  ( -10.51168264943633623, -43.75505145554670605, 10.00000000000000000 ) ) ;
#1549 = ORIENTED_EDGE ( 'NONE', *, *, #2778, .F. ) ;
#1550 = LINE ( 'NONE', #1012, #6788 ) ;
#1551 = ORIENTED_EDGE ( 'NONE', *, *, #553, .F. ) ;
#1552 = CARTESIAN_POINT ( 'NONE',  ( 33.39286635904739597, -22.02081915658000000, 8.000000000000000000 ) ) ;
#1553 = EDGE_CURVE ( 'NONE', #2155, #4284, #3762, .T. ) ;
#1554 = ORIENTED_EDGE ( 'NONE', *, *, #2534, .F. ) ;
#1555 = ORIENTED_EDGE ( 'NONE', *, *, #5070, .T. ) ;
#1556 = EDGE_CURVE ( 'NONE', #6605, #1969, #6373, .T. ) ;
#1557 = DIRECTION ( 'NONE',  ( -0.6845471059286846183, -0.7289686274214153272, -0.000000000000000000 ) ) ;
#1558 = DIRECTION ( 'NONE',  ( 0.6374239897486935202, -0.7705132427757860336, 6.505213034913026604E-16 ) ) ;
#1559 = CARTESIAN_POINT ( 'NONE',  ( 0.000000000000000000, 0.000000000000000000, 0.000000000000000000 ) ) ;
#1560 = ORIENTED_EDGE ( 'NONE', *, *, #5258, .T. ) ;
#1561 = DIRECTION ( 'NONE',  ( -0.8763066800438664705, 0.4817536741017101609, 0.000000000000000000 ) ) ;
#1562 = ORIENTED_EDGE ( 'NONE', *, *, #6443, .F. ) ;
#1563 = DIRECTION ( 'NONE',  ( 1.000000000000000000, 0.000000000000000000, 0.000000000000000000 ) ) ;
#1564 = ORIENTED_EDGE ( 'NONE', *, *, #3595, .F. ) ;
#1565 = CARTESIAN_POINT ( 'NONE',  ( 0.000000000000000000, 0.000000000000000000, 8.000000000000000000 ) ) ;
#1566 = ORIENTED_EDGE ( 'NONE', *, *, #4726, .T. ) ;
#1567 = CARTESIAN_POINT ( 'NONE',  ( -35.11509744738733474, 28.14124963928382073, 8.193579175013844965E-16 ) ) ;
#1568 = CARTESIAN_POINT ( 'NONE',  ( 22.15135930653556784, -54.04641681349798432, 3.907315377998108371E-16 ) ) ;
#1569 = FACE_OUTER_BOUND ( 'NONE', #4444, .T. ) ;
#1570 = ORIENTED_EDGE ( 'NONE', *, *, #4550, .T. ) ;
#1571 = PLANE ( 'NONE',  #6118 ) ;
#1572 = VERTEX_POINT ( 'NONE', #4780 ) ;
#1573 =( NAMED_UNIT ( * ) PLANE_ANGLE_UNIT ( ) SI_UNIT ( $, .RADIAN. ) );
#1574 = DIRECTION ( 'NONE',  ( -0.000000000000000000, -0.000000000000000000, -1.000000000000000000 ) ) ;
#1575 = ADVANCED_FACE ( 'NONE', ( #5912 ), #6938, .F. ) ;
#1576 = LINE ( 'NONE', #545, #5001 ) ;
#1577 = CARTESIAN_POINT ( 'NONE',  ( 5.607921044894919049, -49.97637685009845399, 8.000000000000000000 ) ) ;
#1578 = PLANE ( 'NONE',  #598 ) ;
#1579 = VERTEX_POINT ( 'NONE', #4251 ) ;
#1580 = CARTESIAN_POINT ( 'NONE',  ( -27.01344789145883496, 35.98991015570111784, 10.00000000000000000 ) ) ;
#1581 = ORIENTED_EDGE ( 'NONE', *, *, #4593, .F. ) ;
#1582 = CARTESIAN_POINT ( 'NONE',  ( 14.30056557909129999, 52.88227504726000916, 8.193579175013844965E-16 ) ) ;
#1583 = EDGE_CURVE ( 'NONE', #4581, #3051, #1576, .T. ) ;
#1584 = ORIENTED_EDGE ( 'NONE', *, *, #3818, .F. ) ;
#1585 = ADVANCED_FACE ( 'NONE', ( #4843 ), #10, .F. ) ;
#1586 = DIRECTION ( 'NONE',  ( 1.000000000000000000, 0.000000000000000000, -0.000000000000000000 ) ) ;
#1587 = DIRECTION ( 'NONE',  ( -0.8443279255020126328, -0.5358267949790005424, -0.000000000000000000 ) ) ;
#1588 = DIRECTION ( 'NONE',  ( 0.000000000000000000, 0.000000000000000000, 1.000000000000000000 ) ) ;
#1589 = VERTEX_POINT ( 'NONE', #3797 ) ;
#1590 = DIRECTION ( 'NONE',  ( -0.3681245526846719240, -0.9297764858882537897, -0.000000000000000000 ) ) ;
#1591 = ORIENTED_EDGE ( 'NONE', *, *, #6032, .F. ) ;
#1592 = ADVANCED_FACE ( 'NONE', ( #5945 ), #1119, .F. ) ;
#1593 = CARTESIAN_POINT ( 'NONE',  ( 40.00000000000000000, 4.898587196589413026E-15, 10.00000000000000000 ) ) ;
#1594 = CARTESIAN_POINT ( 'NONE',  ( 0.000000000000000000, 0.000000000000000000, 8.000000000000000000 ) ) ;
#1595 = ORIENTED_EDGE ( 'NONE', *, *, #3522, .F. ) ;
#1596 = LINE ( 'NONE', #925, #4227 ) ;
#1597 = VECTOR ( 'NONE', #3555, 1000.000000000000000 ) ;
#1598 = VERTEX_POINT ( 'NONE', #1328 ) ;
#1599 = EDGE_CURVE ( 'NONE', #512, #2188, #3543, .T. ) ;
#1600 = FACE_OUTER_BOUND ( 'NONE', #1123, .T. ) ;
#1601 = AXIS2_PLACEMENT_3D ( 'NONE', #2791, #4935, #2688 ) ;
#1602 = CARTESIAN_POINT ( 'NONE',  ( -0.7000000000000000666, -45.00000000000000711, 8.193579175013844965E-16 ) ) ;
#1603 = DIRECTION ( 'NONE',  ( 0.000000000000000000, 0.000000000000000000, 1.000000000000000000 ) ) ;
#1604 = ORIENTED_EDGE ( 'NONE', *, *, #796, .T. ) ;
#1605 = LINE ( 'NONE', #3152, #5667 ) ;
#1606 = VERTEX_POINT ( 'NONE', #1784 ) ;
#1607 = VECTOR ( 'NONE', #4037, 1000.000000000000114 ) ;
#1608 = DIRECTION ( 'NONE',  ( 0.000000000000000000, 0.000000000000000000, 1.000000000000000000 ) ) ;
#1609 = AXIS2_PLACEMENT_3D ( 'NONE', #5208, #2572, #391 ) ;
#1610 = CIRCLE ( 'NONE', #1494, 40.00000000000000000 ) ;
#1611 = LINE ( 'NONE', #5415, #5222 ) ;
#1612 = VECTOR ( 'NONE', #4482, 1000.000000000000227 ) ;
#1613 = PLANE ( 'NONE',  #5178 ) ;
#1614 = CIRCLE ( 'NONE', #2848, 40.00000000000000000 ) ;
#1615 = DIRECTION ( 'NONE',  ( -0.5358267949790005424, 0.8443279255020126328, 0.000000000000000000 ) ) ;
#1616 = ORIENTED_EDGE ( 'NONE', *, *, #771, .T. ) ;
#1617 = PLANE ( 'NONE',  #846 ) ;
#1618 = ORIENTED_EDGE ( 'NONE', *, *, #2908, .T. ) ;
#1619 = DIRECTION ( 'NONE',  ( -0.8443279255020126328, -0.5358267949790005424, 0.000000000000000000 ) ) ;
#1620 = AXIS2_PLACEMENT_3D ( 'NONE', #3402, #201, #4462 ) ;
#1621 = EDGE_CURVE ( 'NONE', #4530, #5043, #5553, .T. ) ;
#1622 = AXIS2_PLACEMENT_3D ( 'NONE', #2349, #6640, #6045 ) ;
#1623 = ORIENTED_EDGE ( 'NONE', *, *, #6158, .T. ) ;
#1624 = DIRECTION ( 'NONE',  ( -0.000000000000000000, 0.000000000000000000, 1.000000000000000000 ) ) ;
#1625 = VECTOR ( 'NONE', #4335, 1000.000000000000114 ) ;
#1626 = CARTESIAN_POINT ( 'NONE',  ( -15.91275697575459169, 42.09256662916352099, 3.907315377998108371E-16 ) ) ;
#1627 = CIRCLE ( 'NONE', #3308, 40.00000000000000000 ) ;
#1628 = PLANE ( 'NONE',  #4085 ) ;
#1629 = ORIENTED_EDGE ( 'NONE', *, *, #1457, .T. ) ;
#1630 = DIRECTION ( 'NONE',  ( 0.000000000000000000, 0.000000000000000000, 1.000000000000000000 ) ) ;
#1631 = ORIENTED_EDGE ( 'NONE', *, *, #3816, .F. ) ;
#1632 = ADVANCED_FACE ( 'NONE', ( #3439 ), #4525, .F. ) ;
#1633 = VECTOR ( 'NONE', #1133, 1000.000000000000000 ) ;
#1634 = DIRECTION ( 'NONE',  ( 1.000000000000000000, 0.000000000000000000, 0.000000000000000000 ) ) ;
#1635 = LINE ( 'NONE', #531, #6771 ) ;
#1636 = EDGE_CURVE ( 'NONE', #6607, #4960, #583, .T. ) ;
#1637 = EDGE_LOOP ( 'NONE', ( #2082, #1128, #6881, #2219 ) ) ;
#1638 = PLANE ( 'NONE',  #3219 ) ;
#1639 = EDGE_CURVE ( 'NONE', #1526, #5423, #5515, .T. ) ;
#1640 = ORIENTED_EDGE ( 'NONE', *, *, #4890, .T. ) ;
#1641 = EDGE_CURVE ( 'NONE', #4294, #4304, #463, .T. ) ;
#1642 = DIRECTION ( 'NONE',  ( -0.4817536741017101609, -0.8763066800438664705, 0.000000000000000000 ) ) ;
#1643 = FACE_OUTER_BOUND ( 'NONE', #2450, .T. ) ;
#1644 = FACE_OUTER_BOUND ( 'NONE', #3541, .T. ) ;
#1645 = ORIENTED_EDGE ( 'NONE', *, *, #2421, .T. ) ;
#1646 = PLANE ( 'NONE',  #5999 ) ;
#1647 = VERTEX_POINT ( 'NONE', #2351 ) ;
#1648 = VECTOR ( 'NONE', #894, 1000.000000000000000 ) ;
#1649 = LINE ( 'NONE', #6404, #3769 ) ;
#1650 = CIRCLE ( 'NONE', #4795, 45.00000000000000711 ) ;
#1651 = DIRECTION ( 'NONE',  ( -0.000000000000000000, 0.000000000000000000, 1.000000000000000000 ) ) ;
#1652 = LINE ( 'NONE', #2565, #5328 ) ;
#1653 = EDGE_LOOP ( 'NONE', ( #305, #1861 ) ) ;
#1654 = DIRECTION ( 'NONE',  ( 1.000000000000000000, 0.000000000000000000, 0.000000000000000000 ) ) ;
#1655 = ORIENTED_EDGE ( 'NONE', *, *, #1599, .T. ) ;
#1656 = PLANE ( 'NONE',  #1425 ) ;
#1657 = EDGE_LOOP ( 'NONE', ( #6431, #1221, #5418, #5212 ) ) ;
#1658 = CARTESIAN_POINT ( 'NONE',  ( 5.607921044894919049, -49.97637685009845399, 8.000000000000000000 ) ) ;
#1659 = PLANE ( 'NONE',  #6797 ) ;
#1660 = DIRECTION ( 'NONE',  ( -0.000000000000000000, 0.000000000000000000, 1.000000000000000000 ) ) ;
#1661 = VERTEX_POINT ( 'NONE', #2834 ) ;
#1662 = PLANE ( 'NONE',  #6355 ) ;
#1663 = EDGE_LOOP ( 'NONE', ( #2125, #1001, #4807, #5459 ) ) ;
#1664 = DIRECTION ( 'NONE',  ( 0.000000000000000000, 0.000000000000000000, 1.000000000000000000 ) ) ;
#1665 = LINE ( 'NONE', #3891, #6331 ) ;
#1666 = ADVANCED_FACE ( 'NONE', ( #5620 ), #5486, .F. ) ;
#1667 = ORIENTED_EDGE ( 'NONE', *, *, #1899, .F. ) ;
#1668 = CARTESIAN_POINT ( 'NONE',  ( 37.51220113926678579, 50.44020431347271938, 8.000000000000000000 ) ) ;
#1669 = EDGE_CURVE ( 'NONE', #5908, #1572, #4981, .T. ) ;
#1670 = CARTESIAN_POINT ( 'NONE',  ( 51.57160644768101321, 10.55043257842991267, 8.000000000000000000 ) ) ;
#1671 = VERTEX_POINT ( 'NONE', #1192 ) ;
#1672 = DIRECTION ( 'NONE',  ( 0.4817536741017101609, 0.8763066800438664705, 0.000000000000000000 ) ) ;
#1673 = DIRECTION ( 'NONE',  ( 1.000000000000000000, 0.000000000000000000, 0.000000000000000000 ) ) ;
#1674 = ORIENTED_EDGE ( 'NONE', *, *, #3031, .T. ) ;
#1675 = CARTESIAN_POINT ( 'NONE',  ( 31.26200674885978970, -24.95369579910449431, 3.907315377998108371E-16 ) ) ;
#1676 = ORIENTED_EDGE ( 'NONE', *, *, #4522, .F. ) ;
#1677 = PLANE ( 'NONE',  #2102 ) ;
#1678 = EDGE_CURVE ( 'NONE', #6645, #5995, #2803, .T. ) ;
#1679 = DIRECTION ( 'NONE',  ( -0.000000000000000000, 0.000000000000000000, 1.000000000000000000 ) ) ;
#1680 = DIRECTION ( 'NONE',  ( 1.000000000000000000, 0.000000000000000000, -0.000000000000000000 ) ) ;
#1681 = PLANE ( 'NONE',  #1947 ) ;
#1682 = ORIENTED_EDGE ( 'NONE', *, *, #6284, .F. ) ;
#1683 = CARTESIAN_POINT ( 'NONE',  ( 10.62408035718526911, 38.56331049798590271, 0.000000000000000000 ) ) ;
#1684 = ORIENTED_EDGE ( 'NONE', *, *, #3438, .F. ) ;
#1685 = EDGE_CURVE ( 'NONE', #1729, #5461, #5647, .T. ) ;
#1686 = DIRECTION ( 'NONE',  ( -0.000000000000000000, 0.000000000000000000, 1.000000000000000000 ) ) ;
#1687 = ORIENTED_EDGE ( 'NONE', *, *, #4280, .T. ) ;
#1688 = EDGE_CURVE ( 'NONE', #2921, #5757, #1814, .T. ) ;
#1689 = DIRECTION ( 'NONE',  ( 0.000000000000000000, 0.000000000000000000, 1.000000000000000000 ) ) ;
#1690 = CARTESIAN_POINT ( 'NONE',  ( -44.94972211312059329, 2.126612788741058857, 10.00000000000000000 ) ) ;
#1691 = CARTESIAN_POINT ( 'NONE',  ( 22.28970697080578489, 39.09180173841584605, 10.00000000000000000 ) ) ;
#1692 = ORIENTED_EDGE ( 'NONE', *, *, #3339, .F. ) ;
#1693 = DIRECTION ( 'NONE',  ( 0.5877852522924743583, -0.8090169943749465631, 0.000000000000000000 ) ) ;
#1694 = EDGE_LOOP ( 'NONE', ( #3760, #180, #4657, #6486 ) ) ;
#1695 = DIRECTION ( 'NONE',  ( -0.000000000000000000, -0.000000000000000000, -1.000000000000000000 ) ) ;
#1696 = CARTESIAN_POINT ( 'NONE',  ( -6.333793390202180795, -44.55202645548495610, 8.000000000000000000 ) ) ;
#1697 = ORIENTED_EDGE ( 'NONE', *, *, #1086, .F. ) ;
#1698 = DIRECTION ( 'NONE',  ( 0.000000000000000000, 0.000000000000000000, 1.000000000000000000 ) ) ;
#1699 = EDGE_CURVE ( 'NONE', #3890, #5207, #2246, .T. ) ;
#1700 = EDGE_CURVE ( 'NONE', #19, #6312, #1495, .T. ) ;
#1701 = FACE_OUTER_BOUND ( 'NONE', #4248, .T. ) ;
#1702 = LINE ( 'NONE', #645, #4310 ) ;
#1703 = VERTEX_POINT ( 'NONE', #4388 ) ;
#1704 = CARTESIAN_POINT ( 'NONE',  ( 5.607921044894524698, 49.97637685009822661, 8.000000000000000000 ) ) ;
#1705 = ORIENTED_EDGE ( 'NONE', *, *, #2325, .T. ) ;
#1706 = DIRECTION ( 'NONE',  ( 0.4257792915650703836, 0.9048270524660205760, 0.000000000000000000 ) ) ;
#1707 = ORIENTED_EDGE ( 'NONE', *, *, #5530, .F. ) ;
#1708 = VECTOR ( 'NONE', #728, 1000.000000000000000 ) ;
#1709 = CARTESIAN_POINT ( 'NONE',  ( 0.000000000000000000, 0.000000000000000000, 8.000000000000000000 ) ) ;
#1710 = LINE ( 'NONE', #620, #344 ) ;
#1711 = EDGE_CURVE ( 'NONE', #895, #2028, #6014, .T. ) ;
#1712 = VECTOR ( 'NONE', #1135, 1000.000000000000000 ) ;
#1713 = CARTESIAN_POINT ( 'NONE',  ( 5.607921044894524698, 49.97637685009822661, 3.907315377998108371E-16 ) ) ;
#1714 = ORIENTED_EDGE ( 'NONE', *, *, #4350, .F. ) ;
#1715 = DIRECTION ( 'NONE',  ( -0.000000000000000000, -0.000000000000000000, -1.000000000000000000 ) ) ;
#1716 = VECTOR ( 'NONE', #5614, 1000.000000000000000 ) ;
#1717 = ORIENTED_EDGE ( 'NONE', *, *, #1239, .F. ) ;
#1718 = DIRECTION ( 'NONE',  ( -0.8443279255020164076, 0.5358267949789945472, 0.000000000000000000 ) ) ;
#1719 = EDGE_CURVE ( 'NONE', #4581, #5450, #1224, .T. ) ;
#1720 = AXIS2_PLACEMENT_3D ( 'NONE', #4050, #6696, #5241 ) ;
#1721 = CIRCLE ( 'NONE', #6554, 45.00000000000000711 ) ;
#1722 = CARTESIAN_POINT ( 'NONE',  ( -22.28970697080579555, -39.09180173841583894, 10.00000000000000000 ) ) ;
#1723 = VECTOR ( 'NONE', #206, 1000.000000000000000 ) ;
#1724 = DIRECTION ( 'NONE',  ( 1.000000000000000000, 0.000000000000000000, -0.000000000000000000 ) ) ;
#1725 = VECTOR ( 'NONE', #4745, 1000.000000000000114 ) ;
#1726 = ADVANCED_FACE ( 'NONE', ( #198 ), #4488, .F. ) ;
#1727 = DIRECTION ( 'NONE',  ( 0.000000000000000000, 0.000000000000000000, 1.000000000000000000 ) ) ;
#1728 = CARTESIAN_POINT ( 'NONE',  ( 52.81372149718477260, 32.68754507242017837, 8.000000000000000000 ) ) ;
#1729 = VERTEX_POINT ( 'NONE', #5049 ) ;
#1730 = CARTESIAN_POINT ( 'NONE',  ( 0.000000000000000000, 0.000000000000000000, 8.000000000000000000 ) ) ;
#1731 = VECTOR ( 'NONE', #6183, 1000.000000000000114 ) ;
#1733 = ORIENTED_EDGE ( 'NONE', *, *, #171, .F. ) ;
#1732 = VECTOR ( 'NONE', #2281, 1000.000000000000000 ) ;
#1734 = EDGE_CURVE ( 'NONE', #4530, #5498, #228, .T. ) ;
#1735 = AXIS2_PLACEMENT_3D ( 'NONE', #3928, #1217, #2108 ) ;
#1736 = LINE ( 'NONE', #2716, #3174 ) ;
#1737 = CIRCLE ( 'NONE', #5790, 40.00000000000000000 ) ;
#1738 = CARTESIAN_POINT ( 'NONE',  ( 25.88082409933391403, -36.81280950891058268, 10.00000000000000000 ) ) ;
#1739 = AXIS2_PLACEMENT_3D ( 'NONE', #720, #2827, #156 ) ;
#1740 = ORIENTED_EDGE ( 'NONE', *, *, #3183, .T. ) ;
#1741 = VECTOR ( 'NONE', #5809, 1000.000000000000000 ) ;
#1742 = LINE ( 'NONE', #1668, #4450 ) ;
#1743 = VECTOR ( 'NONE', #4401, 1000.000000000000000 ) ;
#1744 = PLANE ( 'NONE',  #1735 ) ;
#1745 = VECTOR ( 'NONE', #1049, 1000.000000000000227 ) ;
#1746 = CARTESIAN_POINT ( 'NONE',  ( 5.607921044894919049, -49.97637685009845399, 8.000000000000000000 ) ) ;
#1747 = ORIENTED_EDGE ( 'NONE', *, *, #563, .F. ) ;
#1748 = DIRECTION ( 'NONE',  ( 0.000000000000000000, 0.000000000000000000, 1.000000000000000000 ) ) ;
#1749 = ORIENTED_EDGE ( 'NONE', *, *, #2965, .F. ) ;
#1750 = CARTESIAN_POINT ( 'NONE',  ( -41.01033628640188766, 18.52437091175382022, 8.193579175013844965E-16 ) ) ;
#1751 = VERTEX_POINT ( 'NONE', #6821 ) ;
#1752 = EDGE_CURVE ( 'NONE', #3289, #421, #5436, .T. ) ;
#1753 = CARTESIAN_POINT ( 'NONE',  ( 0.000000000000000000, 0.000000000000000000, 8.000000000000000000 ) ) ;
#1754 = PLANE ( 'NONE',  #4133 ) ;
#1755 = EDGE_CURVE ( 'NONE', #3370, #4936, #4566, .T. ) ;
#1756 = DIRECTION ( 'NONE',  ( 0.000000000000000000, 0.000000000000000000, 1.000000000000000000 ) ) ;
#1757 = VECTOR ( 'NONE', #4725, 1000.000000000000000 ) ;
#1758 = ORIENTED_EDGE ( 'NONE', *, *, #672, .F. ) ;
#1759 = PLANE ( 'NONE',  #4879 ) ;
#1760 = EDGE_LOOP ( 'NONE', ( #675, #5102, #1902, #6901 ) ) ;
#1761 = DIRECTION ( 'NONE',  ( 0.000000000000000000, 0.000000000000000000, 1.000000000000000000 ) ) ;
#1762 = AXIS2_PLACEMENT_3D ( 'NONE', #2554, #6323, #2586 ) ;
#1763 = EDGE_LOOP ( 'NONE', ( #4714, #1427, #4182, #5403 ) ) ;
#1764 = AXIS2_PLACEMENT_3D ( 'NONE', #6204, #5613, #890 ) ;
#1766 = ADVANCED_FACE ( 'NONE', ( #266 ), #1886, .F. ) ;
#1765 = LINE ( 'NONE', #2332, #2415 ) ;
#1767 = CARTESIAN_POINT ( 'NONE',  ( 34.22270386173917700, -29.21996817916991418, 10.00000000000000000 ) ) ;
#1768 = ORIENTED_EDGE ( 'NONE', *, *, #5406, .F. ) ;
#1769 = CARTESIAN_POINT ( 'NONE',  ( 48.37134592675029410, -40.92474283315964811, 8.193579175013844965E-16 ) ) ;
#1770 = VERTEX_POINT ( 'NONE', #5698 ) ;
#1771 = AXIS2_PLACEMENT_3D ( 'NONE', #5939, #6928, #3753 ) ;
#1772 = EDGE_CURVE ( 'NONE', #2495, #2371, #2730, .T. ) ;
#1773 = ORIENTED_EDGE ( 'NONE', *, *, #147, .F. ) ;
#1774 = DIRECTION ( 'NONE',  ( 0.000000000000000000, 0.000000000000000000, 1.000000000000000000 ) ) ;
#1775 = EDGE_LOOP ( 'NONE', ( #744, #223, #5746, #2013 ) ) ;
#1776 = CARTESIAN_POINT ( 'NONE',  ( -27.88796910425444864, 28.67509684796460334, 10.00000000000000000 ) ) ;
#1777 = DIRECTION ( 'NONE',  ( 0.000000000000000000, 0.000000000000000000, 1.000000000000000000 ) ) ;
#1778 = CARTESIAN_POINT ( 'NONE',  ( 0.000000000000000000, 0.000000000000000000, 8.000000000000000000 ) ) ;
#1779 = ORIENTED_EDGE ( 'NONE', *, *, #6755, .F. ) ;
#1780 = LINE ( 'NONE', #4517, #6444 ) ;
#1781 = ORIENTED_EDGE ( 'NONE', *, *, #2057, .T. ) ;
#1782 = CARTESIAN_POINT ( 'NONE',  ( -25.88082409933366179, -36.81280950891077453, 8.000000000000000000 ) ) ;
#1783 = ORIENTED_EDGE ( 'NONE', *, *, #4432, .T. ) ;
#1784 = CARTESIAN_POINT ( 'NONE',  ( 42.57605304957949954, 14.56982178063246813, 3.907315377998108371E-16 ) ) ;
#1785 = CARTESIAN_POINT ( 'NONE',  ( 0.000000000000000000, 0.000000000000000000, 0.000000000000000000 ) ) ;
#1786 = CARTESIAN_POINT ( 'NONE',  ( 0.000000000000000000, 0.000000000000000000, 8.000000000000000000 ) ) ;
#1787 = ORIENTED_EDGE ( 'NONE', *, *, #1025, .F. ) ;
#1788 = CARTESIAN_POINT ( 'NONE',  ( 0.000000000000000000, 0.000000000000000000, 10.00000000000000000 ) ) ;
#1789 = ORIENTED_EDGE ( 'NONE', *, *, #2676, .F. ) ;
#1790 = DIRECTION ( 'NONE',  ( 0.000000000000000000, 0.000000000000000000, 1.000000000000000000 ) ) ;
#1791 = EDGE_CURVE ( 'NONE', #59, #1703, #6778, .T. ) ;
#1792 = DIRECTION ( 'NONE',  ( -0.000000000000000000, 0.000000000000000000, 1.000000000000000000 ) ) ;
#1793 = LINE ( 'NONE', #4538, #1940 ) ;
#1794 = DIRECTION ( 'NONE',  ( -0.9822872507286892763, 0.1873813145857214646, 0.000000000000000000 ) ) ;
#1795 = CARTESIAN_POINT ( 'NONE',  ( 53.88054222770525570, -26.12788712983580197, 8.193579175013844965E-16 ) ) ;
#1796 = ORIENTED_EDGE ( 'NONE', *, *, #5982, .F. ) ;
#1797 = DIRECTION ( 'NONE',  ( 0.7705132427757904745, -0.6374239897486881912, 0.000000000000000000 ) ) ;
#1798 = ORIENTED_EDGE ( 'NONE', *, *, #4167, .F. ) ;
#1799 = EDGE_CURVE ( 'NONE', #1114, #5034, #3500, .T. ) ;
#1800 = VERTEX_POINT ( 'NONE', #302 ) ;
#1801 = DIRECTION ( 'NONE',  ( 0.9822872507286879440, 0.1873813145857285145, 0.000000000000000000 ) ) ;
#1802 = ORIENTED_EDGE ( 'NONE', *, *, #6363, .T. ) ;
#1803 = EDGE_CURVE ( 'NONE', #3435, #2182, #6322, .T. ) ;
#1804 = LINE ( 'NONE', #6174, #1061 ) ;
#1805 = CARTESIAN_POINT ( 'NONE',  ( -44.06641103065524590, -9.118739982988188331, 8.193579175013844965E-16 ) ) ;
#1806 = EDGE_CURVE ( 'NONE', #4225, #6033, #5539, .T. ) ;
#1807 = DIRECTION ( 'NONE',  ( -0.000000000000000000, -0.000000000000000000, -1.000000000000000000 ) ) ;
#1808 = DIRECTION ( 'NONE',  ( -0.2486898871648553500, 0.9685831611286309650, -0.000000000000000000 ) ) ;
#1809 = VERTEX_POINT ( 'NONE', #6253 ) ;
#1810 = CARTESIAN_POINT ( 'NONE',  ( 26.86741302586447944, -29.63346279626475877, 0.000000000000000000 ) ) ;
#1811 = ORIENTED_EDGE ( 'NONE', *, *, #6626, .F. ) ;
#1812 = CARTESIAN_POINT ( 'NONE',  ( 51.83394028810082688, -9.175230427409326595, 8.000000000000000000 ) ) ;
#1813 = VERTEX_POINT ( 'NONE', #4106 ) ;
#1814 = LINE ( 'NONE', #3967, #5306 ) ;
#1815 = DIRECTION ( 'NONE',  ( -0.000000000000000000, 0.000000000000000000, 1.000000000000000000 ) ) ;
#1816 = FACE_OUTER_BOUND ( 'NONE', #4054, .T. ) ;
#1817 = VERTEX_POINT ( 'NONE', #2516 ) ;
#1818 = CARTESIAN_POINT ( 'NONE',  ( 22.15135930653556784, -54.04641681349798432, 8.000000000000000000 ) ) ;
#1819 = ORIENTED_EDGE ( 'NONE', *, *, #3884, .F. ) ;
#1820 = CARTESIAN_POINT ( 'NONE',  ( 0.000000000000000000, 0.000000000000000000, 0.000000000000000000 ) ) ;
#1821 = AXIS2_PLACEMENT_3D ( 'NONE', #5737, #6793, #1966 ) ;
#1822 = DIRECTION ( 'NONE',  ( -0.9980267284282713369, -0.06279051952931692659, -0.000000000000000000 ) ) ;
#1823 = DIRECTION ( 'NONE',  ( -0.2486898871648483555, -0.9685831611286327414, -0.000000000000000000 ) ) ;
#1824 = ADVANCED_FACE ( 'NONE', ( #3008 ), #3081, .F. ) ;
#1825 = LINE ( 'NONE', #741, #1159 ) ;
#1826 = AXIS2_PLACEMENT_3D ( 'NONE', #4165, #4723, #4200 ) ;
#1827 = ORIENTED_EDGE ( 'NONE', *, *, #1685, .T. ) ;
#1828 = DIRECTION ( 'NONE',  ( -0.6845471059286846183, -0.7289686274214153272, -0.000000000000000000 ) ) ;
#1829 = EDGE_CURVE ( 'NONE', #4356, #2691, #5085, .T. ) ;
#1830 = ORIENTED_EDGE ( 'NONE', *, *, #2225, .F. ) ;
#1831 = VECTOR ( 'NONE', #3946, 1000.000000000000000 ) ;
#1832 = AXIS2_PLACEMENT_3D ( 'NONE', #1874, #4024, #1801 ) ;
#1833 = VERTEX_POINT ( 'NONE', #4141 ) ;
#1834 = EDGE_CURVE ( 'NONE', #2195, #4832, #3607, .T. ) ;
#1835 = CARTESIAN_POINT ( 'NONE',  ( 47.68653189844298623, -2.298798265721132772, 8.000000000000000000 ) ) ;
#1836 = AXIS2_PLACEMENT_3D ( 'NONE', #92, #122, #2354 ) ;
#1837 = VECTOR ( 'NONE', #1808, 1000.000000000000000 ) ;
#1838 = ORIENTED_EDGE ( 'NONE', *, *, #4461, .F. ) ;
#1839 = CARTESIAN_POINT ( 'NONE',  ( 15.37357071196673530, 36.92767693159371589, 0.000000000000000000 ) ) ;
#1840 = EDGE_CURVE ( 'NONE', #6044, #3736, #1914, .T. ) ;
#1841 = DIRECTION ( 'NONE',  ( 1.000000000000000000, 0.000000000000000000, 0.000000000000000000 ) ) ;
#1842 = AXIS2_PLACEMENT_3D ( 'NONE', #2530, #4152, #6301 ) ;
#1843 = AXIS2_PLACEMENT_3D ( 'NONE', #6608, #650, #116 ) ;
#1844 = LINE ( 'NONE', #6635, #1716 ) ;
#1845 = LINE ( 'NONE', #6527, #1277 ) ;
#1846 = VECTOR ( 'NONE', #907, 1000.000000000000000 ) ;
#1847 = ORIENTED_EDGE ( 'NONE', *, *, #2006, .F. ) ;
#1848 = DIRECTION ( 'NONE',  ( -0.000000000000000000, -0.000000000000000000, -1.000000000000000000 ) ) ;
#1849 = ADVANCED_FACE ( 'NONE', ( #5728 ), #931, .F. ) ;
#1850 = CIRCLE ( 'NONE', #265, 40.00000000000000000 ) ;
#1851 = ORIENTED_EDGE ( 'NONE', *, *, #6094, .F. ) ;
#1852 = CARTESIAN_POINT ( 'NONE',  ( -35.88949410446956989, 17.66194250147042411, 8.000000000000000000 ) ) ;
#1853 = EDGE_LOOP ( 'NONE', ( #3023, #462, #6198, #1811 ) ) ;
#1854 = EDGE_CURVE ( 'NONE', #1540, #5547, #3647, .T. ) ;
#1855 = AXIS2_PLACEMENT_3D ( 'NONE', #5319, #2154, #4232 ) ;
#1856 = DIRECTION ( 'NONE',  ( -0.1253332335643045359, 0.9921147013144777649, 0.000000000000000000 ) ) ;
#1857 = CARTESIAN_POINT ( 'NONE',  ( -39.15430613881730437, 8.181705860502058059, 10.00000000000000000 ) ) ;
#1858 = CARTESIAN_POINT ( 'NONE',  ( 5.707041908653299522, -39.59077762121975752, 10.00000000000000000 ) ) ;
#1859 = ORIENTED_EDGE ( 'NONE', *, *, #3339, .T. ) ;
#1860 = CARTESIAN_POINT ( 'NONE',  ( 5.607921044894919049, -49.97637685009845399, 8.000000000000000000 ) ) ;
#1861 = ORIENTED_EDGE ( 'NONE', *, *, #3480, .T. ) ;
#1862 = DIRECTION ( 'NONE',  ( 0.000000000000000000, 0.000000000000000000, 1.000000000000000000 ) ) ;
#1863 = CARTESIAN_POINT ( 'NONE',  ( 44.32874487107531536, -7.743537831967702623, 8.000000000000000000 ) ) ;
#1864 = LINE ( 'NONE', #6163, #3535 ) ;
#1865 = VECTOR ( 'NONE', #3035, 1000.000000000000000 ) ;
#1866 = DIRECTION ( 'NONE',  ( -0.000000000000000000, 0.000000000000000000, 1.000000000000000000 ) ) ;
#1867 = EDGE_LOOP ( 'NONE', ( #6498, #64, #3362, #1851 ) ) ;
#1868 = CARTESIAN_POINT ( 'NONE',  ( 0.000000000000000000, 0.000000000000000000, 0.000000000000000000 ) ) ;
#1869 = ORIENTED_EDGE ( 'NONE', *, *, #777, .T. ) ;
#1870 = DIRECTION ( 'NONE',  ( 1.000000000000000000, 0.000000000000000000, 0.000000000000000000 ) ) ;
#1871 = ORIENTED_EDGE ( 'NONE', *, *, #3254, .F. ) ;
#1872 = AXIS2_PLACEMENT_3D ( 'NONE', #3955, #6099, #3427 ) ;
#1873 = ORIENTED_EDGE ( 'NONE', *, *, #1245, .F. ) ;
#1874 = CARTESIAN_POINT ( 'NONE',  ( 51.83394028810103293, 9.175230427409749367, 8.193579175013844965E-16 ) ) ;
#1875 = ORIENTED_EDGE ( 'NONE', *, *, #5506, .T. ) ;
#1876 = DIRECTION ( 'NONE',  ( 0.3090169943749515036, -0.9510565162951523099, 6.505213034913028576E-16 ) ) ;
#1877 = EDGE_CURVE ( 'NONE', #2821, #4137, #868, .T. ) ;
#1878 = DIRECTION ( 'NONE',  ( 1.000000000000000000, 0.000000000000000000, 0.000000000000000000 ) ) ;
#1879 = EDGE_CURVE ( 'NONE', #4102, #1598, #972, .T. ) ;
#1880 = DIRECTION ( 'NONE',  ( -0.000000000000000000, 0.000000000000000000, 1.000000000000000000 ) ) ;
#1881 = DIRECTION ( 'NONE',  ( -0.000000000000000000, -0.000000000000000000, -1.000000000000000000 ) ) ;
#1882 = ORIENTED_EDGE ( 'NONE', *, *, #6375, .F. ) ;
#1883 = CARTESIAN_POINT ( 'NONE',  ( 49.26373951239822446, 39.84602429327390638, 8.193579175013844965E-16 ) ) ;
#1884 = VERTEX_POINT ( 'NONE', #1953 ) ;
#1885 = EDGE_CURVE ( 'NONE', #4226, #1031, #6899, .T. ) ;
#1886 = PLANE ( 'NONE',  #4529 ) ;
#1887 = CARTESIAN_POINT ( 'NONE',  ( 39.15430613881724753, 8.181705860502338723, 3.907315377998108371E-16 ) ) ;
#1888 = CARTESIAN_POINT ( 'NONE',  ( 0.000000000000000000, 0.000000000000000000, 8.000000000000000000 ) ) ;
#1889 = VERTEX_POINT ( 'NONE', #3752 ) ;
#1890 = EDGE_CURVE ( 'NONE', #1298, #1093, #5341, .T. ) ;
#1891 = DIRECTION ( 'NONE',  ( -0.000000000000000000, 0.000000000000000000, 1.000000000000000000 ) ) ;
#1892 = VERTEX_POINT ( 'NONE', #2 ) ;
#1893 = FACE_OUTER_BOUND ( 'NONE', #2339, .T. ) ;
#1894 = PLANE ( 'NONE',  #830 ) ;
#1895 = CARTESIAN_POINT ( 'NONE',  ( -30.29061452342174121, 33.27880213880109039, 10.00000000000000000 ) ) ;
#1896 = CARTESIAN_POINT ( 'NONE',  ( 14.07188363172346257, -37.44305130535214943, 10.00000000000000000 ) ) ;
#1897 = ORIENTED_EDGE ( 'NONE', *, *, #4822, .F. ) ;
#1898 = CARTESIAN_POINT ( 'NONE',  ( -0.6999999999999948486, -45.00000000000000711, 8.000000000000000000 ) ) ;
#1899 = EDGE_CURVE ( 'NONE', #649, #3556, #465, .T. ) ;
#1900 = ORIENTED_EDGE ( 'NONE', *, *, #4607, .F. ) ;
#1901 = DIRECTION ( 'NONE',  ( 0.6845471059286899473, -0.7289686274214103312, 0.000000000000000000 ) ) ;
#1902 = ORIENTED_EDGE ( 'NONE', *, *, #3386, .F. ) ;
#1903 = ORIENTED_EDGE ( 'NONE', *, *, #4726, .F. ) ;
#1904 = CARTESIAN_POINT ( 'NONE',  ( -4.318081326813032916, 39.76624414820977904, 10.00000000000000000 ) ) ;
#1905 = DIRECTION ( 'NONE',  ( -0.000000000000000000, -0.000000000000000000, -1.000000000000000000 ) ) ;
#1906 = ORIENTED_EDGE ( 'NONE', *, *, #3871, .T. ) ;
#1907 = DIRECTION ( 'NONE',  ( 1.000000000000000000, 0.000000000000000000, 0.000000000000000000 ) ) ;
#1908 = DIRECTION ( 'NONE',  ( -0.000000000000000000, 0.000000000000000000, 1.000000000000000000 ) ) ;
#1909 = DIRECTION ( 'NONE',  ( 0.000000000000000000, 0.000000000000000000, 1.000000000000000000 ) ) ;
#1910 = VERTEX_POINT ( 'NONE', #3819 ) ;
#1911 = FACE_OUTER_BOUND ( 'NONE', #6367, .T. ) ;
#1912 = EDGE_CURVE ( 'NONE', #4502, #4131, #4753, .T. ) ;
#1913 = ORIENTED_EDGE ( 'NONE', *, *, #761, .F. ) ;
#1914 = LINE ( 'NONE', #362, #935 ) ;
#1915 = DIRECTION ( 'NONE',  ( -0.000000000000000000, 0.000000000000000000, 1.000000000000000000 ) ) ;
#1916 = CARTESIAN_POINT ( 'NONE',  ( 0.000000000000000000, 0.000000000000000000, 0.000000000000000000 ) ) ;
#1917 = ORIENTED_EDGE ( 'NONE', *, *, #4675, .T. ) ;
#1918 = CARTESIAN_POINT ( 'NONE',  ( 10.51168264943665243, -43.75505145554662079, 10.00000000000000000 ) ) ;
#1919 = ORIENTED_EDGE ( 'NONE', *, *, #6780, .F. ) ;
#1920 = CARTESIAN_POINT ( 'NONE',  ( 0.000000000000000000, 0.000000000000000000, 0.000000000000000000 ) ) ;
#1921 = DIRECTION ( 'NONE',  ( 1.000000000000000000, 0.000000000000000000, -0.000000000000000000 ) ) ;
#1922 = EDGE_CURVE ( 'NONE', #4363, #4032, #5375, .T. ) ;
#1923 = PLANE ( 'NONE',  #2647 ) ;
#1924 = CARTESIAN_POINT ( 'NONE',  ( -15.91275697575430392, -42.09256662916367020, 8.000000000000000000 ) ) ;
#1925 = DIRECTION ( 'NONE',  ( 0.000000000000000000, 0.000000000000000000, 1.000000000000000000 ) ) ;
#1926 = EDGE_LOOP ( 'NONE', ( #1179, #6401, #5456, #5502 ) ) ;
#1927 = PLANE ( 'NONE',  #1404 ) ;
#1928 = ADVANCED_FACE ( 'NONE', ( #5829 ), #5405, .F. ) ;
#1929 = ORIENTED_EDGE ( 'NONE', *, *, #2421, .F. ) ;
#1930 = ADVANCED_FACE ( 'NONE', ( #1600 ), #3148, .F. ) ;
#1931 = ORIENTED_EDGE ( 'NONE', *, *, #4837, .T. ) ;
#1932 = EDGE_CURVE ( 'NONE', #5043, #3505, #2099, .T. ) ;
#1933 = DIRECTION ( 'NONE',  ( 1.000000000000000000, 0.000000000000000000, 0.000000000000000000 ) ) ;
#1934 = CIRCLE ( 'NONE', #6100, 40.00000000000000000 ) ;
#1935 = FACE_OUTER_BOUND ( 'NONE', #5378, .T. ) ;
#1936 = EDGE_LOOP ( 'NONE', ( #3283, #4478, #315, #6511 ) ) ;
#1937 = CARTESIAN_POINT ( 'NONE',  ( 26.86741302586447944, -29.63346279626476232, 8.000000000000000000 ) ) ;
#1938 = AXIS2_PLACEMENT_3D ( 'NONE', #105, #76, #1634 ) ;
#1939 = LINE ( 'NONE', #4616, #65 ) ;
#1940 = VECTOR ( 'NONE', #3915, 1000.000000000000000 ) ;
#1941 = VECTOR ( 'NONE', #1021, 1000.000000000000000 ) ;
#1942 = CARTESIAN_POINT ( 'NONE',  ( 4.944832808361910637, 44.72749298247497052, 3.907315377998108371E-16 ) ) ;
#1943 = CIRCLE ( 'NONE', #2846, 45.00000000000000711 ) ;
#1944 = CIRCLE ( 'NONE', #5093, 40.00000000000000000 ) ;
#1945 = EDGE_LOOP ( 'NONE', ( #6411, #1311, #2741, #5231 ) ) ;
#1946 = CARTESIAN_POINT ( 'NONE',  ( -27.01344789145858982, -35.98991015570132390, 3.907315377998108371E-16 ) ) ;
#1947 = AXIS2_PLACEMENT_3D ( 'NONE', #3970, #6120, #6613 ) ;
#1948 = EDGE_LOOP ( 'NONE', ( #62, #6950, #2949, #5176 ) ) ;
#1949 = CIRCLE ( 'NONE', #2626, 45.00000000000000711 ) ;
#1950 = AXIS2_PLACEMENT_3D ( 'NONE', #6896, #3359, #6561 ) ;
#1951 = VECTOR ( 'NONE', #1823, 1000.000000000000114 ) ;
#1952 = CIRCLE ( 'NONE', #1395, 45.00000000000000711 ) ;
#1953 = CARTESIAN_POINT ( 'NONE',  ( 41.01033628640186635, -18.52437091175380601, 3.907315377998108371E-16 ) ) ;
#1954 = VECTOR ( 'NONE', #4046, 1000.000000000000227 ) ;
#1955 = CARTESIAN_POINT ( 'NONE',  ( 28.82786076073728765, -53.89070878269394882, 8.000000000000000000 ) ) ;
#1956 = CARTESIAN_POINT ( 'NONE',  ( 0.000000000000000000, 0.000000000000000000, 0.000000000000000000 ) ) ;
#1957 = VERTEX_POINT ( 'NONE', #6927 ) ;
#1958 = CARTESIAN_POINT ( 'NONE',  ( -35.11509744738713579, -28.14124963928405521, 3.907315377998108371E-16 ) ) ;
#1959 = ORIENTED_EDGE ( 'NONE', *, *, #5814, .F. ) ;
#1960 = CARTESIAN_POINT ( 'NONE',  ( 0.000000000000000000, 0.000000000000000000, 0.000000000000000000 ) ) ;
#1961 = EDGE_CURVE ( 'NONE', #3869, #6080, #3225, .T. ) ;
#1962 = VECTOR ( 'NONE', #4826, 1000.000000000000114 ) ;
#1963 = CARTESIAN_POINT ( 'NONE',  ( 30.05469011279868852, -53.21625363895154948, 3.907315377998108371E-16 ) ) ;
#1964 = EDGE_CURVE ( 'NONE', #3698, #6607, #6963, .T. ) ;
#1965 = PLANE ( 'NONE',  #5683 ) ;
#1966 = DIRECTION ( 'NONE',  ( 1.000000000000000000, 0.000000000000000000, 0.000000000000000000 ) ) ;
#1967 = EDGE_LOOP ( 'NONE', ( #1783, #6249, #4986, #2930 ) ) ;
#1968 = DIRECTION ( 'NONE',  ( 1.000000000000000000, 0.000000000000000000, -0.000000000000000000 ) ) ;
#1969 = VERTEX_POINT ( 'NONE', #1567 ) ;
#1970 = CARTESIAN_POINT ( 'NONE',  ( -10.62408035718555332, 38.56331049798582455, 8.193579175013844965E-16 ) ) ;
#1971 = ORIENTED_EDGE ( 'NONE', *, *, #4854, .T. ) ;
#1972 = VERTEX_POINT ( 'NONE', #537 ) ;
#1973 = EDGE_CURVE ( 'NONE', #6773, #6165, #2662, .T. ) ;
#1974 = PLANE ( 'NONE',  #4971 ) ;
#1975 = CARTESIAN_POINT ( 'NONE',  ( 36.48558511266051596, 16.39518462801824228, 8.000000000000000000 ) ) ;
#1976 = ORIENTED_EDGE ( 'NONE', *, *, #3254, .T. ) ;
#1977 = DIRECTION ( 'NONE',  ( -0.000000000000000000, 0.000000000000000000, 1.000000000000000000 ) ) ;
#1978 = ORIENTED_EDGE ( 'NONE', *, *, #1973, .T. ) ;
#1979 = VECTOR ( 'NONE', #826, 1000.000000000000000 ) ;
#1980 = ADVANCED_FACE ( 'NONE', ( #4873 ), #2693, .F. ) ;
#1981 = FACE_OUTER_BOUND ( 'NONE', #3792, .T. ) ;
#1982 = FACE_OUTER_BOUND ( 'NONE', #1936, .T. ) ;
#1983 = AXIS2_PLACEMENT_3D ( 'NONE', #751, #1350, #4658 ) ;
#1984 = CIRCLE ( 'NONE', #4237, 45.00000000000000711 ) ;
#1985 = ORIENTED_EDGE ( 'NONE', *, *, #6979, .T. ) ;
#1986 = DIRECTION ( 'NONE',  ( -0.000000000000000000, 0.000000000000000000, 1.000000000000000000 ) ) ;
#1987 = ORIENTED_EDGE ( 'NONE', *, *, #2619, .T. ) ;
#1988 = CIRCLE ( 'NONE', #5933, 45.00000000000000711 ) ;
#1989 = DIRECTION ( 'NONE',  ( 0.000000000000000000, 0.000000000000000000, 1.000000000000000000 ) ) ;
#1990 = LINE ( 'NONE', #4142, #1210 ) ;
#1991 = PLANE ( 'NONE',  #1391 ) ;
#1992 = ORIENTED_EDGE ( 'NONE', *, *, #506, .T. ) ;
#1993 = FACE_OUTER_BOUND ( 'NONE', #6871, .T. ) ;
#1994 = ORIENTED_EDGE ( 'NONE', *, *, #4306, .F. ) ;
#1995 = FACE_OUTER_BOUND ( 'NONE', #5841, .T. ) ;
#1996 = CARTESIAN_POINT ( 'NONE',  ( -35.88949410446954147, 17.66194250147041345, 10.00000000000000000 ) ) ;
#1997 = PLANE ( 'NONE',  #3322 ) ;
#1998 = PRODUCT_RELATED_PRODUCT_CATEGORY ( 'part', '', ( #1050 ) ) ;
#1999 = CARTESIAN_POINT ( 'NONE',  ( -35.88949410446942068, -17.66194250147065503, 10.00000000000000000 ) ) ;
#2000 = ORIENTED_EDGE ( 'NONE', *, *, #6936, .T. ) ;
#2001 = CARTESIAN_POINT ( 'NONE',  ( 0.000000000000000000, 0.000000000000000000, 8.000000000000000000 ) ) ;
#2002 = ORIENTED_EDGE ( 'NONE', *, *, #2971, .T. ) ;
#2003 = FACE_OUTER_BOUND ( 'NONE', #855, .T. ) ;
#2004 = EDGE_CURVE ( 'NONE', #6614, #4442, #5264, .T. ) ;
#2005 = ORIENTED_EDGE ( 'NONE', *, *, #251, .F. ) ;
#2006 = EDGE_CURVE ( 'NONE', #6959, #3934, #4729, .T. ) ;
#2007 = ORIENTED_EDGE ( 'NONE', *, *, #3032, .T. ) ;
#2008 = LINE ( 'NONE', #6384, #1725 ) ;
#2009 = DIRECTION ( 'NONE',  ( -0.9822872507286879440, -0.1873813145857285145, -0.000000000000000000 ) ) ;
#2010 = LINE ( 'NONE', #394, #3742 ) ;
#2011 = VERTEX_POINT ( 'NONE', #1032 ) ;
#2012 = DIRECTION ( 'NONE',  ( 1.000000000000000000, 0.000000000000000000, 0.000000000000000000 ) ) ;
#2013 = ORIENTED_EDGE ( 'NONE', *, *, #5192, .F. ) ;
#2014 = PLANE ( 'NONE',  #4632 ) ;
#2015 = ADVANCED_FACE ( 'NONE', ( #1536 ), #4351, .F. ) ;
#2016 = ORIENTED_EDGE ( 'NONE', *, *, #1829, .T. ) ;
#2017 = CARTESIAN_POINT ( 'NONE',  ( 30.05469011279825864, 53.21625363895164895, 8.193579175013844965E-16 ) ) ;
#2018 = EDGE_CURVE ( 'NONE', #3672, #3435, #3682, .T. ) ;
#2019 = ORIENTED_EDGE ( 'NONE', *, *, #2006, .T. ) ;
#2020 = EDGE_CURVE ( 'NONE', #1389, #749, #2131, .T. ) ;
#2021 = CARTESIAN_POINT ( 'NONE',  ( 0.7000000000000000666, -45.00000000000000711, 3.907315377998108371E-16 ) ) ;
#2022 = ADVANCED_BREP_SHAPE_REPRESENTATION ( 'Builder Part', ( #1305, #6154 ), #4014 ) ;
#2023 = LINE ( 'NONE', #6779, #2893 ) ;
#2024 = CARTESIAN_POINT ( 'NONE',  ( -35.11509744738714289, -28.14124963928405876, 10.00000000000000000 ) ) ;
#2025 = ORIENTED_EDGE ( 'NONE', *, *, #6611, .T. ) ;
#2026 = EDGE_CURVE ( 'NONE', #3623, #6312, #2267, .T. ) ;
#2027 = CARTESIAN_POINT ( 'NONE',  ( 5.607921044894914608, -49.97637685009845399, 8.193579175013844965E-16 ) ) ;
#2028 = VERTEX_POINT ( 'NONE', #3285 ) ;
#2029 = CARTESIAN_POINT ( 'NONE',  ( 0.000000000000000000, 0.000000000000000000, 0.000000000000000000 ) ) ;
#2030 = PLANE ( 'NONE',  #3637 ) ;
#2031 = DIRECTION ( 'NONE',  ( -0.9980267284282717810, 0.06279051952930998770, 0.000000000000000000 ) ) ;
#2032 = CARTESIAN_POINT ( 'NONE',  ( -40.41424527821065027, -19.79112878520653140, 8.193579175013844965E-16 ) ) ;
#2033 = EDGE_LOOP ( 'NONE', ( #448, #1591, #607, #2972 ) ) ;
#2034 = FACE_OUTER_BOUND ( 'NONE', #5726, .T. ) ;
#2035 = VERTEX_POINT ( 'NONE', #2239 ) ;
#2036 = CARTESIAN_POINT ( 'NONE',  ( 47.59862517110195057, -3.696035685520713265, 8.193579175013844965E-16 ) ) ;
#2037 = ORIENTED_EDGE ( 'NONE', *, *, #6316, .F. ) ;
#2038 = AXIS2_PLACEMENT_3D ( 'NONE', #3936, #3473, #764 ) ;
#2039 = ORIENTED_EDGE ( 'NONE', *, *, #4134, .T. ) ;
#2040 = EDGE_CURVE ( 'NONE', #1373, #641, #1721, .T. ) ;
#2041 = CARTESIAN_POINT ( 'NONE',  ( 54.47663323589631545, 24.86112925638381910, 8.193579175013844965E-16 ) ) ;
#2042 = CARTESIAN_POINT ( 'NONE',  ( 5.607921044894919049, -49.97637685009845399, 8.000000000000000000 ) ) ;
#2043 = DIRECTION ( 'NONE',  ( 0.000000000000000000, 0.000000000000000000, 1.000000000000000000 ) ) ;
#2044 = VERTEX_POINT ( 'NONE', #2825 ) ;
#2045 = DIRECTION ( 'NONE',  ( 1.000000000000000000, 0.000000000000000000, 0.000000000000000000 ) ) ;
#2046 = ORIENTED_EDGE ( 'NONE', *, *, #2040, .T. ) ;
#2047 = EDGE_CURVE ( 'NONE', #4225, #5423, #6636, .T. ) ;
#2048 = DIRECTION ( 'NONE',  ( -0.000000000000000000, 0.000000000000000000, 1.000000000000000000 ) ) ;
#2049 = ADVANCED_FACE ( 'NONE', ( #717 ), #1218, .F. ) ;
#2050 = CIRCLE ( 'NONE', #4743, 40.00000000000000000 ) ;
#2051 = ORIENTED_EDGE ( 'NONE', *, *, #4555, .T. ) ;
#2052 = VECTOR ( 'NONE', #3570, 1000.000000000000000 ) ;
#2053 = DIRECTION ( 'NONE',  ( 0.000000000000000000, 0.000000000000000000, 1.000000000000000000 ) ) ;
#2054 = ORIENTED_EDGE ( 'NONE', *, *, #3274, .F. ) ;
#2055 = AXIS2_PLACEMENT_3D ( 'NONE', #526, #3276, #6349 ) ;
#2056 = AXIS2_PLACEMENT_3D ( 'NONE', #4368, #5880, #2254 ) ;
#2057 = EDGE_CURVE ( 'NONE', #1661, #307, #4970, .T. ) ;
#2058 = CARTESIAN_POINT ( 'NONE',  ( 0.000000000000000000, 0.000000000000000000, 8.000000000000000000 ) ) ;
#2059 = CARTESIAN_POINT ( 'NONE',  ( 54.14436244607947657, 16.85654624173799476, 8.193579175013844965E-16 ) ) ;
#2060 = VECTOR ( 'NONE', #870, 1000.000000000000000 ) ;
#2061 = CARTESIAN_POINT ( 'NONE',  ( 30.05469011279825864, 53.21625363895164895, 8.193579175013844965E-16 ) ) ;
#2062 = AXIS2_PLACEMENT_3D ( 'NONE', #4951, #5596, #2324 ) ;
#2063 = VECTOR ( 'NONE', #3788, 1000.000000000000000 ) ;
#2064 = ORIENTED_EDGE ( 'NONE', *, *, #3125, .F. ) ;
#2065 = LINE ( 'NONE', #2169, #6007 ) ;
#2066 = AXIS2_PLACEMENT_3D ( 'NONE', #3616, #2487, #4179 ) ;
#2067 = ORIENTED_EDGE ( 'NONE', *, *, #6666, .F. ) ;
#2068 = DIRECTION ( 'NONE',  ( 1.000000000000000000, 0.000000000000000000, 0.000000000000000000 ) ) ;
#2069 = ADVANCED_FACE ( 'NONE', ( #3390 ), #5010, .F. ) ;
#2070 = VECTOR ( 'NONE', #4, 1000.000000000000000 ) ;
#2071 = AXIS2_PLACEMENT_3D ( 'NONE', #1788, #5558, #6019 ) ;
#2072 = DIRECTION ( 'NONE',  ( 0.000000000000000000, 0.000000000000000000, 1.000000000000000000 ) ) ;
#2073 = CARTESIAN_POINT ( 'NONE',  ( 0.000000000000000000, 0.000000000000000000, 0.000000000000000000 ) ) ;
#2074 = DIRECTION ( 'NONE',  ( -0.9510565162951544194, 0.3090169943749446757, -0.000000000000000000 ) ) ;
#2075 = ORIENTED_EDGE ( 'NONE', *, *, #4064, .T. ) ;
#2076 = CARTESIAN_POINT ( 'NONE',  ( 0.000000000000000000, 0.000000000000000000, 0.000000000000000000 ) ) ;
#2077 = CIRCLE ( 'NONE', #4659, 40.00000000000000000 ) ;
#2078 = ORIENTED_EDGE ( 'NONE', *, *, #5583, .F. ) ;
#2079 = CARTESIAN_POINT ( 'NONE',  ( 18.65378132083335316, -35.38412698420760449, 8.000000000000000000 ) ) ;
#2080 = CIRCLE ( 'NONE', #2973, 45.00000000000000711 ) ;
#2081 = ORIENTED_EDGE ( 'NONE', *, *, #3344, .F. ) ;
#2082 = ORIENTED_EDGE ( 'NONE', *, *, #3183, .F. ) ;
#2083 = VECTOR ( 'NONE', #5389, 1000.000000000000000 ) ;
#2084 = CARTESIAN_POINT ( 'NONE',  ( 5.607921044894919049, -49.97637685009845399, 8.000000000000000000 ) ) ;
#2085 = VECTOR ( 'NONE', #2635, 1000.000000000000000 ) ;
#2086 = PLANE ( 'NONE',  #5206 ) ;
#2087 = DIRECTION ( 'NONE',  ( 1.000000000000000000, 0.000000000000000000, 0.000000000000000000 ) ) ;
#2088 = ORIENTED_EDGE ( 'NONE', *, *, #4035, .T. ) ;
#2089 = LINE ( 'NONE', #6984, #6919 ) ;
#2090 = VERTEX_POINT ( 'NONE', #1285 ) ;
#2091 = DIRECTION ( 'NONE',  ( -0.000000000000000000, 0.000000000000000000, 1.000000000000000000 ) ) ;
#2092 = AXIS2_PLACEMENT_3D ( 'NONE', #325, #5077, #4033 ) ;
#2093 = EDGE_CURVE ( 'NONE', #6033, #2921, #2765, .T. ) ;
#2094 = VERTEX_POINT ( 'NONE', #6671 ) ;
#2095 = DIRECTION ( 'NONE',  ( 0.000000000000000000, 0.000000000000000000, 1.000000000000000000 ) ) ;
#2096 = ORIENTED_EDGE ( 'NONE', *, *, #6158, .F. ) ;
#2097 = EDGE_CURVE ( 'NONE', #5318, #6337, #2377, .T. ) ;
#2098 = CIRCLE ( 'NONE', #6708, 40.00000000000000000 ) ;
#2099 = LINE ( 'NONE', #6364, #6344 ) ;
#2100 = DIRECTION ( 'NONE',  ( 1.000000000000000000, 0.000000000000000000, 0.000000000000000000 ) ) ;
#2101 = DIRECTION ( 'NONE',  ( -0.8443279255020164076, 0.5358267949789945472, 0.000000000000000000 ) ) ;
#2102 = AXIS2_PLACEMENT_3D ( 'NONE', #2591, #442, #5414 ) ;
#2103 = VERTEX_POINT ( 'NONE', #4381 ) ;
#2104 = CARTESIAN_POINT ( 'NONE',  ( 34.14302387201799149, -20.83876006087718480, 3.907315377998108371E-16 ) ) ;
#2105 = ORIENTED_EDGE ( 'NONE', *, *, #1688, .F. ) ;
#2106 = DIRECTION ( 'NONE',  ( -0.3681245526846786964, 0.9297764858882510142, -0.000000000000000000 ) ) ;
#2107 = EDGE_CURVE ( 'NONE', #3624, #5702, #366, .T. ) ;
#2108 = DIRECTION ( 'NONE',  ( 6.505213034913027590E-16, 0.000000000000000000, 1.000000000000000000 ) ) ;
#2109 = DIRECTION ( 'NONE',  ( 0.000000000000000000, 0.000000000000000000, 1.000000000000000000 ) ) ;
#2110 = EDGE_CURVE ( 'NONE', #1105, #2383, #1845, .T. ) ;
#2111 = DIRECTION ( 'NONE',  ( -0.000000000000000000, 0.000000000000000000, 1.000000000000000000 ) ) ;
#2112 = DIRECTION ( 'NONE',  ( 1.000000000000000000, 0.000000000000000000, 0.000000000000000000 ) ) ;
#2113 = EDGE_LOOP ( 'NONE', ( #1971, #2859, #6700, #5559 ) ) ;
#2114 = DIRECTION ( 'NONE',  ( -0.6845471059286899473, 0.7289686274214103312, -0.000000000000000000 ) ) ;
#2115 = ORIENTED_EDGE ( 'NONE', *, *, #67, .F. ) ;
#2116 = CARTESIAN_POINT ( 'NONE',  ( 37.51220113926679289, 50.44020431347271938, 8.193579175013844965E-16 ) ) ;
#2117 = EDGE_CURVE ( 'NONE', #1114, #4720, #706, .T. ) ;
#2118 = VERTEX_POINT ( 'NONE', #2345 ) ;
#2119 = DIRECTION ( 'NONE',  ( 0.000000000000000000, 0.000000000000000000, 1.000000000000000000 ) ) ;
#2120 = EDGE_CURVE ( 'NONE', #2842, #6076, #5323, .T. ) ;
#2121 = CARTESIAN_POINT ( 'NONE',  ( -44.86181538577957184, -3.523850208540941775, 8.000000000000000000 ) ) ;
#2122 = CARTESIAN_POINT ( 'NONE',  ( 22.15135930653509888, 54.04641681349798432, 8.000000000000000000 ) ) ;
#2123 = ORIENTED_EDGE ( 'NONE', *, *, #5033, .F. ) ;
#2124 = LINE ( 'NONE', #3168, #6130 ) ;
#2125 = ORIENTED_EDGE ( 'NONE', *, *, #3575, .T. ) ;
#2126 = LINE ( 'NONE', #5470, #4187 ) ;
#2127 = DIRECTION ( 'NONE',  ( 0.7289686274214153272, -0.6845471059286846183, 6.505213034913027590E-16 ) ) ;
#2128 = VERTEX_POINT ( 'NONE', #5509 ) ;
#2129 = DIRECTION ( 'NONE',  ( -0.000000000000000000, 0.000000000000000000, 1.000000000000000000 ) ) ;
#2130 = ORIENTED_EDGE ( 'NONE', *, *, #1161, .F. ) ;
#2131 = LINE ( 'NONE', #4272, #2286 ) ;
#2132 = CARTESIAN_POINT ( 'NONE',  ( 26.86741302586426272, 29.63346279626496127, 10.00000000000000000 ) ) ;
#2133 = DIRECTION ( 'NONE',  ( -0.9980267284282713369, -0.06279051952931692659, -0.000000000000000000 ) ) ;
#2134 = EDGE_CURVE ( 'NONE', #4827, #4102, #1943, .T. ) ;
#2135 = ORIENTED_EDGE ( 'NONE', *, *, #3103, .T. ) ;
#2136 = DIRECTION ( 'NONE',  ( 1.000000000000000000, 0.000000000000000000, 0.000000000000000000 ) ) ;
#2137 = VERTEX_POINT ( 'NONE', #112 ) ;
#2138 = CARTESIAN_POINT ( 'NONE',  ( 0.000000000000000000, 0.000000000000000000, 8.000000000000000000 ) ) ;
#2139 = DIRECTION ( 'NONE',  ( 1.000000000000000000, 0.000000000000000000, -0.000000000000000000 ) ) ;
#2140 = DIRECTION ( 'NONE',  ( -0.000000000000000000, 0.000000000000000000, 1.000000000000000000 ) ) ;
#2141 = EDGE_CURVE ( 'NONE', #5461, #2145, #1702, .T. ) ;
#2142 = CARTESIAN_POINT ( 'NONE',  ( -17.21444405599785554, -41.57719225540513008, 8.000000000000000000 ) ) ;
#2143 = ORIENTED_EDGE ( 'NONE', *, *, #1086, .T. ) ;
#2144 = CARTESIAN_POINT ( 'NONE',  ( 20.84967222629201800, -54.56179118725653154, 8.000000000000000000 ) ) ;
#2145 = VERTEX_POINT ( 'NONE', #3329 ) ;
#2146 = DIRECTION ( 'NONE',  ( 0.3090169943749447312, 0.9510565162951545304, 0.000000000000000000 ) ) ;
#2147 = EDGE_CURVE ( 'NONE', #1598, #3624, #2797, .T. ) ;
#2148 = ORIENTED_EDGE ( 'NONE', *, *, #4509, .T. ) ;
#2149 = DIRECTION ( 'NONE',  ( -0.000000000000000000, -0.000000000000000000, -1.000000000000000000 ) ) ;
#2151 = ADVANCED_FACE ( 'NONE', ( #4411 ), #6563, .F. ) ;
#2150 = DIRECTION ( 'NONE',  ( 0.000000000000000000, 0.000000000000000000, 1.000000000000000000 ) ) ;
#2152 = CARTESIAN_POINT ( 'NONE',  ( -24.07412152740955946, -31.94427448985993223, 10.00000000000000000 ) ) ;
#2153 = EDGE_LOOP ( 'NONE', ( #6173, #5795, #5748, #2005 ) ) ;
#2154 = DIRECTION ( 'NONE',  ( -0.9297764858882511252, -0.3681245526846787519, 6.505213034913027590E-16 ) ) ;
#2155 = VERTEX_POINT ( 'NONE', #6307 ) ;
#2156 = EDGE_CURVE ( 'NONE', #480, #616, #393, .T. ) ;
#2157 = ADVANCED_FACE ( 'NONE', ( #1482 ), #2086, .F. ) ;
#2158 = CARTESIAN_POINT ( 'NONE',  ( -0.6999999999999948486, -45.00000000000000711, 8.000000000000000000 ) ) ;
#2159 = LINE ( 'NONE', #5368, #15 ) ;
#2160 = ORIENTED_EDGE ( 'NONE', *, *, #1803, .T. ) ;
#2161 = DIRECTION ( 'NONE',  ( 1.000000000000000000, 0.000000000000000000, 0.000000000000000000 ) ) ;
#2162 = CIRCLE ( 'NONE', #3731, 40.00000000000000000 ) ;
#2163 = ORIENTED_EDGE ( 'NONE', *, *, #4967, .F. ) ;
#2164 = CARTESIAN_POINT ( 'NONE',  ( 5.607921044894919049, -49.97637685009845399, 8.000000000000000000 ) ) ;
#2165 = CIRCLE ( 'NONE', #5766, 40.00000000000000000 ) ;
#2166 = LINE ( 'NONE', #1568, #2943 ) ;
#2167 = PLANE ( 'NONE',  #6348 ) ;
#2168 = ORIENTED_EDGE ( 'NONE', *, *, #3218, .T. ) ;
#2169 = CARTESIAN_POINT ( 'NONE',  ( -10.51168264943664532, 43.75505145554662789, 10.00000000000000000 ) ) ;
#2170 = CIRCLE ( 'NONE', #3064, 45.00000000000000711 ) ;
#2171 = VERTEX_POINT ( 'NONE', #4030 ) ;
#2172 = DIRECTION ( 'NONE',  ( -0.000000000000000000, 0.000000000000000000, 1.000000000000000000 ) ) ;
#2173 = CIRCLE ( 'NONE', #2506, 40.00000000000000000 ) ;
#2174 = VECTOR ( 'NONE', #6516, 1000.000000000000000 ) ;
#2175 = CARTESIAN_POINT ( 'NONE',  ( 5.607921044894919049, -49.97637685009845399, 8.000000000000000000 ) ) ;
#2176 = VECTOR ( 'NONE', #1524, 1000.000000000000000 ) ;
#2177 = CARTESIAN_POINT ( 'NONE',  ( 38.25274688064444462, 11.69304733956664855, 10.00000000000000000 ) ) ;
#2178 = DIRECTION ( 'NONE',  ( -0.2486898871648483555, -0.9685831611286327414, -0.000000000000000000 ) ) ;
#2179 = EDGE_CURVE ( 'NONE', #527, #4057, #3165, .T. ) ;
#2180 = ORIENTED_EDGE ( 'NONE', *, *, #2179, .T. ) ;
#2181 = CARTESIAN_POINT ( 'NONE',  ( -27.88796910425445219, 28.67509684796459979, 8.193579175013844965E-16 ) ) ;
#2182 = VERTEX_POINT ( 'NONE', #3700 ) ;
#2183 = FACE_OUTER_BOUND ( 'NONE', #6513, .T. ) ;
#2184 = VECTOR ( 'NONE', #5976, 1000.000000000000114 ) ;
#2185 = VECTOR ( 'NONE', #3290, 1000.000000000000000 ) ;
#2186 = VECTOR ( 'NONE', #2009, 1000.000000000000114 ) ;
#2187 = EDGE_CURVE ( 'NONE', #5960, #3694, #4229, .T. ) ;
#2188 = VERTEX_POINT ( 'NONE', #3496 ) ;
#2189 = DIRECTION ( 'NONE',  ( 0.000000000000000000, 0.000000000000000000, 1.000000000000000000 ) ) ;
#2190 = DIRECTION ( 'NONE',  ( 1.000000000000000000, 0.000000000000000000, 0.000000000000000000 ) ) ;
#2191 = VECTOR ( 'NONE', #5187, 1000.000000000000000 ) ;
#2192 = DIRECTION ( 'NONE',  ( -0.000000000000000000, -0.000000000000000000, -1.000000000000000000 ) ) ;
#2193 = VERTEX_POINT ( 'NONE', #5847 ) ;
#2194 = LINE ( 'NONE', #4265, #497 ) ;
#2195 = VERTEX_POINT ( 'NONE', #5316 ) ;
#2196 = ADVANCED_FACE ( 'NONE', ( #3670 ), #3627, .F. ) ;
#2197 = VECTOR ( 'NONE', #2501, 1000.000000000000000 ) ;
#2198 = CARTESIAN_POINT ( 'NONE',  ( 5.607921044894919049, -49.97637685009845399, 8.000000000000000000 ) ) ;
#2199 = DIRECTION ( 'NONE',  ( 0.000000000000000000, 0.000000000000000000, 1.000000000000000000 ) ) ;
#2200 = ORIENTED_EDGE ( 'NONE', *, *, #5369, .T. ) ;
#2201 = EDGE_CURVE ( 'NONE', #5244, #169, #5646, .T. ) ;
#2202 = CARTESIAN_POINT ( 'NONE',  ( 40.00000000000000000, 4.898587196589413026E-15, 0.000000000000000000 ) ) ;
#2203 = AXIS2_PLACEMENT_3D ( 'NONE', #5334, #2583, #3680 ) ;
#2204 = DIRECTION ( 'NONE',  ( -0.000000000000000000, 1.000000000000000000, -0.000000000000000000 ) ) ;
#2205 = ADVANCED_FACE ( 'NONE', ( #4747 ), #4790, .F. ) ;
#2206 = ORIENTED_EDGE ( 'NONE', *, *, #799, .F. ) ;
#2207 = VECTOR ( 'NONE', #4625, 1000.000000000000000 ) ;
#2208 = DIRECTION ( 'NONE',  ( -0.000000000000000000, 1.000000000000000000, -0.000000000000000000 ) ) ;
#2209 = DIRECTION ( 'NONE',  ( -0.9510565162951521989, -0.3090169943749514481, -0.000000000000000000 ) ) ;
#2210 = VERTEX_POINT ( 'NONE', #2121 ) ;
#2211 = FACE_OUTER_BOUND ( 'NONE', #1157, .T. ) ;
#2212 = ORIENTED_EDGE ( 'NONE', *, *, #4458, .T. ) ;
#2213 = CARTESIAN_POINT ( 'NONE',  ( 0.7000000000000000666, -44.99455522616041492, 3.907315377998108371E-16 ) ) ;
#2214 = CIRCLE ( 'NONE', #6145, 45.00000000000000711 ) ;
#2215 = PLANE ( 'NONE',  #3429 ) ;
#2216 = VECTOR ( 'NONE', #627, 1000.000000000000227 ) ;
#2217 = CARTESIAN_POINT ( 'NONE',  ( 0.000000000000000000, 0.000000000000000000, 0.000000000000000000 ) ) ;
#2218 = CARTESIAN_POINT ( 'NONE',  ( 6.333793390202176354, 44.55202645548494900, 8.000000000000000000 ) ) ;
#2219 = ORIENTED_EDGE ( 'NONE', *, *, #677, .F. ) ;
#2220 = LINE ( 'NONE', #6946, #4778 ) ;
#2221 = VERTEX_POINT ( 'NONE', #1321 ) ;
#2222 = DIRECTION ( 'NONE',  ( 0.000000000000000000, 0.000000000000000000, 1.000000000000000000 ) ) ;
#2223 = AXIS2_PLACEMENT_3D ( 'NONE', #4249, #5301, #3124 ) ;
#2224 = ORIENTED_EDGE ( 'NONE', *, *, #5386, .T. ) ;
#2225 = EDGE_CURVE ( 'NONE', #678, #2118, #5783, .T. ) ;
#2226 = DIRECTION ( 'NONE',  ( 0.000000000000000000, 0.000000000000000000, 1.000000000000000000 ) ) ;
#2227 = DIRECTION ( 'NONE',  ( 0.000000000000000000, 0.000000000000000000, 1.000000000000000000 ) ) ;
#2228 = CARTESIAN_POINT ( 'NONE',  ( -19.88061067289474693, 34.70967184046521226, 10.00000000000000000 ) ) ;
#2229 = ORIENTED_EDGE ( 'NONE', *, *, #2040, .F. ) ;
#2230 = CARTESIAN_POINT ( 'NONE',  ( 39.87100239165707904, 3.209854869690521806, 3.907315377998108371E-16 ) ) ;
#2231 = EDGE_CURVE ( 'NONE', #2350, #2839, #2969, .T. ) ;
#2232 = ORIENTED_EDGE ( 'NONE', *, *, #2147, .T. ) ;
#2233 = CARTESIAN_POINT ( 'NONE',  ( -34.22270386173916989, 29.21996817916992129, 8.000000000000000000 ) ) ;
#2234 = LINE ( 'NONE', #6987, #4190 ) ;
#2235 = ORIENTED_EDGE ( 'NONE', *, *, #2201, .F. ) ;
#2236 = PLANE ( 'NONE',  #1306 ) ;
#2237 = ADVANCED_FACE ( 'NONE', ( #453 ), #2604, .F. ) ;
#2238 = CARTESIAN_POINT ( 'NONE',  ( -34.22270386173899226, -29.21996817917016998, 8.193579175013844965E-16 ) ) ;
#2239 = CARTESIAN_POINT ( 'NONE',  ( 37.82012308851952298, 13.02452646237985867, 8.000000000000000000 ) ) ;
#2240 = VERTEX_POINT ( 'NONE', #2929 ) ;
#2241 = DIRECTION ( 'NONE',  ( -0.3681245526846786964, 0.9297764858882510142, -0.000000000000000000 ) ) ;
#2242 = ADVANCED_FACE ( 'NONE', ( #5251 ), #424, .F. ) ;
#2243 = ORIENTED_EDGE ( 'NONE', *, *, #2965, .T. ) ;
#2244 = CARTESIAN_POINT ( 'NONE',  ( 43.00867684170452776, -13.23834265781894892, 8.000000000000000000 ) ) ;
#2245 = ORIENTED_EDGE ( 'NONE', *, *, #74, .T. ) ;
#2246 = LINE ( 'NONE', #3399, #131 ) ;
#2247 = CARTESIAN_POINT ( 'NONE',  ( 0.000000000000000000, 0.000000000000000000, 8.000000000000000000 ) ) ;
#2248 = CARTESIAN_POINT ( 'NONE',  ( 28.82786076073684711, 53.89070878269404119, 8.000000000000000000 ) ) ;
#2249 = EDGE_LOOP ( 'NONE', ( #995, #3993 ) ) ;
#2250 = CARTESIAN_POINT ( 'NONE',  ( 53.71173865395447677, -18.18802536455075369, 8.000000000000000000 ) ) ;
#2251 = ORIENTED_EDGE ( 'NONE', *, *, #4967, .T. ) ;
#2252 = DIRECTION ( 'NONE',  ( -0.4817536741017101609, -0.8763066800438664705, -0.000000000000000000 ) ) ;
#2253 = PLANE ( 'NONE',  #264 ) ;
#2254 = DIRECTION ( 'NONE',  ( -1.000000000000000000, 0.000000000000000000, 0.000000000000000000 ) ) ;
#2255 = CARTESIAN_POINT ( 'NONE',  ( 0.000000000000000000, 0.000000000000000000, 8.000000000000000000 ) ) ;
#2256 = CARTESIAN_POINT ( 'NONE',  ( 0.7000000000000000666, -39.99387453098285761, 3.907315377998108371E-16 ) ) ;
#2257 = ORIENTED_EDGE ( 'NONE', *, *, #3790, .T. ) ;
#2258 = PLANE ( 'NONE',  #3428 ) ;
#2259 = VERTEX_POINT ( 'NONE', #4688 ) ;
#2260 = CARTESIAN_POINT ( 'NONE',  ( 0.000000000000000000, 0.000000000000000000, 0.000000000000000000 ) ) ;
#2261 = CARTESIAN_POINT ( 'NONE',  ( 44.05309273942128812, 45.88920510489581517, 8.193579175013844965E-16 ) ) ;
#2262 = VERTEX_POINT ( 'NONE', #4159 ) ;
#2263 = ADVANCED_FACE ( 'NONE', ( #2573 ), #4718, .F. ) ;
#2264 = CARTESIAN_POINT ( 'NONE',  ( 0.000000000000000000, 0.000000000000000000, 8.000000000000000000 ) ) ;
#2265 = ADVANCED_FACE ( 'NONE', ( #6347 ), #6911, .F. ) ;
#2266 = DIRECTION ( 'NONE',  ( -0.5877852522924743583, 0.8090169943749465631, -0.000000000000000000 ) ) ;
#2267 = LINE ( 'NONE', #613, #821 ) ;
#2268 = ORIENTED_EDGE ( 'NONE', *, *, #2320, .F. ) ;
#2269 = DIRECTION ( 'NONE',  ( 0.000000000000000000, 0.000000000000000000, 1.000000000000000000 ) ) ;
#2270 = ORIENTED_EDGE ( 'NONE', *, *, #257, .F. ) ;
#2271 = DIRECTION ( 'NONE',  ( 0.000000000000000000, 0.000000000000000000, 1.000000000000000000 ) ) ;
#2272 = EDGE_LOOP ( 'NONE', ( #3665, #6625, #1166, #2925 ) ) ;
#2273 = EDGE_CURVE ( 'NONE', #903, #6044, #3532, .T. ) ;
#2274 = VECTOR ( 'NONE', #964, 1000.000000000000000 ) ;
#2275 = CARTESIAN_POINT ( 'NONE',  ( 0.000000000000000000, 0.000000000000000000, 0.000000000000000000 ) ) ;
#2276 = CARTESIAN_POINT ( 'NONE',  ( 40.41424527821077106, -19.79112878520623298, 8.000000000000000000 ) ) ;
#2277 = AXIS2_PLACEMENT_3D ( 'NONE', #86, #4876, #1003 ) ;
#2278 = CARTESIAN_POINT ( 'NONE',  ( 0.000000000000000000, 0.000000000000000000, 0.000000000000000000 ) ) ;
#2279 = ORIENTED_EDGE ( 'NONE', *, *, #844, .T. ) ;
#2280 = EDGE_CURVE ( 'NONE', #5000, #1528, #2784, .T. ) ;
#2281 = DIRECTION ( 'NONE',  ( 0.000000000000000000, 0.000000000000000000, 1.000000000000000000 ) ) ;
#2282 = CIRCLE ( 'NONE', #2722, 40.00000000000000000 ) ;
#2283 = ORIENTED_EDGE ( 'NONE', *, *, #3127, .F. ) ;
#2284 = DIRECTION ( 'NONE',  ( 1.000000000000000000, 0.000000000000000000, 0.000000000000000000 ) ) ;
#2285 = VECTOR ( 'NONE', #1925, 1000.000000000000000 ) ;
#2286 = VECTOR ( 'NONE', #3852, 1000.000000000000000 ) ;
#2287 = CARTESIAN_POINT ( 'NONE',  ( 5.607921044894919049, -49.97637685009845399, 8.000000000000000000 ) ) ;
#2288 = AXIS2_PLACEMENT_3D ( 'NONE', #2287, #1792, #3942 ) ;
#2289 = SURFACE_STYLE_FILL_AREA ( #1337 ) ;
#2290 = AXIS2_PLACEMENT_3D ( 'NONE', #6446, #1624, #20 ) ;
#2291 = DIRECTION ( 'NONE',  ( 1.000000000000000000, 0.000000000000000000, -0.000000000000000000 ) ) ;
#2292 = DIRECTION ( 'NONE',  ( 0.9048270524660205760, -0.4257792915650703836, 0.000000000000000000 ) ) ;
#2293 = ORIENTED_EDGE ( 'NONE', *, *, #5590, .F. ) ;
#2294 = CARTESIAN_POINT ( 'NONE',  ( 0.000000000000000000, 0.000000000000000000, 0.000000000000000000 ) ) ;
#2295 = AXIS2_PLACEMENT_3D ( 'NONE', #4068, #3041, #2936 ) ;
#2297 = ORIENTED_EDGE ( 'NONE', *, *, #165, .T. ) ;
#2296 = VECTOR ( 'NONE', #5801, 1000.000000000000000 ) ;
#2298 = VECTOR ( 'NONE', #4218, 1000.000000000000000 ) ;
#2299 = AXIS2_PLACEMENT_3D ( 'NONE', #2711, #132, #5985 ) ;
#2300 = ORIENTED_EDGE ( 'NONE', *, *, #5549, .T. ) ;
#2301 = AXIS2_PLACEMENT_3D ( 'NONE', #5345, #3150, #2625 ) ;
#2302 = CARTESIAN_POINT ( 'NONE',  ( -0.6999999999999934053, 39.99387453098285761, 10.00000000000000000 ) ) ;
#2303 = AXIS2_PLACEMENT_3D ( 'NONE', #1034, #5969, #5906 ) ;
#2304 = ORIENTED_EDGE ( 'NONE', *, *, #2359, .F. ) ;
#2305 = DIRECTION ( 'NONE',  ( -0.000000000000000000, 0.000000000000000000, 1.000000000000000000 ) ) ;
#2306 = VECTOR ( 'NONE', #4372, 1000.000000000000227 ) ;
#2307 = VECTOR ( 'NONE', #5670, 1000.000000000000114 ) ;
#2308 = CARTESIAN_POINT ( 'NONE',  ( 5.607921044894919049, -49.97637685009845399, 8.000000000000000000 ) ) ;
#2309 = ADVANCED_FACE ( 'NONE', ( #2750 ), #2682, .F. ) ;
#2310 = DIRECTION ( 'NONE',  ( -0.000000000000000000, 0.000000000000000000, 1.000000000000000000 ) ) ;
#2311 = EDGE_LOOP ( 'NONE', ( #4977, #5122, #4592, #5826 ) ) ;
#2312 = LINE ( 'NONE', #4973, #5311 ) ;
#2313 = EDGE_CURVE ( 'NONE', #6244, #5474, #5326, .T. ) ;
#2314 = ORIENTED_EDGE ( 'NONE', *, *, #1973, .F. ) ;
#2315 = DIRECTION ( 'NONE',  ( 1.000000000000000000, 0.000000000000000000, 0.000000000000000000 ) ) ;
#2316 = EDGE_CURVE ( 'NONE', #5278, #657, #3880, .T. ) ;
#2317 = ORIENTED_EDGE ( 'NONE', *, *, #5816, .T. ) ;
#2318 = CARTESIAN_POINT ( 'NONE',  ( 0.000000000000000000, 0.000000000000000000, 0.000000000000000000 ) ) ;
#2319 = FACE_OUTER_BOUND ( 'NONE', #6171, .T. ) ;
#2320 = EDGE_CURVE ( 'NONE', #5373, #5390, #5426, .T. ) ;
#2321 = DIRECTION ( 'NONE',  ( -0.9980267284282717810, 0.06279051952930998770, -0.000000000000000000 ) ) ;
#2322 = VECTOR ( 'NONE', #4168, 1000.000000000000114 ) ;
#2323 = ORIENTED_EDGE ( 'NONE', *, *, #5349, .T. ) ;
#2324 = DIRECTION ( 'NONE',  ( -0.9980267284282713369, -0.06279051952931692659, 0.000000000000000000 ) ) ;
#2325 = EDGE_CURVE ( 'NONE', #2435, #6030, #4097, .T. ) ;
#2326 = ORIENTED_EDGE ( 'NONE', *, *, #544, .F. ) ;
#2327 = LINE ( 'NONE', #769, #3110 ) ;
#2328 = LINE ( 'NONE', #1303, #3862 ) ;
#2329 = AXIS2_PLACEMENT_3D ( 'NONE', #321, #6706, #4511 ) ;
#2330 = EDGE_CURVE ( 'NONE', #1434, #6673, #6544, .T. ) ;
#2331 = DIRECTION ( 'NONE',  ( -0.8443279255020164076, 0.5358267949789945472, -0.000000000000000000 ) ) ;
#2332 = CARTESIAN_POINT ( 'NONE',  ( 39.87100239165707904, 3.209854869690522250, 10.00000000000000000 ) ) ;
#2333 = DIRECTION ( 'NONE',  ( 0.000000000000000000, 0.000000000000000000, 1.000000000000000000 ) ) ;
#2334 = ORIENTED_EDGE ( 'NONE', *, *, #4811, .F. ) ;
#2335 = DIRECTION ( 'NONE',  ( 1.000000000000000000, 0.000000000000000000, -0.000000000000000000 ) ) ;
#2336 = EDGE_CURVE ( 'NONE', #3672, #3619, #4956, .T. ) ;
#2337 = ORIENTED_EDGE ( 'NONE', *, *, #5954, .F. ) ;
#2338 = EDGE_CURVE ( 'NONE', #2894, #2951, #3807, .T. ) ;
#2339 = EDGE_LOOP ( 'NONE', ( #3805, #1869, #5713, #5573 ) ) ;
#2340 = DIRECTION ( 'NONE',  ( 0.000000000000000000, 0.000000000000000000, 1.000000000000000000 ) ) ;
#2341 = ORIENTED_EDGE ( 'NONE', *, *, #1457, .F. ) ;
#2342 = CARTESIAN_POINT ( 'NONE',  ( 53.88054222770520596, 26.12788712983624251, 8.000000000000000000 ) ) ;
#2343 = DIRECTION ( 'NONE',  ( 1.000000000000000000, 0.000000000000000000, -0.000000000000000000 ) ) ;
#2344 = CARTESIAN_POINT ( 'NONE',  ( 53.88054222770525570, -26.12788712983580197, 8.193579175013844965E-16 ) ) ;
#2345 = CARTESIAN_POINT ( 'NONE',  ( -44.32874487107526562, -7.743537831968024143, 3.907315377998108371E-16 ) ) ;
#2346 = ORIENTED_EDGE ( 'NONE', *, *, #209, .T. ) ;
#2347 = DIRECTION ( 'NONE',  ( 0.000000000000000000, 0.000000000000000000, 1.000000000000000000 ) ) ;
#2348 = EDGE_LOOP ( 'NONE', ( #1240, #244, #2684, #3109 ) ) ;
#2349 = CARTESIAN_POINT ( 'NONE',  ( 0.000000000000000000, 0.000000000000000000, 8.000000000000000000 ) ) ;
#2350 = VERTEX_POINT ( 'NONE', #1626 ) ;
#2351 = CARTESIAN_POINT ( 'NONE',  ( 15.91275697575460946, -42.09256662916354941, 8.000000000000000000 ) ) ;
#2352 = EDGE_CURVE ( 'NONE', #3696, #749, #3732, .T. ) ;
#2353 = CARTESIAN_POINT ( 'NONE',  ( 0.7000000000000000666, -45.00000000000000711, 8.000000000000000000 ) ) ;
#2354 = DIRECTION ( 'NONE',  ( 1.000000000000000000, 0.000000000000000000, 0.000000000000000000 ) ) ;
#2355 = ORIENTED_EDGE ( 'NONE', *, *, #6026, .T. ) ;
#2356 = CARTESIAN_POINT ( 'NONE',  ( 0.000000000000000000, 0.000000000000000000, 0.000000000000000000 ) ) ;
#2357 = VERTEX_POINT ( 'NONE', #99 ) ;
#2358 = CARTESIAN_POINT ( 'NONE',  ( -17.21444405599813976, 41.57719225540496666, 8.000000000000000000 ) ) ;
#2359 = EDGE_CURVE ( 'NONE', #2094, #5834, #4437, .T. ) ;
#2360 = DIRECTION ( 'NONE',  ( 1.000000000000000000, 0.000000000000000000, 0.000000000000000000 ) ) ;
#2361 = ADVANCED_FACE ( 'NONE', ( #68 ), #1659, .F. ) ;
#2362 = CARTESIAN_POINT ( 'NONE',  ( 0.6999999999999998446, 39.99387453098285761, 8.000000000000000000 ) ) ;
#2363 = CARTESIAN_POINT ( 'NONE',  ( 52.81372149718477260, 32.68754507242017127, 8.193579175013844965E-16 ) ) ;
#2364 = DIRECTION ( 'NONE',  ( 1.000000000000000000, 0.000000000000000000, 0.000000000000000000 ) ) ;
#2365 = ORIENTED_EDGE ( 'NONE', *, *, #2566, .F. ) ;
#2366 = CARTESIAN_POINT ( 'NONE',  ( 44.05309273942128812, 45.88920510489582227, 8.000000000000000000 ) ) ;
#2367 = ORIENTED_EDGE ( 'NONE', *, *, #5528, .F. ) ;
#2368 = ORIENTED_EDGE ( 'NONE', *, *, #4064, .F. ) ;
#2369 = EDGE_CURVE ( 'NONE', #1514, #3403, #6413, .T. ) ;
#2370 = DIRECTION ( 'NONE',  ( 1.000000000000000000, 0.000000000000000000, 0.000000000000000000 ) ) ;
#2371 = VERTEX_POINT ( 'NONE', #1060 ) ;
#2372 = CARTESIAN_POINT ( 'NONE',  ( -15.37357071196700176, 36.92767693159359510, 8.000000000000000000 ) ) ;
#2373 = EDGE_CURVE ( 'NONE', #762, #1323, #6515, .T. ) ;
#2374 = ADVANCED_FACE ( 'NONE', ( #3210 ), #5361, .F. ) ;
#2375 = CARTESIAN_POINT ( 'NONE',  ( 15.91275697575429326, 42.09256662916367020, 3.907315377998108371E-16 ) ) ;
#2376 = DIRECTION ( 'NONE',  ( -0.000000000000000000, 0.000000000000000000, 1.000000000000000000 ) ) ;
#2377 = LINE ( 'NONE', #4514, #1837 ) ;
#2378 = EDGE_LOOP ( 'NONE', ( #1554, #5309, #757, #1789 ) ) ;
#2379 = CARTESIAN_POINT ( 'NONE',  ( 43.03253666103165642, -46.84757105319567216, 8.193579175013844965E-16 ) ) ;
#2380 = ORIENTED_EDGE ( 'NONE', *, *, #6222, .T. ) ;
#2381 = DIRECTION ( 'NONE',  ( 1.000000000000000000, 0.000000000000000000, 0.000000000000000000 ) ) ;
#2382 = CIRCLE ( 'NONE', #3843, 40.00000000000000000 ) ;
#2383 = VERTEX_POINT ( 'NONE', #4292 ) ;
#2384 = CARTESIAN_POINT ( 'NONE',  ( -22.94149773528486946, 32.76717384306922298, 10.00000000000000000 ) ) ;
#2385 = DIRECTION ( 'NONE',  ( 0.000000000000000000, 0.000000000000000000, 1.000000000000000000 ) ) ;
#2386 = LINE ( 'NONE', #5907, #5446 ) ;
#2387 = ORIENTED_EDGE ( 'NONE', *, *, #6197, .T. ) ;
#2388 = CARTESIAN_POINT ( 'NONE',  ( -45.00000000000000711, 0.000000000000000000, 10.00000000000000000 ) ) ;
#2389 = ORIENTED_EDGE ( 'NONE', *, *, #5528, .T. ) ;
#2390 = CARTESIAN_POINT ( 'NONE',  ( -39.95890911899815734, -1.812617449890941979, 8.000000000000000000 ) ) ;
#2391 = CARTESIAN_POINT ( 'NONE',  ( 0.000000000000000000, 0.000000000000000000, 0.000000000000000000 ) ) ;
#2392 = ADVANCED_FACE ( 'NONE', ( #6448 ), #3774, .F. ) ;
#2393 = CARTESIAN_POINT ( 'NONE',  ( -45.00000000000000711, 0.000000000000000000, 0.000000000000000000 ) ) ;
#2394 = CARTESIAN_POINT ( 'NONE',  ( -40.41424527821079948, 19.79112878520624719, 8.000000000000000000 ) ) ;
#2395 = AXIS2_PLACEMENT_3D ( 'NONE', #5290, #353, #6315 ) ;
#2396 = ORIENTED_EDGE ( 'NONE', *, *, #1383, .F. ) ;
#2397 = PLANE ( 'NONE',  #4893 ) ;
#2398 = ORIENTED_EDGE ( 'NONE', *, *, #682, .T. ) ;
#2399 = EDGE_CURVE ( 'NONE', #2951, #6678, #3194, .T. ) ;
#2400 = CIRCLE ( 'NONE', #4195, 40.00000000000000000 ) ;
#2401 = AXIS2_PLACEMENT_3D ( 'NONE', #1019, #6241, #4717 ) ;
#2402 = ORIENTED_EDGE ( 'NONE', *, *, #2141, .F. ) ;
#2403 = DIRECTION ( 'NONE',  ( 0.000000000000000000, 0.000000000000000000, 1.000000000000000000 ) ) ;
#2404 = VECTOR ( 'NONE', #4183, 1000.000000000000000 ) ;
#2405 = VECTOR ( 'NONE', #2553, 1000.000000000000114 ) ;
#2406 = ORIENTED_EDGE ( 'NONE', *, *, #6289, .T. ) ;
#2407 = DIRECTION ( 'NONE',  ( -0.7705132427757904745, 0.6374239897486881912, -0.000000000000000000 ) ) ;
#2408 = FACE_OUTER_BOUND ( 'NONE', #2556, .T. ) ;
#2409 = EDGE_CURVE ( 'NONE', #4936, #3461, #2077, .T. ) ;
#2410 = VECTOR ( 'NONE', #438, 1000.000000000000114 ) ;
#2411 = AXIS2_PLACEMENT_3D ( 'NONE', #1860, #4110, #3504 ) ;
#2412 = LINE ( 'NONE', #2344, #4862 ) ;
#2413 = EDGE_CURVE ( 'NONE', #4125, #5055, #1765, .T. ) ;
#2414 = DIRECTION ( 'NONE',  ( -0.000000000000000000, 0.000000000000000000, 1.000000000000000000 ) ) ;
#2415 = VECTOR ( 'NONE', #5671, 1000.000000000000000 ) ;
#2416 = ORIENTED_EDGE ( 'NONE', *, *, #3772, .F. ) ;
#2417 = AXIS2_PLACEMENT_3D ( 'NONE', #419, #2532, #3516 ) ;
#2418 = FACE_OUTER_BOUND ( 'NONE', #4456, .T. ) ;
#2419 = ORIENTED_EDGE ( 'NONE', *, *, #2489, .T. ) ;
#2420 = VECTOR ( 'NONE', #3766, 1000.000000000000000 ) ;
#2421 = EDGE_CURVE ( 'NONE', #6842, #3736, #154, .T. ) ;
#2422 = DIRECTION ( 'NONE',  ( 0.3681245526846719240, 0.9297764858882537897, 0.000000000000000000 ) ) ;
#2423 = PLANE ( 'NONE',  #5756 ) ;
#2424 = DIRECTION ( 'NONE',  ( -0.1253332335642974860, -0.9921147013144786531, -0.000000000000000000 ) ) ;
#2425 = VERTEX_POINT ( 'NONE', #2888 ) ;
#2426 = EDGE_CURVE ( 'NONE', #5174, #3403, #2988, .T. ) ;
#2427 = PLANE ( 'NONE',  #3756 ) ;
#2428 = ORIENTED_EDGE ( 'NONE', *, *, #1079, .F. ) ;
#2429 = FACE_OUTER_BOUND ( 'NONE', #4430, .T. ) ;
#2430 = DIRECTION ( 'NONE',  ( 1.000000000000000000, 0.000000000000000000, 0.000000000000000000 ) ) ;
#2431 = CARTESIAN_POINT ( 'NONE',  ( 12.94454915351121294, 53.23044088929079720, 3.907315377998108371E-16 ) ) ;
#2432 = VECTOR ( 'NONE', #4762, 1000.000000000000000 ) ;
#2433 = LINE ( 'NONE', #1896, #1059 ) ;
#2434 = CARTESIAN_POINT ( 'NONE',  ( 27.88796910425424258, 28.67509684796480229, 10.00000000000000000 ) ) ;
#2435 = VERTEX_POINT ( 'NONE', #4469 ) ;
#2436 = AXIS2_PLACEMENT_3D ( 'NONE', #2480, #1915, #1432 ) ;
#2437 = LINE ( 'NONE', #2568, #3315 ) ;
#2438 = ORIENTED_EDGE ( 'NONE', *, *, #1118, .T. ) ;
#2439 = VECTOR ( 'NONE', #63, 1000.000000000000227 ) ;
#2440 = ORIENTED_EDGE ( 'NONE', *, *, #2409, .F. ) ;
#2441 = PLANE ( 'NONE',  #1163 ) ;
#2442 = PLANE ( 'NONE',  #470 ) ;
#2443 = AXIS2_PLACEMENT_3D ( 'NONE', #690, #1790, #6083 ) ;
#2444 = EDGE_LOOP ( 'NONE', ( #4051, #4296, #1392, #1219 ) ) ;
#2445 = DIRECTION ( 'NONE',  ( -0.000000000000000000, -0.000000000000000000, -1.000000000000000000 ) ) ;
#2446 = PLANE ( 'NONE',  #2329 ) ;
#2447 = CARTESIAN_POINT ( 'NONE',  ( -17.21444405599784844, -41.57719225540513008, 10.00000000000000000 ) ) ;
#2448 = ORIENTED_EDGE ( 'NONE', *, *, #2026, .F. ) ;
#2449 = DIRECTION ( 'NONE',  ( -0.4817536741017162671, 0.8763066800438630288, -0.000000000000000000 ) ) ;
#2450 = EDGE_LOOP ( 'NONE', ( #2862, #1081, #1897, #2365 ) ) ;
#2451 = EDGE_CURVE ( 'NONE', #5512, #2357, #5679, .T. ) ;
#2452 = EDGE_CURVE ( 'NONE', #939, #2466, #311, .T. ) ;
#2453 = DIRECTION ( 'NONE',  ( 0.000000000000000000, 0.000000000000000000, 1.000000000000000000 ) ) ;
#2454 = PLANE ( 'NONE',  #752 ) ;
#2455 = CARTESIAN_POINT ( 'NONE',  ( 52.06356398421417708, 33.86960416812299002, 8.000000000000000000 ) ) ;
#2456 = ORIENTED_EDGE ( 'NONE', *, *, #4290, .T. ) ;
#2457 = FACE_OUTER_BOUND ( 'NONE', #1039, .T. ) ;
#2458 = ORIENTED_EDGE ( 'NONE', *, *, #5664, .F. ) ;
#2459 = DIRECTION ( 'NONE',  ( -0.000000000000000000, 0.000000000000000000, 1.000000000000000000 ) ) ;
#2460 = CARTESIAN_POINT ( 'NONE',  ( -34.14302387201784228, -20.83876006087741928, 0.000000000000000000 ) ) ;
#2461 = CARTESIAN_POINT ( 'NONE',  ( 51.57160644768101321, 10.55043257842991267, 3.907315377998108371E-16 ) ) ;
#2462 = DIRECTION ( 'NONE',  ( 0.000000000000000000, 0.000000000000000000, 1.000000000000000000 ) ) ;
#2463 = CARTESIAN_POINT ( 'NONE',  ( 0.000000000000000000, 0.000000000000000000, 0.000000000000000000 ) ) ;
#2464 = ORIENTED_EDGE ( 'NONE', *, *, #5120, .T. ) ;
#2465 = DIRECTION ( 'NONE',  ( -0.000000000000000000, -0.000000000000000000, -1.000000000000000000 ) ) ;
#2466 = VERTEX_POINT ( 'NONE', #4539 ) ;
#2467 = ORIENTED_EDGE ( 'NONE', *, *, #3644, .T. ) ;
#2468 = PLANE ( 'NONE',  #1609 ) ;
#2469 = DIRECTION ( 'NONE',  ( -0.000000000000000000, -0.000000000000000000, -1.000000000000000000 ) ) ;
#2470 = ORIENTED_EDGE ( 'NONE', *, *, #4461, .T. ) ;
#2471 = DIRECTION ( 'NONE',  ( 1.000000000000000000, 0.000000000000000000, 0.000000000000000000 ) ) ;
#2472 = CARTESIAN_POINT ( 'NONE',  ( 39.41663997923731699, -6.806503709481892983, 8.000000000000000000 ) ) ;
#2473 = CARTESIAN_POINT ( 'NONE',  ( 15.91275697575460946, -42.09256662916354941, 10.00000000000000000 ) ) ;
#2474 = ADVANCED_FACE ( 'NONE', ( #3452 ), #5604, .F. ) ;
#2475 = ORIENTED_EDGE ( 'NONE', *, *, #1215, .T. ) ;
#2476 = CARTESIAN_POINT ( 'NONE',  ( -39.15430613881730437, 8.181705860502058059, 0.000000000000000000 ) ) ;
#2477 = ORIENTED_EDGE ( 'NONE', *, *, #1327, .F. ) ;
#2478 = EDGE_CURVE ( 'NONE', #5547, #997, #3945, .T. ) ;
#2479 = CARTESIAN_POINT ( 'NONE',  ( 31.26200674885961561, 24.95369579910471103, 10.00000000000000000 ) ) ;
#2480 = CARTESIAN_POINT ( 'NONE',  ( 0.000000000000000000, 0.000000000000000000, 8.000000000000000000 ) ) ;
#2481 = DIRECTION ( 'NONE',  ( -0.6845471059286846183, -0.7289686274214153272, -0.000000000000000000 ) ) ;
#2482 = ORIENTED_EDGE ( 'NONE', *, *, #5281, .F. ) ;
#2483 = CARTESIAN_POINT ( 'NONE',  ( 10.51168264943633268, 43.75505145554670605, 8.000000000000000000 ) ) ;
#2484 = ORIENTED_EDGE ( 'NONE', *, *, #6246, .T. ) ;
#2485 = CARTESIAN_POINT ( 'NONE',  ( -37.82012308851960825, 13.02452646237958689, 8.000000000000000000 ) ) ;
#2486 = EDGE_CURVE ( 'NONE', #3925, #4704, #4017, .T. ) ;
#2487 = DIRECTION ( 'NONE',  ( 0.000000000000000000, 0.000000000000000000, 1.000000000000000000 ) ) ;
#2488 = CARTESIAN_POINT ( 'NONE',  ( 5.607921044894919049, -49.97637685009845399, 8.000000000000000000 ) ) ;
#2489 = EDGE_CURVE ( 'NONE', #5398, #6765, #6087, .T. ) ;
#2490 = DIRECTION ( 'NONE',  ( 1.000000000000000000, 0.000000000000000000, 0.000000000000000000 ) ) ;
#2491 = ORIENTED_EDGE ( 'NONE', *, *, #2608, .T. ) ;
#2492 = CARTESIAN_POINT ( 'NONE',  ( -11.86769907501672527, 43.40688561351583274, 8.000000000000000000 ) ) ;
#2493 = ORIENTED_EDGE ( 'NONE', *, *, #2369, .F. ) ;
#2494 = DIRECTION ( 'NONE',  ( 1.000000000000000000, 0.000000000000000000, -0.000000000000000000 ) ) ;
#2495 = VERTEX_POINT ( 'NONE', #6694 ) ;
#2496 = ORIENTED_EDGE ( 'NONE', *, *, #563, .T. ) ;
#2497 = CARTESIAN_POINT ( 'NONE',  ( 0.000000000000000000, 0.000000000000000000, 0.000000000000000000 ) ) ;
#2498 = CIRCLE ( 'NONE', #4305, 45.00000000000000711 ) ;
#2499 = CARTESIAN_POINT ( 'NONE',  ( -5.707041908653295081, 39.59077762121975752, 8.000000000000000000 ) ) ;
#2500 = ORIENTED_EDGE ( 'NONE', *, *, #4515, .F. ) ;
#2501 = DIRECTION ( 'NONE',  ( -0.000000000000000000, -0.000000000000000000, -1.000000000000000000 ) ) ;
#2502 = AXIS2_PLACEMENT_3D ( 'NONE', #4313, #466, #1672 ) ;
#2503 = ORIENTED_EDGE ( 'NONE', *, *, #4910, .F. ) ;
#2504 = AXIS2_PLACEMENT_3D ( 'NONE', #1497, #3576, #2422 ) ;
#2505 = LINE ( 'NONE', #4556, #3786 ) ;
#2506 = AXIS2_PLACEMENT_3D ( 'NONE', #5921, #4333, #5955 ) ;
#2507 = VECTOR ( 'NONE', #5684, 1000.000000000000227 ) ;
#2508 = DIRECTION ( 'NONE',  ( -0.9297764858882511252, -0.3681245526846787519, 6.505213034913027590E-16 ) ) ;
#2509 = ORIENTED_EDGE ( 'NONE', *, *, #3507, .T. ) ;
#2510 = LINE ( 'NONE', #4104, #5008 ) ;
#2511 = AXIS2_PLACEMENT_3D ( 'NONE', #1297, #1756, #5417 ) ;
#2512 = ORIENTED_EDGE ( 'NONE', *, *, #4078, .F. ) ;
#2513 = AXIS2_PLACEMENT_3D ( 'NONE', #1818, #3371, #2777 ) ;
#2514 = EDGE_CURVE ( 'NONE', #6594, #5043, #6918, .T. ) ;
#2515 = CIRCLE ( 'NONE', #6463, 40.00000000000000000 ) ;
#2516 = CARTESIAN_POINT ( 'NONE',  ( 35.88949410446941357, 17.66194250147066214, 8.000000000000000000 ) ) ;
#2517 = AXIS2_PLACEMENT_3D ( 'NONE', #2944, #5094, #3658 ) ;
#2518 = DIRECTION ( 'NONE',  ( -0.000000000000000000, -0.000000000000000000, -1.000000000000000000 ) ) ;
#2519 = EDGE_CURVE ( 'NONE', #5702, #1833, #2433, .T. ) ;
#2520 = DIRECTION ( 'NONE',  ( 0.000000000000000000, 0.000000000000000000, 1.000000000000000000 ) ) ;
#2521 = ORIENTED_EDGE ( 'NONE', *, *, #6815, .F. ) ;
#2522 = DIRECTION ( 'NONE',  ( 0.000000000000000000, 0.000000000000000000, 1.000000000000000000 ) ) ;
#2523 = ORIENTED_EDGE ( 'NONE', *, *, #5501, .F. ) ;
#2524 = DIRECTION ( 'NONE',  ( 0.000000000000000000, 0.000000000000000000, 1.000000000000000000 ) ) ;
#2525 = AXIS2_PLACEMENT_3D ( 'NONE', #5397, #4857, #3213 ) ;
#2526 = PLANE ( 'NONE',  #6001 ) ;
#2527 = CARTESIAN_POINT ( 'NONE',  ( 5.607921044894919049, -49.97637685009845399, 8.000000000000000000 ) ) ;
#2528 = LINE ( 'NONE', #1408, #4623 ) ;
#2529 = EDGE_LOOP ( 'NONE', ( #5926, #3487, #6036, #1551 ) ) ;
#2530 = CARTESIAN_POINT ( 'NONE',  ( 0.000000000000000000, 0.000000000000000000, 8.000000000000000000 ) ) ;
#2531 = ORIENTED_EDGE ( 'NONE', *, *, #6968, .T. ) ;
#2532 = DIRECTION ( 'NONE',  ( -0.000000000000000000, 0.000000000000000000, 1.000000000000000000 ) ) ;
#2533 = ORIENTED_EDGE ( 'NONE', *, *, #3000, .T. ) ;
#2534 = EDGE_CURVE ( 'NONE', #4131, #2571, #3482, .T. ) ;
#2535 = ORIENTED_EDGE ( 'NONE', *, *, #4256, .F. ) ;
#2536 = DIRECTION ( 'NONE',  ( -0.9048270524660175784, -0.4257792915650767673, 0.000000000000000000 ) ) ;
#2538 = ADVANCED_FACE ( 'NONE', ( #802 ), #1366, .F. ) ;
#2537 = DIRECTION ( 'NONE',  ( 0.7705132427757860336, 0.6374239897486935202, 0.000000000000000000 ) ) ;
#2539 = DIRECTION ( 'NONE',  ( -1.000000000000000000, 0.000000000000000000, 0.000000000000000000 ) ) ;
#2540 = ORIENTED_EDGE ( 'NONE', *, *, #61, .F. ) ;
#2541 = DIRECTION ( 'NONE',  ( -0.8443279255020164076, 0.5358267949789945472, -0.000000000000000000 ) ) ;
#2542 = EDGE_LOOP ( 'NONE', ( #2475, #3384, #5257, #6783 ) ) ;
#2543 = VECTOR ( 'NONE', #400, 1000.000000000000000 ) ;
#2544 = ADVANCED_FACE ( 'NONE', ( #3375 ), #278, .F. ) ;
#2545 = DIRECTION ( 'NONE',  ( -0.7705132427757860336, -0.6374239897486935202, 0.000000000000000000 ) ) ;
#2546 = VECTOR ( 'NONE', #552, 1000.000000000000114 ) ;
#2547 = ADVANCED_FACE ( 'NONE', ( #4577 ), #2916, .F. ) ;
#2548 = EDGE_LOOP ( 'NONE', ( #1249, #3433, #4339, #5024 ) ) ;
#2549 = CIRCLE ( 'NONE', #5249, 40.00000000000000000 ) ;
#2550 = LINE ( 'NONE', #5372, #1757 ) ;
#2551 = ORIENTED_EDGE ( 'NONE', *, *, #129, .T. ) ;
#2552 = AXIS2_PLACEMENT_3D ( 'NONE', #1437, #3089, #5864 ) ;
#2553 = DIRECTION ( 'NONE',  ( -0.2486898871648483555, -0.9685831611286327414, -0.000000000000000000 ) ) ;
#2554 = CARTESIAN_POINT ( 'NONE',  ( 0.000000000000000000, 0.000000000000000000, 8.000000000000000000 ) ) ;
#2555 = FACE_OUTER_BOUND ( 'NONE', #624, .T. ) ;
#2556 = EDGE_LOOP ( 'NONE', ( #5932, #3045, #1418, #2713 ) ) ;
#2557 = DIRECTION ( 'NONE',  ( -0.000000000000000000, 0.000000000000000000, 1.000000000000000000 ) ) ;
#2558 = VERTEX_POINT ( 'NONE', #2393 ) ;
#2559 = DIRECTION ( 'NONE',  ( -0.3681245526846719240, -0.9297764858882537897, -0.000000000000000000 ) ) ;
#2560 = EDGE_CURVE ( 'NONE', #5935, #6517, #5708, .T. ) ;
#2561 = CARTESIAN_POINT ( 'NONE',  ( 47.68653189844298623, -2.298798265721132772, 3.907315377998108371E-16 ) ) ;
#2562 = DIRECTION ( 'NONE',  ( -0.9822872507286879440, -0.1873813145857285145, -0.000000000000000000 ) ) ;
#2563 = LINE ( 'NONE', #3129, #4884 ) ;
#2564 = ORIENTED_EDGE ( 'NONE', *, *, #2179, .F. ) ;
#2565 = CARTESIAN_POINT ( 'NONE',  ( 14.30056557909174053, -52.88227504726012995, 8.000000000000000000 ) ) ;
#2566 = EDGE_CURVE ( 'NONE', #6909, #1036, #39, .T. ) ;
#2567 = ORIENTED_EDGE ( 'NONE', *, *, #3926, .T. ) ;
#2568 = CARTESIAN_POINT ( 'NONE',  ( 44.05309273942163628, -45.88920510489550963, 3.907315377998108371E-16 ) ) ;
#2569 = ORIENTED_EDGE ( 'NONE', *, *, #5966, .T. ) ;
#2570 = EDGE_CURVE ( 'NONE', #6464, #2137, #1513, .T. ) ;
#2571 = VERTEX_POINT ( 'NONE', #5165 ) ;
#2572 = DIRECTION ( 'NONE',  ( -0.1873813145857214646, -0.9822872507286892763, 6.505213034913027590E-16 ) ) ;
#2573 = FACE_OUTER_BOUND ( 'NONE', #3579, .T. ) ;
#2574 = CARTESIAN_POINT ( 'NONE',  ( -19.88061067289474693, 34.70967184046519804, 8.193579175013844965E-16 ) ) ;
#2575 = ORIENTED_EDGE ( 'NONE', *, *, #4861, .F. ) ;
#2576 = LINE ( 'NONE', #3528, #3090 ) ;
#2577 = ORIENTED_EDGE ( 'NONE', *, *, #4497, .F. ) ;
#2578 = EDGE_CURVE ( 'NONE', #3459, #6605, #3537, .T. ) ;
#2579 = DIRECTION ( 'NONE',  ( 1.000000000000000000, 0.000000000000000000, -0.000000000000000000 ) ) ;
#2580 = EDGE_CURVE ( 'NONE', #480, #5533, #1011, .T. ) ;
#2581 = EDGE_LOOP ( 'NONE', ( #3489, #6827, #2470, #4958 ) ) ;
#2582 = EDGE_CURVE ( 'NONE', #2221, #401, #2563, .T. ) ;
#2583 = DIRECTION ( 'NONE',  ( 0.000000000000000000, 0.000000000000000000, 1.000000000000000000 ) ) ;
#2584 = ORIENTED_EDGE ( 'NONE', *, *, #2134, .F. ) ;
#2585 = CARTESIAN_POINT ( 'NONE',  ( -42.57605304957949954, -14.56982178063245925, 10.00000000000000000 ) ) ;
#2586 = DIRECTION ( 'NONE',  ( 1.000000000000000000, 0.000000000000000000, 0.000000000000000000 ) ) ;
#2587 = PLANE ( 'NONE',  #2301 ) ;
#2588 = ORIENTED_EDGE ( 'NONE', *, *, #3987, .F. ) ;
#2589 = CARTESIAN_POINT ( 'NONE',  ( 15.91275697575429682, 42.09256662916367020, 10.00000000000000000 ) ) ;
#2590 = ORIENTED_EDGE ( 'NONE', *, *, #5818, .T. ) ;
#2591 = CARTESIAN_POINT ( 'NONE',  ( 12.94454915351121294, 53.23044088929079720, 8.000000000000000000 ) ) ;
#2592 = DIRECTION ( 'NONE',  ( -0.9980267284282713369, -0.06279051952931692659, -0.000000000000000000 ) ) ;
#2593 = LINE ( 'NONE', #6832, #6360 ) ;
#2594 = CARTESIAN_POINT ( 'NONE',  ( 0.000000000000000000, 0.000000000000000000, 0.000000000000000000 ) ) ;
#2595 = ORIENTED_EDGE ( 'NONE', *, *, #3470, .T. ) ;
#2596 = DIRECTION ( 'NONE',  ( 0.000000000000000000, 0.000000000000000000, 1.000000000000000000 ) ) ;
#2597 = ORIENTED_EDGE ( 'NONE', *, *, #1073, .F. ) ;
#2598 = LINE ( 'NONE', #2742, #3888 ) ;
#2599 = ORIENTED_EDGE ( 'NONE', *, *, #6094, .T. ) ;
#2600 = VECTOR ( 'NONE', #3200, 1000.000000000000000 ) ;
#2601 = VERTEX_POINT ( 'NONE', #6834 ) ;
#2602 = EDGE_CURVE ( 'NONE', #331, #2678, #4150, .T. ) ;
#2603 = FACE_OUTER_BOUND ( 'NONE', #3596, .T. ) ;
#2604 = PLANE ( 'NONE',  #3981 ) ;
#2605 = CARTESIAN_POINT ( 'NONE',  ( 0.000000000000000000, 0.000000000000000000, 0.000000000000000000 ) ) ;
#2606 = EDGE_LOOP ( 'NONE', ( #551, #3364, #3121, #614 ) ) ;
#2607 = LINE ( 'NONE', #5850, #4996 ) ;
#2608 = EDGE_CURVE ( 'NONE', #3922, #4618, #6813, .T. ) ;
#2609 = ORIENTED_EDGE ( 'NONE', *, *, #3136, .F. ) ;
#2610 = CARTESIAN_POINT ( 'NONE',  ( 34.22270386173897805, 29.21996817917015576, 8.000000000000000000 ) ) ;
#2611 = VECTOR ( 'NONE', #1848, 1000.000000000000000 ) ;
#2612 = ORIENTED_EDGE ( 'NONE', *, *, #5583, .T. ) ;
#2613 = ADVANCED_FACE ( 'NONE', ( #6756 ), #378, .F. ) ;
#2614 = AXIS2_PLACEMENT_3D ( 'NONE', #4661, #2508, #2654 ) ;
#2615 = CARTESIAN_POINT ( 'NONE',  ( 31.31117060181171041, -32.32043619050092786, 10.00000000000000000 ) ) ;
#2616 = ORIENTED_EDGE ( 'NONE', *, *, #1073, .T. ) ;
#2617 = CIRCLE ( 'NONE', #4417, 45.00000000000000711 ) ;
#2618 = AXIS2_PLACEMENT_3D ( 'NONE', #5154, #5227, #832 ) ;
#2619 = EDGE_CURVE ( 'NONE', #1800, #2786, #2162, .T. ) ;
#2620 = VECTOR ( 'NONE', #5846, 1000.000000000000000 ) ;
#2621 = CARTESIAN_POINT ( 'NONE',  ( 47.68653189844327045, 2.298798265721484047, 8.193579175013844965E-16 ) ) ;
#2622 = EDGE_CURVE ( 'NONE', #5941, #5723, #5871, .T. ) ;
#2623 = CARTESIAN_POINT ( 'NONE',  ( 53.88054222770520596, 26.12788712983624251, 8.000000000000000000 ) ) ;
#2624 = CIRCLE ( 'NONE', #4421, 45.00000000000000711 ) ;
#2625 = DIRECTION ( 'NONE',  ( 1.000000000000000000, 0.000000000000000000, -0.000000000000000000 ) ) ;
#2626 = AXIS2_PLACEMENT_3D ( 'NONE', #6931, #2697, #2136 ) ;
#2627 = VERTEX_POINT ( 'NONE', #2032 ) ;
#2628 = CARTESIAN_POINT ( 'NONE',  ( -42.57605304957957770, 14.56982178063215549, 3.907315377998108371E-16 ) ) ;
#2629 = VECTOR ( 'NONE', #2266, 1000.000000000000114 ) ;
#2630 = ORIENTED_EDGE ( 'NONE', *, *, #2018, .T. ) ;
#2631 = DIRECTION ( 'NONE',  ( 0.000000000000000000, 0.000000000000000000, 1.000000000000000000 ) ) ;
#2632 = VECTOR ( 'NONE', #2445, 1000.000000000000000 ) ;
#2633 = VECTOR ( 'NONE', #1188, 1000.000000000000227 ) ;
#2634 = LINE ( 'NONE', #4912, #151 ) ;
#2635 = DIRECTION ( 'NONE',  ( -0.000000000000000000, -0.000000000000000000, -1.000000000000000000 ) ) ;
#2636 = CARTESIAN_POINT ( 'NONE',  ( -30.29061452342149252, -33.27880213880130356, 8.000000000000000000 ) ) ;
#2637 = DIRECTION ( 'NONE',  ( -0.000000000000000000, -0.000000000000000000, -1.000000000000000000 ) ) ;
#2638 = AXIS2_PLACEMENT_3D ( 'NONE', #2945, #5566, #740 ) ;
#2639 = ORIENTED_EDGE ( 'NONE', *, *, #6525, .T. ) ;
#2640 = DIRECTION ( 'NONE',  ( 1.000000000000000000, 0.000000000000000000, 0.000000000000000000 ) ) ;
#2641 = VECTOR ( 'NONE', #806, 1000.000000000000114 ) ;
#2642 = ORIENTED_EDGE ( 'NONE', *, *, #5141, .T. ) ;
#2643 = FACE_OUTER_BOUND ( 'NONE', #2378, .T. ) ;
#2644 = ORIENTED_EDGE ( 'NONE', *, *, #2608, .F. ) ;
#2645 = VECTOR ( 'NONE', #5813, 1000.000000000000000 ) ;
#2646 = DIRECTION ( 'NONE',  ( -0.000000000000000000, -0.000000000000000000, -1.000000000000000000 ) ) ;
#2647 = AXIS2_PLACEMENT_3D ( 'NONE', #2488, #6334, #1365 ) ;
#2648 = CARTESIAN_POINT ( 'NONE',  ( 5.607921044894919049, -49.97637685009845399, 8.000000000000000000 ) ) ;
#2649 = FACE_OUTER_BOUND ( 'NONE', #6325, .T. ) ;
#2650 = ORIENTED_EDGE ( 'NONE', *, *, #2369, .T. ) ;
#2651 = CARTESIAN_POINT ( 'NONE',  ( 5.707041908653013529, 39.59077762121979305, 10.00000000000000000 ) ) ;
#2652 = VERTEX_POINT ( 'NONE', #4605 ) ;
#2653 = DIRECTION ( 'NONE',  ( -0.9980267284282713369, -0.06279051952931692659, -0.000000000000000000 ) ) ;
#2655 = EDGE_CURVE ( 'NONE', #2262, #6555, #6336, .T. ) ;
#2654 = DIRECTION ( 'NONE',  ( 0.3681245526846786964, -0.9297764858882510142, 0.000000000000000000 ) ) ;
#2656 = CIRCLE ( 'NONE', #2764, 45.00000000000000711 ) ;
#2657 = EDGE_LOOP ( 'NONE', ( #1254, #724, #6209, #3144 ) ) ;
#2658 = DIRECTION ( 'NONE',  ( -0.8443279255020126328, -0.5358267949790005424, -0.000000000000000000 ) ) ;
#2659 = AXIS2_PLACEMENT_3D ( 'NONE', #4730, #1498, #3083 ) ;
#2660 = ORIENTED_EDGE ( 'NONE', *, *, #80, .F. ) ;
#2661 = VECTOR ( 'NONE', #219, 1000.000000000000000 ) ;
#2662 = LINE ( 'NONE', #5937, #3861 ) ;
#2663 = LINE ( 'NONE', #538, #3401 ) ;
#2664 = DIRECTION ( 'NONE',  ( 0.5358267949789945472, 0.8443279255020164076, 0.000000000000000000 ) ) ;
#2665 = VECTOR ( 'NONE', #6187, 1000.000000000000000 ) ;
#2666 = ORIENTED_EDGE ( 'NONE', *, *, #5694, .F. ) ;
#2667 = DIRECTION ( 'NONE',  ( 1.000000000000000000, 0.000000000000000000, -0.000000000000000000 ) ) ;
#2668 = EDGE_CURVE ( 'NONE', #3612, #1817, #3056, .T. ) ;
#2669 = ORIENTED_EDGE ( 'NONE', *, *, #4015, .F. ) ;
#2670 = CARTESIAN_POINT ( 'NONE',  ( 0.000000000000000000, 0.000000000000000000, 0.000000000000000000 ) ) ;
#2671 = ADVANCED_FACE ( 'NONE', ( #3050 ), #5304, .F. ) ;
#2672 = DIRECTION ( 'NONE',  ( 1.000000000000000000, 0.000000000000000000, 0.000000000000000000 ) ) ;
#2673 = PLANE ( 'NONE',  #1479 ) ;
#2674 = FACE_OUTER_BOUND ( 'NONE', #3101, .T. ) ;
#2675 = ORIENTED_EDGE ( 'NONE', *, *, #6872, .F. ) ;
#2676 = EDGE_CURVE ( 'NONE', #2571, #1910, #3691, .T. ) ;
#2677 = LINE ( 'NONE', #5949, #2083 ) ;
#2678 = VERTEX_POINT ( 'NONE', #1924 ) ;
#2679 = CARTESIAN_POINT ( 'NONE',  ( -11.86769907501642329, -43.40688561351592512, 3.907315377998108371E-16 ) ) ;
#2680 = ORIENTED_EDGE ( 'NONE', *, *, #3074, .F. ) ;
#2681 = LINE ( 'NONE', #4261, #2954 ) ;
#2682 = PLANE ( 'NONE',  #6564 ) ;
#2683 = DIRECTION ( 'NONE',  ( 1.000000000000000000, 0.000000000000000000, 0.000000000000000000 ) ) ;
#2684 = ORIENTED_EDGE ( 'NONE', *, *, #1636, .F. ) ;
#2685 = CARTESIAN_POINT ( 'NONE',  ( 47.68653189844327045, 2.298798265721489376, 8.000000000000000000 ) ) ;
#2686 = ORIENTED_EDGE ( 'NONE', *, *, #2156, .T. ) ;
#2687 = CARTESIAN_POINT ( 'NONE',  ( -4.944832808361910637, -44.72749298247497762, 8.193579175013844965E-16 ) ) ;
#2688 = DIRECTION ( 'NONE',  ( 1.000000000000000000, 0.000000000000000000, 0.000000000000000000 ) ) ;
#2689 = ORIENTED_EDGE ( 'NONE', *, *, #435, .T. ) ;
#2690 = LINE ( 'NONE', #2017, #2322 ) ;
#2691 = VERTEX_POINT ( 'NONE', #3585 ) ;
#2692 = EDGE_CURVE ( 'NONE', #113, #5851, #2528, .T. ) ;
#2693 = PLANE ( 'NONE',  #5441 ) ;
#2694 = CARTESIAN_POINT ( 'NONE',  ( 0.000000000000000000, 0.000000000000000000, 0.000000000000000000 ) ) ;
#2695 = LINE ( 'NONE', #4836, #2070 ) ;
#2696 = ORIENTED_EDGE ( 'NONE', *, *, #4408, .F. ) ;
#2697 = DIRECTION ( 'NONE',  ( -0.000000000000000000, 0.000000000000000000, 1.000000000000000000 ) ) ;
#2698 = EDGE_CURVE ( 'NONE', #3887, #805, #4678, .T. ) ;
#2699 = ORIENTED_EDGE ( 'NONE', *, *, #4643, .F. ) ;
#2700 = DIRECTION ( 'NONE',  ( 0.7705132427757860336, 0.6374239897486935202, 0.000000000000000000 ) ) ;
#2701 = CARTESIAN_POINT ( 'NONE',  ( 26.86741302586426272, 29.63346279626496127, 8.000000000000000000 ) ) ;
#2702 = CARTESIAN_POINT ( 'NONE',  ( 0.000000000000000000, 0.000000000000000000, 0.000000000000000000 ) ) ;
#2703 = ORIENTED_EDGE ( 'NONE', *, *, #5420, .F. ) ;
#2704 = CARTESIAN_POINT ( 'NONE',  ( -44.06641103065529563, 9.118739982987866810, 10.00000000000000000 ) ) ;
#2705 = EDGE_CURVE ( 'NONE', #2873, #5068, #6433, .T. ) ;
#2706 = ORIENTED_EDGE ( 'NONE', *, *, #1507, .F. ) ;
#2707 = PLANE ( 'NONE',  #2885 ) ;
#2708 = ORIENTED_EDGE ( 'NONE', *, *, #3004, .F. ) ;
#2709 = ADVANCED_FACE ( 'NONE', ( #4252 ), #5416, .F. ) ;
#2710 = CARTESIAN_POINT ( 'NONE',  ( 19.88061067289451245, 34.70967184046534726, 8.193579175013844965E-16 ) ) ;
#2711 = CARTESIAN_POINT ( 'NONE',  ( 0.000000000000000000, 0.000000000000000000, 8.000000000000000000 ) ) ;
#2712 = DIRECTION ( 'NONE',  ( -0.9822872507286879440, -0.1873813145857285145, -0.000000000000000000 ) ) ;
#2713 = ORIENTED_EDGE ( 'NONE', *, *, #1155, .F. ) ;
#2714 = PLANE ( 'NONE',  #1855 ) ;
#2715 = VERTEX_POINT ( 'NONE', #2636 ) ;
#2716 = CARTESIAN_POINT ( 'NONE',  ( 36.37957734714225921, -51.26310366668197105, 8.000000000000000000 ) ) ;
#2717 = CARTESIAN_POINT ( 'NONE',  ( 30.36961316321162840, -26.03241433899059132, 10.00000000000000000 ) ) ;
#2718 = EDGE_LOOP ( 'NONE', ( #4630, #1655, #3123, #1796 ) ) ;
#2719 = DIRECTION ( 'NONE',  ( -0.6845471059286899473, 0.7289686274214103312, -0.000000000000000000 ) ) ;
#2720 = VERTEX_POINT ( 'NONE', #6507 ) ;
#2721 = DIRECTION ( 'NONE',  ( -0.000000000000000000, 0.000000000000000000, 1.000000000000000000 ) ) ;
#2722 = AXIS2_PLACEMENT_3D ( 'NONE', #1424, #6920, #5329 ) ;
#2723 = ORIENTED_EDGE ( 'NONE', *, *, #1301, .T. ) ;
#2724 = CARTESIAN_POINT ( 'NONE',  ( -42.57605304957959902, 14.56982178063216260, 10.00000000000000000 ) ) ;
#2725 = DIRECTION ( 'NONE',  ( 1.000000000000000000, 0.000000000000000000, 0.000000000000000000 ) ) ;
#2726 = ORIENTED_EDGE ( 'NONE', *, *, #5896, .F. ) ;
#2727 = DIRECTION ( 'NONE',  ( -0.2486898871648553500, 0.9685831611286309650, -0.000000000000000000 ) ) ;
#2728 = AXIS2_PLACEMENT_3D ( 'NONE', #5362, #5821, #5923 ) ;
#2729 = ORIENTED_EDGE ( 'NONE', *, *, #646, .T. ) ;
#2730 = CIRCLE ( 'NONE', #3743, 40.00000000000000000 ) ;
#2731 = DIRECTION ( 'NONE',  ( 1.000000000000000000, 0.000000000000000000, -0.000000000000000000 ) ) ;
#2732 = EDGE_CURVE ( 'NONE', #1459, #19, #4844, .T. ) ;
#2733 = AXIS2_PLACEMENT_3D ( 'NONE', #3382, #2861, #6095 ) ;
#2734 = ADVANCED_FACE ( 'NONE', ( #4323 ), #3337, .F. ) ;
#2735 = ADVANCED_FACE ( 'NONE', ( #11 ), #1613, .F. ) ;
#2736 = AXIS2_PLACEMENT_3D ( 'NONE', #2740, #4362, #4390 ) ;
#2737 = DIRECTION ( 'NONE',  ( 0.000000000000000000, 0.000000000000000000, 1.000000000000000000 ) ) ;
#2738 = AXIS2_PLACEMENT_3D ( 'NONE', #4171, #4242, #6886 ) ;
#2739 = CARTESIAN_POINT ( 'NONE',  ( 0.000000000000000000, 0.000000000000000000, 8.000000000000000000 ) ) ;
#2740 = CARTESIAN_POINT ( 'NONE',  ( 0.000000000000000000, 0.000000000000000000, 8.000000000000000000 ) ) ;
#2741 = ORIENTED_EDGE ( 'NONE', *, *, #2692, .F. ) ;
#2742 = CARTESIAN_POINT ( 'NONE',  ( 44.05309273942163628, -45.88920510489550963, 8.000000000000000000 ) ) ;
#2743 = ORIENTED_EDGE ( 'NONE', *, *, #3074, .T. ) ;
#2744 = FACE_OUTER_BOUND ( 'NONE', #779, .T. ) ;
#2745 = CIRCLE ( 'NONE', #385, 45.00000000000000711 ) ;
#2746 = CIRCLE ( 'NONE', #3102, 45.00000000000000711 ) ;
#2747 = ORIENTED_EDGE ( 'NONE', *, *, #4130, .T. ) ;
#2748 = CARTESIAN_POINT ( 'NONE',  ( 0.000000000000000000, 0.000000000000000000, 0.000000000000000000 ) ) ;
#2749 = AXIS2_PLACEMENT_3D ( 'NONE', #4077, #6229, #6900 ) ;
#2750 = FACE_OUTER_BOUND ( 'NONE', #917, .T. ) ;
#2751 = VECTOR ( 'NONE', #3649, 1000.000000000000000 ) ;
#2752 = LINE ( 'NONE', #559, #26 ) ;
#2753 = CIRCLE ( 'NONE', #4329, 40.00000000000000000 ) ;
#2754 = EDGE_LOOP ( 'NONE', ( #234, #6600, #5286, #441 ) ) ;
#2755 = CARTESIAN_POINT ( 'NONE',  ( -10.51168264943664887, 43.75505145554662789, 3.907315377998108371E-16 ) ) ;
#2756 = VERTEX_POINT ( 'NONE', #2701 ) ;
#2757 = CIRCLE ( 'NONE', #6240, 45.00000000000000711 ) ;
#2758 = CARTESIAN_POINT ( 'NONE',  ( 53.88054222770525570, -26.12788712983579842, 8.000000000000000000 ) ) ;
#2759 = EDGE_CURVE ( 'NONE', #5068, #2011, #3763, .T. ) ;
#2760 = DIRECTION ( 'NONE',  ( 1.000000000000000000, 0.000000000000000000, 0.000000000000000000 ) ) ;
#2761 = VERTEX_POINT ( 'NONE', #5913 ) ;
#2762 = CARTESIAN_POINT ( 'NONE',  ( 6.333793390202496987, -44.55202645548491347, 8.000000000000000000 ) ) ;
#2763 = DIRECTION ( 'NONE',  ( 1.000000000000000000, 0.000000000000000000, -0.000000000000000000 ) ) ;
#2764 = AXIS2_PLACEMENT_3D ( 'NONE', #6989, #6883, #2161 ) ;
#2765 = LINE ( 'NONE', #222, #1612 ) ;
#2766 = VERTEX_POINT ( 'NONE', #517 ) ;
#2767 = CARTESIAN_POINT ( 'NONE',  ( 31.31117060181148304, 32.32043619050114813, 8.193579175013844965E-16 ) ) ;
#2768 = EDGE_LOOP ( 'NONE', ( #6407, #1099, #2297, #6697 ) ) ;
#2769 = DIRECTION ( 'NONE',  ( -0.9510565162951544194, 0.3090169943749446757, -0.000000000000000000 ) ) ;
#2770 = VERTEX_POINT ( 'NONE', #1045 ) ;
#2771 = CIRCLE ( 'NONE', #5128, 45.00000000000000711 ) ;
#2772 = PLANE ( 'NONE',  #47 ) ;
#2773 = DIRECTION ( 'NONE',  ( -0.7289686274214153272, 0.6845471059286846183, 0.000000000000000000 ) ) ;
#2774 = DIRECTION ( 'NONE',  ( 1.000000000000000000, 0.000000000000000000, 0.000000000000000000 ) ) ;
#2775 = AXIS2_PLACEMENT_3D ( 'NONE', #2979, #5654, #4066 ) ;
#2776 = EDGE_LOOP ( 'NONE', ( #4405, #5129, #3292, #2564 ) ) ;
#2777 = DIRECTION ( 'NONE',  ( -0.3681245526846786964, 0.9297764858882510142, 0.000000000000000000 ) ) ;
#2778 = EDGE_CURVE ( 'NONE', #2466, #5704, #6761, .T. ) ;
#2779 = VERTEX_POINT ( 'NONE', #6474 ) ;
#2780 = CARTESIAN_POINT ( 'NONE',  ( 44.06641103065530274, -9.118739982987868586, 8.193579175013844965E-16 ) ) ;
#2781 = ORIENTED_EDGE ( 'NONE', *, *, #4759, .F. ) ;
#2782 = CARTESIAN_POINT ( 'NONE',  ( 44.06641103065530274, -9.118739982987859705, 10.00000000000000000 ) ) ;
#2783 = EDGE_CURVE ( 'NONE', #5450, #1400, #2382, .T. ) ;
#2784 = LINE ( 'NONE', #4853, #2964 ) ;
#2785 = DIRECTION ( 'NONE',  ( -0.4257792915650703836, -0.9048270524660205760, 6.505213034913025618E-16 ) ) ;
#2786 = VERTEX_POINT ( 'NONE', #6015 ) ;
#2787 = FACE_OUTER_BOUND ( 'NONE', #6597, .T. ) ;
#2788 = EDGE_LOOP ( 'NONE', ( #1838, #4683, #1018, #3303 ) ) ;
#2789 = ADVANCED_FACE ( 'NONE', ( #5975 ), #5454, .F. ) ;
#2790 = LINE ( 'NONE', #5327, #5676 ) ;
#2791 = CARTESIAN_POINT ( 'NONE',  ( 0.000000000000000000, 0.000000000000000000, 8.000000000000000000 ) ) ;
#2792 = ORIENTED_EDGE ( 'NONE', *, *, #2141, .T. ) ;
#2793 = DIRECTION ( 'NONE',  ( 0.000000000000000000, 0.000000000000000000, 1.000000000000000000 ) ) ;
#2794 = EDGE_CURVE ( 'NONE', #2188, #4294, #6535, .T. ) ;
#2795 = DIRECTION ( 'NONE',  ( 0.000000000000000000, 0.000000000000000000, 1.000000000000000000 ) ) ;
#2796 = EDGE_CURVE ( 'NONE', #5363, #2779, #4781, .T. ) ;
#2797 = LINE ( 'NONE', #3929, #5548 ) ;
#2798 = ORIENTED_EDGE ( 'NONE', *, *, #1772, .F. ) ;
#2799 = DIRECTION ( 'NONE',  ( 1.000000000000000000, 0.000000000000000000, 0.000000000000000000 ) ) ;
#2800 = VERTEX_POINT ( 'NONE', #5384 ) ;
#2801 = LINE ( 'NONE', #195, #5786 ) ;
#2802 = ORIENTED_EDGE ( 'NONE', *, *, #5471, .T. ) ;
#2803 = LINE ( 'NONE', #3336, #3848 ) ;
#2804 = DIRECTION ( 'NONE',  ( 0.06279051952930998770, 0.9980267284282717810, 0.000000000000000000 ) ) ;
#2805 = LINE ( 'NONE', #5488, #1053 ) ;
#2806 = ORIENTED_EDGE ( 'NONE', *, *, #2280, .F. ) ;
#2807 = PLANE ( 'NONE',  #2513 ) ;
#2808 = ORIENTED_EDGE ( 'NONE', *, *, #1639, .F. ) ;
#2809 = CARTESIAN_POINT ( 'NONE',  ( -31.31117060181171041, 32.32043619050092786, 8.193579175013844965E-16 ) ) ;
#2810 = DIRECTION ( 'NONE',  ( -0.8763066800438630288, -0.4817536741017162671, 6.505213034913026604E-16 ) ) ;
#2811 = DIRECTION ( 'NONE',  ( -0.000000000000000000, 0.000000000000000000, 1.000000000000000000 ) ) ;
#2812 = DIRECTION ( 'NONE',  ( 1.000000000000000000, 0.000000000000000000, 0.000000000000000000 ) ) ;
#2813 = DIRECTION ( 'NONE',  ( -0.6845471059286899473, 0.7289686274214103312, -0.000000000000000000 ) ) ;
#2814 = ORIENTED_EDGE ( 'NONE', *, *, #4349, .T. ) ;
#2815 = FACE_OUTER_BOUND ( 'NONE', #1229, .T. ) ;
#2816 = ORIENTED_EDGE ( 'NONE', *, *, #3958, .F. ) ;
#2817 = ADVANCED_FACE ( 'NONE', ( #4921 ), #2673, .F. ) ;
#2818 = EDGE_LOOP ( 'NONE', ( #882, #6074, #4023, #2675 ) ) ;
#2819 = CARTESIAN_POINT ( 'NONE',  ( 6.333793390202496987, -44.55202645548491347, 10.00000000000000000 ) ) ;
#2820 = EDGE_CURVE ( 'NONE', #4463, #2842, #4814, .T. ) ;
#2821 = VERTEX_POINT ( 'NONE', #4282 ) ;
#2822 = DIRECTION ( 'NONE',  ( -0.06279051952930998770, -0.9980267284282717810, 6.505213034913027590E-16 ) ) ;
#2823 = DIRECTION ( 'NONE',  ( -0.000000000000000000, -0.000000000000000000, -1.000000000000000000 ) ) ;
#2824 = EDGE_CURVE ( 'NONE', #6133, #5948, #1710, .T. ) ;
#2825 = CARTESIAN_POINT ( 'NONE',  ( 22.28970697080579555, 39.09180173841584605, 8.193579175013844965E-16 ) ) ;
#2826 = ORIENTED_EDGE ( 'NONE', *, *, #387, .T. ) ;
#2827 = DIRECTION ( 'NONE',  ( -0.000000000000000000, 0.000000000000000000, 1.000000000000000000 ) ) ;
#2828 = ORIENTED_EDGE ( 'NONE', *, *, #496, .T. ) ;
#2829 = CARTESIAN_POINT ( 'NONE',  ( -6.333793390202491658, 44.55202645548491347, 10.00000000000000000 ) ) ;
#2830 = ORIENTED_EDGE ( 'NONE', *, *, #2877, .F. ) ;
#2831 = EDGE_CURVE ( 'NONE', #2262, #3897, #3040, .T. ) ;
#2832 = AXIS2_PLACEMENT_3D ( 'NONE', #5434, #5893, #1213 ) ;
#2833 = ADVANCED_FACE ( 'NONE', ( #3867 ), #1194, .F. ) ;
#2834 = CARTESIAN_POINT ( 'NONE',  ( -37.82012308851951587, -13.02452646237984801, 8.000000000000000000 ) ) ;
#2835 = DIRECTION ( 'NONE',  ( 1.000000000000000000, 0.000000000000000000, 0.000000000000000000 ) ) ;
#2836 = AXIS2_PLACEMENT_3D ( 'NONE', #3812, #6277, #3061 ) ;
#2837 = DIRECTION ( 'NONE',  ( 1.000000000000000000, 0.000000000000000000, -0.000000000000000000 ) ) ;
#2838 = VECTOR ( 'NONE', #3038, 1000.000000000000000 ) ;
#2839 = VERTEX_POINT ( 'NONE', #4948 ) ;
#2840 = DIRECTION ( 'NONE',  ( 1.000000000000000000, 0.000000000000000000, -0.000000000000000000 ) ) ;
#2841 = VECTOR ( 'NONE', #1523, 1000.000000000000114 ) ;
#2842 = VERTEX_POINT ( 'NONE', #6643 ) ;
#2843 = ADVANCED_FACE ( 'NONE', ( #2319 ), #5019, .F. ) ;
#2844 = CARTESIAN_POINT ( 'NONE',  ( 28.82786076073684711, 53.89070878269404119, 3.907315377998108371E-16 ) ) ;
#2845 = AXIS2_PLACEMENT_3D ( 'NONE', #5030, #847, #280 ) ;
#2846 = AXIS2_PLACEMENT_3D ( 'NONE', #1778, #3432, #5541 ) ;
#2847 = DIRECTION ( 'NONE',  ( -0.4817536741017162671, 0.8763066800438630288, -0.000000000000000000 ) ) ;
#2848 = AXIS2_PLACEMENT_3D ( 'NONE', #4633, #6790, #309 ) ;
#2849 = SURFACE_SIDE_STYLE ('',( #2289 ) ) ;
#2850 = CARTESIAN_POINT ( 'NONE',  ( 5.607921044894914608, -49.97637685009845399, 8.193579175013844965E-16 ) ) ;
#2851 = CARTESIAN_POINT ( 'NONE',  ( -10.62408035718554800, 38.56331049798583166, 8.000000000000000000 ) ) ;
#2852 = ORIENTED_EDGE ( 'NONE', *, *, #3358, .T. ) ;
#2853 = CARTESIAN_POINT ( 'NONE',  ( 22.28970697080578844, 39.09180173841584605, 8.000000000000000000 ) ) ;
#2854 = AXIS2_PLACEMENT_3D ( 'NONE', #3722, #1615, #1121 ) ;
#2856 = EDGE_LOOP ( 'NONE', ( #2143, #3705, #3856, #1773 ) ) ;
#2855 = VECTOR ( 'NONE', #6967, 1000.000000000000000 ) ;
#2857 = CIRCLE ( 'NONE', #924, 40.00000000000000000 ) ;
#2858 = AXIS2_PLACEMENT_3D ( 'NONE', #2850, #5060, #238 ) ;
#2859 = ORIENTED_EDGE ( 'NONE', *, *, #6670, .F. ) ;
#2860 = VECTOR ( 'NONE', #3227, 1000.000000000000000 ) ;
#2861 = DIRECTION ( 'NONE',  ( -0.4257792915650703836, -0.9048270524660205760, 6.505213034913025618E-16 ) ) ;
#2862 = ORIENTED_EDGE ( 'NONE', *, *, #3569, .T. ) ;
#2863 = CARTESIAN_POINT ( 'NONE',  ( 48.37134592675029410, -40.92474283315964811, 8.193579175013844965E-16 ) ) ;
#2864 = CARTESIAN_POINT ( 'NONE',  ( -37.61508071650447249, -24.70031786619058067, 10.00000000000000000 ) ) ;
#2865 = CIRCLE ( 'NONE', #726, 45.00000000000000711 ) ;
#2866 = EDGE_CURVE ( 'NONE', #6044, #1480, #5593, .T. ) ;
#2867 = CARTESIAN_POINT ( 'NONE',  ( 37.61508071650447249, 24.70031786619058778, 10.00000000000000000 ) ) ;
#2868 = CARTESIAN_POINT ( 'NONE',  ( 0.000000000000000000, 0.000000000000000000, 8.000000000000000000 ) ) ;
#2869 = ORIENTED_EDGE ( 'NONE', *, *, #1013, .T. ) ;
#2870 = LINE ( 'NONE', #5012, #5990 ) ;
#2871 = ORIENTED_EDGE ( 'NONE', *, *, #6264, .F. ) ;
#2872 = CARTESIAN_POINT ( 'NONE',  ( 54.47663323589631545, 24.86112925638381910, 8.193579175013844965E-16 ) ) ;
#2873 = VERTEX_POINT ( 'NONE', #1887 ) ;
#2874 = EDGE_CURVE ( 'NONE', #246, #5174, #1357, .T. ) ;
#2875 = DIRECTION ( 'NONE',  ( -0.000000000000000000, -0.000000000000000000, -1.000000000000000000 ) ) ;
#2876 = FACE_OUTER_BOUND ( 'NONE', #2581, .T. ) ;
#2877 = EDGE_CURVE ( 'NONE', #5834, #258, #3440, .T. ) ;
#2878 = CARTESIAN_POINT ( 'NONE',  ( 0.000000000000000000, 0.000000000000000000, 8.000000000000000000 ) ) ;
#2879 = VERTEX_POINT ( 'NONE', #4489 ) ;
#2880 = CARTESIAN_POINT ( 'NONE',  ( 37.82012308851951587, 13.02452646237985867, 10.00000000000000000 ) ) ;
#2881 = ORIENTED_EDGE ( 'NONE', *, *, #3676, .F. ) ;
#2882 = LINE ( 'NONE', #4466, #4123 ) ;
#2883 = ADVANCED_FACE ( 'NONE', ( #4460 ), #5082, .F. ) ;
#2884 = FACE_OUTER_BOUND ( 'NONE', #1486, .T. ) ;
#2885 = AXIS2_PLACEMENT_3D ( 'NONE', #1582, #6814, #4850 ) ;
#2886 = PRESENTATION_STYLE_ASSIGNMENT (( #3450 ) ) ;
#2887 = EDGE_CURVE ( 'NONE', #258, #59, #2932, .T. ) ;
#2888 = CARTESIAN_POINT ( 'NONE',  ( -44.94972211312062171, -2.126612788741366611, 3.907315377998108371E-16 ) ) ;
#2889 = DIRECTION ( 'NONE',  ( 1.000000000000000000, 0.000000000000000000, 0.000000000000000000 ) ) ;
#2890 = ORIENTED_EDGE ( 'NONE', *, *, #3426, .T. ) ;
#2891 = DIRECTION ( 'NONE',  ( -0.1873813145857285145, 0.9822872507286879440, 0.000000000000000000 ) ) ;
#2892 = ORIENTED_EDGE ( 'NONE', *, *, #6538, .F. ) ;
#2893 = VECTOR ( 'NONE', #5228, 1000.000000000000114 ) ;
#2894 = VERTEX_POINT ( 'NONE', #6612 ) ;
#2895 = CARTESIAN_POINT ( 'NONE',  ( 5.607921044894919049, -49.97637685009845399, 8.000000000000000000 ) ) ;
#2896 = ORIENTED_EDGE ( 'NONE', *, *, #2668, .T. ) ;
#2897 = DIRECTION ( 'NONE',  ( -0.5877852522924685852, -0.8090169943749507819, -0.000000000000000000 ) ) ;
#2898 = LINE ( 'NONE', #5643, #2661 ) ;
#2899 = DIRECTION ( 'NONE',  ( 1.000000000000000000, 0.000000000000000000, -0.000000000000000000 ) ) ;
#2900 = CARTESIAN_POINT ( 'NONE',  ( 52.06356398421433340, -33.86960416812257790, 8.000000000000000000 ) ) ;
#2901 = VERTEX_POINT ( 'NONE', #2276 ) ;
#2902 = CARTESIAN_POINT ( 'NONE',  ( 21.06287761874466113, -39.76625688215808196, 8.000000000000000000 ) ) ;
#2903 = ORIENTED_EDGE ( 'NONE', *, *, #6316, .T. ) ;
#2904 = DIRECTION ( 'NONE',  ( -0.000000000000000000, 0.000000000000000000, 1.000000000000000000 ) ) ;
#2905 = EDGE_LOOP ( 'NONE', ( #2816, #6922, #3381, #4205 ) ) ;
#2906 = DIRECTION ( 'NONE',  ( 0.6845471059286846183, 0.7289686274214153272, 0.000000000000000000 ) ) ;
#2907 = LINE ( 'NONE', #199, #242 ) ;
#2908 = EDGE_CURVE ( 'NONE', #6546, #6133, #4288, .T. ) ;
#2909 = PLANE ( 'NONE',  #6677 ) ;
#2910 = ORIENTED_EDGE ( 'NONE', *, *, #1372, .F. ) ;
#2911 = CARTESIAN_POINT ( 'NONE',  ( 5.707041908653299522, -39.59077762121975752, 8.000000000000000000 ) ) ;
#2912 = VERTEX_POINT ( 'NONE', #729 ) ;
#2913 = DIRECTION ( 'NONE',  ( 0.000000000000000000, 0.000000000000000000, 1.000000000000000000 ) ) ;
#2914 = DIRECTION ( 'NONE',  ( 1.000000000000000000, 0.000000000000000000, 0.000000000000000000 ) ) ;
#2915 = LINE ( 'NONE', #5601, #1954 ) ;
#2917 = ADVANCED_FACE ( 'NONE', ( #2876 ), #2423, .F. ) ;
#2916 = PLANE ( 'NONE',  #2858 ) ;
#2918 = CARTESIAN_POINT ( 'NONE',  ( -38.36523822947523144, 23.51825877048750613, 8.000000000000000000 ) ) ;
#2919 = VERTEX_POINT ( 'NONE', #3968 ) ;
#2920 = CARTESIAN_POINT ( 'NONE',  ( -21.06287761874436981, -39.76625688215820986, 8.193579175013844965E-16 ) ) ;
#2921 = VERTEX_POINT ( 'NONE', #4526 ) ;
#2922 = EDGE_CURVE ( 'NONE', #3694, #5941, #2907, .T. ) ;
#2923 = ORIENTED_EDGE ( 'NONE', *, *, #4334, .F. ) ;
#2924 = CARTESIAN_POINT ( 'NONE',  ( 51.57160644768081426, -10.55043257842948989, 8.193579175013844965E-16 ) ) ;
#2925 = ORIENTED_EDGE ( 'NONE', *, *, #5432, .F. ) ;
#2926 = CARTESIAN_POINT ( 'NONE',  ( 0.000000000000000000, 0.000000000000000000, 8.000000000000000000 ) ) ;
#2927 = DIRECTION ( 'NONE',  ( 0.000000000000000000, 0.000000000000000000, 1.000000000000000000 ) ) ;
#2928 = CARTESIAN_POINT ( 'NONE',  ( 0.000000000000000000, 0.000000000000000000, 0.000000000000000000 ) ) ;
#2929 = CARTESIAN_POINT ( 'NONE',  ( -14.07188363172318724, -37.44305130535225601, 8.193579175013844965E-16 ) ) ;
#2930 = ORIENTED_EDGE ( 'NONE', *, *, #4673, .F. ) ;
#2931 = DIRECTION ( 'NONE',  ( -0.000000000000000000, -0.000000000000000000, -1.000000000000000000 ) ) ;
#2932 = CIRCLE ( 'NONE', #797, 40.00000000000000000 ) ;
#2933 = ORIENTED_EDGE ( 'NONE', *, *, #1885, .F. ) ;
#2934 = DIRECTION ( 'NONE',  ( 1.000000000000000000, 0.000000000000000000, 0.000000000000000000 ) ) ;
#2935 = DIRECTION ( 'NONE',  ( -0.8443279255020126328, -0.5358267949790005424, -0.000000000000000000 ) ) ;
#2936 = DIRECTION ( 'NONE',  ( 1.000000000000000000, 0.000000000000000000, 0.000000000000000000 ) ) ;
#2937 = ORIENTED_EDGE ( 'NONE', *, *, #1271, .T. ) ;
#2938 = DIRECTION ( 'NONE',  ( -0.000000000000000000, 0.000000000000000000, 1.000000000000000000 ) ) ;
#2939 = ORIENTED_EDGE ( 'NONE', *, *, #1711, .T. ) ;
#2940 = LINE ( 'NONE', #5705, #1319 ) ;
#2941 = ADVANCED_FACE ( 'NONE', ( #6182 ), #6119, .F. ) ;
#2942 = DIRECTION ( 'NONE',  ( -0.3681245526846719240, -0.9297764858882537897, -0.000000000000000000 ) ) ;
#2943 = VECTOR ( 'NONE', #2241, 1000.000000000000227 ) ;
#2944 = CARTESIAN_POINT ( 'NONE',  ( 0.000000000000000000, 0.000000000000000000, 8.000000000000000000 ) ) ;
#2945 = CARTESIAN_POINT ( 'NONE',  ( 47.59862517110222058, 3.696035685521064540, 8.000000000000000000 ) ) ;
#2946 = ORIENTED_EDGE ( 'NONE', *, *, #1104, .T. ) ;
#2947 = CARTESIAN_POINT ( 'NONE',  ( 43.03253666103130826, 46.84757105319597770, 3.907315377998108371E-16 ) ) ;
#2948 = VECTOR ( 'NONE', #1071, 1000.000000000000000 ) ;
#2949 = ORIENTED_EDGE ( 'NONE', *, *, #4350, .T. ) ;
#2950 = CARTESIAN_POINT ( 'NONE',  ( 15.37357071196700531, -36.92767693159360221, 10.00000000000000000 ) ) ;
#2951 = VERTEX_POINT ( 'NONE', #5051 ) ;
#2952 = CIRCLE ( 'NONE', #6333, 40.00000000000000000 ) ;
#2953 = VECTOR ( 'NONE', #1396, 1000.000000000000000 ) ;
#2954 = VECTOR ( 'NONE', #6483, 1000.000000000000000 ) ;
#2955 = ORIENTED_EDGE ( 'NONE', *, *, #6443, .T. ) ;
#2956 = DIRECTION ( 'NONE',  ( -0.9822872507286892763, 0.1873813145857214646, -0.000000000000000000 ) ) ;
#2957 = VECTOR ( 'NONE', #5594, 1000.000000000000000 ) ;
#2958 = CARTESIAN_POINT ( 'NONE',  ( 12.94454915351121294, 53.23044088929079720, 8.000000000000000000 ) ) ;
#2959 = VECTOR ( 'NONE', #6122, 1000.000000000000000 ) ;
#2960 = EDGE_LOOP ( 'NONE', ( #4638, #416, #4319, #2584 ) ) ;
#2961 = CARTESIAN_POINT ( 'NONE',  ( 0.000000000000000000, 0.000000000000000000, 8.000000000000000000 ) ) ;
#2962 = ADVANCED_FACE ( 'NONE', ( #229 ), #1754, .F. ) ;
#2963 = CARTESIAN_POINT ( 'NONE',  ( -34.22270386173916989, 29.21996817916992129, 3.907315377998108371E-16 ) ) ;
#2964 = VECTOR ( 'NONE', #2150, 1000.000000000000000 ) ;
#2965 = EDGE_CURVE ( 'NONE', #4724, #4442, #5022, .T. ) ;
#2966 = AXIS2_PLACEMENT_3D ( 'NONE', #3954, #6097, #1673 ) ;
#2967 = VECTOR ( 'NONE', #5543, 1000.000000000000000 ) ;
#2968 = LINE ( 'NONE', #5116, #5431 ) ;
#2969 = LINE ( 'NONE', #5284, #32 ) ;
#2970 = VECTOR ( 'NONE', #773, 1000.000000000000000 ) ;
#2971 = EDGE_CURVE ( 'NONE', #1206, #6983, #1988, .T. ) ;
#2972 = ORIENTED_EDGE ( 'NONE', *, *, #1447, .T. ) ;
#2973 = AXIS2_PLACEMENT_3D ( 'NONE', #1527, #3673, #4656 ) ;
#2974 = DIRECTION ( 'NONE',  ( 1.000000000000000000, 0.000000000000000000, 0.000000000000000000 ) ) ;
#2975 = VERTEX_POINT ( 'NONE', #4983 ) ;
#2976 = AXIS2_PLACEMENT_3D ( 'NONE', #449, #5916, #550 ) ;
#2977 = AXIS2_PLACEMENT_3D ( 'NONE', #5838, #1679, #2672 ) ;
#2978 = CARTESIAN_POINT ( 'NONE',  ( 22.15135930653510599, 54.04641681349798432, 8.193579175013844965E-16 ) ) ;
#2979 = CARTESIAN_POINT ( 'NONE',  ( 0.000000000000000000, 0.000000000000000000, 0.000000000000000000 ) ) ;
#2980 = LINE ( 'NONE', #3010, #1731 ) ;
#2981 = ORIENTED_EDGE ( 'NONE', *, *, #5889, .F. ) ;
#2982 = DIRECTION ( 'NONE',  ( 1.000000000000000000, 0.000000000000000000, 0.000000000000000000 ) ) ;
#2983 = ORIENTED_EDGE ( 'NONE', *, *, #5540, .F. ) ;
#2984 = PLANE ( 'NONE',  #6038 ) ;
#2985 = DIRECTION ( 'NONE',  ( 0.8763066800438630288, 0.4817536741017162671, 0.000000000000000000 ) ) ;
#2986 = CARTESIAN_POINT ( 'NONE',  ( -18.65378132083310092, -35.38412698420772529, 8.000000000000000000 ) ) ;
#2987 = CIRCLE ( 'NONE', #5235, 45.00000000000000711 ) ;
#2988 = LINE ( 'NONE', #5029, #1180 ) ;
#2989 = CARTESIAN_POINT ( 'NONE',  ( -36.48558511266062965, 16.39518462801799359, 10.00000000000000000 ) ) ;
#2990 = ORIENTED_EDGE ( 'NONE', *, *, #3571, .F. ) ;
#2991 = FACE_OUTER_BOUND ( 'NONE', #919, .T. ) ;
#2992 = VERTEX_POINT ( 'NONE', #164 ) ;
#2993 = AXIS2_PLACEMENT_3D ( 'NONE', #4786, #2146, #6410 ) ;
#2994 = ORIENTED_EDGE ( 'NONE', *, *, #3707, .F. ) ;
#2995 = EDGE_CURVE ( 'NONE', #6089, #4042, #2023, .T. ) ;
#2996 = CARTESIAN_POINT ( 'NONE',  ( -18.65378132083334961, 35.38412698420760449, 10.00000000000000000 ) ) ;
#2997 = CARTESIAN_POINT ( 'NONE',  ( 0.000000000000000000, 0.000000000000000000, 0.000000000000000000 ) ) ;
#2998 = ORIENTED_EDGE ( 'NONE', *, *, #1146, .T. ) ;
#2999 = DIRECTION ( 'NONE',  ( -0.3681245526846719240, -0.9297764858882537897, -0.000000000000000000 ) ) ;
#3000 = EDGE_CURVE ( 'NONE', #5065, #6178, #6857, .T. ) ;
#3001 = CARTESIAN_POINT ( 'NONE',  ( 0.000000000000000000, 0.000000000000000000, 8.000000000000000000 ) ) ;
#3002 = DIRECTION ( 'NONE',  ( 0.000000000000000000, 0.000000000000000000, 1.000000000000000000 ) ) ;
#3003 = ORIENTED_EDGE ( 'NONE', *, *, #4256, .T. ) ;
#3004 = EDGE_CURVE ( 'NONE', #6004, #2761, #6746, .T. ) ;
#3005 = CARTESIAN_POINT ( 'NONE',  ( -44.86181538577954342, -3.523850208540939555, 10.00000000000000000 ) ) ;
#3006 = ORIENTED_EDGE ( 'NONE', *, *, #4136, .F. ) ;
#3007 = EDGE_CURVE ( 'NONE', #5709, #4304, #932, .T. ) ;
#3008 = FACE_OUTER_BOUND ( 'NONE', #5269, .T. ) ;
#3009 = CARTESIAN_POINT ( 'NONE',  ( 0.000000000000000000, 0.000000000000000000, 0.000000000000000000 ) ) ;
#3010 = CARTESIAN_POINT ( 'NONE',  ( 51.57160644768081426, -10.55043257842948456, 8.000000000000000000 ) ) ;
#3011 = ORIENTED_EDGE ( 'NONE', *, *, #5900, .F. ) ;
#3012 = CARTESIAN_POINT ( 'NONE',  ( 25.88082409933365113, 36.81280950891076031, 10.00000000000000000 ) ) ;
#3013 = ORIENTED_EDGE ( 'NONE', *, *, #5762, .T. ) ;
#3014 = DIRECTION ( 'NONE',  ( -0.000000000000000000, 0.000000000000000000, 1.000000000000000000 ) ) ;
#3015 = LINE ( 'NONE', #1996, #1504 ) ;
#3016 = CARTESIAN_POINT ( 'NONE',  ( 53.88054222770520596, 26.12788712983624251, 3.907315377998108371E-16 ) ) ;
#3017 = CARTESIAN_POINT ( 'NONE',  ( 0.000000000000000000, 0.000000000000000000, 0.000000000000000000 ) ) ;
#3018 = VERTEX_POINT ( 'NONE', #3039 ) ;
#3019 = LINE ( 'NONE', #3052, #3518 ) ;
#3020 = ORIENTED_EDGE ( 'NONE', *, *, #2093, .F. ) ;
#3021 = FACE_OUTER_BOUND ( 'NONE', #6722, .T. ) ;
#3022 = VERTEX_POINT ( 'NONE', #4107 ) ;
#3023 = ORIENTED_EDGE ( 'NONE', *, *, #4470, .T. ) ;
#3024 = CARTESIAN_POINT ( 'NONE',  ( 27.88796910425424258, 28.67509684796480229, 8.000000000000000000 ) ) ;
#3025 = CARTESIAN_POINT ( 'NONE',  ( 6.996881626735182991, -49.80091032310843246, 3.907315377998108371E-16 ) ) ;
#3026 = VERTEX_POINT ( 'NONE', #404 ) ;
#3027 = LINE ( 'NONE', #1485, #5106 ) ;
#3028 = ORIENTED_EDGE ( 'NONE', *, *, #5404, .F. ) ;
#3029 = PRODUCT_DEFINITION ( 'UNKNOWN', '', #3458, #31 ) ;
#3030 = FACE_OUTER_BOUND ( 'NONE', #6879, .T. ) ;
#3031 = EDGE_CURVE ( 'NONE', #3287, #4257, #3233, .T. ) ;
#3032 = EDGE_CURVE ( 'NONE', #2800, #5917, #6365, .T. ) ;
#3033 = LINE ( 'NONE', #5179, #1033 ) ;
#3034 = ORIENTED_EDGE ( 'NONE', *, *, #3078, .T. ) ;
#3035 = DIRECTION ( 'NONE',  ( -0.000000000000000000, -0.000000000000000000, -1.000000000000000000 ) ) ;
#3036 = ORIENTED_EDGE ( 'NONE', *, *, #3178, .T. ) ;
#3037 = EDGE_CURVE ( 'NONE', #5354, #5935, #3898, .T. ) ;
#3038 = DIRECTION ( 'NONE',  ( 0.000000000000000000, 0.000000000000000000, 1.000000000000000000 ) ) ;
#3039 = CARTESIAN_POINT ( 'NONE',  ( 11.86769907501641441, 43.40688561351591801, 8.000000000000000000 ) ) ;
#3040 = CIRCLE ( 'NONE', #4842, 40.00000000000000000 ) ;
#3041 = DIRECTION ( 'NONE',  ( 0.000000000000000000, 0.000000000000000000, 1.000000000000000000 ) ) ;
#3042 = ORIENTED_EDGE ( 'NONE', *, *, #3827, .F. ) ;
#3043 = ADVANCED_FACE ( 'NONE', ( #5699 ), #6254, .F. ) ;
#3044 = PLANE ( 'NONE',  #2411 ) ;
#3045 = ORIENTED_EDGE ( 'NONE', *, *, #1376, .T. ) ;
#3046 = DIRECTION ( 'NONE',  ( 1.000000000000000000, 0.000000000000000000, -0.000000000000000000 ) ) ;
#3047 = EDGE_CURVE ( 'NONE', #2800, #6703, #973, .T. ) ;
#3048 = DIRECTION ( 'NONE',  ( 0.000000000000000000, 0.000000000000000000, 1.000000000000000000 ) ) ;
#3049 = DIRECTION ( 'NONE',  ( 1.000000000000000000, 0.000000000000000000, 0.000000000000000000 ) ) ;
#3050 = FACE_OUTER_BOUND ( 'NONE', #3581, .T. ) ;
#3051 = VERTEX_POINT ( 'NONE', #5759 ) ;
#3052 = CARTESIAN_POINT ( 'NONE',  ( 28.82786076073728765, -53.89070878269394882, 8.000000000000000000 ) ) ;
#3053 = ADVANCED_FACE ( 'NONE', ( #3648 ), #2454, .F. ) ;
#3054 = ORIENTED_EDGE ( 'NONE', *, *, #3356, .F. ) ;
#3055 = CARTESIAN_POINT ( 'NONE',  ( -24.07412152740980815, 31.94427448985977946, 8.000000000000000000 ) ) ;
#3056 = CIRCLE ( 'NONE', #6320, 40.00000000000000000 ) ;
#3057 = ORIENTED_EDGE ( 'NONE', *, *, #816, .F. ) ;
#3058 = VERTEX_POINT ( 'NONE', #5729 ) ;
#3059 = DIRECTION ( 'NONE',  ( -0.4257792915650767673, 0.9048270524660175784, 0.000000000000000000 ) ) ;
#3060 = VECTOR ( 'NONE', #3957, 1000.000000000000000 ) ;
#3061 = DIRECTION ( 'NONE',  ( 1.000000000000000000, 0.000000000000000000, 0.000000000000000000 ) ) ;
#3062 = ORIENTED_EDGE ( 'NONE', *, *, #6167, .T. ) ;
#3063 = LINE ( 'NONE', #4615, #4763 ) ;
#3064 = AXIS2_PLACEMENT_3D ( 'NONE', #3331, #648, #2799 ) ;
#3065 = VERTEX_POINT ( 'NONE', #4595 ) ;
#3066 = DIRECTION ( 'NONE',  ( 0.000000000000000000, 0.000000000000000000, 1.000000000000000000 ) ) ;
#3067 = CIRCLE ( 'NONE', #6672, 45.00000000000000711 ) ;
#3068 = VECTOR ( 'NONE', #100, 1000.000000000000000 ) ;
#3069 = PLANE ( 'NONE',  #2614 ) ;
#3070 = VECTOR ( 'NONE', #6041, 1000.000000000000000 ) ;
#3071 = EDGE_LOOP ( 'NONE', ( #4428, #6570, #5817, #2293 ) ) ;
#3072 = DIRECTION ( 'NONE',  ( -0.7289686274214153272, 0.6845471059286846183, 0.000000000000000000 ) ) ;
#3073 = AXIS2_PLACEMENT_3D ( 'NONE', #2076, #3764, #6378 ) ;
#3074 = EDGE_CURVE ( 'NONE', #5423, #2921, #2549, .T. ) ;
#3075 = VERTEX_POINT ( 'NONE', #6887 ) ;
#3076 = VECTOR ( 'NONE', #2727, 1000.000000000000000 ) ;
#3077 = VECTOR ( 'NONE', #1587, 1000.000000000000000 ) ;
#3078 = EDGE_CURVE ( 'NONE', #5995, #5170, #75, .T. ) ;
#3079 = APPLICATION_CONTEXT ( 'automotive_design' ) ;
#3080 = VECTOR ( 'NONE', #5799, 1000.000000000000000 ) ;
#3081 = PLANE ( 'NONE',  #2504 ) ;
#3082 = AXIS2_PLACEMENT_3D ( 'NONE', #4676, #4707, #5807 ) ;
#3083 = DIRECTION ( 'NONE',  ( -0.3681245526846719240, -0.9297764858882537897, 0.000000000000000000 ) ) ;
#3084 = LINE ( 'NONE', #6428, #2860 ) ;
#3085 = VERTEX_POINT ( 'NONE', #899 ) ;
#3086 = DIRECTION ( 'NONE',  ( -0.9921147013144778759, -0.1253332335643045636, 6.505213034913027590E-16 ) ) ;
#3087 = EDGE_CURVE ( 'NONE', #307, #6607, #834, .T. ) ;
#3088 = ORIENTED_EDGE ( 'NONE', *, *, #5271, .F. ) ;
#3089 = DIRECTION ( 'NONE',  ( 0.4257792915650703836, 0.9048270524660205760, 0.000000000000000000 ) ) ;
#3090 = VECTOR ( 'NONE', #5686, 1000.000000000000227 ) ;
#3091 = AXIS2_PLACEMENT_3D ( 'NONE', #1407, #4736, #2031 ) ;
#3092 = DIRECTION ( 'NONE',  ( 1.000000000000000000, 0.000000000000000000, -0.000000000000000000 ) ) ;
#3093 = DIRECTION ( 'NONE',  ( 1.000000000000000000, 0.000000000000000000, 0.000000000000000000 ) ) ;
#3094 = CARTESIAN_POINT ( 'NONE',  ( -30.36961316321162485, 26.03241433899059842, 10.00000000000000000 ) ) ;
#3095 = ORIENTED_EDGE ( 'NONE', *, *, #1474, .F. ) ;
#3096 = PLANE ( 'NONE',  #3864 ) ;
#3097 = ORIENTED_EDGE ( 'NONE', *, *, #2995, .T. ) ;
#3098 = CARTESIAN_POINT ( 'NONE',  ( -37.61508071650447249, -24.70031786619057712, 8.000000000000000000 ) ) ;
#3099 = EDGE_CURVE ( 'NONE', #1972, #6712, #1398, .T. ) ;
#3100 = EDGE_LOOP ( 'NONE', ( #1199, #703, #2096, #2703 ) ) ;
#3101 = EDGE_LOOP ( 'NONE', ( #3794, #2723, #6616, #5658 ) ) ;
#3102 = AXIS2_PLACEMENT_3D ( 'NONE', #4486, #2271, #4918 ) ;
#3103 = EDGE_CURVE ( 'NONE', #936, #3681, #3113, .T. ) ;
#3104 = CARTESIAN_POINT ( 'NONE',  ( 27.01344789145882785, -35.98991015570111784, 8.000000000000000000 ) ) ;
#3105 = DIRECTION ( 'NONE',  ( 1.000000000000000000, 0.000000000000000000, 0.000000000000000000 ) ) ;
#3106 = LINE ( 'NONE', #5173, #3510 ) ;
#3107 = ORIENTED_EDGE ( 'NONE', *, *, #5420, .T. ) ;
#3108 = DIRECTION ( 'NONE',  ( 1.000000000000000000, 0.000000000000000000, 0.000000000000000000 ) ) ;
#3109 = ORIENTED_EDGE ( 'NONE', *, *, #3087, .F. ) ;
#3110 = VECTOR ( 'NONE', #205, 1000.000000000000114 ) ;
#3111 = LINE ( 'NONE', #891, #4073 ) ;
#3112 = AXIS2_PLACEMENT_3D ( 'NONE', #5663, #3653, #4573 ) ;
#3113 = CIRCLE ( 'NONE', #6715, 45.00000000000000711 ) ;
#3114 = ORIENTED_EDGE ( 'NONE', *, *, #4686, .T. ) ;
#3115 = PLANE ( 'NONE',  #3782 ) ;
#3116 = ORIENTED_EDGE ( 'NONE', *, *, #1057, .F. ) ;
#3117 = AXIS2_PLACEMENT_3D ( 'NONE', #5234, #3014, #3582 ) ;
#3118 = CARTESIAN_POINT ( 'NONE',  ( 11.86769907501673060, -43.40688561351581853, 10.00000000000000000 ) ) ;
#3119 = CARTESIAN_POINT ( 'NONE',  ( 47.68653189844327045, 2.298798265721484047, 8.193579175013844965E-16 ) ) ;
#3120 = PLANE ( 'NONE',  #6125 ) ;
#3121 = ORIENTED_EDGE ( 'NONE', *, *, #4811, .T. ) ;
#3122 = CARTESIAN_POINT ( 'NONE',  ( 33.39286635904724676, 22.02081915658023803, 8.000000000000000000 ) ) ;
#3123 = ORIENTED_EDGE ( 'NONE', *, *, #5292, .T. ) ;
#3124 = DIRECTION ( 'NONE',  ( 1.000000000000000000, 0.000000000000000000, 0.000000000000000000 ) ) ;
#3125 = EDGE_CURVE ( 'NONE', #6773, #78, #1984, .T. ) ;
#3126 = PLANE ( 'NONE',  #4095 ) ;
#3127 = EDGE_CURVE ( 'NONE', #6138, #746, #1990, .T. ) ;
#3128 = CARTESIAN_POINT ( 'NONE',  ( -6.333793390202180795, -44.55202645548495610, 3.907315377998108371E-16 ) ) ;
#3129 = CARTESIAN_POINT ( 'NONE',  ( 51.57160644768101321, 10.55043257842991267, 8.000000000000000000 ) ) ;
#3130 = ORIENTED_EDGE ( 'NONE', *, *, #1275, .F. ) ;
#3131 = PLANE ( 'NONE',  #3073 ) ;
#3132 = ORIENTED_EDGE ( 'NONE', *, *, #2622, .T. ) ;
#3133 = CARTESIAN_POINT ( 'NONE',  ( 5.607921044894919049, -49.97637685009845399, 8.000000000000000000 ) ) ;
#3134 = ORIENTED_EDGE ( 'NONE', *, *, #2413, .T. ) ;
#3135 = ORIENTED_EDGE ( 'NONE', *, *, #3950, .F. ) ;
#3136 = EDGE_CURVE ( 'NONE', #1770, #326, #1462, .T. ) ;
#3137 = DIRECTION ( 'NONE',  ( -0.9510565162951544194, 0.3090169943749446757, -0.000000000000000000 ) ) ;
#3138 = CARTESIAN_POINT ( 'NONE',  ( 22.94149773528463498, 32.76717384306937930, 10.00000000000000000 ) ) ;
#3139 = CARTESIAN_POINT ( 'NONE',  ( -44.32874487107525141, -7.743537831968019702, 10.00000000000000000 ) ) ;
#3140 = ORIENTED_EDGE ( 'NONE', *, *, #389, .F. ) ;
#3141 = DIRECTION ( 'NONE',  ( 0.000000000000000000, 0.000000000000000000, 1.000000000000000000 ) ) ;
#3142 = EDGE_LOOP ( 'NONE', ( #1251, #4093, #5159, #2660 ) ) ;
#3143 = CARTESIAN_POINT ( 'NONE',  ( -31.31117060181147593, -32.32043619050114813, 8.000000000000000000 ) ) ;
#3144 = ORIENTED_EDGE ( 'NONE', *, *, #6091, .F. ) ;
#3145 = EDGE_CURVE ( 'NONE', #3556, #3986, #6491, .T. ) ;
#3146 = LINE ( 'NONE', #6960, #4341 ) ;
#3147 = ORIENTED_EDGE ( 'NONE', *, *, #3992, .F. ) ;
#3148 = PLANE ( 'NONE',  #5657 ) ;
#3149 = DIRECTION ( 'NONE',  ( 1.000000000000000000, 0.000000000000000000, 0.000000000000000000 ) ) ;
#3150 = DIRECTION ( 'NONE',  ( 0.000000000000000000, 0.000000000000000000, 1.000000000000000000 ) ) ;
#3151 = ORIENTED_EDGE ( 'NONE', *, *, #3707, .T. ) ;
#3152 = CARTESIAN_POINT ( 'NONE',  ( -9.268063931605194483, -38.91147634001670497, 10.00000000000000000 ) ) ;
#3153 = ORIENTED_EDGE ( 'NONE', *, *, #2705, .F. ) ;
#3154 = LINE ( 'NONE', #577, #6602 ) ;
#3155 = CARTESIAN_POINT ( 'NONE',  ( 0.000000000000000000, 0.000000000000000000, 8.000000000000000000 ) ) ;
#3156 = DIRECTION ( 'NONE',  ( 0.6374239897486935202, -0.7705132427757860336, 6.505213034913026604E-16 ) ) ;
#3157 = DIRECTION ( 'NONE',  ( -0.000000000000000000, -0.000000000000000000, -1.000000000000000000 ) ) ;
#3158 = CARTESIAN_POINT ( 'NONE',  ( 0.000000000000000000, 0.000000000000000000, 0.000000000000000000 ) ) ;
#3159 = VERTEX_POINT ( 'NONE', #6427 ) ;
#3160 = DIRECTION ( 'NONE',  ( 0.000000000000000000, 0.000000000000000000, 1.000000000000000000 ) ) ;
#3161 = ORIENTED_EDGE ( 'NONE', *, *, #3778, .F. ) ;
#3162 = EDGE_CURVE ( 'NONE', #3075, #1817, #3, .T. ) ;
#3163 = VERTEX_POINT ( 'NONE', #4243 ) ;
#3164 = CARTESIAN_POINT ( 'NONE',  ( -37.61508071650463592, 24.70031786619032843, 10.00000000000000000 ) ) ;
#3165 = LINE ( 'NONE', #992, #2176 ) ;
#3166 = CARTESIAN_POINT ( 'NONE',  ( -33.39286635904724676, -22.02081915658023092, 8.000000000000000000 ) ) ;
#3167 = ORIENTED_EDGE ( 'NONE', *, *, #594, .T. ) ;
#3168 = CARTESIAN_POINT ( 'NONE',  ( 5.607921044894524698, 49.97637685009822661, 3.907315377998108371E-16 ) ) ;
#3169 = ORIENTED_EDGE ( 'NONE', *, *, #6837, .T. ) ;
#3170 = AXIS2_PLACEMENT_3D ( 'NONE', #5274, #6376, #445 ) ;
#3171 = CIRCLE ( 'NONE', #6894, 40.00000000000000000 ) ;
#3172 = CARTESIAN_POINT ( 'NONE',  ( 40.00000000000000000, 4.898587196589413026E-15, 10.00000000000000000 ) ) ;
#3173 = PLANE ( 'NONE',  #2395 ) ;
#3174 = VECTOR ( 'NONE', #4863, 1000.000000000000114 ) ;
#3175 = VERTEX_POINT ( 'NONE', #2767 ) ;
#3176 = VECTOR ( 'NONE', #6086, 1000.000000000000114 ) ;
#3177 = LINE ( 'NONE', #460, #2432 ) ;
#3178 = EDGE_CURVE ( 'NONE', #641, #649, #6396, .T. ) ;
#3179 = ORIENTED_EDGE ( 'NONE', *, *, #4470, .F. ) ;
#3180 = CIRCLE ( 'NONE', #3976, 40.00000000000000000 ) ;
#3181 = AXIS2_PLACEMENT_3D ( 'NONE', #4940, #4451, #3998 ) ;
#3182 = VECTOR ( 'NONE', #4436, 1000.000000000000227 ) ;
#3183 = EDGE_CURVE ( 'NONE', #649, #3175, #5247, .T. ) ;
#3184 = DIRECTION ( 'NONE',  ( 0.06279051952931692659, -0.9980267284282713369, 6.505213034913025618E-16 ) ) ;
#3185 = FACE_OUTER_BOUND ( 'NONE', #2542, .T. ) ;
#3186 = CIRCLE ( 'NONE', #2295, 40.00000000000000000 ) ;
#3187 = CARTESIAN_POINT ( 'NONE',  ( 0.000000000000000000, 0.000000000000000000, 8.000000000000000000 ) ) ;
#3188 = VECTOR ( 'NONE', #4988, 1000.000000000000227 ) ;
#3189 = ORIENTED_EDGE ( 'NONE', *, *, #3987, .T. ) ;
#3190 = FACE_OUTER_BOUND ( 'NONE', #5346, .T. ) ;
#3191 = VECTOR ( 'NONE', #2072, 1000.000000000000000 ) ;
#3192 = EDGE_LOOP ( 'NONE', ( #6810, #3251, #828, #3650 ) ) ;
#3193 =( NAMED_UNIT ( * ) SI_UNIT ( $, .STERADIAN. ) SOLID_ANGLE_UNIT ( ) );
#3194 = CIRCLE ( 'NONE', #608, 45.00000000000000711 ) ;
#3195 = AXIS2_PLACEMENT_3D ( 'NONE', #4354, #5111, #50 ) ;
#3196 = VECTOR ( 'NONE', #6551, 1000.000000000000227 ) ;
#3197 = AXIS2_PLACEMENT_3D ( 'NONE', #4576, #739, #5028 ) ;
#3198 = DIRECTION ( 'NONE',  ( 1.000000000000000000, 0.000000000000000000, 0.000000000000000000 ) ) ;
#3199 = CARTESIAN_POINT ( 'NONE',  ( 0.000000000000000000, 0.000000000000000000, 0.000000000000000000 ) ) ;
#3200 = DIRECTION ( 'NONE',  ( -0.000000000000000000, -0.000000000000000000, -1.000000000000000000 ) ) ;
#3201 = CARTESIAN_POINT ( 'NONE',  ( -39.41663997923734541, 6.806503709481899200, 8.193579175013844965E-16 ) ) ;
#3202 = ORIENTED_EDGE ( 'NONE', *, *, #3833, .F. ) ;
#3203 = CARTESIAN_POINT ( 'NONE',  ( -19.88061067289451245, -34.70967184046533305, 8.000000000000000000 ) ) ;
#3204 = CIRCLE ( 'NONE', #2417, 40.00000000000000000 ) ;
#3205 = ORIENTED_EDGE ( 'NONE', *, *, #3561, .F. ) ;
#3206 = CIRCLE ( 'NONE', #2977, 40.00000000000000000 ) ;
#3207 = DIRECTION ( 'NONE',  ( 1.000000000000000000, 0.000000000000000000, 0.000000000000000000 ) ) ;
#3208 = ORIENTED_EDGE ( 'NONE', *, *, #5767, .T. ) ;
#3209 = DIRECTION ( 'NONE',  ( 0.000000000000000000, 0.000000000000000000, 1.000000000000000000 ) ) ;
#3210 = FACE_OUTER_BOUND ( 'NONE', #4610, .T. ) ;
#3211 = FACE_OUTER_BOUND ( 'NONE', #1775, .T. ) ;
#3212 = ORIENTED_EDGE ( 'NONE', *, *, #6943, .T. ) ;
#3213 = DIRECTION ( 'NONE',  ( 1.000000000000000000, 0.000000000000000000, 0.000000000000000000 ) ) ;
#3214 = ORIENTED_EDGE ( 'NONE', *, *, #3701, .T. ) ;
#3215 = EDGE_CURVE ( 'NONE', #1206, #6876, #2166, .T. ) ;
#3216 = DIRECTION ( 'NONE',  ( -0.000000000000000000, -0.000000000000000000, -1.000000000000000000 ) ) ;
#3217 = DIRECTION ( 'NONE',  ( -0.000000000000000000, 0.000000000000000000, 1.000000000000000000 ) ) ;
#3218 = EDGE_CURVE ( 'NONE', #5149, #5300, #5445, .T. ) ;
#3219 = AXIS2_PLACEMENT_3D ( 'NONE', #4203, #3072, #6361 ) ;
#3220 = ORIENTED_EDGE ( 'NONE', *, *, #4036, .T. ) ;
#3221 = DIRECTION ( 'NONE',  ( 1.000000000000000000, 0.000000000000000000, 0.000000000000000000 ) ) ;
#3222 = ORIENTED_EDGE ( 'NONE', *, *, #432, .F. ) ;
#3223 = CIRCLE ( 'NONE', #6599, 45.00000000000000711 ) ;
#3224 = ADVANCED_FACE ( 'NONE', ( #3821 ), #5859, .F. ) ;
#3225 = LINE ( 'NONE', #1670, #262 ) ;
#3226 = DIRECTION ( 'NONE',  ( 0.000000000000000000, 0.000000000000000000, 1.000000000000000000 ) ) ;
#3227 = DIRECTION ( 'NONE',  ( 0.000000000000000000, 0.000000000000000000, 1.000000000000000000 ) ) ;
#3228 = ORIENTED_EDGE ( 'NONE', *, *, #3728, .T. ) ;
#3229 = DIRECTION ( 'NONE',  ( 0.4257792915650767673, -0.9048270524660175784, 6.505213034913026604E-16 ) ) ;
#3230 = VERTEX_POINT ( 'NONE', #3257 ) ;
#3231 = CARTESIAN_POINT ( 'NONE',  ( -31.26200674885978970, 24.95369579910449431, 8.193579175013844965E-16 ) ) ;
#3232 = ADVANCED_FACE ( 'NONE', ( #1643 ), #1112, .F. ) ;
#3233 = CIRCLE ( 'NONE', #2436, 45.00000000000000711 ) ;
#3234 = DIRECTION ( 'NONE',  ( -0.7705132427757904745, 0.6374239897486881912, 0.000000000000000000 ) ) ;
#3235 = CARTESIAN_POINT ( 'NONE',  ( 5.607921044894919049, -49.97637685009845399, 8.000000000000000000 ) ) ;
#3236 = LINE ( 'NONE', #6049, #2184 ) ;
#3237 = VERTEX_POINT ( 'NONE', #508 ) ;
#3238 = FACE_OUTER_BOUND ( 'NONE', #2788, .T. ) ;
#3239 = ORIENTED_EDGE ( 'NONE', *, *, #1338, .F. ) ;
#3240 = LINE ( 'NONE', #2116, #3335 ) ;
#3241 = VERTEX_POINT ( 'NONE', #4383 ) ;
#3242 = CARTESIAN_POINT ( 'NONE',  ( -38.36523822947522433, 23.51825877048750968, 10.00000000000000000 ) ) ;
#3243 = DIRECTION ( 'NONE',  ( 6.505213034913027590E-16, 0.000000000000000000, 1.000000000000000000 ) ) ;
#3244 = DIRECTION ( 'NONE',  ( -0.000000000000000000, 0.000000000000000000, 1.000000000000000000 ) ) ;
#3245 = EDGE_LOOP ( 'NONE', ( #5465, #4415, #4655, #5968 ) ) ;
#3246 = CARTESIAN_POINT ( 'NONE',  ( 17.21444405599815397, -41.57719225540500219, 8.000000000000000000 ) ) ;
#3247 = ORIENTED_EDGE ( 'NONE', *, *, #4987, .F. ) ;
#3248 = LINE ( 'NONE', #4342, #3196 ) ;
#3249 = DIRECTION ( 'NONE',  ( -0.000000000000000000, 0.000000000000000000, 1.000000000000000000 ) ) ;
#3250 = EDGE_CURVE ( 'NONE', #5723, #3287, #3789, .T. ) ;
#3251 = ORIENTED_EDGE ( 'NONE', *, *, #4634, .T. ) ;
#3252 = CARTESIAN_POINT ( 'NONE',  ( 44.05309273942163628, -45.88920510489550963, 3.907315377998108371E-16 ) ) ;
#3253 = ORIENTED_EDGE ( 'NONE', *, *, #4634, .F. ) ;
#3254 = EDGE_CURVE ( 'NONE', #6985, #4284, #1270, .T. ) ;
#3255 = CARTESIAN_POINT ( 'NONE',  ( 53.71173865395446967, -18.18802536455075725, 8.193579175013844965E-16 ) ) ;
#3256 = ORIENTED_EDGE ( 'NONE', *, *, #553, .T. ) ;
#3257 = CARTESIAN_POINT ( 'NONE',  ( -24.07412152740958433, -31.94427448985995355, 8.000000000000000000 ) ) ;
#3258 = DIRECTION ( 'NONE',  ( 0.000000000000000000, 0.000000000000000000, 1.000000000000000000 ) ) ;
#3259 = ORIENTED_EDGE ( 'NONE', *, *, #80, .T. ) ;
#3260 = CARTESIAN_POINT ( 'NONE',  ( -4.318081326813032916, 39.76624414820977904, 8.000000000000000000 ) ) ;
#3261 = VERTEX_POINT ( 'NONE', #5408 ) ;
#3262 = LINE ( 'NONE', #543, #5592 ) ;
#3263 = DIRECTION ( 'NONE',  ( 1.000000000000000000, 0.000000000000000000, 0.000000000000000000 ) ) ;
#3264 = ADVANCED_FACE ( 'NONE', ( #3185 ), #5376, .F. ) ;
#3265 = DIRECTION ( 'NONE',  ( 1.000000000000000000, 0.000000000000000000, 0.000000000000000000 ) ) ;
#3266 = CARTESIAN_POINT ( 'NONE',  ( 0.000000000000000000, 0.000000000000000000, 0.000000000000000000 ) ) ;
#3267 = VERTEX_POINT ( 'NONE', #5296 ) ;
#3268 = DIRECTION ( 'NONE',  ( 1.000000000000000000, 0.000000000000000000, 0.000000000000000000 ) ) ;
#3269 = ORIENTED_EDGE ( 'NONE', *, *, #6652, .T. ) ;
#3270 = DIRECTION ( 'NONE',  ( 0.2486898871648483555, 0.9685831611286327414, 0.000000000000000000 ) ) ;
#3271 = EDGE_CURVE ( 'NONE', #2137, #3459, #2663, .T. ) ;
#3272 = ORIENTED_EDGE ( 'NONE', *, *, #3956, .F. ) ;
#3273 = LINE ( 'NONE', #6514, #256 ) ;
#3274 = EDGE_CURVE ( 'NONE', #2756, #3289, #6964, .T. ) ;
#3275 = DIRECTION ( 'NONE',  ( 0.000000000000000000, 0.000000000000000000, 1.000000000000000000 ) ) ;
#3276 = DIRECTION ( 'NONE',  ( -0.000000000000000000, 0.000000000000000000, 1.000000000000000000 ) ) ;
#3277 = ORIENTED_EDGE ( 'NONE', *, *, #5343, .T. ) ;
#3278 = LINE ( 'NONE', #2651, #5793 ) ;
#3279 = VECTOR ( 'NONE', #2935, 1000.000000000000000 ) ;
#3280 = ORIENTED_EDGE ( 'NONE', *, *, #5374, .F. ) ;
#3281 = DIRECTION ( 'NONE',  ( 1.000000000000000000, 0.000000000000000000, -0.000000000000000000 ) ) ;
#3282 = DIRECTION ( 'NONE',  ( 0.6845471059286846183, 0.7289686274214153272, 0.000000000000000000 ) ) ;
#3283 = ORIENTED_EDGE ( 'NONE', *, *, #6271, .T. ) ;
#3284 = FACE_OUTER_BOUND ( 'NONE', #1948, .T. ) ;
#3285 = CARTESIAN_POINT ( 'NONE',  ( -37.61508071650462881, 24.70031786619032133, 3.907315377998108371E-16 ) ) ;
#3286 = CIRCLE ( 'NONE', #3626, 40.00000000000000000 ) ;
#3287 = VERTEX_POINT ( 'NONE', #4353 ) ;
#3288 = CARTESIAN_POINT ( 'NONE',  ( 54.14436244607947657, 16.85654624173799476, 8.193579175013844965E-16 ) ) ;
#3289 = VERTEX_POINT ( 'NONE', #6499 ) ;
#3290 = DIRECTION ( 'NONE',  ( -0.000000000000000000, -0.000000000000000000, -1.000000000000000000 ) ) ;
#3291 = VECTOR ( 'NONE', #5883, 1000.000000000000000 ) ;
#3292 = ORIENTED_EDGE ( 'NONE', *, *, #6681, .F. ) ;
#3293 = VECTOR ( 'NONE', #6047, 1000.000000000000227 ) ;
#3294 = CIRCLE ( 'NONE', #4081, 45.00000000000000711 ) ;
#3295 = ADVANCED_FACE ( 'NONE', ( #6468 ), #4273, .F. ) ;
#3296 = VECTOR ( 'NONE', #3868, 1000.000000000000114 ) ;
#3297 = DIRECTION ( 'NONE',  ( 0.6374239897486881912, 0.7705132427757904745, 0.000000000000000000 ) ) ;
#3298 = AXIS2_PLACEMENT_3D ( 'NONE', #2058, #2721, #3712 ) ;
#3299 = DIRECTION ( 'NONE',  ( 0.000000000000000000, 0.000000000000000000, 1.000000000000000000 ) ) ;
#3300 = ADVANCED_FACE ( 'NONE', ( #1143 ), #615, .F. ) ;
#3301 = CIRCLE ( 'NONE', #3519, 45.00000000000000711 ) ;
#3302 = CARTESIAN_POINT ( 'NONE',  ( 25.88082409933364758, 36.81280950891076031, 3.907315377998108371E-16 ) ) ;
#3303 = ORIENTED_EDGE ( 'NONE', *, *, #3444, .F. ) ;
#3304 = DIRECTION ( 'NONE',  ( -0.000000000000000000, 0.000000000000000000, 1.000000000000000000 ) ) ;
#3305 = EDGE_LOOP ( 'NONE', ( #2088, #3940, #4337, #4271 ) ) ;
#3306 = AXIS2_PLACEMENT_3D ( 'NONE', #6386, #2414, #22 ) ;
#3307 = CARTESIAN_POINT ( 'NONE',  ( 0.000000000000000000, 0.000000000000000000, 0.000000000000000000 ) ) ;
#3308 = AXIS2_PLACEMENT_3D ( 'NONE', #2926, #5069, #247 ) ;
#3309 = AXIS2_PLACEMENT_3D ( 'NONE', #511, #469, #4733 ) ;
#3310 = EDGE_LOOP ( 'NONE', ( #2726, #2245, #3779, #5199 ) ) ;
#3311 = FACE_OUTER_BOUND ( 'NONE', #2113, .T. ) ;
#3312 = VECTOR ( 'NONE', #4899, 1000.000000000000114 ) ;
#3314 = EDGE_CURVE ( 'NONE', #6150, #689, #3899, .T. ) ;
#3313 = DIRECTION ( 'NONE',  ( 0.000000000000000000, 0.000000000000000000, 1.000000000000000000 ) ) ;
#3315 = VECTOR ( 'NONE', #4712, 1000.000000000000000 ) ;
#3316 = CARTESIAN_POINT ( 'NONE',  ( 5.607921044894914608, -49.97637685009845399, 8.193579175013844965E-16 ) ) ;
#3317 = EDGE_LOOP ( 'NONE', ( #4792, #2852, #3443, #542 ) ) ;
#3318 = DIRECTION ( 'NONE',  ( 0.000000000000000000, 0.000000000000000000, 1.000000000000000000 ) ) ;
#3319 = ORIENTED_EDGE ( 'NONE', *, *, #3430, .T. ) ;
#3320 = ADVANCED_FACE ( 'NONE', ( #3363 ), #193, .F. ) ;
#3321 = VECTOR ( 'NONE', #5490, 1000.000000000000000 ) ;
#3322 = AXIS2_PLACEMENT_3D ( 'NONE', #3199, #475, #2139 ) ;
#3323 = PLANE ( 'NONE',  #1038 ) ;
#3324 = DIRECTION ( 'NONE',  ( 1.000000000000000000, 0.000000000000000000, 0.000000000000000000 ) ) ;
#3325 = ORIENTED_EDGE ( 'NONE', *, *, #4035, .F. ) ;
#3326 = LINE ( 'NONE', #5505, #5469 ) ;
#3327 = LINE ( 'NONE', #3718, #3759 ) ;
#3328 = AXIS2_PLACEMENT_3D ( 'NONE', #6495, #3849, #1181 ) ;
#3329 = CARTESIAN_POINT ( 'NONE',  ( -44.32874487107533668, 7.743537831967707952, 8.193579175013844965E-16 ) ) ;
#3330 = ORIENTED_EDGE ( 'NONE', *, *, #1711, .F. ) ;
#3331 = CARTESIAN_POINT ( 'NONE',  ( 0.000000000000000000, 0.000000000000000000, 0.000000000000000000 ) ) ;
#3332 = VERTEX_POINT ( 'NONE', #5511 ) ;
#3333 = CARTESIAN_POINT ( 'NONE',  ( 0.000000000000000000, 0.000000000000000000, 10.00000000000000000 ) ) ;
#3334 = EDGE_LOOP ( 'NONE', ( #5098, #2743, #3020, #434 ) ) ;
#3335 = VECTOR ( 'NONE', #5391, 1000.000000000000000 ) ;
#3336 = CARTESIAN_POINT ( 'NONE',  ( -17.21444405599815397, 41.57719225540500219, 10.00000000000000000 ) ) ;
#3337 = PLANE ( 'NONE',  #1253 ) ;
#3338 = DIRECTION ( 'NONE',  ( 1.000000000000000000, 0.000000000000000000, -0.000000000000000000 ) ) ;
#3339 = EDGE_CURVE ( 'NONE', #1095, #3457, #2312, .T. ) ;
#3340 = ORIENTED_EDGE ( 'NONE', *, *, #3889, .T. ) ;
#3341 = LINE ( 'NONE', #2880, #2959 ) ;
#3342 = ORIENTED_EDGE ( 'NONE', *, *, #4113, .T. ) ;
#3343 = DIRECTION ( 'NONE',  ( 0.8090169943749507819, -0.5877852522924685852, 6.505213034913028576E-16 ) ) ;
#3344 = EDGE_CURVE ( 'NONE', #6394, #6388, #4302, .T. ) ;
#3345 = DIRECTION ( 'NONE',  ( -0.000000000000000000, 0.000000000000000000, 1.000000000000000000 ) ) ;
#3346 = LINE ( 'NONE', #1895, #1520 ) ;
#3347 = CARTESIAN_POINT ( 'NONE',  ( 5.607921044894524698, 49.97637685009822661, 8.000000000000000000 ) ) ;
#3348 = PLANE ( 'NONE',  #252 ) ;
#3349 = ORIENTED_EDGE ( 'NONE', *, *, #2097, .T. ) ;
#3350 = DIRECTION ( 'NONE',  ( 1.000000000000000000, 0.000000000000000000, 0.000000000000000000 ) ) ;
#3351 = VERTEX_POINT ( 'NONE', #5482 ) ;
#3352 = EDGE_CURVE ( 'NONE', #2919, #936, #1780, .T. ) ;
#3353 = EDGE_LOOP ( 'NONE', ( #5919, #6257, #4785, #3547 ) ) ;
#3354 = CARTESIAN_POINT ( 'NONE',  ( -39.41663997923726726, -6.806503709482174536, 0.000000000000000000 ) ) ;
#3355 = VERTEX_POINT ( 'NONE', #2902 ) ;
#3356 = EDGE_CURVE ( 'NONE', #5935, #6418, #4484, .T. ) ;
#3357 = DIRECTION ( 'NONE',  ( 1.000000000000000000, 0.000000000000000000, 0.000000000000000000 ) ) ;
#3358 = EDGE_CURVE ( 'NONE', #3475, #2171, #2870, .T. ) ;
#3359 = DIRECTION ( 'NONE',  ( 0.000000000000000000, 0.000000000000000000, 1.000000000000000000 ) ) ;
#3360 = DIRECTION ( 'NONE',  ( 1.000000000000000000, 0.000000000000000000, 0.000000000000000000 ) ) ;
#3361 = EDGE_CURVE ( 'NONE', #5917, #5588, #6638, .T. ) ;
#3362 = ORIENTED_EDGE ( 'NONE', *, *, #6716, .T. ) ;
#3363 = FACE_OUTER_BOUND ( 'NONE', #3305, .T. ) ;
#3364 = ORIENTED_EDGE ( 'NONE', *, *, #4964, .T. ) ;
#3365 = DIRECTION ( 'NONE',  ( 1.000000000000000000, 0.000000000000000000, 0.000000000000000000 ) ) ;
#3366 = ORIENTED_EDGE ( 'NONE', *, *, #1474, .T. ) ;
#3367 = DIRECTION ( 'NONE',  ( -0.000000000000000000, 0.000000000000000000, 1.000000000000000000 ) ) ;
#3368 = DIRECTION ( 'NONE',  ( 0.000000000000000000, 0.000000000000000000, 1.000000000000000000 ) ) ;
#3369 = DIRECTION ( 'NONE',  ( 0.000000000000000000, 0.000000000000000000, 1.000000000000000000 ) ) ;
#3370 = VERTEX_POINT ( 'NONE', #1810 ) ;
#3371 = DIRECTION ( 'NONE',  ( 0.9297764858882511252, 0.3681245526846787519, 0.000000000000000000 ) ) ;
#3372 = ORIENTED_EDGE ( 'NONE', *, *, #5720, .T. ) ;
#3373 = DIRECTION ( 'NONE',  ( 1.000000000000000000, 0.000000000000000000, 0.000000000000000000 ) ) ;
#3374 = LINE ( 'NONE', #1722, #1723 ) ;
#3375 = FACE_OUTER_BOUND ( 'NONE', #1926, .T. ) ;
#3376 = DIRECTION ( 'NONE',  ( -0.9510565162951544194, 0.3090169943749446757, 0.000000000000000000 ) ) ;
#3377 = ORIENTED_EDGE ( 'NONE', *, *, #2399, .T. ) ;
#3378 = DIRECTION ( 'NONE',  ( -0.6374239897486881912, -0.7705132427757904745, 6.505213034913026604E-16 ) ) ;
#3379 = EDGE_CURVE ( 'NONE', #6464, #6476, #6107, .T. ) ;
#3380 = VERTEX_POINT ( 'NONE', #6606 ) ;
#3381 = ORIENTED_EDGE ( 'NONE', *, *, #2452, .T. ) ;
#3382 = CARTESIAN_POINT ( 'NONE',  ( 53.88054222770525570, -26.12788712983580197, 8.193579175013844965E-16 ) ) ;
#3383 = AXIS2_PLACEMENT_3D ( 'NONE', #6971, #580, #3829 ) ;
#3384 = ORIENTED_EDGE ( 'NONE', *, *, #2759, .T. ) ;
#3385 = CARTESIAN_POINT ( 'NONE',  ( 54.14436244607947657, 16.85654624173799476, 8.193579175013844965E-16 ) ) ;
#3386 = EDGE_CURVE ( 'NONE', #2691, #6150, #1287, .T. ) ;
#3387 = DIRECTION ( 'NONE',  ( -0.000000000000000000, 0.000000000000000000, 1.000000000000000000 ) ) ;
#3388 = EDGE_CURVE ( 'NONE', #2894, #3370, #5044, .T. ) ;
#3389 = DIRECTION ( 'NONE',  ( 0.000000000000000000, 0.000000000000000000, 1.000000000000000000 ) ) ;
#3390 = FACE_OUTER_BOUND ( 'NONE', #788, .T. ) ;
#3391 = ORIENTED_EDGE ( 'NONE', *, *, #4728, .F. ) ;
#3392 = DIRECTION ( 'NONE',  ( 1.000000000000000000, 0.000000000000000000, 0.000000000000000000 ) ) ;
#3393 = EDGE_CURVE ( 'NONE', #4894, #2839, #676, .T. ) ;
#3394 = ORIENTED_EDGE ( 'NONE', *, *, #1301, .F. ) ;
#3395 = DIRECTION ( 'NONE',  ( -0.000000000000000000, -0.000000000000000000, -1.000000000000000000 ) ) ;
#3396 = ORIENTED_EDGE ( 'NONE', *, *, #322, .T. ) ;
#3397 = EDGE_CURVE ( 'NONE', #70, #3163, #2170, .T. ) ;
#3398 = AXIS2_PLACEMENT_3D ( 'NONE', #5722, #6391, #1563 ) ;
#3399 = CARTESIAN_POINT ( 'NONE',  ( -21.06287761874438758, -39.76625688215823118, 10.00000000000000000 ) ) ;
#3400 = CARTESIAN_POINT ( 'NONE',  ( 33.39286635904724676, 22.02081915658023803, 10.00000000000000000 ) ) ;
#3401 = VECTOR ( 'NONE', #5830, 1000.000000000000000 ) ;
#3402 = CARTESIAN_POINT ( 'NONE',  ( 36.37957734714186131, 51.26310366668217000, 8.000000000000000000 ) ) ;
#3403 = VERTEX_POINT ( 'NONE', #4942 ) ;
#3404 = CARTESIAN_POINT ( 'NONE',  ( 0.000000000000000000, 0.000000000000000000, 0.000000000000000000 ) ) ;
#3405 = VECTOR ( 'NONE', #6543, 1000.000000000000227 ) ;
#3406 = ORIENTED_EDGE ( 'NONE', *, *, #257, .T. ) ;
#3407 = CARTESIAN_POINT ( 'NONE',  ( -5.707041908653020634, -39.59077762121980015, 0.000000000000000000 ) ) ;
#3408 = VECTOR ( 'NONE', #2712, 1000.000000000000114 ) ;
#3409 = VECTOR ( 'NONE', #5905, 1000.000000000000114 ) ;
#3410 = CARTESIAN_POINT ( 'NONE',  ( 10.51168264943633268, 43.75505145554670605, 10.00000000000000000 ) ) ;
#3411 = VECTOR ( 'NONE', #6225, 1000.000000000000114 ) ;
#3412 = LINE ( 'NONE', #5629, #5338 ) ;
#3413 = DIRECTION ( 'NONE',  ( -0.6845471059286899473, 0.7289686274214103312, -0.000000000000000000 ) ) ;
#3414 = DIRECTION ( 'NONE',  ( 0.000000000000000000, 0.000000000000000000, 1.000000000000000000 ) ) ;
#3415 = ORIENTED_EDGE ( 'NONE', *, *, #3906, .T. ) ;
#3416 = FACE_OUTER_BOUND ( 'NONE', #4590, .T. ) ;
#3417 = CIRCLE ( 'NONE', #2736, 45.00000000000000711 ) ;
#3419 = ORIENTED_EDGE ( 'NONE', *, *, #2570, .T. ) ;
#3418 = VECTOR ( 'NONE', #2769, 1000.000000000000227 ) ;
#3420 = EDGE_LOOP ( 'NONE', ( #1560, #3396, #5915, #3247 ) ) ;
#3421 = VECTOR ( 'NONE', #4211, 1000.000000000000000 ) ;
#3422 = CARTESIAN_POINT ( 'NONE',  ( -38.25274688064452278, 11.69304733956636611, 8.193579175013844965E-16 ) ) ;
#3423 =( GEOMETRIC_REPRESENTATION_CONTEXT ( 3 ) GLOBAL_UNCERTAINTY_ASSIGNED_CONTEXT ( ( #4547 ) ) GLOBAL_UNIT_ASSIGNED_CONTEXT ( ( #6588, #1232, #3481 ) ) REPRESENTATION_CONTEXT ( 'NONE', 'WORKASPACE' ) );
#3424 = ORIENTED_EDGE ( 'NONE', *, *, #710, .F. ) ;
#3425 = DIRECTION ( 'NONE',  ( -0.000000000000000000, 0.000000000000000000, 1.000000000000000000 ) ) ;
#3426 = EDGE_CURVE ( 'NONE', #6267, #1800, #4414, .T. ) ;
#3427 = DIRECTION ( 'NONE',  ( 1.000000000000000000, 0.000000000000000000, -0.000000000000000000 ) ) ;
#3428 = AXIS2_PLACEMENT_3D ( 'NONE', #3983, #5571, #6134 ) ;
#3429 = AXIS2_PLACEMENT_3D ( 'NONE', #6473, #3156, #2700 ) ;
#3430 = EDGE_CURVE ( 'NONE', #3572, #6288, #1220, .T. ) ;
#3431 = CARTESIAN_POINT ( 'NONE',  ( 53.71173865395454783, 18.18802536455120844, 8.000000000000000000 ) ) ;
#3432 = DIRECTION ( 'NONE',  ( -0.000000000000000000, 0.000000000000000000, 1.000000000000000000 ) ) ;
#3433 = ORIENTED_EDGE ( 'NONE', *, *, #514, .T. ) ;
#3434 = DIRECTION ( 'NONE',  ( -0.7705132427757904745, 0.6374239897486881912, -0.000000000000000000 ) ) ;
#3435 = VERTEX_POINT ( 'NONE', #4374 ) ;
#3436 = CARTESIAN_POINT ( 'NONE',  ( 37.82012308851961535, -13.02452646237958156, 8.000000000000000000 ) ) ;
#3437 = ORIENTED_EDGE ( 'NONE', *, *, #6945, .T. ) ;
#3438 = EDGE_CURVE ( 'NONE', #6418, #6614, #5537, .T. ) ;
#3439 = FACE_OUTER_BOUND ( 'NONE', #5002, .T. ) ;
#3440 = LINE ( 'NONE', #3400, #1139 ) ;
#3441 = LINE ( 'NONE', #6782, #5998 ) ;
#3442 = CIRCLE ( 'NONE', #6595, 40.00000000000000000 ) ;
#3443 = ORIENTED_EDGE ( 'NONE', *, *, #546, .T. ) ;
#3444 = EDGE_CURVE ( 'NONE', #4494, #6470, #3740, .T. ) ;
#3445 = LINE ( 'NONE', #168, #485 ) ;
#3446 = ORIENTED_EDGE ( 'NONE', *, *, #5432, .T. ) ;
#3447 = CARTESIAN_POINT ( 'NONE',  ( 37.51220113926679289, 50.44020431347271938, 8.193579175013844965E-16 ) ) ;
#3448 = CARTESIAN_POINT ( 'NONE',  ( 0.000000000000000000, 0.000000000000000000, 0.000000000000000000 ) ) ;
#3449 = AXIS2_PLACEMENT_3D ( 'NONE', #5561, #5025, #3373 ) ;
#3450 = SURFACE_STYLE_USAGE ( .BOTH. , #2849 ) ;
#3451 = VECTOR ( 'NONE', #4805, 1000.000000000000000 ) ;
#3452 = FACE_OUTER_BOUND ( 'NONE', #1446, .T. ) ;
#3453 = LINE ( 'NONE', #4957, #2174 ) ;
#3454 = EDGE_CURVE ( 'NONE', #3744, #939, #5852, .T. ) ;
#3455 = VERTEX_POINT ( 'NONE', #2687 ) ;
#3456 = LINE ( 'NONE', #5607, #3996 ) ;
#3457 = VERTEX_POINT ( 'NONE', #6986 ) ;
#3458 = PRODUCT_DEFINITION_FORMATION_WITH_SPECIFIED_SOURCE ( 'ANY', '', #1050, .NOT_KNOWN. ) ;
#3459 = VERTEX_POINT ( 'NONE', #2233 ) ;
#3460 = PLANE ( 'NONE',  #3634 ) ;
#3461 = VERTEX_POINT ( 'NONE', #4267 ) ;
#3462 = CARTESIAN_POINT ( 'NONE',  ( 48.37134592675029410, -40.92474283315964811, 8.000000000000000000 ) ) ;
#3463 = LINE ( 'NONE', #783, #4908 ) ;
#3464 = DIRECTION ( 'NONE',  ( -0.9048270524660175784, -0.4257792915650767673, -0.000000000000000000 ) ) ;
#3465 = ADVANCED_FACE ( 'NONE', ( #4403 ), #3323, .F. ) ;
#3466 = CARTESIAN_POINT ( 'NONE',  ( 51.57160644768101321, 10.55043257842991267, 3.907315377998108371E-16 ) ) ;
#3467 = ORIENTED_EDGE ( 'NONE', *, *, #6482, .T. ) ;
#3468 = ORIENTED_EDGE ( 'NONE', *, *, #1322, .T. ) ;
#3469 = LINE ( 'NONE', #5725, #1648 ) ;
#3470 = EDGE_CURVE ( 'NONE', #4720, #4125, #2126, .T. ) ;
#3471 = ORIENTED_EDGE ( 'NONE', *, *, #2578, .F. ) ;
#3472 = DIRECTION ( 'NONE',  ( 1.000000000000000000, 0.000000000000000000, -0.000000000000000000 ) ) ;
#3473 = DIRECTION ( 'NONE',  ( -0.9297764858882537897, 0.3681245526846719240, 0.000000000000000000 ) ) ;
#3474 = CARTESIAN_POINT ( 'NONE',  ( -44.06641103065524590, -9.118739982988183002, 8.000000000000000000 ) ) ;
#3475 = VERTEX_POINT ( 'NONE', #5433 ) ;
#3476 = DIRECTION ( 'NONE',  ( 0.8763066800438664705, -0.4817536741017101609, 6.505213034913025618E-16 ) ) ;
#3477 = ORIENTED_EDGE ( 'NONE', *, *, #2866, .F. ) ;
#3478 = CARTESIAN_POINT ( 'NONE',  ( 31.31117060181171752, -32.32043619050092786, 8.000000000000000000 ) ) ;
#3479 = DIRECTION ( 'NONE',  ( 0.000000000000000000, 0.000000000000000000, 1.000000000000000000 ) ) ;
#3480 = EDGE_CURVE ( 'NONE', #2357, #5512, #833, .T. ) ;
#3481 =( NAMED_UNIT ( * ) SI_UNIT ( $, .STERADIAN. ) SOLID_ANGLE_UNIT ( ) );
#3482 = LINE ( 'NONE', #1234, #1951 ) ;
#3483 = FACE_OUTER_BOUND ( 'NONE', #397, .T. ) ;
#3484 = ORIENTED_EDGE ( 'NONE', *, *, #867, .T. ) ;
#3485 = PLANE ( 'NONE',  #6695 ) ;
#3486 = EDGE_CURVE ( 'NONE', #4704, #6985, #6957, .T. ) ;
#3487 = ORIENTED_EDGE ( 'NONE', *, *, #3215, .T. ) ;
#3488 = ADVANCED_FACE ( 'NONE', ( #5929 ), #4906, .F. ) ;
#3489 = ORIENTED_EDGE ( 'NONE', *, *, #2582, .F. ) ;
#3490 = LINE ( 'NONE', #1904, #6105 ) ;
#3491 = DIRECTION ( 'NONE',  ( -0.2486898871648553500, 0.9685831611286309650, -0.000000000000000000 ) ) ;
#3492 = ORIENTED_EDGE ( 'NONE', *, *, #2887, .T. ) ;
#3493 = CARTESIAN_POINT ( 'NONE',  ( -0.6999999999999948486, -44.99455522616041492, 8.000000000000000000 ) ) ;
#3494 = CARTESIAN_POINT ( 'NONE',  ( 0.000000000000000000, 0.000000000000000000, 8.000000000000000000 ) ) ;
#3495 = CARTESIAN_POINT ( 'NONE',  ( 24.07412152740955591, 31.94427448985992513, 8.000000000000000000 ) ) ;
#3496 = CARTESIAN_POINT ( 'NONE',  ( -39.95890911899810760, 1.812617449890667087, 8.000000000000000000 ) ) ;
#3497 = ORIENTED_EDGE ( 'NONE', *, *, #2452, .F. ) ;
#3498 = DIRECTION ( 'NONE',  ( -0.000000000000000000, 0.000000000000000000, 1.000000000000000000 ) ) ;
#3499 = EDGE_LOOP ( 'NONE', ( #2243, #533, #1684, #2025 ) ) ;
#3500 = LINE ( 'NONE', #6856, #1607 ) ;
#3501 = DIRECTION ( 'NONE',  ( 1.000000000000000000, 0.000000000000000000, -0.000000000000000000 ) ) ;
#3502 = DIRECTION ( 'NONE',  ( 0.000000000000000000, 0.000000000000000000, 1.000000000000000000 ) ) ;
#3503 = ORIENTED_EDGE ( 'NONE', *, *, #1209, .T. ) ;
#3504 = DIRECTION ( 'NONE',  ( 1.000000000000000000, 0.000000000000000000, 0.000000000000000000 ) ) ;
#3505 = VERTEX_POINT ( 'NONE', #6421 ) ;
#3506 = DIRECTION ( 'NONE',  ( -0.9510565162951544194, 0.3090169943749446757, -0.000000000000000000 ) ) ;
#3507 = EDGE_CURVE ( 'NONE', #1093, #4832, #4765, .T. ) ;
#3508 = DIRECTION ( 'NONE',  ( -0.4817536741017162671, 0.8763066800438630288, 0.000000000000000000 ) ) ;
#3509 = EDGE_CURVE ( 'NONE', #2901, #1528, #564, .T. ) ;
#3510 = VECTOR ( 'NONE', #4719, 1000.000000000000227 ) ;
#3511 = LINE ( 'NONE', #3016, #2307 ) ;
#3512 = DIRECTION ( 'NONE',  ( 1.000000000000000000, 0.000000000000000000, 0.000000000000000000 ) ) ;
#3513 = LINE ( 'NONE', #2434, #2285 ) ;
#3514 = VECTOR ( 'NONE', #4100, 1000.000000000000000 ) ;
#3515 = ORIENTED_EDGE ( 'NONE', *, *, #3454, .F. ) ;
#3516 = DIRECTION ( 'NONE',  ( 1.000000000000000000, 0.000000000000000000, 0.000000000000000000 ) ) ;
#3517 = ORIENTED_EDGE ( 'NONE', *, *, #358, .F. ) ;
#3518 = VECTOR ( 'NONE', #5773, 1000.000000000000000 ) ;
#3519 = AXIS2_PLACEMENT_3D ( 'NONE', #3448, #1336, #5600 ) ;
#3520 = VECTOR ( 'NONE', #1416, 1000.000000000000114 ) ;
#3521 = ORIENTED_EDGE ( 'NONE', *, *, #2580, .F. ) ;
#3522 = EDGE_CURVE ( 'NONE', #6517, #4724, #2790, .T. ) ;
#3523 = LINE ( 'NONE', #287, #361 ) ;
#3524 = CIRCLE ( 'NONE', #1842, 40.00000000000000000 ) ;
#3525 = LINE ( 'NONE', #3025, #2507 ) ;
#3526 = VECTOR ( 'NONE', #4176, 1000.000000000000227 ) ;
#3527 = ORIENTED_EDGE ( 'NONE', *, *, #214, .T. ) ;
#3528 = CARTESIAN_POINT ( 'NONE',  ( 54.14436244607947657, 16.85654624173800187, 8.000000000000000000 ) ) ;
#3529 = AXIS2_PLACEMENT_3D ( 'NONE', #2308, #6603, #4735 ) ;
#3530 = EDGE_CURVE ( 'NONE', #4264, #2571, #1397, .T. ) ;
#3531 = PLANE ( 'NONE',  #1872 ) ;
#3532 = CIRCLE ( 'NONE', #1172, 40.00000000000000000 ) ;
#3533 = CIRCLE ( 'NONE', #2966, 40.00000000000000000 ) ;
#3534 = AXIS2_PLACEMENT_3D ( 'NONE', #2198, #4796, #1070 ) ;
#3535 = VECTOR ( 'NONE', #2331, 1000.000000000000227 ) ;
#3536 = DIRECTION ( 'NONE',  ( 1.000000000000000000, 0.000000000000000000, 0.000000000000000000 ) ) ;
#3537 = CIRCLE ( 'NONE', #3988, 45.00000000000000711 ) ;
#3538 = ORIENTED_EDGE ( 'NONE', *, *, #4496, .F. ) ;
#3539 = AXIS2_PLACEMENT_3D ( 'NONE', #2036, #6194, #6341 ) ;
#3540 = LINE ( 'NONE', #3604, #1865 ) ;
#3541 = EDGE_LOOP ( 'NONE', ( #4476, #1781, #4082, #4563 ) ) ;
#3542 = VECTOR ( 'NONE', #3972, 1000.000000000000114 ) ;
#3543 = CIRCLE ( 'NONE', #4859, 40.00000000000000000 ) ;
#3544 = DIRECTION ( 'NONE',  ( -0.000000000000000000, -0.000000000000000000, -1.000000000000000000 ) ) ;
#3545 = CARTESIAN_POINT ( 'NONE',  ( 0.000000000000000000, 0.000000000000000000, 8.000000000000000000 ) ) ;
#3546 = CARTESIAN_POINT ( 'NONE',  ( 43.03253666103130826, 46.84757105319597770, 3.907315377998108371E-16 ) ) ;
#3547 = ORIENTED_EDGE ( 'NONE', *, *, #1556, .F. ) ;
#3548 = CARTESIAN_POINT ( 'NONE',  ( 30.05469011279825864, 53.21625363895164895, 8.193579175013844965E-16 ) ) ;
#3549 = ORIENTED_EDGE ( 'NONE', *, *, #432, .T. ) ;
#3550 = LINE ( 'NONE', #372, #6713 ) ;
#3551 = DIRECTION ( 'NONE',  ( 1.000000000000000000, 0.000000000000000000, 0.000000000000000000 ) ) ;
#3552 = DIRECTION ( 'NONE',  ( -0.000000000000000000, 0.000000000000000000, 1.000000000000000000 ) ) ;
#3553 = AXIS2_PLACEMENT_3D ( 'NONE', #4965, #79, #3357 ) ;
#3554 = EDGE_CURVE ( 'NONE', #2193, #2118, #6235, .T. ) ;
#3555 = DIRECTION ( 'NONE',  ( -0.000000000000000000, -0.000000000000000000, -1.000000000000000000 ) ) ;
#3556 = VERTEX_POINT ( 'NONE', #1102 ) ;
#3557 = CARTESIAN_POINT ( 'NONE',  ( -38.25274688064452988, 11.69304733956637676, 8.000000000000000000 ) ) ;
#3558 = ORIENTED_EDGE ( 'NONE', *, *, #2732, .T. ) ;
#3559 = DIRECTION ( 'NONE',  ( 1.000000000000000000, 0.000000000000000000, 0.000000000000000000 ) ) ;
#3560 = ORIENTED_EDGE ( 'NONE', *, *, #5687, .F. ) ;
#3561 = EDGE_CURVE ( 'NONE', #1589, #1526, #3248, .T. ) ;
#3562 = AXIS2_PLACEMENT_3D ( 'NONE', #5918, #1686, #3770 ) ;
#3563 = ORIENTED_EDGE ( 'NONE', *, *, #5876, .T. ) ;
#3564 = FACE_OUTER_BOUND ( 'NONE', #4963, .T. ) ;
#3565 = DIRECTION ( 'NONE',  ( 0.000000000000000000, 0.000000000000000000, 1.000000000000000000 ) ) ;
#3566 = EDGE_LOOP ( 'NONE', ( #455, #4880, #457, #4690 ) ) ;
#3567 = CARTESIAN_POINT ( 'NONE',  ( 5.607921044894919049, -49.97637685009845399, 8.000000000000000000 ) ) ;
#3568 = CARTESIAN_POINT ( 'NONE',  ( -0.6999999999999934053, -39.99387453098285761, 10.00000000000000000 ) ) ;
#3569 = EDGE_CURVE ( 'NONE', #6909, #2103, #1736, .T. ) ;
#3570 = DIRECTION ( 'NONE',  ( -0.000000000000000000, -0.000000000000000000, -1.000000000000000000 ) ) ;
#3571 = EDGE_CURVE ( 'NONE', #4294, #1323, #1026, .T. ) ;
#3572 = VERTEX_POINT ( 'NONE', #3172 ) ;
#3573 = LINE ( 'NONE', #3005, #1979 ) ;
#3574 = ORIENTED_EDGE ( 'NONE', *, *, #3602, .T. ) ;
#3575 = EDGE_CURVE ( 'NONE', #4221, #5275, #4075, .T. ) ;
#3576 = DIRECTION ( 'NONE',  ( 0.9297764858882537897, -0.3681245526846719240, 6.505213034913026604E-16 ) ) ;
#3577 = CARTESIAN_POINT ( 'NONE',  ( 0.000000000000000000, 0.000000000000000000, 0.000000000000000000 ) ) ;
#3578 = CARTESIAN_POINT ( 'NONE',  ( 0.6999999999999998446, 44.99455522616041492, 10.00000000000000000 ) ) ;
#3579 = EDGE_LOOP ( 'NONE', ( #4974, #6238, #596, #3825 ) ) ;
#3580 = CARTESIAN_POINT ( 'NONE',  ( -40.00000000000000000, 0.000000000000000000, 10.00000000000000000 ) ) ;
#3581 = EDGE_LOOP ( 'NONE', ( #2367, #3062, #5696, #742 ) ) ;
#3582 = DIRECTION ( 'NONE',  ( 1.000000000000000000, 0.000000000000000000, 0.000000000000000000 ) ) ;
#3583 = FACE_OUTER_BOUND ( 'NONE', #5371, .T. ) ;
#3584 = DIRECTION ( 'NONE',  ( 0.000000000000000000, 0.000000000000000000, 1.000000000000000000 ) ) ;
#3585 = CARTESIAN_POINT ( 'NONE',  ( 4.944832808361910637, 44.72749298247497052, 8.000000000000000000 ) ) ;
#3586 = ORIENTED_EDGE ( 'NONE', *, *, #6271, .F. ) ;
#3587 = PLANE ( 'NONE',  #4199 ) ;
#3588 = VERTEX_POINT ( 'NONE', #2574 ) ;
#3589 = LINE ( 'NONE', #342, #610 ) ;
#3590 = ORIENTED_EDGE ( 'NONE', *, *, #4432, .F. ) ;
#3591 = ORIENTED_EDGE ( 'NONE', *, *, #6740, .T. ) ;
#3592 = ADVANCED_FACE ( 'NONE', ( #3594 ), #3628, .T. ) ;
#3593 = FACE_OUTER_BOUND ( 'NONE', #2606, .T. ) ;
#3594 = FACE_OUTER_BOUND ( 'NONE', #351, .T. ) ;
#3595 = EDGE_CURVE ( 'NONE', #5278, #2919, #4613, .T. ) ;
#3596 = EDGE_LOOP ( 'NONE', ( #2577, #6655, #5792, #2402 ) ) ;
#3597 = LINE ( 'NONE', #1379, #604 ) ;
#3598 = ORIENTED_EDGE ( 'NONE', *, *, #6115, .T. ) ;
#3599 = CARTESIAN_POINT ( 'NONE',  ( 14.30056557909129999, 52.88227504726000916, 8.193579175013844965E-16 ) ) ;
#3600 = EDGE_CURVE ( 'NONE', #6165, #6445, #2050, .T. ) ;
#3601 = DIRECTION ( 'NONE',  ( -0.000000000000000000, -0.000000000000000000, -1.000000000000000000 ) ) ;
#3602 = EDGE_CURVE ( 'NONE', #664, #5757, #3106, .T. ) ;
#3603 = ORIENTED_EDGE ( 'NONE', *, *, #800, .F. ) ;
#3604 = CARTESIAN_POINT ( 'NONE',  ( 44.06641103065523168, 9.118739982988184778, 10.00000000000000000 ) ) ;
#3605 = ORIENTED_EDGE ( 'NONE', *, *, #1367, .F. ) ;
#3606 = ADVANCED_FACE ( 'NONE', ( #4689 ), #2442, .F. ) ;
#3607 = LINE ( 'NONE', #2978, #4872 ) ;
#3608 = CARTESIAN_POINT ( 'NONE',  ( 0.000000000000000000, 0.000000000000000000, 8.000000000000000000 ) ) ;
#3609 = CARTESIAN_POINT ( 'NONE',  ( 0.000000000000000000, 0.000000000000000000, 0.000000000000000000 ) ) ;
#3610 = ORIENTED_EDGE ( 'NONE', *, *, #5900, .T. ) ;
#3611 = DIRECTION ( 'NONE',  ( -0.6374239897486881912, -0.7705132427757904745, 6.505213034913026604E-16 ) ) ;
#3612 = VERTEX_POINT ( 'NONE', #1975 ) ;
#3613 = EDGE_CURVE ( 'NONE', #4742, #3771, #5717, .T. ) ;
#3614 = PLANE ( 'NONE',  #6831 ) ;
#3615 = EDGE_CURVE ( 'NONE', #1036, #3475, #348, .T. ) ;
#3616 = CARTESIAN_POINT ( 'NONE',  ( 0.000000000000000000, 0.000000000000000000, 0.000000000000000000 ) ) ;
#3617 = CARTESIAN_POINT ( 'NONE',  ( 15.91275697575460590, -42.09256662916355651, 8.193579175013844965E-16 ) ) ;
#3618 = DIRECTION ( 'NONE',  ( 1.000000000000000000, 0.000000000000000000, 0.000000000000000000 ) ) ;
#3619 = VERTEX_POINT ( 'NONE', #1377 ) ;
#3620 = FACE_OUTER_BOUND ( 'NONE', #6884, .T. ) ;
#3621 = ORIENTED_EDGE ( 'NONE', *, *, #5333, .F. ) ;
#3622 = CARTESIAN_POINT ( 'NONE',  ( 48.37134592675004541, 40.92474283316000339, 3.907315377998108371E-16 ) ) ;
#3623 = VERTEX_POINT ( 'NONE', #2499 ) ;
#3624 = VERTEX_POINT ( 'NONE', #1449 ) ;
#3625 = DIRECTION ( 'NONE',  ( -0.1873813145857285145, 0.9822872507286879440, 0.000000000000000000 ) ) ;
#3626 = AXIS2_PLACEMENT_3D ( 'NONE', #1455, #2048, #4694 ) ;
#3627 = PLANE ( 'NONE',  #28 ) ;
#3628 = CYLINDRICAL_SURFACE ( 'NONE', #6774, 45.00000000000000711 ) ;
#3629 = ORIENTED_EDGE ( 'NONE', *, *, #809, .F. ) ;
#3630 = DIRECTION ( 'NONE',  ( -0.000000000000000000, 0.000000000000000000, 1.000000000000000000 ) ) ;
#3631 = AXIS2_PLACEMENT_3D ( 'NONE', #2463, #380, #1968 ) ;
#3632 = ORIENTED_EDGE ( 'NONE', *, *, #6523, .T. ) ;
#3633 = AXIS2_PLACEMENT_3D ( 'NONE', #403, #4594, #1431 ) ;
#3634 = AXIS2_PLACEMENT_3D ( 'NONE', #6629, #853, #3952 ) ;
#3635 = CIRCLE ( 'NONE', #1282, 40.00000000000000000 ) ;
#3636 = FACE_OUTER_BOUND ( 'NONE', #523, .T. ) ;
#3637 = AXIS2_PLACEMENT_3D ( 'NONE', #4148, #6188, #5163 ) ;
#3638 = ADVANCED_FACE ( 'NONE', ( #1935 ), #5745, .F. ) ;
#3639 = EDGE_LOOP ( 'NONE', ( #549, #1992, #5575, #6106 ) ) ;
#3640 = CARTESIAN_POINT ( 'NONE',  ( 37.82012308851961535, -13.02452646237957978, 0.000000000000000000 ) ) ;
#3641 = AXIS2_PLACEMENT_3D ( 'NONE', #4162, #5146, #1907 ) ;
#3642 = ORIENTED_EDGE ( 'NONE', *, *, #4098, .F. ) ;
#3643 = VECTOR ( 'NONE', #3939, 1000.000000000000000 ) ;
#3644 = EDGE_CURVE ( 'NONE', #1606, #3261, #2010, .T. ) ;
#3645 = AXIS2_PLACEMENT_3D ( 'NONE', #4823, #525, #6981 ) ;
#3646 = VECTOR ( 'NONE', #5243, 1000.000000000000114 ) ;
#3647 = LINE ( 'NONE', #6745, #2405 ) ;
#3648 = FACE_OUTER_BOUND ( 'NONE', #6478, .T. ) ;
#3649 = DIRECTION ( 'NONE',  ( -0.6845471059286899473, 0.7289686274214103312, -0.000000000000000000 ) ) ;
#3650 = ORIENTED_EDGE ( 'NONE', *, *, #6273, .F. ) ;
#3651 = CARTESIAN_POINT ( 'NONE',  ( -34.14302387201797018, 20.83876006087717769, 8.000000000000000000 ) ) ;
#3652 = ORIENTED_EDGE ( 'NONE', *, *, #6363, .F. ) ;
#3653 = DIRECTION ( 'NONE',  ( -0.000000000000000000, 0.000000000000000000, 1.000000000000000000 ) ) ;
#3654 = ADVANCED_FACE ( 'NONE', ( #425 ), #4584, .F. ) ;
#3655 = VECTOR ( 'NONE', #5885, 1000.000000000000114 ) ;
#3656 = CIRCLE ( 'NONE', #5342, 40.00000000000000000 ) ;
#3657 = DIRECTION ( 'NONE',  ( 1.000000000000000000, 0.000000000000000000, 0.000000000000000000 ) ) ;
#3658 = DIRECTION ( 'NONE',  ( 1.000000000000000000, 0.000000000000000000, 0.000000000000000000 ) ) ;
#3659 = EDGE_CURVE ( 'NONE', #5149, #1889, #916, .T. ) ;
#3660 = CARTESIAN_POINT ( 'NONE',  ( 0.000000000000000000, 0.000000000000000000, 8.000000000000000000 ) ) ;
#3661 = ORIENTED_EDGE ( 'NONE', *, *, #922, .T. ) ;
#3662 = DIRECTION ( 'NONE',  ( -0.000000000000000000, 0.000000000000000000, 1.000000000000000000 ) ) ;
#3663 = ORIENTED_EDGE ( 'NONE', *, *, #83, .T. ) ;
#3664 = DIRECTION ( 'NONE',  ( 0.1873813145857285145, -0.9822872507286879440, 6.505213034913025618E-16 ) ) ;
#3665 = ORIENTED_EDGE ( 'NONE', *, *, #1076, .T. ) ;
#3666 = ORIENTED_EDGE ( 'NONE', *, *, #662, .T. ) ;
#3667 = AXIS2_PLACEMENT_3D ( 'NONE', #5827, #2095, #3747 ) ;
#3668 = LINE ( 'NONE', #4126, #4868 ) ;
#3669 = EDGE_CURVE ( 'NONE', #1309, #6866, #6308, .T. ) ;
#3670 = FACE_OUTER_BOUND ( 'NONE', #2960, .T. ) ;
#3671 = LINE ( 'NONE', #5957, #6452 ) ;
#3672 = VERTEX_POINT ( 'NONE', #1483 ) ;
#3673 = DIRECTION ( 'NONE',  ( -0.000000000000000000, 0.000000000000000000, 1.000000000000000000 ) ) ;
#3674 = ORIENTED_EDGE ( 'NONE', *, *, #3162, .T. ) ;
#3675 = VECTOR ( 'NONE', #3784, 1000.000000000000000 ) ;
#3676 = EDGE_CURVE ( 'NONE', #4827, #4858, #4192, .T. ) ;
#3677 = LINE ( 'NONE', #5825, #3514 ) ;
#3678 = CIRCLE ( 'NONE', #3117, 40.00000000000000000 ) ;
#3679 = ORIENTED_EDGE ( 'NONE', *, *, #1599, .F. ) ;
#3680 = DIRECTION ( 'NONE',  ( 1.000000000000000000, 0.000000000000000000, 0.000000000000000000 ) ) ;
#3681 = VERTEX_POINT ( 'NONE', #5640 ) ;
#3682 = LINE ( 'NONE', #4770, #6679 ) ;
#3683 = DIRECTION ( 'NONE',  ( 0.9510565162951521989, 0.3090169943749514481, 0.000000000000000000 ) ) ;
#3684 = LINE ( 'NONE', #6858, #6567 ) ;
#3685 = ORIENTED_EDGE ( 'NONE', *, *, #5876, .F. ) ;
#3686 = CARTESIAN_POINT ( 'NONE',  ( 0.000000000000000000, 0.000000000000000000, 8.000000000000000000 ) ) ;
#3687 = ORIENTED_EDGE ( 'NONE', *, *, #800, .T. ) ;
#3688 = CARTESIAN_POINT ( 'NONE',  ( -34.22270386173898515, -29.21996817917015221, 10.00000000000000000 ) ) ;
#3689 = DIRECTION ( 'NONE',  ( 1.000000000000000000, 0.000000000000000000, 0.000000000000000000 ) ) ;
#3690 = FACE_OUTER_BOUND ( 'NONE', #1945, .T. ) ;
#3691 = LINE ( 'NONE', #1548, #3962 ) ;
#3692 = ORIENTED_EDGE ( 'NONE', *, *, #1641, .T. ) ;
#3693 = DIRECTION ( 'NONE',  ( -0.000000000000000000, -0.000000000000000000, -1.000000000000000000 ) ) ;
#3694 = VERTEX_POINT ( 'NONE', #6735 ) ;
#3695 = CARTESIAN_POINT ( 'NONE',  ( 18.65378132083335316, -35.38412698420760449, 0.000000000000000000 ) ) ;
#3696 = VERTEX_POINT ( 'NONE', #6201 ) ;
#3697 = EDGE_CURVE ( 'NONE', #2770, #1459, #3525, .T. ) ;
#3698 = VERTEX_POINT ( 'NONE', #854 ) ;
#3699 = CARTESIAN_POINT ( 'NONE',  ( 49.26373951239845894, -39.84602429327354400, 8.000000000000000000 ) ) ;
#3701 = EDGE_CURVE ( 'NONE', #3159, #3672, #364, .T. ) ;
#3700 = CARTESIAN_POINT ( 'NONE',  ( 39.41663997923726726, 6.806503709482179865, 8.000000000000000000 ) ) ;
#3702 = DIRECTION ( 'NONE',  ( -0.000000000000000000, -0.000000000000000000, -1.000000000000000000 ) ) ;
#3703 = ORIENTED_EDGE ( 'NONE', *, *, #3509, .T. ) ;
#3704 = DIRECTION ( 'NONE',  ( -0.2486898871648483555, -0.9685831611286327414, -0.000000000000000000 ) ) ;
#3705 = ORIENTED_EDGE ( 'NONE', *, *, #5117, .T. ) ;
#3706 = ADVANCED_FACE ( 'NONE', ( #4230 ), #1628, .F. ) ;
#3707 = EDGE_CURVE ( 'NONE', #2715, #334, #3808, .T. ) ;
#3708 = PLANE ( 'NONE',  #6211 ) ;
#3709 = ORIENTED_EDGE ( 'NONE', *, *, #5292, .F. ) ;
#3710 = CARTESIAN_POINT ( 'NONE',  ( 0.000000000000000000, 0.000000000000000000, 0.000000000000000000 ) ) ;
#3711 = EDGE_LOOP ( 'NONE', ( #2747, #2896, #6728, #5045 ) ) ;
#3712 = DIRECTION ( 'NONE',  ( 1.000000000000000000, 0.000000000000000000, 0.000000000000000000 ) ) ;
#3713 = DIRECTION ( 'NONE',  ( -0.9510565162951521989, -0.3090169943749514481, -0.000000000000000000 ) ) ;
#3714 = FACE_OUTER_BOUND ( 'NONE', #1967, .T. ) ;
#3715 = ORIENTED_EDGE ( 'NONE', *, *, #4349, .F. ) ;
#3716 = DIRECTION ( 'NONE',  ( 1.000000000000000000, 0.000000000000000000, 0.000000000000000000 ) ) ;
#3717 = ORIENTED_EDGE ( 'NONE', *, *, #3145, .F. ) ;
#3718 = CARTESIAN_POINT ( 'NONE',  ( 47.59862517110222058, 3.696035685521064540, 3.907315377998108371E-16 ) ) ;
#3719 = AXIS2_PLACEMENT_3D ( 'NONE', #56, #2773, #3799 ) ;
#3720 = DIRECTION ( 'NONE',  ( -0.4817536741017101609, -0.8763066800438664705, -0.000000000000000000 ) ) ;
#3721 = DIRECTION ( 'NONE',  ( 1.000000000000000000, 0.000000000000000000, 0.000000000000000000 ) ) ;
#3722 = CARTESIAN_POINT ( 'NONE',  ( 52.06356398421417708, 33.86960416812299002, 8.000000000000000000 ) ) ;
#3723 = EDGE_CURVE ( 'NONE', #6765, #6476, #5083, .T. ) ;
#3724 = ORIENTED_EDGE ( 'NONE', *, *, #6658, .T. ) ;
#3725 = DIRECTION ( 'NONE',  ( -0.000000000000000000, -0.000000000000000000, -1.000000000000000000 ) ) ;
#3726 = ORIENTED_EDGE ( 'NONE', *, *, #2134, .T. ) ;
#3727 = CARTESIAN_POINT ( 'NONE',  ( 37.51220113926718369, -50.44020431347250621, 8.000000000000000000 ) ) ;
#3728 = EDGE_CURVE ( 'NONE', #5512, #2558, #2752, .T. ) ;
#3729 = ORIENTED_EDGE ( 'NONE', *, *, #2582, .T. ) ;
#3730 = FACE_OUTER_BOUND ( 'NONE', #5233, .T. ) ;
#3731 = AXIS2_PLACEMENT_3D ( 'NONE', #947, #5198, #5771 ) ;
#3732 = LINE ( 'NONE', #3347, #5104 ) ;
#3733 = DIRECTION ( 'NONE',  ( 1.000000000000000000, 0.000000000000000000, -0.000000000000000000 ) ) ;
#3734 = EDGE_LOOP ( 'NONE', ( #1676, #2890, #1344, #5322 ) ) ;
#3735 = LINE ( 'NONE', #4750, #3655 ) ;
#3736 = VERTEX_POINT ( 'NONE', #595 ) ;
#3737 = AXIS2_PLACEMENT_3D ( 'NONE', #2275, #6576, #2934 ) ;
#3738 = ADVANCED_FACE ( 'NONE', ( #3211 ), #4263, .F. ) ;
#3739 = CIRCLE ( 'NONE', #1601, 45.00000000000000711 ) ;
#3740 = LINE ( 'NONE', #6456, #814 ) ;
#3741 = LINE ( 'NONE', #4301, #586 ) ;
#3742 = VECTOR ( 'NONE', #1347, 1000.000000000000227 ) ;
#3743 = AXIS2_PLACEMENT_3D ( 'NONE', #1461, #2453, #4666 ) ;
#3744 = VERTEX_POINT ( 'NONE', #3166 ) ;
#3745 = EDGE_CURVE ( 'NONE', #3380, #6954, #5435, .T. ) ;
#3746 = VECTOR ( 'NONE', #660, 1000.000000000000000 ) ;
#3747 = DIRECTION ( 'NONE',  ( 1.000000000000000000, 0.000000000000000000, 0.000000000000000000 ) ) ;
#3748 = ORIENTED_EDGE ( 'NONE', *, *, #864, .F. ) ;
#3749 = VECTOR ( 'NONE', #2192, 1000.000000000000000 ) ;
#3750 = VECTOR ( 'NONE', #436, 1000.000000000000114 ) ;
#3751 = AXIS2_PLACEMENT_3D ( 'NONE', #1438, #5735, #3092 ) ;
#3752 = CARTESIAN_POINT ( 'NONE',  ( -38.25274688064444462, -11.69304733956663966, 8.000000000000000000 ) ) ;
#3753 = DIRECTION ( 'NONE',  ( 1.000000000000000000, 0.000000000000000000, 0.000000000000000000 ) ) ;
#3754 = AXIS2_PLACEMENT_3D ( 'NONE', #1152, #582, #2837 ) ;
#3755 = CARTESIAN_POINT ( 'NONE',  ( 34.22270386173917700, -29.21996817916991773, 8.193579175013844965E-16 ) ) ;
#3756 = AXIS2_PLACEMENT_3D ( 'NONE', #4010, #1891, #4041 ) ;
#3757 = ORIENTED_EDGE ( 'NONE', *, *, #2820, .T. ) ;
#3758 = CARTESIAN_POINT ( 'NONE',  ( -31.31117060181147593, -32.32043619050114813, 10.00000000000000000 ) ) ;
#3759 = VECTOR ( 'NONE', #2592, 1000.000000000000114 ) ;
#3760 = ORIENTED_EDGE ( 'NONE', *, *, #5033, .T. ) ;
#3761 = AXIS2_PLACEMENT_3D ( 'NONE', #230, #2520, #4668 ) ;
#3762 = LINE ( 'NONE', #6434, #5115 ) ;
#3763 = LINE ( 'NONE', #2177, #6200 ) ;
#3764 = DIRECTION ( 'NONE',  ( 0.000000000000000000, 0.000000000000000000, 1.000000000000000000 ) ) ;
#3765 = ORIENTED_EDGE ( 'NONE', *, *, #1173, .T. ) ;
#3766 = DIRECTION ( 'NONE',  ( 0.000000000000000000, 0.000000000000000000, 1.000000000000000000 ) ) ;
#3767 = VECTOR ( 'NONE', #2999, 1000.000000000000000 ) ;
#3768 = ORIENTED_EDGE ( 'NONE', *, *, #2187, .F. ) ;
#3769 = VECTOR ( 'NONE', #6506, 1000.000000000000000 ) ;
#3770 = DIRECTION ( 'NONE',  ( 1.000000000000000000, 0.000000000000000000, 0.000000000000000000 ) ) ;
#3771 = VERTEX_POINT ( 'NONE', #5317 ) ;
#3772 = EDGE_CURVE ( 'NONE', #2221, #2879, #3180, .T. ) ;
#3773 = LINE ( 'NONE', #3838, #1041 ) ;
#3774 = PLANE ( 'NONE',  #273 ) ;
#3775 = DIRECTION ( 'NONE',  ( -0.1253332335643045359, 0.9921147013144777649, -0.000000000000000000 ) ) ;
#3776 = ORIENTED_EDGE ( 'NONE', *, *, #3992, .T. ) ;
#3777 = DIRECTION ( 'NONE',  ( 1.000000000000000000, 0.000000000000000000, 0.000000000000000000 ) ) ;
#3778 = EDGE_CURVE ( 'NONE', #1892, #6976, #3671, .T. ) ;
#3779 = ORIENTED_EDGE ( 'NONE', *, *, #2655, .T. ) ;
#3780 = DIRECTION ( 'NONE',  ( 1.000000000000000000, 0.000000000000000000, 0.000000000000000000 ) ) ;
#3781 = CARTESIAN_POINT ( 'NONE',  ( 38.36523822947523144, -23.51825877048749902, 3.907315377998108371E-16 ) ) ;
#3782 = AXIS2_PLACEMENT_3D ( 'NONE', #3710, #2053, #5794 ) ;
#3783 = VERTEX_POINT ( 'NONE', #4855 ) ;
#3784 = DIRECTION ( 'NONE',  ( 0.000000000000000000, 0.000000000000000000, 1.000000000000000000 ) ) ;
#3785 = ORIENTED_EDGE ( 'NONE', *, *, #5160, .T. ) ;
#3786 = VECTOR ( 'NONE', #1281, 1000.000000000000114 ) ;
#3787 = EDGE_CURVE ( 'NONE', #3619, #2182, #69, .T. ) ;
#3788 = DIRECTION ( 'NONE',  ( -0.000000000000000000, -0.000000000000000000, -1.000000000000000000 ) ) ;
#3789 = LINE ( 'NONE', #2724, #6568 ) ;
#3790 = EDGE_CURVE ( 'NONE', #5065, #3588, #1131, .T. ) ;
#3791 = CARTESIAN_POINT ( 'NONE',  ( -26.86741302586426272, -29.63346279626496127, 10.00000000000000000 ) ) ;
#3792 = EDGE_LOOP ( 'NONE', ( #4597, #2946, #2650, #144 ) ) ;
#3793 = DIRECTION ( 'NONE',  ( 0.9921147013144786531, -0.1253332335642974860, 6.505213034913026604E-16 ) ) ;
#3794 = ORIENTED_EDGE ( 'NONE', *, *, #5386, .F. ) ;
#3795 = FACE_OUTER_BOUND ( 'NONE', #6687, .T. ) ;
#3796 = AXIS2_PLACEMENT_3D ( 'NONE', #4006, #2385, #1225 ) ;
#3797 = CARTESIAN_POINT ( 'NONE',  ( 37.61508071650463592, -24.70031786619032133, 8.193579175013844965E-16 ) ) ;
#3798 = ADVANCED_FACE ( 'NONE', ( #2649 ), #5848, .F. ) ;
#3799 = DIRECTION ( 'NONE',  ( -0.6845471059286846183, -0.7289686274214153272, 0.000000000000000000 ) ) ;
#3800 = CARTESIAN_POINT ( 'NONE',  ( 44.94972211312059329, -2.126612788741051752, 3.907315377998108371E-16 ) ) ;
#3801 = ORIENTED_EDGE ( 'NONE', *, *, #5644, .F. ) ;
#3802 = CARTESIAN_POINT ( 'NONE',  ( 42.57605304957960612, -14.56982178063215727, 8.000000000000000000 ) ) ;
#3803 = ORIENTED_EDGE ( 'NONE', *, *, #3787, .F. ) ;
#3804 = DIRECTION ( 'NONE',  ( 0.8090169943749465631, 0.5877852522924743583, 0.000000000000000000 ) ) ;
#3805 = ORIENTED_EDGE ( 'NONE', *, *, #345, .T. ) ;
#3806 = PLANE ( 'NONE',  #5661 ) ;
#3807 = LINE ( 'NONE', #4929, #6237 ) ;
#3808 = LINE ( 'NONE', #5395, #3291 ) ;
#3809 = ORIENTED_EDGE ( 'NONE', *, *, #5452, .F. ) ;
#3810 = CARTESIAN_POINT ( 'NONE',  ( 4.318081326813038245, -39.76624414820977904, 10.00000000000000000 ) ) ;
#3811 = ORIENTED_EDGE ( 'NONE', *, *, #2560, .F. ) ;
#3812 = CARTESIAN_POINT ( 'NONE',  ( 0.000000000000000000, 0.000000000000000000, 0.000000000000000000 ) ) ;
#3814 = EDGE_CURVE ( 'NONE', #2691, #451, #5285, .T. ) ;
#3813 = FACE_OUTER_BOUND ( 'NONE', #3142, .T. ) ;
#3815 = ORIENTED_EDGE ( 'NONE', *, *, #6744, .T. ) ;
#3816 = EDGE_CURVE ( 'NONE', #6280, #5474, #994, .T. ) ;
#3817 = LINE ( 'NONE', #1776, #5359 ) ;
#3818 = EDGE_CURVE ( 'NONE', #2118, #401, #4336, .T. ) ;
#3819 = CARTESIAN_POINT ( 'NONE',  ( -10.51168264943633623, -43.75505145554671316, 8.193579175013844965E-16 ) ) ;
#3820 = ORIENTED_EDGE ( 'NONE', *, *, #6108, .F. ) ;
#3821 = FACE_OUTER_BOUND ( 'NONE', #6532, .T. ) ;
#3822 = LINE ( 'NONE', #4554, #5784 ) ;
#3823 = ORIENTED_EDGE ( 'NONE', *, *, #1583, .F. ) ;
#3824 = LINE ( 'NONE', #2829, #2185 ) ;
#3825 = ORIENTED_EDGE ( 'NONE', *, *, #2117, .F. ) ;
#3826 = CARTESIAN_POINT ( 'NONE',  ( 21.06287761874466113, -39.76625688215808907, 8.193579175013844965E-16 ) ) ;
#3827 = EDGE_CURVE ( 'NONE', #3934, #3241, #2952, .T. ) ;
#3828 = FACE_OUTER_BOUND ( 'NONE', #1028, .T. ) ;
#3829 = DIRECTION ( 'NONE',  ( 1.000000000000000000, 0.000000000000000000, 0.000000000000000000 ) ) ;
#3830 = LINE ( 'NONE', #2248, #3296 ) ;
#3831 = EDGE_CURVE ( 'NONE', #5183, #3230, #491, .T. ) ;
#3832 = ORIENTED_EDGE ( 'NONE', *, *, #34, .T. ) ;
#3833 = EDGE_CURVE ( 'NONE', #3974, #2779, #6485, .T. ) ;
#3834 = CARTESIAN_POINT ( 'NONE',  ( 15.37357071196673530, 36.92767693159371589, 10.00000000000000000 ) ) ;
#3835 = ORIENTED_EDGE ( 'NONE', *, *, #3831, .F. ) ;
#3836 = CARTESIAN_POINT ( 'NONE',  ( 37.51220113926718369, -50.44020431347250621, 8.000000000000000000 ) ) ;
#3837 = ORIENTED_EDGE ( 'NONE', *, *, #29, .F. ) ;
#3838 = CARTESIAN_POINT ( 'NONE',  ( 12.94454915351165702, -53.23044088929093931, 8.193579175013844965E-16 ) ) ;
#3839 = DIRECTION ( 'NONE',  ( -0.000000000000000000, 0.000000000000000000, 1.000000000000000000 ) ) ;
#3840 = LINE ( 'NONE', #695, #933 ) ;
#3841 = ORIENTED_EDGE ( 'NONE', *, *, #3669, .F. ) ;
#3842 = CARTESIAN_POINT ( 'NONE',  ( 20.84967222629201444, -54.56179118725653154, 8.193579175013844965E-16 ) ) ;
#3843 = AXIS2_PLACEMENT_3D ( 'NONE', #2739, #2111, #3721 ) ;
#3844 = ORIENTED_EDGE ( 'NONE', *, *, #623, .F. ) ;
#3845 = CARTESIAN_POINT ( 'NONE',  ( 0.000000000000000000, 0.000000000000000000, 10.00000000000000000 ) ) ;
#3846 = CARTESIAN_POINT ( 'NONE',  ( 4.318081326812749587, 39.76624414820981457, 3.907315377998108371E-16 ) ) ;
#3847 = ORIENTED_EDGE ( 'NONE', *, *, #2336, .F. ) ;
#3848 = VECTOR ( 'NONE', #3935, 1000.000000000000000 ) ;
#3849 = DIRECTION ( 'NONE',  ( 0.000000000000000000, 0.000000000000000000, 1.000000000000000000 ) ) ;
#3850 = VECTOR ( 'NONE', #6529, 1000.000000000000000 ) ;
#3851 = PLANE ( 'NONE',  #6791 ) ;
#3852 = DIRECTION ( 'NONE',  ( 0.000000000000000000, 0.000000000000000000, 1.000000000000000000 ) ) ;
#3853 = VECTOR ( 'NONE', #2199, 1000.000000000000000 ) ;
#3854 = ORIENTED_EDGE ( 'NONE', *, *, #3701, .F. ) ;
#3855 = CARTESIAN_POINT ( 'NONE',  ( 43.00867684170452776, -13.23834265781894892, 10.00000000000000000 ) ) ;
#3856 = ORIENTED_EDGE ( 'NONE', *, *, #4801, .F. ) ;
#3857 = PLANE ( 'NONE',  #6031 ) ;
#3858 = EDGE_CURVE ( 'NONE', #2435, #926, #4791, .T. ) ;
#3859 = VECTOR ( 'NONE', #3491, 1000.000000000000000 ) ;
#3860 = ORIENTED_EDGE ( 'NONE', *, *, #4841, .F. ) ;
#3861 = VECTOR ( 'NONE', #1110, 1000.000000000000114 ) ;
#3862 = VECTOR ( 'NONE', #1822, 1000.000000000000114 ) ;
#3863 = VECTOR ( 'NONE', #2189, 1000.000000000000000 ) ;
#3864 = AXIS2_PLACEMENT_3D ( 'NONE', #4019, #1341, #804 ) ;
#3865 = DIRECTION ( 'NONE',  ( 0.9921147013144778759, 0.1253332335643045636, 0.000000000000000000 ) ) ;
#3866 = AXIS2_PLACEMENT_3D ( 'NONE', #3911, #5158, #333 ) ;
#3867 = FACE_OUTER_BOUND ( 'NONE', #3639, .T. ) ;
#3868 = DIRECTION ( 'NONE',  ( -0.4817536741017101609, -0.8763066800438664705, -0.000000000000000000 ) ) ;
#3869 = VERTEX_POINT ( 'NONE', #3980 ) ;
#3870 = CARTESIAN_POINT ( 'NONE',  ( 30.05469011279825509, 53.21625363895165606, 8.000000000000000000 ) ) ;
#3871 = EDGE_CURVE ( 'NONE', #4681, #4363, #1165, .T. ) ;
#3872 = ORIENTED_EDGE ( 'NONE', *, *, #214, .F. ) ;
#3873 = LINE ( 'NONE', #3913, #6949 ) ;
#3874 = CIRCLE ( 'NONE', #1175, 45.00000000000000711 ) ;
#3875 = VECTOR ( 'NONE', #3713, 1000.000000000000227 ) ;
#3876 = CARTESIAN_POINT ( 'NONE',  ( -31.31117060181147593, -32.32043619050114813, 3.907315377998108371E-16 ) ) ;
#3877 = ADVANCED_FACE ( 'NONE', ( #3917 ), #3348, .F. ) ;
#3878 = DIRECTION ( 'NONE',  ( 0.000000000000000000, 0.000000000000000000, 1.000000000000000000 ) ) ;
#3879 = VECTOR ( 'NONE', #2074, 1000.000000000000227 ) ;
#3880 = LINE ( 'NONE', #632, #1625 ) ;
#3881 = AXIS2_PLACEMENT_3D ( 'NONE', #4932, #1237, #1870 ) ;
#3882 = DIRECTION ( 'NONE',  ( -0.1253332335643045359, 0.9921147013144777649, -0.000000000000000000 ) ) ;
#3883 = COLOUR_RGB ( '',0.7921568627450980005, 0.8196078431372548767, 0.9333333333333333481 ) ;
#3884 = EDGE_CURVE ( 'NONE', #2720, #326, #6058, .T. ) ;
#3885 = ORIENTED_EDGE ( 'NONE', *, *, #6313, .T. ) ;
#3886 = DIRECTION ( 'NONE',  ( 1.000000000000000000, 0.000000000000000000, 0.000000000000000000 ) ) ;
#3887 = VERTEX_POINT ( 'NONE', #4501 ) ;
#3888 = VECTOR ( 'NONE', #2114, 1000.000000000000000 ) ;
#3889 = EDGE_CURVE ( 'NONE', #4442, #6165, #3840, .T. ) ;
#3890 = VERTEX_POINT ( 'NONE', #6545 ) ;
#3891 = CARTESIAN_POINT ( 'NONE',  ( 44.05309273942128812, 45.88920510489581517, 8.193579175013844965E-16 ) ) ;
#3892 = ORIENTED_EDGE ( 'NONE', *, *, #1468, .T. ) ;
#3893 = CARTESIAN_POINT ( 'NONE',  ( -11.86769907501641619, -43.40688561351591801, 10.00000000000000000 ) ) ;
#3894 = CARTESIAN_POINT ( 'NONE',  ( -10.62408035718554800, 38.56331049798583877, 10.00000000000000000 ) ) ;
#3895 = CIRCLE ( 'NONE', #3667, 40.00000000000000000 ) ;
#3896 = CARTESIAN_POINT ( 'NONE',  ( 30.05469011279868852, -53.21625363895154948, 8.000000000000000000 ) ) ;
#3897 = VERTEX_POINT ( 'NONE', #2851 ) ;
#3898 = CIRCLE ( 'NONE', #1762, 45.00000000000000711 ) ;
#3899 = LINE ( 'NONE', #6073, #4635 ) ;
#3900 = EDGE_LOOP ( 'NONE', ( #3768, #3220, #4897, #4709 ) ) ;
#3901 = CARTESIAN_POINT ( 'NONE',  ( 0.000000000000000000, 0.000000000000000000, 8.000000000000000000 ) ) ;
#3902 = ORIENTED_EDGE ( 'NONE', *, *, #6016, .T. ) ;
#3903 = AXIS2_PLACEMENT_3D ( 'NONE', #4027, #6738, #6665 ) ;
#3904 = VECTOR ( 'NONE', #4835, 1000.000000000000114 ) ;
#3905 = CARTESIAN_POINT ( 'NONE',  ( 52.81372149718492892, -32.68754507241975915, 3.907315377998108371E-16 ) ) ;
#3906 = EDGE_CURVE ( 'NONE', #807, #5183, #2400, .T. ) ;
#3907 = VECTOR ( 'NONE', #3506, 1000.000000000000227 ) ;
#3908 = CARTESIAN_POINT ( 'NONE',  ( 5.607921044894919049, -49.97637685009845399, 8.000000000000000000 ) ) ;
#3909 = PLANE ( 'NONE',  #1620 ) ;
#3910 = ORIENTED_EDGE ( 'NONE', *, *, #6420, .F. ) ;
#3911 = CARTESIAN_POINT ( 'NONE',  ( 37.51220113926718369, -50.44020431347250621, 8.000000000000000000 ) ) ;
#3912 = ORIENTED_EDGE ( 'NONE', *, *, #3790, .F. ) ;
#3913 = CARTESIAN_POINT ( 'NONE',  ( 48.37134592675029410, -40.92474283315964811, 8.193579175013844965E-16 ) ) ;
#3914 = DIRECTION ( 'NONE',  ( -0.000000000000000000, -0.000000000000000000, -1.000000000000000000 ) ) ;
#3915 = DIRECTION ( 'NONE',  ( 0.000000000000000000, 0.000000000000000000, 1.000000000000000000 ) ) ;
#3916 = DIRECTION ( 'NONE',  ( 0.000000000000000000, 0.000000000000000000, 1.000000000000000000 ) ) ;
#3917 = FACE_OUTER_BOUND ( 'NONE', #5677, .T. ) ;
#3918 = ORIENTED_EDGE ( 'NONE', *, *, #4696, .F. ) ;
#3919 = DIRECTION ( 'NONE',  ( 1.000000000000000000, 0.000000000000000000, 0.000000000000000000 ) ) ;
#3920 = ORIENTED_EDGE ( 'NONE', *, *, #6115, .F. ) ;
#3921 = ADVANCED_FACE ( 'NONE', ( #6131 ), #5464, .F. ) ;
#3922 = VERTEX_POINT ( 'NONE', #239 ) ;
#3923 = EDGE_CURVE ( 'NONE', #2044, #5214, #1235, .T. ) ;
#3924 = PLANE ( 'NONE',  #1832 ) ;
#3925 = VERTEX_POINT ( 'NONE', #663 ) ;
#3926 = EDGE_CURVE ( 'NONE', #3267, #2901, #3453, .T. ) ;
#3927 = PLANE ( 'NONE',  #1530 ) ;
#3928 = CARTESIAN_POINT ( 'NONE',  ( -0.7000000000000000666, -45.00000000000000711, 8.193579175013844965E-16 ) ) ;
#3929 = CARTESIAN_POINT ( 'NONE',  ( 14.30056557909174053, -52.88227504726012995, 3.907315377998108371E-16 ) ) ;
#3930 = EDGE_LOOP ( 'NONE', ( #5742, #3003, #6762, #5428 ) ) ;
#3931 = DIRECTION ( 'NONE',  ( 1.000000000000000000, 0.000000000000000000, -0.000000000000000000 ) ) ;
#3932 = ORIENTED_EDGE ( 'NONE', *, *, #2887, .F. ) ;
#3933 = FACE_OUTER_BOUND ( 'NONE', #4521, .T. ) ;
#3934 = VERTEX_POINT ( 'NONE', #2256 ) ;
#3935 = DIRECTION ( 'NONE',  ( -0.000000000000000000, -0.000000000000000000, -1.000000000000000000 ) ) ;
#3936 = CARTESIAN_POINT ( 'NONE',  ( 20.84967222629154904, 54.56179118725652444, 8.000000000000000000 ) ) ;
#3937 = LINE ( 'NONE', #5020, #712 ) ;
#3938 = VERTEX_POINT ( 'NONE', #633 ) ;
#3939 = DIRECTION ( 'NONE',  ( -0.000000000000000000, -0.000000000000000000, -1.000000000000000000 ) ) ;
#3940 = ORIENTED_EDGE ( 'NONE', *, *, #5603, .T. ) ;
#3941 = DIRECTION ( 'NONE',  ( 1.000000000000000000, 0.000000000000000000, 0.000000000000000000 ) ) ;
#3942 = DIRECTION ( 'NONE',  ( 1.000000000000000000, 0.000000000000000000, 0.000000000000000000 ) ) ;
#3943 = DIRECTION ( 'NONE',  ( 1.000000000000000000, 0.000000000000000000, 0.000000000000000000 ) ) ;
#3944 = ADVANCED_FACE ( 'NONE', ( #1308 ), #4930, .F. ) ;
#3945 = LINE ( 'NONE', #694, #2970 ) ;
#3946 = DIRECTION ( 'NONE',  ( 0.000000000000000000, 0.000000000000000000, 1.000000000000000000 ) ) ;
#3947 = ORIENTED_EDGE ( 'NONE', *, *, #4167, .T. ) ;
#3948 = CARTESIAN_POINT ( 'NONE',  ( 0.000000000000000000, 0.000000000000000000, 8.000000000000000000 ) ) ;
#3949 = ORIENTED_EDGE ( 'NONE', *, *, #5197, .T. ) ;
#3950 = EDGE_CURVE ( 'NONE', #1540, #3018, #1825, .T. ) ;
#3951 = ORIENTED_EDGE ( 'NONE', *, *, #2794, .T. ) ;
#3952 = DIRECTION ( 'NONE',  ( 0.9822872507286892763, -0.1873813145857214646, 0.000000000000000000 ) ) ;
#3953 = ORIENTED_EDGE ( 'NONE', *, *, #5059, .T. ) ;
#3954 = CARTESIAN_POINT ( 'NONE',  ( 0.000000000000000000, 0.000000000000000000, 8.000000000000000000 ) ) ;
#3955 = CARTESIAN_POINT ( 'NONE',  ( 0.000000000000000000, 0.000000000000000000, 0.000000000000000000 ) ) ;
#3956 = EDGE_CURVE ( 'NONE', #3058, #4882, #6654, .T. ) ;
#3957 = DIRECTION ( 'NONE',  ( 0.000000000000000000, 0.000000000000000000, 1.000000000000000000 ) ) ;
#3958 = EDGE_CURVE ( 'NONE', #3744, #5242, #5605, .T. ) ;
#3959 = DIRECTION ( 'NONE',  ( -0.9980267284282717810, 0.06279051952930998770, -0.000000000000000000 ) ) ;
#3960 = ORIENTED_EDGE ( 'NONE', *, *, #1452, .T. ) ;
#3961 = CARTESIAN_POINT ( 'NONE',  ( -25.88082409933365113, -36.81280950891076031, 10.00000000000000000 ) ) ;
#3962 = VECTOR ( 'NONE', #3157, 1000.000000000000000 ) ;
#3963 = ORIENTED_EDGE ( 'NONE', *, *, #3007, .T. ) ;
#3964 = PLANE ( 'NONE',  #374 ) ;
#3965 = ORIENTED_EDGE ( 'NONE', *, *, #1339, .F. ) ;
#3966 = AXIS2_PLACEMENT_3D ( 'NONE', #2261, #2127, #3282 ) ;
#3967 = CARTESIAN_POINT ( 'NONE',  ( 34.14302387201798439, -20.83876006087718125, 10.00000000000000000 ) ) ;
#3968 = CARTESIAN_POINT ( 'NONE',  ( -24.07412152740980815, 31.94427448985977946, 8.193579175013844965E-16 ) ) ;
#3969 = AXIS2_PLACEMENT_3D ( 'NONE', #4370, #5986, #2364 ) ;
#3970 = CARTESIAN_POINT ( 'NONE',  ( 0.000000000000000000, 0.000000000000000000, 0.000000000000000000 ) ) ;
#3971 = EDGE_LOOP ( 'NONE', ( #4794, #1056, #1369, #4365 ) ) ;
#3972 = DIRECTION ( 'NONE',  ( -0.4817536741017101609, -0.8763066800438664705, -0.000000000000000000 ) ) ;
#3973 = VECTOR ( 'NONE', #3991, 1000.000000000000114 ) ;
#3974 = VERTEX_POINT ( 'NONE', #774 ) ;
#3975 = PLANE ( 'NONE',  #406 ) ;
#3976 = AXIS2_PLACEMENT_3D ( 'NONE', #6953, #3244, #2087 ) ;
#3977 = VECTOR ( 'NONE', #1881, 1000.000000000000000 ) ;
#3978 = DIRECTION ( 'NONE',  ( 0.000000000000000000, 0.000000000000000000, 1.000000000000000000 ) ) ;
#3979 = DIRECTION ( 'NONE',  ( 0.000000000000000000, 0.000000000000000000, 1.000000000000000000 ) ) ;
#3980 = CARTESIAN_POINT ( 'NONE',  ( 44.06641103065523168, 9.118739982988184778, 8.000000000000000000 ) ) ;
#3981 = AXIS2_PLACEMENT_3D ( 'NONE', #1352, #785, #3105 ) ;
#3982 = VERTEX_POINT ( 'NONE', #2918 ) ;
#3983 = CARTESIAN_POINT ( 'NONE',  ( 53.71173865395454783, 18.18802536455120844, 8.000000000000000000 ) ) ;
#3984 = VECTOR ( 'NONE', #548, 1000.000000000000114 ) ;
#3986 = VERTEX_POINT ( 'NONE', #5061 ) ;
#3985 = CIRCLE ( 'NONE', #2071, 40.00000000000000000 ) ;
#3987 = EDGE_CURVE ( 'NONE', #5318, #1751, #6897, .T. ) ;
#3988 = AXIS2_PLACEMENT_3D ( 'NONE', #3660, #983, #877 ) ;
#3989 = ORIENTED_EDGE ( 'NONE', *, *, #4801, .T. ) ;
#3990 = CIRCLE ( 'NONE', #1508, 45.00000000000000711 ) ;
#3991 = DIRECTION ( 'NONE',  ( -0.9980267284282717810, 0.06279051952930998770, -0.000000000000000000 ) ) ;
#3992 = EDGE_CURVE ( 'NONE', #1095, #3241, #6622, .T. ) ;
#3993 = ORIENTED_EDGE ( 'NONE', *, *, #5506, .F. ) ;
#3994 = PLANE ( 'NONE',  #953 ) ;
#3995 = CARTESIAN_POINT ( 'NONE',  ( 0.000000000000000000, 0.000000000000000000, 0.000000000000000000 ) ) ;
#3996 = VECTOR ( 'NONE', #776, 1000.000000000000000 ) ;
#3997 = CARTESIAN_POINT ( 'NONE',  ( 0.000000000000000000, 0.000000000000000000, 8.000000000000000000 ) ) ;
#3998 = DIRECTION ( 'NONE',  ( 1.000000000000000000, 0.000000000000000000, 0.000000000000000000 ) ) ;
#3999 = ORIENTED_EDGE ( 'NONE', *, *, #6562, .F. ) ;
#4000 = ORIENTED_EDGE ( 'NONE', *, *, #2486, .T. ) ;
#4001 = DIRECTION ( 'NONE',  ( -0.9048270524660175784, -0.4257792915650767673, -0.000000000000000000 ) ) ;
#4002 = ORIENTED_EDGE ( 'NONE', *, *, #1292, .F. ) ;
#4003 = VECTOR ( 'NONE', #3395, 1000.000000000000000 ) ;
#4004 = EDGE_CURVE ( 'NONE', #6089, #5960, #474, .T. ) ;
#4005 = DIRECTION ( 'NONE',  ( -0.000000000000000000, 0.000000000000000000, 1.000000000000000000 ) ) ;
#4006 = CARTESIAN_POINT ( 'NONE',  ( 0.000000000000000000, 0.000000000000000000, 0.000000000000000000 ) ) ;
#4007 = CARTESIAN_POINT ( 'NONE',  ( 27.01344789145857916, 35.98991015570130969, 8.193579175013844965E-16 ) ) ;
#4008 = CIRCLE ( 'NONE', #5366, 40.00000000000000000 ) ;
#4009 = ORIENTED_EDGE ( 'NONE', *, *, #1877, .F. ) ;
#4010 = CARTESIAN_POINT ( 'NONE',  ( 5.607921044894919049, -49.97637685009845399, 8.000000000000000000 ) ) ;
#4011 = ORIENTED_EDGE ( 'NONE', *, *, #5468, .T. ) ;
#4012 = LINE ( 'NONE', #658, #1534 ) ;
#4013 = CARTESIAN_POINT ( 'NONE',  ( 30.05469011279868852, -53.21625363895154948, 8.000000000000000000 ) ) ;
#4014 =( GEOMETRIC_REPRESENTATION_CONTEXT ( 3 ) GLOBAL_UNCERTAINTY_ASSIGNED_CONTEXT ( ( #6659 ) ) GLOBAL_UNIT_ASSIGNED_CONTEXT ( ( #6893, #1573, #3193 ) ) REPRESENTATION_CONTEXT ( 'NONE', 'WORKASPACE' ) );
#4015 = EDGE_CURVE ( 'NONE', #3457, #6280, #4976, .T. ) ;
#4016 = DIRECTION ( 'NONE',  ( -0.1253332335642974860, -0.9921147013144786531, -0.000000000000000000 ) ) ;
#4017 = LINE ( 'NONE', #6164, #6354 ) ;
#4018 = ORIENTED_EDGE ( 'NONE', *, *, #4914, .T. ) ;
#4019 = CARTESIAN_POINT ( 'NONE',  ( 44.05309273942163628, -45.88920510489550963, 8.000000000000000000 ) ) ;
#4020 = ORIENTED_EDGE ( 'NONE', *, *, #5333, .T. ) ;
#4021 = DIRECTION ( 'NONE',  ( -0.000000000000000000, 0.000000000000000000, 1.000000000000000000 ) ) ;
#4022 = ORIENTED_EDGE ( 'NONE', *, *, #5530, .T. ) ;
#4023 = ORIENTED_EDGE ( 'NONE', *, *, #2047, .F. ) ;
#4024 = DIRECTION ( 'NONE',  ( 0.1873813145857285145, -0.9822872507286879440, 6.505213034913025618E-16 ) ) ;
#4025 = ORIENTED_EDGE ( 'NONE', *, *, #2057, .F. ) ;
#4026 = LINE ( 'NONE', #3791, #2632 ) ;
#4027 = CARTESIAN_POINT ( 'NONE',  ( 0.000000000000000000, 0.000000000000000000, 0.000000000000000000 ) ) ;
#4028 = ADVANCED_FACE ( 'NONE', ( #3483 ), #5672, .F. ) ;
#4029 = DIRECTION ( 'NONE',  ( -0.9048270524660205760, 0.4257792915650703836, -0.000000000000000000 ) ) ;
#4030 = CARTESIAN_POINT ( 'NONE',  ( 24.07412152740978684, -31.94427448985975815, 3.907315377998108371E-16 ) ) ;
#4031 = ADVANCED_FACE ( 'NONE', ( #6796 ), #4639, .F. ) ;
#4032 = VERTEX_POINT ( 'NONE', #5097 ) ;
#4033 = DIRECTION ( 'NONE',  ( 0.8443279255020126328, 0.5358267949790005424, 0.000000000000000000 ) ) ;
#4034 = ORIENTED_EDGE ( 'NONE', *, *, #2783, .F. ) ;
#4035 = EDGE_CURVE ( 'NONE', #3355, #5390, #3019, .T. ) ;
#4036 = EDGE_CURVE ( 'NONE', #5960, #1671, #5633, .T. ) ;
#4037 = DIRECTION ( 'NONE',  ( -0.9980267284282713369, -0.06279051952931692659, -0.000000000000000000 ) ) ;
#4038 = CARTESIAN_POINT ( 'NONE',  ( 5.607921044894919049, -49.97637685009845399, 8.000000000000000000 ) ) ;
#4039 = DIRECTION ( 'NONE',  ( -0.9822872507286879440, -0.1873813145857285145, -0.000000000000000000 ) ) ;
#4040 = VERTEX_POINT ( 'NONE', #3557 ) ;
#4041 = DIRECTION ( 'NONE',  ( 1.000000000000000000, 0.000000000000000000, 0.000000000000000000 ) ) ;
#4042 = VERTEX_POINT ( 'NONE', #2394 ) ;
#4043 = DIRECTION ( 'NONE',  ( 1.000000000000000000, 0.000000000000000000, 0.000000000000000000 ) ) ;
#4044 = EDGE_CURVE ( 'NONE', #3455, #3925, #2617, .T. ) ;
#4045 = CARTESIAN_POINT ( 'NONE',  ( 30.05469011279868852, -53.21625363895154948, 8.000000000000000000 ) ) ;
#4046 = DIRECTION ( 'NONE',  ( -0.1253332335643045359, 0.9921147013144777649, -0.000000000000000000 ) ) ;
#4047 = ADVANCED_FACE ( 'NONE', ( #6166 ), #312, .F. ) ;
#4048 = CARTESIAN_POINT ( 'NONE',  ( 51.83394028810082688, -9.175230427409326595, 8.000000000000000000 ) ) ;
#4049 = VERTEX_POINT ( 'NONE', #2492 ) ;
#4050 = CARTESIAN_POINT ( 'NONE',  ( 22.15135930653556784, -54.04641681349798432, 8.000000000000000000 ) ) ;
#4051 = ORIENTED_EDGE ( 'NONE', *, *, #532, .T. ) ;
#4052 = PLANE ( 'NONE',  #3539 ) ;
#4053 = ORIENTED_EDGE ( 'NONE', *, *, #5816, .F. ) ;
#4054 = EDGE_LOOP ( 'NONE', ( #1959, #1436, #6579, #4061 ) ) ;
#4055 = DIRECTION ( 'NONE',  ( -0.1253332335642974860, -0.9921147013144786531, -0.000000000000000000 ) ) ;
#4056 = DIRECTION ( 'NONE',  ( 1.000000000000000000, 0.000000000000000000, -0.000000000000000000 ) ) ;
#4057 = VERTEX_POINT ( 'NONE', #4119 ) ;
#4058 = CARTESIAN_POINT ( 'NONE',  ( -21.06287761874466113, 39.76625688215809618, 8.000000000000000000 ) ) ;
#4059 = CARTESIAN_POINT ( 'NONE',  ( 47.59862517110222058, 3.696035685521064540, 8.000000000000000000 ) ) ;
#4060 = DIRECTION ( 'NONE',  ( 0.000000000000000000, 0.000000000000000000, 1.000000000000000000 ) ) ;
#4061 = ORIENTED_EDGE ( 'NONE', *, *, #5896, .T. ) ;
#4062 = CARTESIAN_POINT ( 'NONE',  ( -40.41424527821064316, -19.79112878520651364, 10.00000000000000000 ) ) ;
#4063 = EDGE_LOOP ( 'NONE', ( #3272, #2903, #2419, #382 ) ) ;
#4064 = EDGE_CURVE ( 'NONE', #3261, #3783, #1384, .T. ) ;
#4065 = CARTESIAN_POINT ( 'NONE',  ( 39.41663997923726726, 6.806503709482183417, 10.00000000000000000 ) ) ;
#4066 = DIRECTION ( 'NONE',  ( 1.000000000000000000, 0.000000000000000000, 0.000000000000000000 ) ) ;
#4067 = EDGE_CURVE ( 'NONE', #3986, #999, #3513, .T. ) ;
#4068 = CARTESIAN_POINT ( 'NONE',  ( 0.000000000000000000, 0.000000000000000000, 0.000000000000000000 ) ) ;
#4069 = ORIENTED_EDGE ( 'NONE', *, *, #322, .F. ) ;
#4070 = DIRECTION ( 'NONE',  ( 0.7705132427757904745, -0.6374239897486881912, 0.000000000000000000 ) ) ;
#4071 = ORIENTED_EDGE ( 'NONE', *, *, #3444, .T. ) ;
#4072 = DIRECTION ( 'NONE',  ( 0.000000000000000000, 0.000000000000000000, 1.000000000000000000 ) ) ;
#4073 = VECTOR ( 'NONE', #1027, 1000.000000000000000 ) ;
#4074 = DIRECTION ( 'NONE',  ( 0.000000000000000000, 0.000000000000000000, 1.000000000000000000 ) ) ;
#4075 = CIRCLE ( 'NONE', #2836, 40.00000000000000000 ) ;
#4076 = FACE_OUTER_BOUND ( 'NONE', #2153, .T. ) ;
#4078 = EDGE_CURVE ( 'NONE', #1291, #2992, #4080, .T. ) ;
#4077 = CARTESIAN_POINT ( 'NONE',  ( 0.000000000000000000, 0.000000000000000000, 8.000000000000000000 ) ) ;
#4079 = EDGE_LOOP ( 'NONE', ( #439, #6978, #2464, #6838 ) ) ;
#4080 = LINE ( 'NONE', #4578, #6781 ) ;
#4081 = AXIS2_PLACEMENT_3D ( 'NONE', #2497, #4189, #4651 ) ;
#4082 = ORIENTED_EDGE ( 'NONE', *, *, #3087, .T. ) ;
#4083 = PLANE ( 'NONE',  #841 ) ;
#4084 = ORIENTED_EDGE ( 'NONE', *, *, #5071, .F. ) ;
#4085 = AXIS2_PLACEMENT_3D ( 'NONE', #6387, #1098, #3733 ) ;
#4086 = EDGE_CURVE ( 'NONE', #1969, #2028, #705, .T. ) ;
#4087 = ORIENTED_EDGE ( 'NONE', *, *, #2117, .T. ) ;
#4088 = CARTESIAN_POINT ( 'NONE',  ( 45.00000000000000711, 5.510910596163090344E-15, 0.000000000000000000 ) ) ;
#4089 = EDGE_CURVE ( 'NONE', #926, #6138, #1610, .T. ) ;
#4090 = CIRCLE ( 'NONE', #942, 45.00000000000000711 ) ;
#4091 = CARTESIAN_POINT ( 'NONE',  ( -38.25274688064444462, -11.69304733956663966, 10.00000000000000000 ) ) ;
#4092 = AXIS2_PLACEMENT_3D ( 'NONE', #6326, #575, #3716 ) ;
#4093 = ORIENTED_EDGE ( 'NONE', *, *, #4067, .T. ) ;
#4094 = CARTESIAN_POINT ( 'NONE',  ( 0.000000000000000000, 0.000000000000000000, 0.000000000000000000 ) ) ;
#4095 = AXIS2_PLACEMENT_3D ( 'NONE', #1546, #2795, #2763 ) ;
#4096 = CARTESIAN_POINT ( 'NONE',  ( 35.11509744738715000, 28.14124963928405165, 8.193579175013844965E-16 ) ) ;
#4097 = CIRCLE ( 'NONE', #381, 45.00000000000000711 ) ;
#4098 = EDGE_CURVE ( 'NONE', #1132, #3289, #879, .T. ) ;
#4099 = AXIS2_PLACEMENT_3D ( 'NONE', #572, #1113, #2725 ) ;
#4100 = DIRECTION ( 'NONE',  ( 0.000000000000000000, 0.000000000000000000, 1.000000000000000000 ) ) ;
#4101 = ADVANCED_FACE ( 'NONE', ( #4541 ), #3587, .F. ) ;
#4102 = VERTEX_POINT ( 'NONE', #5200 ) ;
#4103 = VECTOR ( 'NONE', #4682, 1000.000000000000000 ) ;
#4104 = CARTESIAN_POINT ( 'NONE',  ( 52.81372149718477260, 32.68754507242017127, 8.193579175013844965E-16 ) ) ;
#4105 = ORIENTED_EDGE ( 'NONE', *, *, #2313, .T. ) ;
#4106 = CARTESIAN_POINT ( 'NONE',  ( 19.88061067289475403, -34.70967184046521226, 8.000000000000000000 ) ) ;
#4107 = CARTESIAN_POINT ( 'NONE',  ( 41.01033628640173845, 18.52437091175409378, 8.193579175013844965E-16 ) ) ;
#4108 = DIRECTION ( 'NONE',  ( 1.000000000000000000, 0.000000000000000000, 0.000000000000000000 ) ) ;
#4109 = ORIENTED_EDGE ( 'NONE', *, *, #4979, .F. ) ;
#4110 = DIRECTION ( 'NONE',  ( -0.000000000000000000, 0.000000000000000000, 1.000000000000000000 ) ) ;
#4111 = ORIENTED_EDGE ( 'NONE', *, *, #1556, .T. ) ;
#4112 = LINE ( 'NONE', #1363, #3907 ) ;
#4113 = EDGE_CURVE ( 'NONE', #4492, #5065, #3524, .T. ) ;
#4114 = DIRECTION ( 'NONE',  ( 0.000000000000000000, 0.000000000000000000, 1.000000000000000000 ) ) ;
#4115 = CARTESIAN_POINT ( 'NONE',  ( 36.48558511266062965, -16.39518462801798648, 10.00000000000000000 ) ) ;
#4116 = VECTOR ( 'NONE', #357, 1000.000000000000114 ) ;
#4117 = DIRECTION ( 'NONE',  ( -0.7705132427757904745, 0.6374239897486881912, -0.000000000000000000 ) ) ;
#4118 = VERTEX_POINT ( 'NONE', #1475 ) ;
#4119 = CARTESIAN_POINT ( 'NONE',  ( 21.06287761874438047, 39.76625688215823828, 3.907315377998108371E-16 ) ) ;
#4120 = ORIENTED_EDGE ( 'NONE', *, *, #867, .F. ) ;
#4121 = LINE ( 'NONE', #6839, #4103 ) ;
#4122 = ORIENTED_EDGE ( 'NONE', *, *, #809, .T. ) ;
#4123 = VECTOR ( 'NONE', #127, 1000.000000000000114 ) ;
#4124 = ADVANCED_FACE ( 'NONE', ( #3620 ), #3096, .F. ) ;
#4125 = VERTEX_POINT ( 'NONE', #5385 ) ;
#4126 = CARTESIAN_POINT ( 'NONE',  ( 53.71173865395446967, -18.18802536455075725, 8.193579175013844965E-16 ) ) ;
#4127 = CARTESIAN_POINT ( 'NONE',  ( 27.01344789145883496, -35.98991015570111784, 10.00000000000000000 ) ) ;
#4128 = ORIENTED_EDGE ( 'NONE', *, *, #771, .F. ) ;
#4129 = CARTESIAN_POINT ( 'NONE',  ( -41.01033628640175976, -18.52437091175410799, 3.907315377998108371E-16 ) ) ;
#4130 = EDGE_CURVE ( 'NONE', #1957, #3612, #4253, .T. ) ;
#4131 = VERTEX_POINT ( 'NONE', #6867 ) ;
#4132 = LINE ( 'NONE', #920, #295 ) ;
#4133 = AXIS2_PLACEMENT_3D ( 'NONE', #3908, #6048, #6685 ) ;
#4134 = EDGE_CURVE ( 'NONE', #2678, #5609, #5840, .T. ) ;
#4135 = DIRECTION ( 'NONE',  ( -0.9685831611286309650, -0.2486898871648553500, 6.505213034913024632E-16 ) ) ;
#4136 = EDGE_CURVE ( 'NONE', #4858, #719, #3635, .T. ) ;
#4137 = VERTEX_POINT ( 'NONE', #4782 ) ;
#4138 = ADVANCED_FACE ( 'NONE', ( #2034 ), #1578, .F. ) ;
#4139 = DIRECTION ( 'NONE',  ( -1.000000000000000000, 0.000000000000000000, 0.000000000000000000 ) ) ;
#4140 = VERTEX_POINT ( 'NONE', #2142 ) ;
#4141 = CARTESIAN_POINT ( 'NONE',  ( 14.07188363172346257, -37.44305130535214943, 8.000000000000000000 ) ) ;
#4142 = CARTESIAN_POINT ( 'NONE',  ( 14.07188363172318368, 37.44305130535225601, 10.00000000000000000 ) ) ;
#4143 = LINE ( 'NONE', #3546, #721 ) ;
#4144 = ORIENTED_EDGE ( 'NONE', *, *, #2330, .F. ) ;
#4145 = LINE ( 'NONE', #6294, #150 ) ;
#4146 = ORIENTED_EDGE ( 'NONE', *, *, #4648, .F. ) ;
#4147 = CARTESIAN_POINT ( 'NONE',  ( -43.00867684170452065, 13.23834265781894892, 8.193579175013844965E-16 ) ) ;
#4148 = CARTESIAN_POINT ( 'NONE',  ( 5.607921044894919049, -49.97637685009845399, 8.000000000000000000 ) ) ;
#4149 = FACE_OUTER_BOUND ( 'NONE', #6730, .T. ) ;
#4150 = LINE ( 'NONE', #6865, #1846 ) ;
#4151 = ORIENTED_EDGE ( 'NONE', *, *, #3728, .F. ) ;
#4152 = DIRECTION ( 'NONE',  ( -0.000000000000000000, 0.000000000000000000, 1.000000000000000000 ) ) ;
#4153 = ORIENTED_EDGE ( 'NONE', *, *, #126, .F. ) ;
#4154 = CARTESIAN_POINT ( 'NONE',  ( 0.000000000000000000, 0.000000000000000000, 10.00000000000000000 ) ) ;
#4155 = EDGE_LOOP ( 'NONE', ( #6961, #3527, #3965, #5606 ) ) ;
#4156 = ORIENTED_EDGE ( 'NONE', *, *, #4648, .T. ) ;
#4157 = EDGE_CURVE ( 'NONE', #6388, #1373, #5353, .T. ) ;
#4158 = CARTESIAN_POINT ( 'NONE',  ( 44.05309273942163628, -45.88920510489550963, 8.000000000000000000 ) ) ;
#4159 = CARTESIAN_POINT ( 'NONE',  ( -9.268063931605469818, 38.91147634001662681, 8.000000000000000000 ) ) ;
#4160 = DIRECTION ( 'NONE',  ( 0.000000000000000000, 0.000000000000000000, 1.000000000000000000 ) ) ;
#4161 = ORIENTED_EDGE ( 'NONE', *, *, #536, .F. ) ;
#4162 = CARTESIAN_POINT ( 'NONE',  ( 0.000000000000000000, 0.000000000000000000, 0.000000000000000000 ) ) ;
#4163 = ADVANCED_FACE ( 'NONE', ( #5811 ), #447, .F. ) ;
#4164 = ORIENTED_EDGE ( 'NONE', *, *, #4089, .F. ) ;
#4165 = CARTESIAN_POINT ( 'NONE',  ( 0.000000000000000000, 0.000000000000000000, 0.000000000000000000 ) ) ;
#4166 = EDGE_LOOP ( 'NONE', ( #2512, #5711, #426, #1562 ) ) ;
#4167 = EDGE_CURVE ( 'NONE', #326, #1459, #484, .T. ) ;
#4168 = DIRECTION ( 'NONE',  ( -0.4817536741017101609, -0.8763066800438664705, -0.000000000000000000 ) ) ;
#4169 = ORIENTED_EDGE ( 'NONE', *, *, #2120, .T. ) ;
#4170 = EDGE_CURVE ( 'NONE', #4102, #719, #1652, .T. ) ;
#4171 = CARTESIAN_POINT ( 'NONE',  ( 0.000000000000000000, 0.000000000000000000, 0.000000000000000000 ) ) ;
#4172 = CARTESIAN_POINT ( 'NONE',  ( -22.94149773528463498, -32.76717384306937930, 10.00000000000000000 ) ) ;
#4173 = VECTOR ( 'NONE', #1120, 1000.000000000000000 ) ;
#4174 = CARTESIAN_POINT ( 'NONE',  ( -31.26200674885962272, -24.95369579910471813, 8.000000000000000000 ) ) ;
#4175 = ORIENTED_EDGE ( 'NONE', *, *, #104, .T. ) ;
#4176 = DIRECTION ( 'NONE',  ( -0.1253332335643045359, 0.9921147013144777649, -0.000000000000000000 ) ) ;
#4177 = ORIENTED_EDGE ( 'NONE', *, *, #6414, .F. ) ;
#4178 = PLANE ( 'NONE',  #5254 ) ;
#4179 = DIRECTION ( 'NONE',  ( 1.000000000000000000, 0.000000000000000000, 0.000000000000000000 ) ) ;
#4180 = FACE_OUTER_BOUND ( 'NONE', #655, .T. ) ;
#4181 = DIRECTION ( 'NONE',  ( 0.000000000000000000, 0.000000000000000000, 1.000000000000000000 ) ) ;
#4182 = ORIENTED_EDGE ( 'NONE', *, *, #4279, .F. ) ;
#4183 = DIRECTION ( 'NONE',  ( -0.2486898871648553500, 0.9685831611286309650, -0.000000000000000000 ) ) ;
#4184 = ORIENTED_EDGE ( 'NONE', *, *, #3250, .T. ) ;
#4185 = CARTESIAN_POINT ( 'NONE',  ( 36.37957734714186131, 51.26310366668217000, 3.907315377998108371E-16 ) ) ;
#4186 = ORIENTED_EDGE ( 'NONE', *, *, #4475, .T. ) ;
#4187 = VECTOR ( 'NONE', #2653, 1000.000000000000114 ) ;
#4188 = ORIENTED_EDGE ( 'NONE', *, *, #6803, .F. ) ;
#4189 = DIRECTION ( 'NONE',  ( 0.000000000000000000, 0.000000000000000000, 1.000000000000000000 ) ) ;
#4190 = VECTOR ( 'NONE', #77, 1000.000000000000114 ) ;
#4191 = DIRECTION ( 'NONE',  ( 1.000000000000000000, 0.000000000000000000, 0.000000000000000000 ) ) ;
#4192 = LINE ( 'NONE', #885, #3859 ) ;
#4193 = ORIENTED_EDGE ( 'NONE', *, *, #165, .F. ) ;
#4194 = FACE_OUTER_BOUND ( 'NONE', #5248, .T. ) ;
#4195 = AXIS2_PLACEMENT_3D ( 'NONE', #6590, #3414, #210 ) ;
#4196 = ORIENTED_EDGE ( 'NONE', *, *, #6702, .F. ) ;
#4197 = VECTOR ( 'NONE', #747, 1000.000000000000000 ) ;
#4198 = EDGE_CURVE ( 'NONE', #6220, #2035, #4222, .T. ) ;
#4199 = AXIS2_PLACEMENT_3D ( 'NONE', #1898, #4680, #909 ) ;
#4200 = DIRECTION ( 'NONE',  ( 1.000000000000000000, 0.000000000000000000, 0.000000000000000000 ) ) ;
#4201 = VECTOR ( 'NONE', #128, 1000.000000000000000 ) ;
#4202 = ORIENTED_EDGE ( 'NONE', *, *, #1013, .F. ) ;
#4203 = CARTESIAN_POINT ( 'NONE',  ( 43.03253666103130826, 46.84757105319597770, 8.000000000000000000 ) ) ;
#4204 = VECTOR ( 'NONE', #6929, 1000.000000000000114 ) ;
#4205 = ORIENTED_EDGE ( 'NONE', *, *, #6328, .F. ) ;
#4206 = VECTOR ( 'NONE', #5232, 1000.000000000000000 ) ;
#4207 = VECTOR ( 'NONE', #5882, 1000.000000000000000 ) ;
#4208 = AXIS2_PLACEMENT_3D ( 'NONE', #6737, #1977, #2045 ) ;
#4209 = DIRECTION ( 'NONE',  ( 1.000000000000000000, 0.000000000000000000, 0.000000000000000000 ) ) ;
#4210 = DIRECTION ( 'NONE',  ( 0.000000000000000000, 0.000000000000000000, 1.000000000000000000 ) ) ;
#4211 = DIRECTION ( 'NONE',  ( -0.6845471059286846183, -0.7289686274214153272, -0.000000000000000000 ) ) ;
#4212 = EDGE_LOOP ( 'NONE', ( #3028, #1211, #5983, #5078 ) ) ;
#4213 = PLANE ( 'NONE',  #3309 ) ;
#4214 = EDGE_CURVE ( 'NONE', #4838, #1910, #985, .T. ) ;
#4215 = ORIENTED_EDGE ( 'NONE', *, *, #4004, .F. ) ;
#4216 = SHAPE_DEFINITION_REPRESENTATION ( #6063, #2022 ) ;
#4217 = EDGE_CURVE ( 'NONE', #3897, #4049, #4283, .T. ) ;
#4218 = DIRECTION ( 'NONE',  ( -0.000000000000000000, -0.000000000000000000, -1.000000000000000000 ) ) ;
#4219 = CARTESIAN_POINT ( 'NONE',  ( 49.26373951239845894, -39.84602429327354400, 8.000000000000000000 ) ) ;
#4220 = DIRECTION ( 'NONE',  ( -0.2486898871648553500, 0.9685831611286309650, -0.000000000000000000 ) ) ;
#4221 = VERTEX_POINT ( 'NONE', #3201 ) ;
#4222 = LINE ( 'NONE', #5868, #6457 ) ;
#4223 = ORIENTED_EDGE ( 'NONE', *, *, #2602, .T. ) ;
#4224 = FACE_OUTER_BOUND ( 'NONE', #568, .T. ) ;
#4225 = VERTEX_POINT ( 'NONE', #4324 ) ;
#4226 = VERTEX_POINT ( 'NONE', #3800 ) ;
#4227 = VECTOR ( 'NONE', #6462, 1000.000000000000000 ) ;
#4228 = CARTESIAN_POINT ( 'NONE',  ( -31.26200674885961561, -24.95369579910471103, 0.000000000000000000 ) ) ;
#4229 = LINE ( 'NONE', #6177, #6113 ) ;
#4230 = FACE_OUTER_BOUND ( 'NONE', #4931, .T. ) ;
#4231 = VERTEX_POINT ( 'NONE', #6972 ) ;
#4232 = DIRECTION ( 'NONE',  ( 0.3681245526846786964, -0.9297764858882510142, 0.000000000000000000 ) ) ;
#4233 = EDGE_LOOP ( 'NONE', ( #2642, #2828, #468, #4382 ) ) ;
#4234 = AXIS2_PLACEMENT_3D ( 'NONE', #3836, #3804, #6479 ) ;
#4235 = CARTESIAN_POINT ( 'NONE',  ( -27.01344789145885272, 35.98991015570113916, 8.000000000000000000 ) ) ;
#4236 = VECTOR ( 'NONE', #4278, 1000.000000000000000 ) ;
#4237 = AXIS2_PLACEMENT_3D ( 'NONE', #3608, #329, #363 ) ;
#4238 = ORIENTED_EDGE ( 'NONE', *, *, #2794, .F. ) ;
#4239 = CARTESIAN_POINT ( 'NONE',  ( 52.06356398421432630, -33.86960416812257790, 8.193579175013844965E-16 ) ) ;
#4240 = ORIENTED_EDGE ( 'NONE', *, *, #2020, .F. ) ;
#4241 = ADVANCED_FACE ( 'NONE', ( #6338 ), #1515, .F. ) ;
#4242 = DIRECTION ( 'NONE',  ( 0.000000000000000000, 0.000000000000000000, 1.000000000000000000 ) ) ;
#4243 = CARTESIAN_POINT ( 'NONE',  ( 38.36523822947506801, 23.51825877048777258, 8.193579175013844965E-16 ) ) ;
#4244 = CARTESIAN_POINT ( 'NONE',  ( 5.607921044894919049, -49.97637685009845399, 8.000000000000000000 ) ) ;
#4245 = ORIENTED_EDGE ( 'NONE', *, *, #5767, .F. ) ;
#4246 = CARTESIAN_POINT ( 'NONE',  ( 6.996881626734794857, 49.80091032310820509, 8.193579175013844965E-16 ) ) ;
#4247 = ADVANCED_FACE ( 'NONE', ( #2674 ), #3131, .F. ) ;
#4248 = EDGE_LOOP ( 'NONE', ( #1378, #3342, #2533, #6736 ) ) ;
#4249 = CARTESIAN_POINT ( 'NONE',  ( 0.000000000000000000, 0.000000000000000000, 0.000000000000000000 ) ) ;
#4250 = DIRECTION ( 'NONE',  ( 1.000000000000000000, 0.000000000000000000, 0.000000000000000000 ) ) ;
#4251 = CARTESIAN_POINT ( 'NONE',  ( 22.28970697080606200, -39.09180173841568262, 8.000000000000000000 ) ) ;
#4252 = FACE_OUTER_BOUND ( 'NONE', #1853, .T. ) ;
#4253 = LINE ( 'NONE', #518, #3984 ) ;
#4254 = ORIENTED_EDGE ( 'NONE', *, *, #1621, .F. ) ;
#4255 = CARTESIAN_POINT ( 'NONE',  ( 0.000000000000000000, 0.000000000000000000, 0.000000000000000000 ) ) ;
#4256 = EDGE_CURVE ( 'NONE', #4825, #24, #1550, .T. ) ;
#4257 = VERTEX_POINT ( 'NONE', #5914 ) ;
#4258 = CARTESIAN_POINT ( 'NONE',  ( 54.14436244607939841, -16.85654624173754357, 3.907315377998108371E-16 ) ) ;
#4259 = ORIENTED_EDGE ( 'NONE', *, *, #1678, .T. ) ;
#4260 = EDGE_CURVE ( 'NONE', #113, #1589, #4652, .T. ) ;
#4261 = CARTESIAN_POINT ( 'NONE',  ( 9.268063931605190930, 38.91147634001670497, 10.00000000000000000 ) ) ;
#4262 = CARTESIAN_POINT ( 'NONE',  ( 49.26373951239822446, 39.84602429327390638, 8.193579175013844965E-16 ) ) ;
#4263 = PLANE ( 'NONE',  #589 ) ;
#4264 = VERTEX_POINT ( 'NONE', #6406 ) ;
#4265 = CARTESIAN_POINT ( 'NONE',  ( 19.88061067289475048, -34.70967184046521226, 10.00000000000000000 ) ) ;
#4266 = ORIENTED_EDGE ( 'NONE', *, *, #4860, .T. ) ;
#4267 = CARTESIAN_POINT ( 'NONE',  ( 27.88796910425445574, -28.67509684796459979, 8.000000000000000000 ) ) ;
#4268 = CARTESIAN_POINT ( 'NONE',  ( 22.94149773528486946, -32.76717384306922298, 10.00000000000000000 ) ) ;
#4269 = ORIENTED_EDGE ( 'NONE', *, *, #816, .T. ) ;
#4270 = FACE_BOUND ( 'NONE', #2249, .T. ) ;
#4271 = ORIENTED_EDGE ( 'NONE', *, *, #5160, .F. ) ;
#4272 = CARTESIAN_POINT ( 'NONE',  ( -6.333793390202180795, -44.55202645548494900, 10.00000000000000000 ) ) ;
#4273 = PLANE ( 'NONE',  #2502 ) ;
#4274 = CARTESIAN_POINT ( 'NONE',  ( 0.000000000000000000, 0.000000000000000000, 0.000000000000000000 ) ) ;
#4275 = ORIENTED_EDGE ( 'NONE', *, *, #5478, .F. ) ;
#4276 = CARTESIAN_POINT ( 'NONE',  ( 10.51168264943664532, -43.75505145554662079, 8.193579175013844965E-16 ) ) ;
#4277 = ORIENTED_EDGE ( 'NONE', *, *, #4728, .T. ) ;
#4278 = DIRECTION ( 'NONE',  ( -0.000000000000000000, -0.000000000000000000, -1.000000000000000000 ) ) ;
#4279 = EDGE_CURVE ( 'NONE', #5214, #5754, #3236, .T. ) ;
#4280 = EDGE_CURVE ( 'NONE', #1910, #1389, #6116, .T. ) ;
#4281 = CARTESIAN_POINT ( 'NONE',  ( 35.88949410446953436, -17.66194250147040634, 8.000000000000000000 ) ) ;
#4282 = CARTESIAN_POINT ( 'NONE',  ( 0.7000000000000000666, 39.99387453098283629, 3.907315377998108371E-16 ) ) ;
#4283 = LINE ( 'NONE', #4815, #2404 ) ;
#4284 = VERTEX_POINT ( 'NONE', #6644 ) ;
#4285 = DIRECTION ( 'NONE',  ( 1.000000000000000000, 0.000000000000000000, 0.000000000000000000 ) ) ;
#4286 = VERTEX_POINT ( 'NONE', #3302 ) ;
#4287 = CARTESIAN_POINT ( 'NONE',  ( 48.37134592675004541, 40.92474283316000339, 8.000000000000000000 ) ) ;
#4288 = CIRCLE ( 'NONE', #915, 40.00000000000000000 ) ;
#4289 = ORIENTED_EDGE ( 'NONE', *, *, #231, .F. ) ;
#4290 = EDGE_CURVE ( 'NONE', #5450, #5489, #3830, .T. ) ;
#4291 = CARTESIAN_POINT ( 'NONE',  ( 44.94972211312059329, 2.126612788741370608, 8.000000000000000000 ) ) ;
#4292 = CARTESIAN_POINT ( 'NONE',  ( 39.95890911899812181, -1.812617449890661980, 8.000000000000000000 ) ) ;
#4293 = CARTESIAN_POINT ( 'NONE',  ( 6.996881626735182991, -49.80091032310843246, 8.000000000000000000 ) ) ;
#4294 = VERTEX_POINT ( 'NONE', #1257 ) ;
#4295 = DIRECTION ( 'NONE',  ( -0.1253332335642974860, -0.9921147013144786531, -0.000000000000000000 ) ) ;
#4296 = ORIENTED_EDGE ( 'NONE', *, *, #2280, .T. ) ;
#4297 = EDGE_CURVE ( 'NONE', #634, #2715, #4090, .T. ) ;
#4298 = VECTOR ( 'NONE', #605, 1000.000000000000000 ) ;
#4299 = DIRECTION ( 'NONE',  ( -0.9048270524660205760, 0.4257792915650703836, -0.000000000000000000 ) ) ;
#4300 = EDGE_CURVE ( 'NONE', #5275, #3085, #3937, .T. ) ;
#4301 = CARTESIAN_POINT ( 'NONE',  ( 9.268063931605475148, -38.91147634001662681, 10.00000000000000000 ) ) ;
#4302 = CIRCLE ( 'NONE', #6102, 45.00000000000000711 ) ;
#4303 = VECTOR ( 'NONE', #5185, 1000.000000000000000 ) ;
#4304 = VERTEX_POINT ( 'NONE', #621 ) ;
#4305 = AXIS2_PLACEMENT_3D ( 'NONE', #4343, #6493, #6137 ) ;
#4306 = EDGE_CURVE ( 'NONE', #307, #6293, #4980, .T. ) ;
#4307 = DIRECTION ( 'NONE',  ( 1.000000000000000000, 0.000000000000000000, -0.000000000000000000 ) ) ;
#4308 = ORIENTED_EDGE ( 'NONE', *, *, #6313, .F. ) ;
#4309 = VECTOR ( 'NONE', #454, 1000.000000000000000 ) ;
#4310 = VECTOR ( 'NONE', #1185, 1000.000000000000000 ) ;
#4311 = AXIS2_PLACEMENT_3D ( 'NONE', #5668, #3048, #2430 ) ;
#4312 = CARTESIAN_POINT ( 'NONE',  ( 18.65378132083309382, 35.38412698420773950, 10.00000000000000000 ) ) ;
#4313 = CARTESIAN_POINT ( 'NONE',  ( 30.05469011279825864, 53.21625363895164895, 8.193579175013844965E-16 ) ) ;
#4314 = AXIS2_PLACEMENT_3D ( 'NONE', #4985, #166, #3338 ) ;
#4315 = DIRECTION ( 'NONE',  ( 1.000000000000000000, 0.000000000000000000, 0.000000000000000000 ) ) ;
#4316 = CIRCLE ( 'NONE', #1283, 40.00000000000000000 ) ;
#4317 = ORIENTED_EDGE ( 'NONE', *, *, #2519, .F. ) ;
#4318 = DIRECTION ( 'NONE',  ( -0.000000000000000000, -0.000000000000000000, -1.000000000000000000 ) ) ;
#4319 = ORIENTED_EDGE ( 'NONE', *, *, #4170, .F. ) ;
#4320 = VECTOR ( 'NONE', #3413, 1000.000000000000000 ) ;
#4321 = CIRCLE ( 'NONE', #831, 40.00000000000000000 ) ;
#4322 = DIRECTION ( 'NONE',  ( -0.000000000000000000, 0.000000000000000000, 1.000000000000000000 ) ) ;
#4323 = FACE_OUTER_BOUND ( 'NONE', #6770, .T. ) ;
#4324 = CARTESIAN_POINT ( 'NONE',  ( 37.61508071650464302, -24.70031786619032133, 8.000000000000000000 ) ) ;
#4325 = ORIENTED_EDGE ( 'NONE', *, *, #3787, .T. ) ;
#4326 = CARTESIAN_POINT ( 'NONE',  ( -44.32874487107533668, 7.743537831967713281, 8.000000000000000000 ) ) ;
#4327 = AXIS2_PLACEMENT_3D ( 'NONE', #4094, #996, #888 ) ;
#4328 = ORIENTED_EDGE ( 'NONE', *, *, #4896, .F. ) ;
#4329 = AXIS2_PLACEMENT_3D ( 'NONE', #2073, #310, #3093 ) ;
#4330 = CARTESIAN_POINT ( 'NONE',  ( -10.51168264943664887, 43.75505145554662789, 8.000000000000000000 ) ) ;
#4331 = EDGE_CURVE ( 'NONE', #803, #1132, #2805, .T. ) ;
#4332 = EDGE_LOOP ( 'NONE', ( #4345, #540, #1570, #2575 ) ) ;
#4333 = DIRECTION ( 'NONE',  ( 0.000000000000000000, 0.000000000000000000, 1.000000000000000000 ) ) ;
#4334 = EDGE_CURVE ( 'NONE', #5444, #6220, #35, .T. ) ;
#4335 = DIRECTION ( 'NONE',  ( -0.5877852522924743583, 0.8090169943749465631, -0.000000000000000000 ) ) ;
#4336 = LINE ( 'NONE', #3139, #1941 ) ;
#4337 = ORIENTED_EDGE ( 'NONE', *, *, #6385, .F. ) ;
#4338 = CARTESIAN_POINT ( 'NONE',  ( 39.95890911899812181, 1.812617449890946419, 8.000000000000000000 ) ) ;
#4339 = ORIENTED_EDGE ( 'NONE', *, *, #2316, .T. ) ;
#4340 = ADVANCED_FACE ( 'NONE', ( #1816 ), #6017, .F. ) ;
#4341 = VECTOR ( 'NONE', #2658, 1000.000000000000000 ) ;
#4342 = CARTESIAN_POINT ( 'NONE',  ( 52.06356398421432630, -33.86960416812257790, 8.193579175013844965E-16 ) ) ;
#4343 = CARTESIAN_POINT ( 'NONE',  ( 0.000000000000000000, 0.000000000000000000, 0.000000000000000000 ) ) ;
#4344 = CIRCLE ( 'NONE', #292, 40.00000000000000000 ) ;
#4345 = ORIENTED_EDGE ( 'NONE', *, *, #4813, .F. ) ;
#4346 = DIRECTION ( 'NONE',  ( -0.000000000000000000, -0.000000000000000000, -1.000000000000000000 ) ) ;
#4347 = ADVANCED_FACE ( 'NONE', ( #57 ), #3909, .F. ) ;
#4348 = VECTOR ( 'NONE', #1422, 1000.000000000000114 ) ;
#4349 = EDGE_CURVE ( 'NONE', #1579, #5908, #1195, .T. ) ;
#4350 = EDGE_CURVE ( 'NONE', #689, #2821, #373, .T. ) ;
#4351 = PLANE ( 'NONE',  #5888 ) ;
#4352 = ORIENTED_EDGE ( 'NONE', *, *, #6496, .T. ) ;
#4353 = CARTESIAN_POINT ( 'NONE',  ( -42.57605304957957770, 14.56982178063215549, 8.000000000000000000 ) ) ;
#4354 = CARTESIAN_POINT ( 'NONE',  ( 0.000000000000000000, 0.000000000000000000, 8.000000000000000000 ) ) ;
#4355 = CIRCLE ( 'NONE', #300, 45.00000000000000711 ) ;
#4356 = VERTEX_POINT ( 'NONE', #2218 ) ;
#4357 = CARTESIAN_POINT ( 'NONE',  ( 54.47663323589631545, 24.86112925638381910, 8.193579175013844965E-16 ) ) ;
#4358 = ORIENTED_EDGE ( 'NONE', *, *, #6652, .F. ) ;
#4359 = CARTESIAN_POINT ( 'NONE',  ( -41.01033628640175976, -18.52437091175410799, 8.000000000000000000 ) ) ;
#4360 = CARTESIAN_POINT ( 'NONE',  ( -34.14302387201784228, -20.83876006087741928, 8.000000000000000000 ) ) ;
#4361 = DIRECTION ( 'NONE',  ( 0.000000000000000000, 0.000000000000000000, 1.000000000000000000 ) ) ;
#4362 = DIRECTION ( 'NONE',  ( -0.000000000000000000, 0.000000000000000000, 1.000000000000000000 ) ) ;
#4363 = VERTEX_POINT ( 'NONE', #6578 ) ;
#4364 = LINE ( 'NONE', #6408, #2645 ) ;
#4365 = ORIENTED_EDGE ( 'NONE', *, *, #3615, .F. ) ;
#4366 = LINE ( 'NONE', #4287, #2546 ) ;
#4367 = ORIENTED_EDGE ( 'NONE', *, *, #1109, .F. ) ;
#4368 = CARTESIAN_POINT ( 'NONE',  ( 0.000000000000000000, 0.000000000000000000, 10.00000000000000000 ) ) ;
#4369 = CARTESIAN_POINT ( 'NONE',  ( 52.06356398421417708, 33.86960416812299002, 8.000000000000000000 ) ) ;
#4370 = CARTESIAN_POINT ( 'NONE',  ( 0.000000000000000000, 0.000000000000000000, 0.000000000000000000 ) ) ;
#4371 = ORIENTED_EDGE ( 'NONE', *, *, #5260, .F. ) ;
#4372 = DIRECTION ( 'NONE',  ( -0.3681245526846786964, 0.9297764858882510142, -0.000000000000000000 ) ) ;
#4373 = ORIENTED_EDGE ( 'NONE', *, *, #6141, .F. ) ;
#4374 = CARTESIAN_POINT ( 'NONE',  ( 39.41663997923726726, 6.806503709482183417, 0.000000000000000000 ) ) ;
#4375 = CARTESIAN_POINT ( 'NONE',  ( -44.94972211312055776, 2.126612788741054860, 8.000000000000000000 ) ) ;
#4376 = ADVANCED_FACE ( 'NONE', ( #4922 ), #1681, .F. ) ;
#4377 = VERTEX_POINT ( 'NONE', #5556 ) ;
#4378 = DIRECTION ( 'NONE',  ( 0.000000000000000000, 0.000000000000000000, 1.000000000000000000 ) ) ;
#4379 = LINE ( 'NONE', #110, #2629 ) ;
#4380 = EDGE_CURVE ( 'NONE', #6976, #895, #4871, .T. ) ;
#4381 = CARTESIAN_POINT ( 'NONE',  ( 22.94149773528486591, -32.76717384306922298, 8.000000000000000000 ) ) ;
#4382 = ORIENTED_EDGE ( 'NONE', *, *, #6581, .F. ) ;
#4383 = CARTESIAN_POINT ( 'NONE',  ( 4.318081326813038245, -39.76624414820977904, 0.000000000000000000 ) ) ;
#4384 = ORIENTED_EDGE ( 'NONE', *, *, #4004, .T. ) ;
#4385 = PLANE ( 'NONE',  #857 ) ;
#4386 = ORIENTED_EDGE ( 'NONE', *, *, #4755, .F. ) ;
#4387 = ADVANCED_FACE ( 'NONE', ( #5517 ), #686, .F. ) ;
#4388 = CARTESIAN_POINT ( 'NONE',  ( 31.26200674885960851, 24.95369579910471103, 8.000000000000000000 ) ) ;
#4389 = DIRECTION ( 'NONE',  ( 1.000000000000000000, 0.000000000000000000, 0.000000000000000000 ) ) ;
#4390 = DIRECTION ( 'NONE',  ( 1.000000000000000000, 0.000000000000000000, 0.000000000000000000 ) ) ;
#4391 = ORIENTED_EDGE ( 'NONE', *, *, #6755, .T. ) ;
#4392 = CARTESIAN_POINT ( 'NONE',  ( 44.86181538577954342, 3.523850208540947104, 10.00000000000000000 ) ) ;
#4393 = ORIENTED_EDGE ( 'NONE', *, *, #5343, .F. ) ;
#4394 = CARTESIAN_POINT ( 'NONE',  ( -22.94149773528464920, -32.76717384306940062, 8.193579175013844965E-16 ) ) ;
#4395 = PLANE ( 'NONE',  #938 ) ;
#4396 = EDGE_CURVE ( 'NONE', #4903, #6178, #3417, .T. ) ;
#4397 = CYLINDRICAL_SURFACE ( 'NONE', #2056, 40.00000000000000000 ) ;
#4398 = CARTESIAN_POINT ( 'NONE',  ( 51.83394028810082688, -9.175230427409326595, 3.907315377998108371E-16 ) ) ;
#4399 = DIRECTION ( 'NONE',  ( 0.3090169943749447312, 0.9510565162951545304, 0.000000000000000000 ) ) ;
#4400 = ORIENTED_EDGE ( 'NONE', *, *, #2566, .T. ) ;
#4401 = DIRECTION ( 'NONE',  ( -0.000000000000000000, -0.000000000000000000, -1.000000000000000000 ) ) ;
#4402 = EDGE_LOOP ( 'NONE', ( #6317, #1187, #123, #6051 ) ) ;
#4403 = FACE_OUTER_BOUND ( 'NONE', #1663, .T. ) ;
#4404 = DIRECTION ( 'NONE',  ( -0.7705132427757860336, -0.6374239897486935202, -0.000000000000000000 ) ) ;
#4405 = ORIENTED_EDGE ( 'NONE', *, *, #989, .T. ) ;
#4406 = AXIS2_PLACEMENT_3D ( 'NONE', #1753, #4005, #6077 ) ;
#4407 = LINE ( 'NONE', #3893, #1196 ) ;
#4408 = EDGE_CURVE ( 'NONE', #6798, #1389, #6536, .T. ) ;
#4409 = VECTOR ( 'NONE', #5210, 1000.000000000000000 ) ;
#4410 = CARTESIAN_POINT ( 'NONE',  ( -4.944832808361915966, -44.72749298247497762, 8.000000000000000000 ) ) ;
#4411 = FACE_OUTER_BOUND ( 'NONE', #1197, .T. ) ;
#4412 = AXIS2_PLACEMENT_3D ( 'NONE', #3997, #860, #6176 ) ;
#4413 = ORIENTED_EDGE ( 'NONE', *, *, #4279, .T. ) ;
#4414 = LINE ( 'NONE', #6566, #4434 ) ;
#4415 = ORIENTED_EDGE ( 'NONE', *, *, #5113, .T. ) ;
#4416 = DIRECTION ( 'NONE',  ( -0.9048270524660205760, 0.4257792915650703836, 0.000000000000000000 ) ) ;
#4417 = AXIS2_PLACEMENT_3D ( 'NONE', #5710, #5167, #5136 ) ;
#4418 = ORIENTED_EDGE ( 'NONE', *, *, #1669, .T. ) ;
#4419 = AXIS2_PLACEMENT_3D ( 'NONE', #1746, #6604, #6104 ) ;
#4420 = AXIS2_PLACEMENT_3D ( 'NONE', #6412, #5393, #555 ) ;
#4421 = AXIS2_PLACEMENT_3D ( 'NONE', #835, #269, #4528 ) ;
#4422 = DIRECTION ( 'NONE',  ( -0.9921147013144786531, 0.1253332335642974860, 0.000000000000000000 ) ) ;
#4423 = CIRCLE ( 'NONE', #5330, 45.00000000000000711 ) ;
#4424 = DIRECTION ( 'NONE',  ( -0.000000000000000000, -0.000000000000000000, -1.000000000000000000 ) ) ;
#4425 = AXIS2_PLACEMENT_3D ( 'NONE', #5092, #4574, #276 ) ;
#4426 = ADVANCED_FACE ( 'NONE', ( #791 ), #2909, .F. ) ;
#4427 = DIRECTION ( 'NONE',  ( 1.000000000000000000, 0.000000000000000000, 0.000000000000000000 ) ) ;
#4428 = ORIENTED_EDGE ( 'NONE', *, *, #5903, .T. ) ;
#4429 = PLANE ( 'NONE',  #3866 ) ;
#4430 = EDGE_LOOP ( 'NONE', ( #1137, #1067, #3097, #923 ) ) ;
#4431 = CARTESIAN_POINT ( 'NONE',  ( 39.41663997923731699, -6.806503709481892983, 3.907315377998108371E-16 ) ) ;
#4432 = EDGE_CURVE ( 'NONE', #805, #678, #3186, .T. ) ;
#4433 = VECTOR ( 'NONE', #6631, 1000.000000000000114 ) ;
#4434 = VECTOR ( 'NONE', #1748, 1000.000000000000000 ) ;
#4435 = CARTESIAN_POINT ( 'NONE',  ( 35.11509744738734184, -28.14124963928381717, 3.907315377998108371E-16 ) ) ;
#4436 = DIRECTION ( 'NONE',  ( -0.9510565162951521989, -0.3090169943749514481, -0.000000000000000000 ) ) ;
#4437 = CIRCLE ( 'NONE', #2299, 40.00000000000000000 ) ;
#4438 = EDGE_CURVE ( 'NONE', #4137, #2992, #6747, .T. ) ;
#4439 = CARTESIAN_POINT ( 'NONE',  ( 0.000000000000000000, 0.000000000000000000, 0.000000000000000000 ) ) ;
#4440 = CIRCLE ( 'NONE', #2525, 45.00000000000000711 ) ;
#4441 = CARTESIAN_POINT ( 'NONE',  ( -0.6999999999999934053, 44.99455522616041492, 10.00000000000000000 ) ) ;
#4442 = VERTEX_POINT ( 'NONE', #6719 ) ;
#4443 = LINE ( 'NONE', #5526, #4663 ) ;
#4444 = EDGE_LOOP ( 'NONE', ( #4325, #6042, #5514, #1022 ) ) ;
#4445 = ORIENTED_EDGE ( 'NONE', *, *, #1468, .F. ) ;
#4446 = PLANE ( 'NONE',  #4640 ) ;
#4447 = ORIENTED_EDGE ( 'NONE', *, *, #1420, .F. ) ;
#4448 = DIRECTION ( 'NONE',  ( -0.5877852522924685852, -0.8090169943749507819, -0.000000000000000000 ) ) ;
#4449 = DIRECTION ( 'NONE',  ( -0.000000000000000000, 0.000000000000000000, 1.000000000000000000 ) ) ;
#4450 = VECTOR ( 'NONE', #4448, 1000.000000000000000 ) ;
#4451 = DIRECTION ( 'NONE',  ( -0.000000000000000000, 0.000000000000000000, 1.000000000000000000 ) ) ;
#4452 = EDGE_LOOP ( 'NONE', ( #182, #4384, #6429, #707 ) ) ;
#4453 = DIRECTION ( 'NONE',  ( -0.5877852522924743583, 0.8090169943749465631, -0.000000000000000000 ) ) ;
#4454 = ORIENTED_EDGE ( 'NONE', *, *, #4540, .F. ) ;
#4455 = LINE ( 'NONE', #159, #3076 ) ;
#4456 = EDGE_LOOP ( 'NONE', ( #1238, #27, #3642, #887 ) ) ;
#4457 = CIRCLE ( 'NONE', #5238, 45.00000000000000711 ) ;
#4458 = EDGE_CURVE ( 'NONE', #576, #5887, #5665, .T. ) ;
#4459 = DIRECTION ( 'NONE',  ( 1.000000000000000000, 0.000000000000000000, 0.000000000000000000 ) ) ;
#4460 = FACE_OUTER_BOUND ( 'NONE', #5392, .T. ) ;
#4461 = EDGE_CURVE ( 'NONE', #2879, #4494, #3441, .T. ) ;
#4462 = DIRECTION ( 'NONE',  ( -0.5877852522924685852, -0.8090169943749507819, 0.000000000000000000 ) ) ;
#4463 = VERTEX_POINT ( 'NONE', #4007 ) ;
#4464 = LINE ( 'NONE', #233, #1509 ) ;
#4465 = ORIENTED_EDGE ( 'NONE', *, *, #4905, .T. ) ;
#4466 = CARTESIAN_POINT ( 'NONE',  ( 47.59862517110195057, -3.696035685520713265, 8.193579175013844965E-16 ) ) ;
#4467 = LINE ( 'NONE', #6542, #1387 ) ;
#4468 = LINE ( 'NONE', #1263, #3746 ) ;
#4470 = EDGE_CURVE ( 'NONE', #24, #775, #1499, .T. ) ;
#4469 = CARTESIAN_POINT ( 'NONE',  ( 17.21444405599784488, 41.57719225540513008, 8.000000000000000000 ) ) ;
#4471 = DIRECTION ( 'NONE',  ( -0.8443279255020126328, -0.5358267949790005424, -0.000000000000000000 ) ) ;
#4472 = ORIENTED_EDGE ( 'NONE', *, *, #2478, .F. ) ;
#4473 = DIRECTION ( 'NONE',  ( 1.000000000000000000, 0.000000000000000000, 0.000000000000000000 ) ) ;
#4474 = ORIENTED_EDGE ( 'NONE', *, *, #1146, .F. ) ;
#4475 = EDGE_CURVE ( 'NONE', #5474, #5356, #304, .T. ) ;
#4476 = ORIENTED_EDGE ( 'NONE', *, *, #6716, .F. ) ;
#4477 = CARTESIAN_POINT ( 'NONE',  ( -33.39286635904738887, 22.02081915658000710, 0.000000000000000000 ) ) ;
#4478 = ORIENTED_EDGE ( 'NONE', *, *, #2874, .T. ) ;
#4479 = LINE ( 'NONE', #2342, #4433 ) ;
#4480 = CARTESIAN_POINT ( 'NONE',  ( -11.86769907501673060, 43.40688561351582564, 8.193579175013844965E-16 ) ) ;
#4481 = CARTESIAN_POINT ( 'NONE',  ( 21.06287761874438047, 39.76625688215823828, 8.000000000000000000 ) ) ;
#4482 = DIRECTION ( 'NONE',  ( -0.8443279255020164076, 0.5358267949789945472, -0.000000000000000000 ) ) ;
#4483 = ORIENTED_EDGE ( 'NONE', *, *, #796, .F. ) ;
#4484 = LINE ( 'NONE', #3855, #2967 ) ;
#4485 = ORIENTED_EDGE ( 'NONE', *, *, #3430, .F. ) ;
#4486 = CARTESIAN_POINT ( 'NONE',  ( 0.000000000000000000, 0.000000000000000000, 0.000000000000000000 ) ) ;
#4487 = ORIENTED_EDGE ( 'NONE', *, *, #1452, .F. ) ;
#4488 = PLANE ( 'NONE',  #4866 ) ;
#4489 = CARTESIAN_POINT ( 'NONE',  ( -39.15430613881725463, -8.181705860502335170, 8.000000000000000000 ) ) ;
#4490 = DIRECTION ( 'NONE',  ( 1.000000000000000000, 0.000000000000000000, 0.000000000000000000 ) ) ;
#4491 = EDGE_CURVE ( 'NONE', #5772, #19, #5656, .T. ) ;
#4492 = VERTEX_POINT ( 'NONE', #5156 ) ;
#4493 = DIRECTION ( 'NONE',  ( 0.000000000000000000, 0.000000000000000000, 1.000000000000000000 ) ) ;
#4494 = VERTEX_POINT ( 'NONE', #3474 ) ;
#4495 = LINE ( 'NONE', #6648, #184 ) ;
#4496 = EDGE_CURVE ( 'NONE', #2011, #2035, #6907, .T. ) ;
#4497 = EDGE_CURVE ( 'NONE', #6859, #5461, #2980, .T. ) ;
#4498 = LINE ( 'NONE', #4013, #601 ) ;
#4499 = DIRECTION ( 'NONE',  ( -0.1253332335642974860, -0.9921147013144786531, -0.000000000000000000 ) ) ;
#4500 = DIRECTION ( 'NONE',  ( -0.9921147013144786531, 0.1253332335642974860, 0.000000000000000000 ) ) ;
#4501 = CARTESIAN_POINT ( 'NONE',  ( -39.87100239165711457, -3.209854869690517365, 8.000000000000000000 ) ) ;
#4502 = VERTEX_POINT ( 'NONE', #1399 ) ;
#4503 = CARTESIAN_POINT ( 'NONE',  ( -38.25274688064445172, -11.69304733956664144, 0.000000000000000000 ) ) ;
#4504 = ORIENTED_EDGE ( 'NONE', *, *, #1471, .T. ) ;
#4505 = EDGE_LOOP ( 'NONE', ( #4662, #6353, #2007, #768 ) ) ;
#4506 = CARTESIAN_POINT ( 'NONE',  ( 15.37357071196673175, 36.92767693159371589, 8.000000000000000000 ) ) ;
#4507 = AXIS2_PLACEMENT_3D ( 'NONE', #6940, #6405, #6435 ) ;
#4508 = EDGE_LOOP ( 'NONE', ( #2595, #3134, #1333, #2983 ) ) ;
#4509 = EDGE_CURVE ( 'NONE', #5489, #3890, #2624, .T. ) ;
#4510 = DIRECTION ( 'NONE',  ( 0.000000000000000000, 0.000000000000000000, 1.000000000000000000 ) ) ;
#4511 = DIRECTION ( 'NONE',  ( 0.8443279255020164076, -0.5358267949789945472, 0.000000000000000000 ) ) ;
#4512 = ADVANCED_FACE ( 'NONE', ( #330 ), #1991, .F. ) ;
#4513 = FACE_OUTER_BOUND ( 'NONE', #4233, .T. ) ;
#4514 = CARTESIAN_POINT ( 'NONE',  ( 12.94454915351165702, -53.23044088929093931, 8.193579175013844965E-16 ) ) ;
#4515 = EDGE_CURVE ( 'NONE', #2975, #5834, #6255, .T. ) ;
#4516 = ORIENTED_EDGE ( 'NONE', *, *, #2602, .F. ) ;
#4517 = CARTESIAN_POINT ( 'NONE',  ( 36.37957734714225921, -51.26310366668197105, 8.193579175013844965E-16 ) ) ;
#4518 = VECTOR ( 'NONE', #4220, 1000.000000000000000 ) ;
#4519 = VERTEX_POINT ( 'NONE', #4596 ) ;
#4520 = CARTESIAN_POINT ( 'NONE',  ( -17.21444405599814331, 41.57719225540496666, 8.193579175013844965E-16 ) ) ;
#4521 = EDGE_LOOP ( 'NONE', ( #5803, #3960, #4328, #6846 ) ) ;
#4522 = EDGE_CURVE ( 'NONE', #6267, #93, #4143, .T. ) ;
#4523 = AXIS2_PLACEMENT_3D ( 'NONE', #1295, #4422, #120 ) ;
#4524 = VECTOR ( 'NONE', #5993, 1000.000000000000000 ) ;
#4525 = PLANE ( 'NONE',  #4523 ) ;
#4526 = CARTESIAN_POINT ( 'NONE',  ( 34.14302387201799149, -20.83876006087718480, 8.000000000000000000 ) ) ;
#4527 = VECTOR ( 'NONE', #4471, 1000.000000000000000 ) ;
#4528 = DIRECTION ( 'NONE',  ( 1.000000000000000000, 0.000000000000000000, 0.000000000000000000 ) ) ;
#4529 = AXIS2_PLACEMENT_3D ( 'NONE', #6717, #4699, #6290 ) ;
#4530 = VERTEX_POINT ( 'NONE', #1433 ) ;
#4531 = CARTESIAN_POINT ( 'NONE',  ( 31.31117060181147593, 32.32043619050114813, 8.000000000000000000 ) ) ;
#4532 = VECTOR ( 'NONE', #1557, 1000.000000000000000 ) ;
#4533 = ORIENTED_EDGE ( 'NONE', *, *, #3480, .F. ) ;
#4534 = DIRECTION ( 'NONE',  ( -0.6845471059286846183, -0.7289686274214153272, -0.000000000000000000 ) ) ;
#4535 = AXIS2_PLACEMENT_3D ( 'NONE', #1888, #6686, #1359 ) ;
#4536 = VECTOR ( 'NONE', #6395, 1000.000000000000000 ) ;
#4537 = CARTESIAN_POINT ( 'NONE',  ( -4.944832808362230381, 44.72749298247493499, 8.000000000000000000 ) ) ;
#4538 = CARTESIAN_POINT ( 'NONE',  ( 41.01033628640173845, 18.52437091175410444, 10.00000000000000000 ) ) ;
#4539 = CARTESIAN_POINT ( 'NONE',  ( -37.61508071650447249, -24.70031786619058423, 8.193579175013844965E-16 ) ) ;
#4540 = EDGE_CURVE ( 'NONE', #1770, #2770, #5675, .T. ) ;
#4541 = FACE_OUTER_BOUND ( 'NONE', #4166, .T. ) ;
#4542 = ORIENTED_EDGE ( 'NONE', *, *, #2783, .T. ) ;
#4543 = CARTESIAN_POINT ( 'NONE',  ( 51.57160644768101321, 10.55043257842991267, 8.000000000000000000 ) ) ;
#4544 = AXIS2_PLACEMENT_3D ( 'NONE', #5788, #3141, #2012 ) ;
#4546 = ORIENTED_EDGE ( 'NONE', *, *, #6195, .F. ) ;
#4545 = CIRCLE ( 'NONE', #1393, 40.00000000000000000 ) ;
#4547 = UNCERTAINTY_MEASURE_WITH_UNIT (LENGTH_MEASURE( 1.000000000000000082E-05 ), #6588, 'distance_accuracy_value', 'NONE');
#4548 = AXIS2_PLACEMENT_3D ( 'NONE', #5096, #6129, #845 ) ;
#4549 = EDGE_LOOP ( 'NONE', ( #3885, #6010, #270, #4685 ) ) ;
#4550 = EDGE_CURVE ( 'NONE', #3230, #5437, #900, .T. ) ;
#4551 = AXIS2_PLACEMENT_3D ( 'NONE', #25, #1561, #1100 ) ;
#4552 = FACE_OUTER_BOUND ( 'NONE', #4332, .T. ) ;
#4553 = ORIENTED_EDGE ( 'NONE', *, *, #251, .T. ) ;
#4554 = CARTESIAN_POINT ( 'NONE',  ( 53.71173865395454783, 18.18802536455120844, 8.000000000000000000 ) ) ;
#4555 = EDGE_CURVE ( 'NONE', #6337, #2350, #5218, .T. ) ;
#4556 = CARTESIAN_POINT ( 'NONE',  ( 51.83394028810103293, 9.175230427409749367, 8.193579175013844965E-16 ) ) ;
#4557 = VECTOR ( 'NONE', #585, 1000.000000000000000 ) ;
#4558 = CARTESIAN_POINT ( 'NONE',  ( 0.000000000000000000, 0.000000000000000000, 8.000000000000000000 ) ) ;
#4559 = DIRECTION ( 'NONE',  ( -0.9048270524660175784, -0.4257792915650767673, -0.000000000000000000 ) ) ;
#4560 = ORIENTED_EDGE ( 'NONE', *, *, #5071, .T. ) ;
#4561 = EDGE_CURVE ( 'NONE', #1309, #5723, #2386, .T. ) ;
#4562 = CARTESIAN_POINT ( 'NONE',  ( 38.36523822947523144, -23.51825877048749902, 8.000000000000000000 ) ) ;
#4563 = ORIENTED_EDGE ( 'NONE', *, *, #1964, .F. ) ;
#4564 = CIRCLE ( 'NONE', #4904, 40.00000000000000000 ) ;
#4565 = EDGE_CURVE ( 'NONE', #6678, #3461, #5831, .T. ) ;
#4566 = LINE ( 'NONE', #4624, #6775 ) ;
#4567 = DIRECTION ( 'NONE',  ( 1.000000000000000000, 0.000000000000000000, 0.000000000000000000 ) ) ;
#4568 = CARTESIAN_POINT ( 'NONE',  ( 5.607921044894919049, -49.97637685009845399, 8.000000000000000000 ) ) ;
#4569 = AXIS2_PLACEMENT_3D ( 'NONE', #483, #2222, #6977 ) ;
#4570 = ORIENTED_EDGE ( 'NONE', *, *, #6872, .T. ) ;
#4571 = PLANE ( 'NONE',  #829 ) ;
#4572 = ORIENTED_EDGE ( 'NONE', *, *, #6841, .F. ) ;
#4573 = DIRECTION ( 'NONE',  ( 1.000000000000000000, 0.000000000000000000, 0.000000000000000000 ) ) ;
#4574 = DIRECTION ( 'NONE',  ( -0.000000000000000000, 0.000000000000000000, 1.000000000000000000 ) ) ;
#4575 = AXIS2_PLACEMENT_3D ( 'NONE', #1920, #904, #6296 ) ;
#4576 = CARTESIAN_POINT ( 'NONE',  ( 0.000000000000000000, 0.000000000000000000, 0.000000000000000000 ) ) ;
#4577 = FACE_OUTER_BOUND ( 'NONE', #6193, .T. ) ;
#4578 = CARTESIAN_POINT ( 'NONE',  ( 0.7000000000000000666, -45.00000000000000711, 8.000000000000000000 ) ) ;
#4579 = ORIENTED_EDGE ( 'NONE', *, *, #6273, .T. ) ;
#4580 = CARTESIAN_POINT ( 'NONE',  ( -35.88949410446953436, 17.66194250147040989, 0.000000000000000000 ) ) ;
#4581 = VERTEX_POINT ( 'NONE', #1080 ) ;
#4582 = ORIENTED_EDGE ( 'NONE', *, *, #1057, .T. ) ;
#4583 = FACE_OUTER_BOUND ( 'NONE', #4585, .T. ) ;
#4584 = PLANE ( 'NONE',  #700 ) ;
#4585 = EDGE_LOOP ( 'NONE', ( #2630, #2160, #3803, #3847 ) ) ;
#4586 = CARTESIAN_POINT ( 'NONE',  ( -27.01344789145857916, -35.98991015570130969, 10.00000000000000000 ) ) ;
#4587 = CARTESIAN_POINT ( 'NONE',  ( 43.00867684170452776, -13.23834265781894892, 3.907315377998108371E-16 ) ) ;
#4588 = EDGE_CURVE ( 'NONE', #5704, #576, #4806, .T. ) ;
#4589 = DIRECTION ( 'NONE',  ( -0.9510565162951521989, -0.3090169943749514481, 0.000000000000000000 ) ) ;
#4590 = EDGE_LOOP ( 'NONE', ( #4277, #4018, #1116, #5076 ) ) ;
#4591 = FACE_OUTER_BOUND ( 'NONE', #5810, .T. ) ;
#4592 = ORIENTED_EDGE ( 'NONE', *, *, #6152, .F. ) ;
#4593 = EDGE_CURVE ( 'NONE', #6555, #4049, #1952, .T. ) ;
#4594 = DIRECTION ( 'NONE',  ( -0.000000000000000000, 0.000000000000000000, 1.000000000000000000 ) ) ;
#4595 = CARTESIAN_POINT ( 'NONE',  ( 39.95890911899812181, -1.812617449890661980, 3.907315377998108371E-16 ) ) ;
#4596 = CARTESIAN_POINT ( 'NONE',  ( -33.39286635904738176, 22.02081915657999645, 8.000000000000000000 ) ) ;
#4597 = ORIENTED_EDGE ( 'NONE', *, *, #2874, .F. ) ;
#4598 = EDGE_CURVE ( 'NONE', #664, #3267, #3874, .T. ) ;
#4599 = DIRECTION ( 'NONE',  ( -0.000000000000000000, -0.000000000000000000, -1.000000000000000000 ) ) ;
#4600 = ORIENTED_EDGE ( 'NONE', *, *, #5715, .T. ) ;
#4601 = LINE ( 'NONE', #5191, #73 ) ;
#4602 = ADVANCED_FACE ( 'NONE', ( #1569 ), #3120, .F. ) ;
#4603 = CARTESIAN_POINT ( 'NONE',  ( 0.000000000000000000, 0.000000000000000000, 0.000000000000000000 ) ) ;
#4604 = CARTESIAN_POINT ( 'NONE',  ( 0.000000000000000000, 0.000000000000000000, 8.000000000000000000 ) ) ;
#4605 = CARTESIAN_POINT ( 'NONE',  ( 44.86181538577955763, -3.523850208540632245, 8.193579175013844965E-16 ) ) ;
#4606 = DIRECTION ( 'NONE',  ( 0.000000000000000000, 0.000000000000000000, 1.000000000000000000 ) ) ;
#4607 = EDGE_CURVE ( 'NONE', #1671, #5941, #934, .T. ) ;
#4608 = EDGE_LOOP ( 'NONE', ( #1733, #3484, #3832, #5542 ) ) ;
#4609 = DIRECTION ( 'NONE',  ( -0.000000000000000000, 0.000000000000000000, 1.000000000000000000 ) ) ;
#4610 = EDGE_LOOP ( 'NONE', ( #759, #2496, #1345, #2458 ) ) ;
#4611 = ORIENTED_EDGE ( 'NONE', *, *, #6562, .T. ) ;
#4612 = FACE_OUTER_BOUND ( 'NONE', #6018, .T. ) ;
#4613 = LINE ( 'NONE', #5785, #5079 ) ;
#4614 = EDGE_LOOP ( 'NONE', ( #3692, #4266, #6217, #3140, #2341, #2990 ) ) ;
#4615 = CARTESIAN_POINT ( 'NONE',  ( 54.47663323589635098, -24.86112925638337146, 3.907315377998108371E-16 ) ) ;
#4616 = CARTESIAN_POINT ( 'NONE',  ( 30.05469011279868852, -53.21625363895154948, 8.000000000000000000 ) ) ;
#4617 = LINE ( 'NONE', #221, #1382 ) ;
#4618 = VERTEX_POINT ( 'NONE', #6324 ) ;
#4619 = ADVANCED_FACE ( 'NONE', ( #3714 ), #2587, .F. ) ;
#4620 = CARTESIAN_POINT ( 'NONE',  ( 0.000000000000000000, 0.000000000000000000, 10.00000000000000000 ) ) ;
#4621 = EDGE_CURVE ( 'NONE', #2044, #1101, #6888, .T. ) ;
#4622 = ORIENTED_EDGE ( 'NONE', *, *, #161, .T. ) ;
#4623 = VECTOR ( 'NONE', #4117, 1000.000000000000000 ) ;
#4624 = CARTESIAN_POINT ( 'NONE',  ( 26.86741302586447944, -29.63346279626475877, 10.00000000000000000 ) ) ;
#4625 = DIRECTION ( 'NONE',  ( -0.5877852522924685852, -0.8090169943749507819, -0.000000000000000000 ) ) ;
#4626 = DIRECTION ( 'NONE',  ( -0.000000000000000000, 0.000000000000000000, 1.000000000000000000 ) ) ;
#4627 = ORIENTED_EDGE ( 'NONE', *, *, #4964, .F. ) ;
#4628 = CARTESIAN_POINT ( 'NONE',  ( -5.707041908653294193, 39.59077762121975752, 10.00000000000000000 ) ) ;
#4629 = EDGE_CURVE ( 'NONE', #746, #5547, #6234, .T. ) ;
#4630 = ORIENTED_EDGE ( 'NONE', *, *, #927, .F. ) ;
#4631 = FACE_OUTER_BOUND ( 'NONE', #988, .T. ) ;
#4632 = AXIS2_PLACEMENT_3D ( 'NONE', #6816, #5791, #2545 ) ;
#4633 = CARTESIAN_POINT ( 'NONE',  ( 0.000000000000000000, 0.000000000000000000, 0.000000000000000000 ) ) ;
#4634 = EDGE_CURVE ( 'NONE', #2090, #4502, #3084, .T. ) ;
#4635 = VECTOR ( 'NONE', #114, 1000.000000000000000 ) ;
#4636 = DIRECTION ( 'NONE',  ( -0.000000000000000000, 0.000000000000000000, 1.000000000000000000 ) ) ;
#4637 = CARTESIAN_POINT ( 'NONE',  ( -39.87100239165707904, -3.209854869690514700, 10.00000000000000000 ) ) ;
#4638 = ORIENTED_EDGE ( 'NONE', *, *, #3676, .T. ) ;
#4639 = PLANE ( 'NONE',  #6553 ) ;
#4640 = AXIS2_PLACEMENT_3D ( 'NONE', #2895, #810, #2370 ) ;
#4641 = VERTEX_POINT ( 'NONE', #5230 ) ;
#4642 = LINE ( 'NONE', #2950, #5451 ) ;
#4643 = EDGE_CURVE ( 'NONE', #1800, #634, #1538, .T. ) ;
#4644 = ORIENTED_EDGE ( 'NONE', *, *, #376, .F. ) ;
#4645 = AXIS2_PLACEMENT_3D ( 'NONE', #340, #5739, #1410 ) ;
#4646 = AXIS2_PLACEMENT_3D ( 'NONE', #3896, #1248, #6709 ) ;
#4647 = VECTOR ( 'NONE', #412, 1000.000000000000000 ) ;
#4648 = EDGE_CURVE ( 'NONE', #6798, #3696, #3684, .T. ) ;
#4649 = ORIENTED_EDGE ( 'NONE', *, *, #1700, .F. ) ;
#4650 = ADVANCED_FACE ( 'NONE', ( #5860 ), #6965, .F. ) ;
#4651 = DIRECTION ( 'NONE',  ( 1.000000000000000000, 0.000000000000000000, 0.000000000000000000 ) ) ;
#4652 = CIRCLE ( 'NONE', #5552, 45.00000000000000711 ) ;
#4653 = DIRECTION ( 'NONE',  ( -0.000000000000000000, -0.000000000000000000, -1.000000000000000000 ) ) ;
#4654 = VECTOR ( 'NONE', #1115, 1000.000000000000227 ) ;
#4655 = ORIENTED_EDGE ( 'NONE', *, *, #4629, .T. ) ;
#4656 = DIRECTION ( 'NONE',  ( 1.000000000000000000, 0.000000000000000000, 0.000000000000000000 ) ) ;
#4657 = ORIENTED_EDGE ( 'NONE', *, *, #5424, .F. ) ;
#4658 = DIRECTION ( 'NONE',  ( 1.000000000000000000, 0.000000000000000000, -0.000000000000000000 ) ) ;
#4659 = AXIS2_PLACEMENT_3D ( 'NONE', #6621, #1866, #176 ) ;
#4660 = CIRCLE ( 'NONE', #4544, 40.00000000000000000 ) ;
#4661 = CARTESIAN_POINT ( 'NONE',  ( 20.84967222629201444, -54.56179118725653154, 8.193579175013844965E-16 ) ) ;
#4662 = ORIENTED_EDGE ( 'NONE', *, *, #4550, .F. ) ;
#4663 = VECTOR ( 'NONE', #6698, 1000.000000000000227 ) ;
#4664 = CYLINDRICAL_SURFACE ( 'NONE', #1312, 40.00000000000000000 ) ;
#4665 = VERTEX_POINT ( 'NONE', #4174 ) ;
#4666 = DIRECTION ( 'NONE',  ( 1.000000000000000000, 0.000000000000000000, 0.000000000000000000 ) ) ;
#4667 = CARTESIAN_POINT ( 'NONE',  ( -40.00000000000000000, 0.000000000000000000, 10.00000000000000000 ) ) ;
#4668 = DIRECTION ( 'NONE',  ( 1.000000000000000000, 0.000000000000000000, 0.000000000000000000 ) ) ;
#4669 = ORIENTED_EDGE ( 'NONE', *, *, #2018, .F. ) ;
#4670 = CARTESIAN_POINT ( 'NONE',  ( 5.607921044894914608, -49.97637685009845399, 8.193579175013844965E-16 ) ) ;
#4671 = ORIENTED_EDGE ( 'NONE', *, *, #733, .T. ) ;
#4672 = DIRECTION ( 'NONE',  ( 1.000000000000000000, 0.000000000000000000, 0.000000000000000000 ) ) ;
#4673 = EDGE_CURVE ( 'NONE', #805, #2193, #405, .T. ) ;
#4674 = CARTESIAN_POINT ( 'NONE',  ( 22.15135930653510599, 54.04641681349798432, 8.193579175013844965E-16 ) ) ;
#4675 = EDGE_CURVE ( 'NONE', #2627, #5174, #3990, .T. ) ;
#4676 = CARTESIAN_POINT ( 'NONE',  ( 6.996881626735182991, -49.80091032310843246, 8.000000000000000000 ) ) ;
#4677 = AXIS2_PLACEMENT_3D ( 'NONE', #6818, #6149, #1458 ) ;
#4678 = LINE ( 'NONE', #4637, #1597 ) ;
#4679 = ORIENTED_EDGE ( 'NONE', *, *, #4290, .F. ) ;
#4680 = DIRECTION ( 'NONE',  ( -0.000000000000000000, 0.000000000000000000, 1.000000000000000000 ) ) ;
#4681 = VERTEX_POINT ( 'NONE', #3755 ) ;
#4682 = DIRECTION ( 'NONE',  ( -0.000000000000000000, -0.000000000000000000, -1.000000000000000000 ) ) ;
#4683 = ORIENTED_EDGE ( 'NONE', *, *, #5954, .T. ) ;
#4684 = CIRCLE ( 'NONE', #3903, 40.00000000000000000 ) ;
#4685 = ORIENTED_EDGE ( 'NONE', *, *, #2120, .F. ) ;
#4686 = EDGE_CURVE ( 'NONE', #678, #2221, #2695, .T. ) ;
#4687 = LINE ( 'NONE', #5172, #930 ) ;
#4688 = CARTESIAN_POINT ( 'NONE',  ( 44.06641103065523168, 9.118739982988184778, 3.907315377998108371E-16 ) ) ;
#4689 = FACE_OUTER_BOUND ( 'NONE', #6160, .T. ) ;
#4690 = ORIENTED_EDGE ( 'NONE', *, *, #1339, .T. ) ;
#4691 = LINE ( 'NONE', #350, #2197 ) ;
#4692 = ORIENTED_EDGE ( 'NONE', *, *, #1932, .T. ) ;
#4693 = ADVANCED_FACE ( 'NONE', ( #2555 ), #2167, .F. ) ;
#4694 = DIRECTION ( 'NONE',  ( 1.000000000000000000, 0.000000000000000000, 0.000000000000000000 ) ) ;
#4695 = ORIENTED_EDGE ( 'NONE', *, *, #4833, .T. ) ;
#4696 = EDGE_CURVE ( 'NONE', #6712, #3887, #3533, .T. ) ;
#4697 = DIRECTION ( 'NONE',  ( 1.000000000000000000, 0.000000000000000000, 0.000000000000000000 ) ) ;
#4698 = ORIENTED_EDGE ( 'NONE', *, *, #1140, .T. ) ;
#4699 = DIRECTION ( 'NONE',  ( -0.6374239897486935202, 0.7705132427757860336, 0.000000000000000000 ) ) ;
#4700 = CARTESIAN_POINT ( 'NONE',  ( 37.51220113926678579, 50.44020431347271938, 8.000000000000000000 ) ) ;
#4701 = CARTESIAN_POINT ( 'NONE',  ( 0.000000000000000000, 0.000000000000000000, 0.000000000000000000 ) ) ;
#4702 = ORIENTED_EDGE ( 'NONE', *, *, #1471, .F. ) ;
#4703 = CARTESIAN_POINT ( 'NONE',  ( 19.88061067289450889, 34.70967184046534726, 8.000000000000000000 ) ) ;
#4704 = VERTEX_POINT ( 'NONE', #3493 ) ;
#4705 = PLANE ( 'NONE',  #4575 ) ;
#4706 = CARTESIAN_POINT ( 'NONE',  ( 0.000000000000000000, 0.000000000000000000, 8.000000000000000000 ) ) ;
#4707 = DIRECTION ( 'NONE',  ( 0.9921147013144778759, 0.1253332335643045636, 0.000000000000000000 ) ) ;
#4708 = CARTESIAN_POINT ( 'NONE',  ( 5.607921044894919049, -49.97637685009845399, 8.000000000000000000 ) ) ;
#4709 = ORIENTED_EDGE ( 'NONE', *, *, #2922, .F. ) ;
#4710 = DIRECTION ( 'NONE',  ( 0.000000000000000000, 0.000000000000000000, 1.000000000000000000 ) ) ;
#4711 = ORIENTED_EDGE ( 'NONE', *, *, #6414, .T. ) ;
#4712 = DIRECTION ( 'NONE',  ( -0.6845471059286899473, 0.7289686274214103312, -0.000000000000000000 ) ) ;
#4713 = ADVANCED_FACE ( 'NONE', ( #1644 ), #3994, .F. ) ;
#4714 = ORIENTED_EDGE ( 'NONE', *, *, #4621, .T. ) ;
#4715 = EDGE_CURVE ( 'NONE', #1957, #3075, #5100, .T. ) ;
#4716 = ORIENTED_EDGE ( 'NONE', *, *, #4890, .F. ) ;
#4717 = DIRECTION ( 'NONE',  ( 0.9980267284282713369, 0.06279051952931692659, 0.000000000000000000 ) ) ;
#4718 = PLANE ( 'NONE',  #6680 ) ;
#4719 = DIRECTION ( 'NONE',  ( -0.8443279255020164076, 0.5358267949789945472, -0.000000000000000000 ) ) ;
#4720 = VERTEX_POINT ( 'NONE', #5005 ) ;
#4721 = DIRECTION ( 'NONE',  ( 0.000000000000000000, 0.000000000000000000, 1.000000000000000000 ) ) ;
#4722 = EDGE_LOOP ( 'NONE', ( #2892, #3503, #3169, #6861 ) ) ;
#4723 = DIRECTION ( 'NONE',  ( 0.000000000000000000, 0.000000000000000000, 1.000000000000000000 ) ) ;
#4724 = VERTEX_POINT ( 'NONE', #6501 ) ;
#4725 = DIRECTION ( 'NONE',  ( 0.000000000000000000, 0.000000000000000000, 1.000000000000000000 ) ) ;
#4726 = EDGE_CURVE ( 'NONE', #2195, #2435, #6469, .T. ) ;
#4727 = ORIENTED_EDGE ( 'NONE', *, *, #5471, .F. ) ;
#4728 = EDGE_CURVE ( 'NONE', #5879, #103, #1850, .T. ) ;
#4729 = LINE ( 'NONE', #5858, #6000 ) ;
#4730 = CARTESIAN_POINT ( 'NONE',  ( 20.84967222629154904, 54.56179118725652444, 8.000000000000000000 ) ) ;
#4731 = DIRECTION ( 'NONE',  ( -0.000000000000000000, 0.000000000000000000, 1.000000000000000000 ) ) ;
#4732 = ORIENTED_EDGE ( 'NONE', *, *, #4280, .F. ) ;
#4733 = DIRECTION ( 'NONE',  ( 1.000000000000000000, 0.000000000000000000, 0.000000000000000000 ) ) ;
#4734 = ORIENTED_EDGE ( 'NONE', *, *, #4214, .F. ) ;
#4735 = DIRECTION ( 'NONE',  ( 1.000000000000000000, 0.000000000000000000, 0.000000000000000000 ) ) ;
#4736 = DIRECTION ( 'NONE',  ( 0.06279051952930998770, 0.9980267284282717810, 0.000000000000000000 ) ) ;
#4737 = DIRECTION ( 'NONE',  ( -0.000000000000000000, 0.000000000000000000, 1.000000000000000000 ) ) ;
#4738 = ORIENTED_EDGE ( 'NONE', *, *, #1791, .T. ) ;
#4739 = DIRECTION ( 'NONE',  ( 1.000000000000000000, 0.000000000000000000, 0.000000000000000000 ) ) ;
#4740 = ORIENTED_EDGE ( 'NONE', *, *, #4217, .T. ) ;
#4741 = FACE_OUTER_BOUND ( 'NONE', #889, .T. ) ;
#4742 = VERTEX_POINT ( 'NONE', #708 ) ;
#4743 = AXIS2_PLACEMENT_3D ( 'NONE', #6243, #6764, #6809 ) ;
#4744 = ORIENTED_EDGE ( 'NONE', *, *, #355, .T. ) ;
#4745 = DIRECTION ( 'NONE',  ( -0.9822872507286892763, 0.1873813145857214646, -0.000000000000000000 ) ) ;
#4746 = AXIS2_PLACEMENT_3D ( 'NONE', #1246, #2376, #6205 ) ;
#4747 = FACE_OUTER_BOUND ( 'NONE', #1533, .T. ) ;
#4748 = DIRECTION ( 'NONE',  ( 0.000000000000000000, 0.000000000000000000, 1.000000000000000000 ) ) ;
#4749 = ORIENTED_EDGE ( 'NONE', *, *, #5963, .T. ) ;
#4750 = CARTESIAN_POINT ( 'NONE',  ( 12.94454915351121294, 53.23044088929079720, 3.907315377998108371E-16 ) ) ;
#4751 = AXIS2_PLACEMENT_3D ( 'NONE', #6088, #4399, #3376 ) ;
#4752 = ORIENTED_EDGE ( 'NONE', *, *, #4157, .F. ) ;
#4753 = CIRCLE ( 'NONE', #3298, 40.00000000000000000 ) ;
#4754 = CIRCLE ( 'NONE', #4420, 45.00000000000000711 ) ;
#4755 = EDGE_CURVE ( 'NONE', #6976, #1969, #290, .T. ) ;
#4756 = AXIS2_PLACEMENT_3D ( 'NONE', #5084, #6215, #4108 ) ;
#4757 = CARTESIAN_POINT ( 'NONE',  ( 34.22270386173897805, 29.21996817917015576, 3.907315377998108371E-16 ) ) ;
#4758 = CIRCLE ( 'NONE', #6684, 45.00000000000000711 ) ;
#4759 = EDGE_CURVE ( 'NONE', #3696, #5204, #1737, .T. ) ;
#4760 = AXIS2_PLACEMENT_3D ( 'NONE', #4706, #6863, #5194 ) ;
#4761 = ORIENTED_EDGE ( 'NONE', *, *, #1275, .T. ) ;
#4762 = DIRECTION ( 'NONE',  ( 0.000000000000000000, 0.000000000000000000, 1.000000000000000000 ) ) ;
#4763 = VECTOR ( 'NONE', #962, 1000.000000000000114 ) ;
#4764 = ORIENTED_EDGE ( 'NONE', *, *, #4845, .T. ) ;
#4765 = CIRCLE ( 'NONE', #492, 40.00000000000000000 ) ;
#4766 = PRESENTATION_LAYER_ASSIGNMENT (  '', '', ( #5678 ) ) ;
#4767 = AXIS2_PLACEMENT_3D ( 'NONE', #2255, #3839, #2812 ) ;
#4768 = EDGE_CURVE ( 'NONE', #1889, #1269, #3822, .T. ) ;
#4769 = VECTOR ( 'NONE', #1590, 1000.000000000000000 ) ;
#4770 = CARTESIAN_POINT ( 'NONE',  ( 51.83394028810103293, 9.175230427409749367, 8.193579175013844965E-16 ) ) ;
#4771 = CARTESIAN_POINT ( 'NONE',  ( 0.000000000000000000, 0.000000000000000000, 8.000000000000000000 ) ) ;
#4772 = DIRECTION ( 'NONE',  ( -0.9510565162951544194, 0.3090169943749446757, -0.000000000000000000 ) ) ;
#4773 = ORIENTED_EDGE ( 'NONE', *, *, #3218, .F. ) ;
#4774 = DIRECTION ( 'NONE',  ( 0.1253332335642974860, 0.9921147013144786531, 0.000000000000000000 ) ) ;
#4775 = ORIENTED_EDGE ( 'NONE', *, *, #2338, .F. ) ;
#4776 = APPLICATION_PROTOCOL_DEFINITION ( 'draft international standard', 'automotive_design', 1998, #3079 ) ;
#4777 = EDGE_CURVE ( 'NONE', #2786, #807, #4026, .T. ) ;
#4778 = VECTOR ( 'NONE', #6477, 1000.000000000000000 ) ;
#4779 = DIRECTION ( 'NONE',  ( 0.000000000000000000, 0.000000000000000000, 1.000000000000000000 ) ) ;
#4780 = CARTESIAN_POINT ( 'NONE',  ( 19.88061067289475403, -34.70967184046521226, 3.907315377998108371E-16 ) ) ;
#4781 = LINE ( 'NONE', #5946, #6084 ) ;
#4782 = CARTESIAN_POINT ( 'NONE',  ( 0.7000000000000000666, 44.99455522616039360, 3.907315377998108371E-16 ) ) ;
#4783 = ORIENTED_EDGE ( 'NONE', *, *, #4086, .F. ) ;
#4784 = LINE ( 'NONE', #2144, #1745 ) ;
#4785 = ORIENTED_EDGE ( 'NONE', *, *, #4755, .T. ) ;
#4786 = CARTESIAN_POINT ( 'NONE',  ( 54.14436244607939841, -16.85654624173754357, 8.000000000000000000 ) ) ;
#4787 = ORIENTED_EDGE ( 'NONE', *, *, #3037, .F. ) ;
#4788 = AXIS2_PLACEMENT_3D ( 'NONE', #1325, #2904, #2381 ) ;
#4789 = FACE_OUTER_BOUND ( 'NONE', #3100, .T. ) ;
#4790 = PLANE ( 'NONE',  #1510 ) ;
#4791 = LINE ( 'NONE', #2122, #3068 ) ;
#4792 = ORIENTED_EDGE ( 'NONE', *, *, #355, .F. ) ;
#4793 = FACE_OUTER_BOUND ( 'NONE', #3930, .T. ) ;
#4794 = ORIENTED_EDGE ( 'NONE', *, *, #4822, .T. ) ;
#4795 = AXIS2_PLACEMENT_3D ( 'NONE', #3494, #1908, #1841 ) ;
#4796 = DIRECTION ( 'NONE',  ( -0.000000000000000000, 0.000000000000000000, 1.000000000000000000 ) ) ;
#4797 = LINE ( 'NONE', #458, #2274 ) ;
#4798 = EDGE_CURVE ( 'NONE', #401, #4494, #157, .T. ) ;
#4799 = VERTEX_POINT ( 'NONE', #5970 ) ;
#4800 = DIRECTION ( 'NONE',  ( 0.8443279255020164076, -0.5358267949789945472, 0.000000000000000000 ) ) ;
#4801 = EDGE_CURVE ( 'NONE', #5609, #6609, #2745, .T. ) ;
#4802 = EDGE_LOOP ( 'NONE', ( #3095, #1802, #2491, #1919 ) ) ;
#4803 = EDGE_CURVE ( 'NONE', #5754, #1298, #490, .T. ) ;
#4804 = DIRECTION ( 'NONE',  ( -0.000000000000000000, 0.000000000000000000, 1.000000000000000000 ) ) ;
#4805 = DIRECTION ( 'NONE',  ( -0.000000000000000000, -0.000000000000000000, -1.000000000000000000 ) ) ;
#4806 = LINE ( 'NONE', #2024, #3080 ) ;
#4807 = ORIENTED_EDGE ( 'NONE', *, *, #6482, .F. ) ;
#4808 = DIRECTION ( 'NONE',  ( -0.000000000000000000, 0.000000000000000000, 1.000000000000000000 ) ) ;
#4809 = ORIENTED_EDGE ( 'NONE', *, *, #6681, .T. ) ;
#4810 = CARTESIAN_POINT ( 'NONE',  ( 0.000000000000000000, 0.000000000000000000, 0.000000000000000000 ) ) ;
#4811 = EDGE_CURVE ( 'NONE', #2766, #6988, #4479, .T. ) ;
#4812 = DIRECTION ( 'NONE',  ( 0.000000000000000000, 0.000000000000000000, 1.000000000000000000 ) ) ;
#4813 = EDGE_CURVE ( 'NONE', #5183, #6021, #1804, .T. ) ;
#4814 = LINE ( 'NONE', #1150, #680 ) ;
#4815 = CARTESIAN_POINT ( 'NONE',  ( 12.94454915351166235, -53.23044088929093220, 8.000000000000000000 ) ) ;
#4816 = ORIENTED_EDGE ( 'NONE', *, *, #6628, .T. ) ;
#4817 = DIRECTION ( 'NONE',  ( 0.000000000000000000, 0.000000000000000000, 1.000000000000000000 ) ) ;
#4818 = ORIENTED_EDGE ( 'NONE', *, *, #2004, .T. ) ;
#4819 = CARTESIAN_POINT ( 'NONE',  ( 38.25274688064453699, -11.69304733956637143, 8.000000000000000000 ) ) ;
#4820 = EDGE_LOOP ( 'NONE', ( #2699, #1987, #4925, #5119 ) ) ;
#4821 = CARTESIAN_POINT ( 'NONE',  ( 30.29061452342149607, 33.27880213880131066, 3.907315377998108371E-16 ) ) ;
#4822 = EDGE_CURVE ( 'NONE', #1036, #1048, #5039, .T. ) ;
#4823 = CARTESIAN_POINT ( 'NONE',  ( 5.607921044894919049, -49.97637685009845399, 8.000000000000000000 ) ) ;
#4824 = DIRECTION ( 'NONE',  ( 0.000000000000000000, 0.000000000000000000, 1.000000000000000000 ) ) ;
#4825 = VERTEX_POINT ( 'NONE', #2372 ) ;
#4826 = DIRECTION ( 'NONE',  ( -0.9980267284282713369, -0.06279051952931692659, -0.000000000000000000 ) ) ;
#4827 = VERTEX_POINT ( 'NONE', #6664 ) ;
#4828 = CARTESIAN_POINT ( 'NONE',  ( -33.39286635904724676, -22.02081915658023092, 10.00000000000000000 ) ) ;
#4829 = DIRECTION ( 'NONE',  ( 1.000000000000000000, 0.000000000000000000, 0.000000000000000000 ) ) ;
#4830 = ORIENTED_EDGE ( 'NONE', *, *, #384, .T. ) ;
#4831 = FACE_OUTER_BOUND ( 'NONE', #1653, .T. ) ;
#4832 = VERTEX_POINT ( 'NONE', #1839 ) ;
#4833 = EDGE_CURVE ( 'NONE', #1892, #6605, #6139, .T. ) ;
#4834 = DIRECTION ( 'NONE',  ( -0.3090169943749447312, -0.9510565162951545304, 6.505213034913027590E-16 ) ) ;
#4835 = DIRECTION ( 'NONE',  ( -0.9048270524660175784, -0.4257792915650767673, -0.000000000000000000 ) ) ;
#4836 = CARTESIAN_POINT ( 'NONE',  ( -39.41663997923726726, -6.806503709482174536, 10.00000000000000000 ) ) ;
#4837 = EDGE_CURVE ( 'NONE', #6866, #4040, #1627, .T. ) ;
#4838 = VERTEX_POINT ( 'NONE', #1349 ) ;
#4839 = FACE_OUTER_BOUND ( 'NONE', #3334, .T. ) ;
#4840 = ORIENTED_EDGE ( 'NONE', *, *, #6525, .F. ) ;
#4841 = EDGE_CURVE ( 'NONE', #6969, #6295, #5901, .T. ) ;
#4842 = AXIS2_PLACEMENT_3D ( 'NONE', #2247, #2140, #4389 ) ;
#4843 = FACE_OUTER_BOUND ( 'NONE', #4722, .T. ) ;
#4844 = LINE ( 'NONE', #547, #4173 ) ;
#4845 = EDGE_CURVE ( 'NONE', #6030, #6138, #3597, .T. ) ;
#4846 = DIRECTION ( 'NONE',  ( -0.2486898871648553500, 0.9685831611286309650, -0.000000000000000000 ) ) ;
#4847 = ORIENTED_EDGE ( 'NONE', *, *, #3958, .T. ) ;
#4848 = DIRECTION ( 'NONE',  ( 0.9822872507286879440, 0.1873813145857285145, 0.000000000000000000 ) ) ;
#4849 = EDGE_LOOP ( 'NONE', ( #5857, #908, #137, #6804 ) ) ;
#4850 = DIRECTION ( 'NONE',  ( 0.2486898871648483555, 0.9685831611286327414, 0.000000000000000000 ) ) ;
#4851 = ORIENTED_EDGE ( 'NONE', *, *, #1109, .T. ) ;
#4852 = CARTESIAN_POINT ( 'NONE',  ( 17.21444405599815397, -41.57719225540500219, 3.907315377998108371E-16 ) ) ;
#4854 = EDGE_CURVE ( 'NONE', #6673, #3974, #4660, .T. ) ;
#4853 = CARTESIAN_POINT ( 'NONE',  ( 35.88949410446954147, -17.66194250147040634, 10.00000000000000000 ) ) ;
#4855 = CARTESIAN_POINT ( 'NONE',  ( 36.48558511266051596, 16.39518462801824938, 0.000000000000000000 ) ) ;
#4856 = ORIENTED_EDGE ( 'NONE', *, *, #6287, .F. ) ;
#4857 = DIRECTION ( 'NONE',  ( -0.000000000000000000, 0.000000000000000000, 1.000000000000000000 ) ) ;
#4858 = VERTEX_POINT ( 'NONE', #6352 ) ;
#4859 = AXIS2_PLACEMENT_3D ( 'NONE', #652, #789, #6153 ) ;
#4860 = EDGE_CURVE ( 'NONE', #4304, #1972, #4321, .T. ) ;
#4861 = EDGE_CURVE ( 'NONE', #6021, #5437, #5823, .T. ) ;
#4862 = VECTOR ( 'NONE', #4029, 1000.000000000000114 ) ;
#4863 = DIRECTION ( 'NONE',  ( -0.5877852522924743583, 0.8090169943749465631, -0.000000000000000000 ) ) ;
#4864 = DIRECTION ( 'NONE',  ( -0.6845471059286846183, -0.7289686274214153272, -0.000000000000000000 ) ) ;
#4865 = AXIS2_PLACEMENT_3D ( 'NONE', #6027, #1205, #2889 ) ;
#4866 = AXIS2_PLACEMENT_3D ( 'NONE', #6642, #6117, #2906 ) ;
#4867 = ORIENTED_EDGE ( 'NONE', *, *, #4561, .T. ) ;
#4868 = VECTOR ( 'NONE', #3137, 1000.000000000000227 ) ;
#4869 = CARTESIAN_POINT ( 'NONE',  ( 0.000000000000000000, 0.000000000000000000, 0.000000000000000000 ) ) ;
#4870 = ORIENTED_EDGE ( 'NONE', *, *, #3554, .T. ) ;
#4871 = CIRCLE ( 'NONE', #2511, 40.00000000000000000 ) ;
#4872 = VECTOR ( 'NONE', #5758, 1000.000000000000000 ) ;
#4873 = FACE_OUTER_BOUND ( 'NONE', #2272, .T. ) ;
#4874 = AXIS2_PLACEMENT_3D ( 'NONE', #5074, #5118, #823 ) ;
#4875 = ORIENTED_EDGE ( 'NONE', *, *, #1834, .T. ) ;
#4876 = DIRECTION ( 'NONE',  ( 0.000000000000000000, 0.000000000000000000, 1.000000000000000000 ) ) ;
#4877 = VECTOR ( 'NONE', #654, 1000.000000000000000 ) ;
#4878 = CARTESIAN_POINT ( 'NONE',  ( 0.000000000000000000, 0.000000000000000000, 8.000000000000000000 ) ) ;
#4879 = AXIS2_PLACEMENT_3D ( 'NONE', #2356, #4493, #124 ) ;
#4880 = ORIENTED_EDGE ( 'NONE', *, *, #1215, .F. ) ;
#4881 = CARTESIAN_POINT ( 'NONE',  ( 9.268063931605475148, -38.91147634001662681, 0.000000000000000000 ) ) ;
#4882 = VERTEX_POINT ( 'NONE', #456 ) ;
#4883 = CARTESIAN_POINT ( 'NONE',  ( -0.6999999999999948486, -39.99387453098285761, 8.000000000000000000 ) ) ;
#4884 = VECTOR ( 'NONE', #338, 1000.000000000000114 ) ;
#4885 = VECTOR ( 'NONE', #4510, 1000.000000000000000 ) ;
#4886 = AXIS2_PLACEMENT_3D ( 'NONE', #5770, #6754, #1512 ) ;
#4887 = CARTESIAN_POINT ( 'NONE',  ( -39.15430613881733279, 8.181705860502063388, 8.000000000000000000 ) ) ;
#4888 = DIRECTION ( 'NONE',  ( -0.000000000000000000, 0.000000000000000000, 1.000000000000000000 ) ) ;
#4889 = DIRECTION ( 'NONE',  ( 1.000000000000000000, 0.000000000000000000, 0.000000000000000000 ) ) ;
#4890 = EDGE_CURVE ( 'NONE', #5948, #6517, #2515, .T. ) ;
#4891 = ORIENTED_EDGE ( 'NONE', *, *, #3613, .T. ) ;
#4892 = PLANE ( 'NONE',  #2976 ) ;
#4893 = AXIS2_PLACEMENT_3D ( 'NONE', #2294, #179, #2335 ) ;
#4894 = VERTEX_POINT ( 'NONE', #918 ) ;
#4895 = CARTESIAN_POINT ( 'NONE',  ( 20.84967222629201444, -54.56179118725653154, 8.193579175013844965E-16 ) ) ;
#4896 = EDGE_CURVE ( 'NONE', #1884, #6546, #3063, .T. ) ;
#4897 = ORIENTED_EDGE ( 'NONE', *, *, #4607, .T. ) ;
#4898 = DIRECTION ( 'NONE',  ( 0.000000000000000000, 0.000000000000000000, 1.000000000000000000 ) ) ;
#4899 = DIRECTION ( 'NONE',  ( -0.9822872507286892763, 0.1873813145857214646, -0.000000000000000000 ) ) ;
#4900 = DIRECTION ( 'NONE',  ( -0.000000000000000000, -0.000000000000000000, -1.000000000000000000 ) ) ;
#4901 = ORIENTED_EDGE ( 'NONE', *, *, #1161, .T. ) ;
#4902 = LINE ( 'NONE', #3810, #1633 ) ;
#4903 = VERTEX_POINT ( 'NONE', #4058 ) ;
#4904 = AXIS2_PLACEMENT_3D ( 'NONE', #1565, #2129, #3221 ) ;
#4905 = EDGE_CURVE ( 'NONE', #5444, #2011, #2576, .T. ) ;
#4906 = PLANE ( 'NONE',  #3534 ) ;
#4907 = CARTESIAN_POINT ( 'NONE',  ( -18.65378132083334961, 35.38412698420760449, 0.000000000000000000 ) ) ;
#4908 = VECTOR ( 'NONE', #2927, 1000.000000000000000 ) ;
#4909 = ORIENTED_EDGE ( 'NONE', *, *, #3127, .T. ) ;
#4910 = EDGE_CURVE ( 'NONE', #4032, #5973, #6013, .T. ) ;
#4911 = CARTESIAN_POINT ( 'NONE',  ( 52.81372149718477260, 32.68754507242017127, 8.193579175013844965E-16 ) ) ;
#4912 = CARTESIAN_POINT ( 'NONE',  ( 27.88796910425445219, -28.67509684796459979, 10.00000000000000000 ) ) ;
#4913 = DIRECTION ( 'NONE',  ( 0.000000000000000000, 0.000000000000000000, 1.000000000000000000 ) ) ;
#4914 = EDGE_CURVE ( 'NONE', #103, #1809, #6766, .T. ) ;
#4915 = ORIENTED_EDGE ( 'NONE', *, *, #3571, .T. ) ;
#4916 = CARTESIAN_POINT ( 'NONE',  ( 53.71173865395454783, 18.18802536455120844, 3.907315377998108371E-16 ) ) ;
#4917 = ORIENTED_EDGE ( 'NONE', *, *, #5599, .T. ) ;
#4918 = DIRECTION ( 'NONE',  ( 1.000000000000000000, 0.000000000000000000, 0.000000000000000000 ) ) ;
#4919 = ORIENTED_EDGE ( 'NONE', *, *, #2831, .T. ) ;
#4920 = CARTESIAN_POINT ( 'NONE',  ( -35.11509744738734184, 28.14124963928382073, 10.00000000000000000 ) ) ;
#4921 = FACE_OUTER_BOUND ( 'NONE', #3566, .T. ) ;
#4922 = FACE_OUTER_BOUND ( 'NONE', #2529, .T. ) ;
#4923 = ORIENTED_EDGE ( 'NONE', *, *, #496, .F. ) ;
#4924 = DIRECTION ( 'NONE',  ( 0.000000000000000000, 0.000000000000000000, 1.000000000000000000 ) ) ;
#4925 = ORIENTED_EDGE ( 'NONE', *, *, #958, .T. ) ;
#4926 = CARTESIAN_POINT ( 'NONE',  ( -4.944832808361916854, -44.72749298247497052, 10.00000000000000000 ) ) ;
#4927 = CARTESIAN_POINT ( 'NONE',  ( -44.86181538577952921, 3.523850208540630469, 8.000000000000000000 ) ) ;
#4928 = LINE ( 'NONE', #3164, #3863 ) ;
#4929 = CARTESIAN_POINT ( 'NONE',  ( 30.29061452342174476, -33.27880213880108329, 10.00000000000000000 ) ) ;
#4930 = PLANE ( 'NONE',  #4751 ) ;
#4931 = EDGE_LOOP ( 'NONE', ( #4188, #4809, #2509, #5738 ) ) ;
#4932 = CARTESIAN_POINT ( 'NONE',  ( 5.607921044894919049, -49.97637685009845399, 8.000000000000000000 ) ) ;
#4933 = ORIENTED_EDGE ( 'NONE', *, *, #5184, .F. ) ;
#4934 = CARTESIAN_POINT ( 'NONE',  ( 0.000000000000000000, 0.000000000000000000, 0.000000000000000000 ) ) ;
#4935 = DIRECTION ( 'NONE',  ( -0.000000000000000000, 0.000000000000000000, 1.000000000000000000 ) ) ;
#4936 = VERTEX_POINT ( 'NONE', #1937 ) ;
#4937 = CARTESIAN_POINT ( 'NONE',  ( 0.000000000000000000, 0.000000000000000000, 8.000000000000000000 ) ) ;
#4938 = ADVANCED_FACE ( 'NONE', ( #4194 ), #5213, .F. ) ;
#4939 = CARTESIAN_POINT ( 'NONE',  ( 5.607921044894919049, -49.97637685009845399, 8.000000000000000000 ) ) ;
#4940 = CARTESIAN_POINT ( 'NONE',  ( 0.000000000000000000, 0.000000000000000000, 8.000000000000000000 ) ) ;
#4941 = ORIENTED_EDGE ( 'NONE', *, *, #3659, .F. ) ;
#4942 = CARTESIAN_POINT ( 'NONE',  ( -38.36523822947507512, -23.51825877048776547, 8.000000000000000000 ) ) ;
#4943 = ADVANCED_FACE ( 'NONE', ( #6245 ), #6877, .F. ) ;
#4944 = ORIENTED_EDGE ( 'NONE', *, *, #4561, .F. ) ;
#4945 = CARTESIAN_POINT ( 'NONE',  ( 53.71173865395446967, -18.18802536455075725, 8.193579175013844965E-16 ) ) ;
#4946 = ORIENTED_EDGE ( 'NONE', *, *, #3047, .T. ) ;
#4947 = DIRECTION ( 'NONE',  ( 0.000000000000000000, 0.000000000000000000, 1.000000000000000000 ) ) ;
#4948 = CARTESIAN_POINT ( 'NONE',  ( -15.91275697575459169, 42.09256662916352099, 8.000000000000000000 ) ) ;
#4949 = DIRECTION ( 'NONE',  ( 0.000000000000000000, 0.000000000000000000, 1.000000000000000000 ) ) ;
#4950 = ORIENTED_EDGE ( 'NONE', *, *, #1700, .T. ) ;
#4951 = CARTESIAN_POINT ( 'NONE',  ( 47.59862517110222058, 3.696035685521064540, 8.000000000000000000 ) ) ;
#4952 = EDGE_LOOP ( 'NONE', ( #5902, #3563, #4695, #3471 ) ) ;
#4953 = CARTESIAN_POINT ( 'NONE',  ( 44.06641103065530274, -9.118739982987861481, 8.000000000000000000 ) ) ;
#4954 = LINE ( 'NONE', #1201, #709 ) ;
#4955 = DIRECTION ( 'NONE',  ( 1.000000000000000000, 0.000000000000000000, 0.000000000000000000 ) ) ;
#4956 = LINE ( 'NONE', #6484, #4207 ) ;
#4957 = CARTESIAN_POINT ( 'NONE',  ( 40.41424527821077817, -19.79112878520623298, 10.00000000000000000 ) ) ;
#4958 = ORIENTED_EDGE ( 'NONE', *, *, #4798, .F. ) ;
#4959 = CARTESIAN_POINT ( 'NONE',  ( 53.88054222770520596, 26.12788712983624251, 8.000000000000000000 ) ) ;
#4960 = VERTEX_POINT ( 'NONE', #4129 ) ;
#4961 = ORIENTED_EDGE ( 'NONE', *, *, #1669, .F. ) ;
#4962 = LINE ( 'NONE', #4268, #2948 ) ;
#4963 = EDGE_LOOP ( 'NONE', ( #2493, #3892, #4847, #4196 ) ) ;
#4964 = EDGE_CURVE ( 'NONE', #6293, #2766, #5719, .T. ) ;
#4965 = CARTESIAN_POINT ( 'NONE',  ( 0.000000000000000000, 0.000000000000000000, 8.000000000000000000 ) ) ;
#4966 = CIRCLE ( 'NONE', #250, 40.00000000000000000 ) ;
#4967 = EDGE_CURVE ( 'NONE', #4519, #4118, #3027, .T. ) ;
#4968 = AXIS2_PLACEMENT_3D ( 'NONE', #3845, #603, #5891 ) ;
#4969 = FACE_OUTER_BOUND ( 'NONE', #4820, .T. ) ;
#4970 = LINE ( 'NONE', #5042, #3070 ) ;
#4971 = AXIS2_PLACEMENT_3D ( 'NONE', #347, #3625, #957 ) ;
#4972 = ORIENTED_EDGE ( 'NONE', *, *, #3884, .T. ) ;
#4973 = CARTESIAN_POINT ( 'NONE',  ( 4.944832808362235710, -44.72749298247493499, 10.00000000000000000 ) ) ;
#4974 = ORIENTED_EDGE ( 'NONE', *, *, #1799, .T. ) ;
#4975 = DIRECTION ( 'NONE',  ( -0.000000000000000000, 0.000000000000000000, 1.000000000000000000 ) ) ;
#4976 = CIRCLE ( 'NONE', #2845, 45.00000000000000711 ) ;
#4977 = ORIENTED_EDGE ( 'NONE', *, *, #4515, .T. ) ;
#4978 = CIRCLE ( 'NONE', #5324, 45.00000000000000711 ) ;
#4979 = EDGE_CURVE ( 'NONE', #1048, #2171, #4691, .T. ) ;
#4980 = CIRCLE ( 'NONE', #260, 40.00000000000000000 ) ;
#4981 = LINE ( 'NONE', #6610, #693 ) ;
#4982 = AXIS2_PLACEMENT_3D ( 'NONE', #3686, #4808, #1037 ) ;
#4983 = CARTESIAN_POINT ( 'NONE',  ( 37.61508071650447249, 24.70031786619058778, 8.000000000000000000 ) ) ;
#4984 = CIRCLE ( 'NONE', #1950, 45.00000000000000711 ) ;
#4985 = CARTESIAN_POINT ( 'NONE',  ( 0.000000000000000000, 0.000000000000000000, 0.000000000000000000 ) ) ;
#4986 = ORIENTED_EDGE ( 'NONE', *, *, #3554, .F. ) ;
#4987 = EDGE_CURVE ( 'NONE', #3018, #5597, #2080, .T. ) ;
#4988 = DIRECTION ( 'NONE',  ( -0.9510565162951544194, 0.3090169943749446757, -0.000000000000000000 ) ) ;
#4989 = ORIENTED_EDGE ( 'NONE', *, *, #2676, .T. ) ;
#4990 = AXIS2_PLACEMENT_3D ( 'NONE', #4439, #6057, #6589 ) ;
#4991 = LINE ( 'NONE', #5492, #1202 ) ;
#4992 = VECTOR ( 'NONE', #1317, 1000.000000000000114 ) ;
#4993 = CARTESIAN_POINT ( 'NONE',  ( 31.26200674885961561, 24.95369579910471103, 0.000000000000000000 ) ) ;
#4994 = CARTESIAN_POINT ( 'NONE',  ( 6.996881626734789528, 49.80091032310820509, 8.000000000000000000 ) ) ;
#4995 = DIRECTION ( 'NONE',  ( 1.000000000000000000, 0.000000000000000000, 0.000000000000000000 ) ) ;
#4996 = VECTOR ( 'NONE', #5959, 1000.000000000000000 ) ;
#4997 = DIRECTION ( 'NONE',  ( -0.000000000000000000, -0.000000000000000000, -1.000000000000000000 ) ) ;
#4998 = ORIENTED_EDGE ( 'NONE', *, *, #1699, .T. ) ;
#4999 = FACE_OUTER_BOUND ( 'NONE', #4952, .T. ) ;
#5000 = VERTEX_POINT ( 'NONE', #6811 ) ;
#5001 = VECTOR ( 'NONE', #3720, 1000.000000000000114 ) ;
#5002 = EDGE_LOOP ( 'NONE', ( #2696, #4156, #5086, #4240 ) ) ;
#5003 = LINE ( 'NONE', #183, #1496 ) ;
#5004 = ORIENTED_EDGE ( 'NONE', *, *, #1122, .T. ) ;
#5005 = CARTESIAN_POINT ( 'NONE',  ( 44.86181538577954342, 3.523850208540946216, 8.000000000000000000 ) ) ;
#5006 = DIRECTION ( 'NONE',  ( -0.000000000000000000, -0.000000000000000000, -1.000000000000000000 ) ) ;
#5007 = CARTESIAN_POINT ( 'NONE',  ( -39.87100239165707904, 3.209854869690242474, 8.000000000000000000 ) ) ;
#5008 = VECTOR ( 'NONE', #1390, 1000.000000000000000 ) ;
#5009 = ADVANCED_FACE ( 'NONE', ( #6279 ), #6847, .F. ) ;
#5010 = PLANE ( 'NONE',  #6216 ) ;
#5011 = VERTEX_POINT ( 'NONE', #3246 ) ;
#5012 = CARTESIAN_POINT ( 'NONE',  ( 37.51220113926718369, -50.44020431347250621, 3.907315377998108371E-16 ) ) ;
#5013 = ORIENTED_EDGE ( 'NONE', *, *, #1734, .F. ) ;
#5014 = FACE_OUTER_BOUND ( 'NONE', #667, .T. ) ;
#5015 = ADVANCED_FACE ( 'NONE', ( #6916 ), #1662, .F. ) ;
#5016 = ORIENTED_EDGE ( 'NONE', *, *, #4198, .F. ) ;
#5017 = VECTOR ( 'NONE', #2719, 1000.000000000000000 ) ;
#5018 = DIRECTION ( 'NONE',  ( 0.000000000000000000, 0.000000000000000000, 1.000000000000000000 ) ) ;
#5019 = PLANE ( 'NONE',  #6649 ) ;
#5020 = CARTESIAN_POINT ( 'NONE',  ( 47.68653189844298623, -2.298798265721132772, 3.907315377998108371E-16 ) ) ;
#5021 = ORIENTED_EDGE ( 'NONE', *, *, #4860, .F. ) ;
#5022 = CIRCLE ( 'NONE', #3796, 40.00000000000000000 ) ;
#5023 = FACE_OUTER_BOUND ( 'NONE', #5685, .T. ) ;
#5024 = ORIENTED_EDGE ( 'NONE', *, *, #6945, .F. ) ;
#5025 = DIRECTION ( 'NONE',  ( -0.000000000000000000, 0.000000000000000000, 1.000000000000000000 ) ) ;
#5026 = DIRECTION ( 'NONE',  ( -0.000000000000000000, 0.000000000000000000, 1.000000000000000000 ) ) ;
#5027 = EDGE_CURVE ( 'NONE', #4502, #4264, #2089, .T. ) ;
#5028 = DIRECTION ( 'NONE',  ( 1.000000000000000000, 0.000000000000000000, 0.000000000000000000 ) ) ;
#5029 = CARTESIAN_POINT ( 'NONE',  ( -38.36523822947506801, -23.51825877048776903, 10.00000000000000000 ) ) ;
#5030 = CARTESIAN_POINT ( 'NONE',  ( 0.000000000000000000, 0.000000000000000000, 8.000000000000000000 ) ) ;
#5031 = ORIENTED_EDGE ( 'NONE', *, *, #3388, .T. ) ;
#5032 = DIRECTION ( 'NONE',  ( -0.4257792915650767673, 0.9048270524660175784, 0.000000000000000000 ) ) ;
#5033 = EDGE_CURVE ( 'NONE', #1348, #5702, #494, .T. ) ;
#5034 = VERTEX_POINT ( 'NONE', #4338 ) ;
#5035 = ADVANCED_FACE ( 'NONE', ( #4793 ), #2714, .F. ) ;
#5036 = ORIENTED_EDGE ( 'NONE', *, *, #594, .F. ) ;
#5037 = CARTESIAN_POINT ( 'NONE',  ( -39.87100239165711457, -3.209854869690522694, 8.193579175013844965E-16 ) ) ;
#5038 = EDGE_LOOP ( 'NONE', ( #722, #6663, #535, #979 ) ) ;
#5039 = LINE ( 'NONE', #218, #4992 ) ;
#5040 = DIRECTION ( 'NONE',  ( -0.000000000000000000, 0.000000000000000000, 1.000000000000000000 ) ) ;
#5041 = FACE_OUTER_BOUND ( 'NONE', #5855, .T. ) ;
#5042 = CARTESIAN_POINT ( 'NONE',  ( -37.82012308851951587, -13.02452646237984979, 10.00000000000000000 ) ) ;
#5043 = VERTEX_POINT ( 'NONE', #6417 ) ;
#5044 = LINE ( 'NONE', #2379, #3850 ) ;
#5045 = ORIENTED_EDGE ( 'NONE', *, *, #4715, .F. ) ;
#5046 = PLANE ( 'NONE',  #6935 ) ;
#5047 = ORIENTED_EDGE ( 'NONE', *, *, #1885, .T. ) ;
#5048 = EDGE_CURVE ( 'NONE', #2901, #5616, #1518, .T. ) ;
#5049 = CARTESIAN_POINT ( 'NONE',  ( -44.06641103065532405, 9.118739982987872139, 8.000000000000000000 ) ) ;
#5050 = EDGE_CURVE ( 'NONE', #5778, #2975, #4440, .T. ) ;
#5051 = CARTESIAN_POINT ( 'NONE',  ( 30.29061452342174121, -33.27880213880108329, 8.000000000000000000 ) ) ;
#5052 = CARTESIAN_POINT ( 'NONE',  ( 36.37957734714186131, 51.26310366668217000, 8.000000000000000000 ) ) ;
#5053 = ORIENTED_EDGE ( 'NONE', *, *, #2820, .F. ) ;
#5054 = CARTESIAN_POINT ( 'NONE',  ( -22.94149773528488723, 32.76717384306924430, 8.000000000000000000 ) ) ;
#5055 = VERTEX_POINT ( 'NONE', #2230 ) ;
#5056 = DIRECTION ( 'NONE',  ( -0.000000000000000000, -0.000000000000000000, -1.000000000000000000 ) ) ;
#5057 = EDGE_CURVE ( 'NONE', #6954, #5910, #3278, .T. ) ;
#5058 = CARTESIAN_POINT ( 'NONE',  ( -9.268063931605468042, 38.91147634001663391, 10.00000000000000000 ) ) ;
#5059 = EDGE_CURVE ( 'NONE', #1813, #1572, #2194, .T. ) ;
#5060 = DIRECTION ( 'NONE',  ( -0.9921147013144778759, -0.1253332335643045636, 6.505213034913027590E-16 ) ) ;
#5061 = CARTESIAN_POINT ( 'NONE',  ( 27.88796910425424258, 28.67509684796480229, 0.000000000000000000 ) ) ;
#5062 = ORIENTED_EDGE ( 'NONE', *, *, #1840, .T. ) ;
#5063 = PLANE ( 'NONE',  #6465 ) ;
#5064 = ORIENTED_EDGE ( 'NONE', *, *, #3644, .F. ) ;
#5065 = VERTEX_POINT ( 'NONE', #5429 ) ;
#5066 = ADVANCED_FACE ( 'NONE', ( #5466 ), #597, .F. ) ;
#5067 = CARTESIAN_POINT ( 'NONE',  ( 30.29061452342149607, 33.27880213880131066, 8.000000000000000000 ) ) ;
#5068 = VERTEX_POINT ( 'NONE', #6955 ) ;
#5069 = DIRECTION ( 'NONE',  ( -0.000000000000000000, 0.000000000000000000, 1.000000000000000000 ) ) ;
#5070 = EDGE_CURVE ( 'NONE', #4286, #2044, #390, .T. ) ;
#5071 = EDGE_CURVE ( 'NONE', #3241, #6244, #4902, .T. ) ;
#5072 = DIRECTION ( 'NONE',  ( 0.000000000000000000, 0.000000000000000000, 1.000000000000000000 ) ) ;
#5073 = DIRECTION ( 'NONE',  ( 0.000000000000000000, 0.000000000000000000, 1.000000000000000000 ) ) ;
#5074 = CARTESIAN_POINT ( 'NONE',  ( 5.607921044894919049, -49.97637685009845399, 8.000000000000000000 ) ) ;
#5075 = AXIS2_PLACEMENT_3D ( 'NONE', #5081, #3865, #1856 ) ;
#5076 = ORIENTED_EDGE ( 'NONE', *, *, #6246, .F. ) ;
#5077 = DIRECTION ( 'NONE',  ( 0.5358267949790005424, -0.8443279255020126328, 6.505213034913029562E-16 ) ) ;
#5078 = ORIENTED_EDGE ( 'NONE', *, *, #1247, .F. ) ;
#5079 = VECTOR ( 'NONE', #4653, 1000.000000000000000 ) ;
#5080 = VECTOR ( 'NONE', #1909, 1000.000000000000000 ) ;
#5081 = CARTESIAN_POINT ( 'NONE',  ( 6.996881626735182991, -49.80091032310843246, 8.000000000000000000 ) ) ;
#5082 = PLANE ( 'NONE',  #2038 ) ;
#5083 = CIRCLE ( 'NONE', #5769, 45.00000000000000711 ) ;
#5084 = CARTESIAN_POINT ( 'NONE',  ( 0.000000000000000000, 0.000000000000000000, 8.000000000000000000 ) ) ;
#5085 = CIRCLE ( 'NONE', #815, 45.00000000000000711 ) ;
#5086 = ORIENTED_EDGE ( 'NONE', *, *, #2352, .T. ) ;
#5087 = PLANE ( 'NONE',  #1177 ) ;
#5088 = VECTOR ( 'NONE', #5639, 1000.000000000000000 ) ;
#5089 = ORIENTED_EDGE ( 'NONE', *, *, #2336, .T. ) ;
#5090 = DIRECTION ( 'NONE',  ( 0.000000000000000000, 0.000000000000000000, 1.000000000000000000 ) ) ;
#5091 = VECTOR ( 'NONE', #2424, 1000.000000000000000 ) ;
#5092 = CARTESIAN_POINT ( 'NONE',  ( 0.000000000000000000, 0.000000000000000000, 8.000000000000000000 ) ) ;
#5093 = AXIS2_PLACEMENT_3D ( 'NONE', #5522, #3479, #2914 ) ;
#5094 = DIRECTION ( 'NONE',  ( -0.000000000000000000, 0.000000000000000000, 1.000000000000000000 ) ) ;
#5095 = EDGE_CURVE ( 'NONE', #5973, #5851, #2607, .T. ) ;
#5096 = CARTESIAN_POINT ( 'NONE',  ( 0.000000000000000000, 0.000000000000000000, 10.00000000000000000 ) ) ;
#5097 = CARTESIAN_POINT ( 'NONE',  ( 30.36961316321162485, -26.03241433899059487, 8.000000000000000000 ) ) ;
#5098 = ORIENTED_EDGE ( 'NONE', *, *, #2047, .T. ) ;
#5099 = CARTESIAN_POINT ( 'NONE',  ( 43.03253666103165642, -46.84757105319567216, 8.193579175013844965E-16 ) ) ;
#5100 = CIRCLE ( 'NONE', #3195, 45.00000000000000711 ) ;
#5102 = ORIENTED_EDGE ( 'NONE', *, *, #623, .T. ) ;
#5101 = VECTOR ( 'NONE', #271, 1000.000000000000000 ) ;
#5103 = EDGE_CURVE ( 'NONE', #451, #689, #2124, .T. ) ;
#5104 = VECTOR ( 'NONE', #558, 1000.000000000000000 ) ;
#5105 = ORIENTED_EDGE ( 'NONE', *, *, #638, .F. ) ;
#5106 = VECTOR ( 'NONE', #2541, 1000.000000000000227 ) ;
#5107 = DIRECTION ( 'NONE',  ( 0.000000000000000000, 0.000000000000000000, 1.000000000000000000 ) ) ;
#5108 = CIRCLE ( 'NONE', #1063, 45.00000000000000711 ) ;
#5109 = DIRECTION ( 'NONE',  ( 0.000000000000000000, 0.000000000000000000, 1.000000000000000000 ) ) ;
#5110 = VERTEX_POINT ( 'NONE', #2755 ) ;
#5111 = DIRECTION ( 'NONE',  ( -0.000000000000000000, 0.000000000000000000, 1.000000000000000000 ) ) ;
#5112 = DIRECTION ( 'NONE',  ( 0.9297764858882537897, -0.3681245526846719240, 6.505213034913026604E-16 ) ) ;
#5113 = EDGE_CURVE ( 'NONE', #6494, #746, #561, .T. ) ;
#5114 = VECTOR ( 'NONE', #3725, 1000.000000000000000 ) ;
#5115 = VECTOR ( 'NONE', #5303, 1000.000000000000000 ) ;
#5116 = CARTESIAN_POINT ( 'NONE',  ( -0.6999999999999948486, -45.00000000000000711, 8.000000000000000000 ) ) ;
#5117 = EDGE_CURVE ( 'NONE', #2090, #6609, #3735, .T. ) ;
#5118 = DIRECTION ( 'NONE',  ( -0.000000000000000000, 0.000000000000000000, 1.000000000000000000 ) ) ;
#5119 = ORIENTED_EDGE ( 'NONE', *, *, #4297, .F. ) ;
#5120 = EDGE_CURVE ( 'NONE', #3887, #2210, #5364, .T. ) ;
#5121 = CARTESIAN_POINT ( 'NONE',  ( 0.000000000000000000, 0.000000000000000000, 8.000000000000000000 ) ) ;
#5122 = ORIENTED_EDGE ( 'NONE', *, *, #2877, .T. ) ;
#5123 = VECTOR ( 'NONE', #2449, 1000.000000000000000 ) ;
#5124 = EDGE_CURVE ( 'NONE', #3588, #4530, #45, .T. ) ;
#5125 = DIRECTION ( 'NONE',  ( 1.000000000000000000, 0.000000000000000000, 0.000000000000000000 ) ) ;
#5126 = DIRECTION ( 'NONE',  ( -0.9980267284282713369, -0.06279051952931692659, -0.000000000000000000 ) ) ;
#5127 = DIRECTION ( 'NONE',  ( 1.000000000000000000, 0.000000000000000000, 0.000000000000000000 ) ) ;
#5128 = AXIS2_PLACEMENT_3D ( 'NONE', #6541, #1862, #3941 ) ;
#5129 = ORIENTED_EDGE ( 'NONE', *, *, #1890, .T. ) ;
#5130 = CARTESIAN_POINT ( 'NONE',  ( 22.15135930653556784, -54.04641681349798432, 8.000000000000000000 ) ) ;
#5131 = ORIENTED_EDGE ( 'NONE', *, *, #3136, .T. ) ;
#5132 = CARTESIAN_POINT ( 'NONE',  ( -39.41663997923734541, 6.806503709481903641, 8.000000000000000000 ) ) ;
#5133 = DIRECTION ( 'NONE',  ( 0.000000000000000000, 0.000000000000000000, 1.000000000000000000 ) ) ;
#5134 = PLANE ( 'NONE',  #3082 ) ;
#5135 = DIRECTION ( 'NONE',  ( -0.000000000000000000, 0.000000000000000000, 1.000000000000000000 ) ) ;
#5136 = DIRECTION ( 'NONE',  ( 1.000000000000000000, 0.000000000000000000, 0.000000000000000000 ) ) ;
#5137 = ORIENTED_EDGE ( 'NONE', *, *, #1803, .F. ) ;
#5138 = CARTESIAN_POINT ( 'NONE',  ( 5.607921044894919049, -49.97637685009845399, 8.000000000000000000 ) ) ;
#5139 = ORIENTED_EDGE ( 'NONE', *, *, #1854, .T. ) ;
#5140 = ORIENTED_EDGE ( 'NONE', *, *, #2692, .T. ) ;
#5141 = EDGE_CURVE ( 'NONE', #5529, #999, #212, .T. ) ;
#5142 = PLANE ( 'NONE',  #1272 ) ;
#5143 = DIRECTION ( 'NONE',  ( 0.000000000000000000, 0.000000000000000000, 1.000000000000000000 ) ) ;
#5144 = ADVANCED_FACE ( 'NONE', ( #4999 ), #6624, .F. ) ;
#5145 = ORIENTED_EDGE ( 'NONE', *, *, #3099, .F. ) ;
#5146 = DIRECTION ( 'NONE',  ( 0.000000000000000000, 0.000000000000000000, 1.000000000000000000 ) ) ;
#5147 = DIRECTION ( 'NONE',  ( 0.000000000000000000, 0.000000000000000000, 1.000000000000000000 ) ) ;
#5148 = FACE_OUTER_BOUND ( 'NONE', #158, .T. ) ;
#5149 = VERTEX_POINT ( 'NONE', #4503 ) ;
#5150 = CARTESIAN_POINT ( 'NONE',  ( 5.607921044894919049, -49.97637685009845399, 8.000000000000000000 ) ) ;
#5151 = ORIENTED_EDGE ( 'NONE', *, *, #4813, .T. ) ;
#5152 = ADVANCED_FACE ( 'NONE', ( #6029 ), #5063, .F. ) ;
#5153 = ADVANCED_FACE ( 'NONE', ( #2787 ), #6060, .F. ) ;
#5154 = CARTESIAN_POINT ( 'NONE',  ( 0.000000000000000000, 0.000000000000000000, 0.000000000000000000 ) ) ;
#5155 = DIRECTION ( 'NONE',  ( 1.000000000000000000, 0.000000000000000000, 0.000000000000000000 ) ) ;
#5156 = CARTESIAN_POINT ( 'NONE',  ( -18.65378132083334606, 35.38412698420760449, 8.000000000000000000 ) ) ;
#5157 = ORIENTED_EDGE ( 'NONE', *, *, #5951, .T. ) ;
#5158 = DIRECTION ( 'NONE',  ( 0.8090169943749465631, 0.5877852522924743583, 0.000000000000000000 ) ) ;
#5159 = ORIENTED_EDGE ( 'NONE', *, *, #5141, .F. ) ;
#5160 = EDGE_CURVE ( 'NONE', #3355, #1579, #5567, .T. ) ;
#5161 = CARTESIAN_POINT ( 'NONE',  ( 5.607921044894919049, -49.97637685009845399, 8.000000000000000000 ) ) ;
#5162 = EDGE_CURVE ( 'NONE', #1751, #2350, #4443, .T. ) ;
#5163 = DIRECTION ( 'NONE',  ( 1.000000000000000000, 0.000000000000000000, 0.000000000000000000 ) ) ;
#5164 = DIRECTION ( 'NONE',  ( -0.9048270524660205760, 0.4257792915650703836, -0.000000000000000000 ) ) ;
#5165 = CARTESIAN_POINT ( 'NONE',  ( -10.51168264943634156, -43.75505145554671316, 8.000000000000000000 ) ) ;
#5166 = ORIENTED_EDGE ( 'NONE', *, *, #3723, .F. ) ;
#5167 = DIRECTION ( 'NONE',  ( 0.000000000000000000, 0.000000000000000000, 1.000000000000000000 ) ) ;
#5168 = EDGE_LOOP ( 'NONE', ( #4254, #5261, #367, #812 ) ) ;
#5169 = DIRECTION ( 'NONE',  ( 0.000000000000000000, 0.000000000000000000, 1.000000000000000000 ) ) ;
#5170 = VERTEX_POINT ( 'NONE', #102 ) ;
#5171 = ORIENTED_EDGE ( 'NONE', *, *, #501, .T. ) ;
#5172 = CARTESIAN_POINT ( 'NONE',  ( 52.06356398421432630, -33.86960416812257790, 8.193579175013844965E-16 ) ) ;
#5173 = CARTESIAN_POINT ( 'NONE',  ( 52.81372149718492892, -32.68754507241975915, 3.907315377998108371E-16 ) ) ;
#5174 = VERTEX_POINT ( 'NONE', #6656 ) ;
#5175 = DIRECTION ( 'NONE',  ( 0.000000000000000000, 0.000000000000000000, 1.000000000000000000 ) ) ;
#5176 = ORIENTED_EDGE ( 'NONE', *, *, #1877, .T. ) ;
#5177 = CARTESIAN_POINT ( 'NONE',  ( 0.000000000000000000, 0.000000000000000000, 0.000000000000000000 ) ) ;
#5178 = AXIS2_PLACEMENT_3D ( 'NONE', #3235, #1651, #3265 ) ;
#5179 = CARTESIAN_POINT ( 'NONE',  ( 44.32874487107531536, -7.743537831967702623, 10.00000000000000000 ) ) ;
#5180 = ADVANCED_FACE ( 'NONE', ( #241 ), #2258, .F. ) ;
#5181 = ORIENTED_EDGE ( 'NONE', *, *, #6837, .F. ) ;
#5182 = LINE ( 'NONE', #1883, #4116 ) ;
#5183 = VERTEX_POINT ( 'NONE', #6090 ) ;
#5184 = EDGE_CURVE ( 'NONE', #1400, #5879, #1268, .T. ) ;
#5185 = DIRECTION ( 'NONE',  ( 0.000000000000000000, 0.000000000000000000, 1.000000000000000000 ) ) ;
#5186 = DIRECTION ( 'NONE',  ( 0.000000000000000000, 0.000000000000000000, 1.000000000000000000 ) ) ;
#5187 = DIRECTION ( 'NONE',  ( -0.5877852522924685852, -0.8090169943749507819, -0.000000000000000000 ) ) ;
#5188 = ORIENTED_EDGE ( 'NONE', *, *, #5124, .T. ) ;
#5189 = LINE ( 'NONE', #3012, #4206 ) ;
#5190 = ORIENTED_EDGE ( 'NONE', *, *, #3950, .T. ) ;
#5191 = CARTESIAN_POINT ( 'NONE',  ( 20.84967222629154904, 54.56179118725652444, 8.000000000000000000 ) ) ;
#5192 = EDGE_CURVE ( 'NONE', #4363, #3332, #2865, .T. ) ;
#5193 = CIRCLE ( 'NONE', #356, 40.00000000000000000 ) ;
#5194 = DIRECTION ( 'NONE',  ( 1.000000000000000000, 0.000000000000000000, 0.000000000000000000 ) ) ;
#5195 = VECTOR ( 'NONE', #49, 1000.000000000000000 ) ;
#5196 = CARTESIAN_POINT ( 'NONE',  ( -4.944832808362231269, 44.72749298247494210, 3.907315377998108371E-16 ) ) ;
#5197 = EDGE_CURVE ( 'NONE', #2425, #1005, #3456, .T. ) ;
#5198 = DIRECTION ( 'NONE',  ( -0.000000000000000000, 0.000000000000000000, 1.000000000000000000 ) ) ;
#5199 = ORIENTED_EDGE ( 'NONE', *, *, #5720, .F. ) ;
#5200 = CARTESIAN_POINT ( 'NONE',  ( 11.86769907501672883, -43.40688561351581853, 8.000000000000000000 ) ) ;
#5201 = VECTOR ( 'NONE', #4055, 1000.000000000000000 ) ;
#5202 = EDGE_LOOP ( 'NONE', ( #6369, #6450, #299, #1160 ) ) ;
#5203 = CARTESIAN_POINT ( 'NONE',  ( -22.28970697080605845, 39.09180173841568262, 10.00000000000000000 ) ) ;
#5204 = VERTEX_POINT ( 'NONE', #6169 ) ;
#5205 = VECTOR ( 'NONE', #2813, 1000.000000000000000 ) ;
#5206 = AXIS2_PLACEMENT_3D ( 'NONE', #4262, #1558, #2537 ) ;
#5207 = VERTEX_POINT ( 'NONE', #2920 ) ;
#5208 = CARTESIAN_POINT ( 'NONE',  ( 51.57160644768081426, -10.55043257842948989, 8.193579175013844965E-16 ) ) ;
#5209 = AXIS2_PLACEMENT_3D ( 'NONE', #1047, #5276, #478 ) ;
#5210 = DIRECTION ( 'NONE',  ( -0.000000000000000000, -0.000000000000000000, -1.000000000000000000 ) ) ;
#5211 = AXIS2_PLACEMENT_3D ( 'NONE', #1401, #2938, #1332 ) ;
#5212 = ORIENTED_EDGE ( 'NONE', *, *, #1685, .F. ) ;
#5213 = PLANE ( 'NONE',  #4327 ) ;
#5214 = VERTEX_POINT ( 'NONE', #2853 ) ;
#5215 = ADVANCED_FACE ( 'NONE', ( #3416 ), #2397, .F. ) ;
#5216 = EDGE_CURVE ( 'NONE', #4140, #2678, #2757, .T. ) ;
#5217 = AXIS2_PLACEMENT_3D ( 'NONE', #208, #4500, #6653 ) ;
#5218 = CIRCLE ( 'NONE', #3761, 45.00000000000000711 ) ;
#5219 = CARTESIAN_POINT ( 'NONE',  ( 40.41424527821063606, 19.79112878520652430, 10.00000000000000000 ) ) ;
#5220 = ORIENTED_EDGE ( 'NONE', *, *, #389, .T. ) ;
#5221 = AXIS2_PLACEMENT_3D ( 'NONE', #3948, #4021, #3919 ) ;
#5222 = VECTOR ( 'NONE', #4812, 1000.000000000000000 ) ;
#5223 = LINE ( 'NONE', #5262, #5805 ) ;
#5224 = EDGE_LOOP ( 'NONE', ( #6362, #3661, #5131, #1819 ) ) ;
#5225 = ADVANCED_FACE ( 'NONE', ( #743 ), #1343, .F. ) ;
#5226 = ADVANCED_FACE ( 'NONE', ( #2815 ), #3485, .F. ) ;
#5227 = DIRECTION ( 'NONE',  ( 0.000000000000000000, 0.000000000000000000, 1.000000000000000000 ) ) ;
#5228 = DIRECTION ( 'NONE',  ( -0.9048270524660205760, 0.4257792915650703836, -0.000000000000000000 ) ) ;
#5229 = EDGE_CURVE ( 'NONE', #4286, #169, #136, .T. ) ;
#5230 = CARTESIAN_POINT ( 'NONE',  ( 42.57605304957960612, -14.56982178063216260, 8.193579175013844965E-16 ) ) ;
#5231 = ORIENTED_EDGE ( 'NONE', *, *, #5475, .F. ) ;
#5232 = DIRECTION ( 'NONE',  ( -0.000000000000000000, -0.000000000000000000, -1.000000000000000000 ) ) ;
#5233 = EDGE_LOOP ( 'NONE', ( #4485, #1875, #3963, #1473, #4238, #3679, #6504, #1326, #3801, #1289, #3477, #6358, #699, #5298, #3841, #2428, #6489, #4215, #1016, #4367, #6852, #1913, #5987, #5733, #3161, #3685, #599, #2910, #2037, #289, #4153, #3130, #1564, #1443, #5013, #6136, #3912, #852, #4120, #3179, #2535, #3820, #3280, #2588, #227, #386, #5953, #2798, #5924, #590, #3748, #4454, #5832, #3088, #1286, #1714, #211, #3844, #215, #6059, #1075, #4069, #4472, #395, #2283, #4164, #629, #6251, #6135, #5481, #5761, #4546, #2235, #1411, #2270, #6285, #2054, #4923, #6093, #3717, #4393, #2871, #1409, #3932, #2830, #2304, #5731, #3860, #1758, #1144, #1779, #2368, #1707, #3538, #1126, #3153, #3872, #4289, #5137, #6509, #5608, #2521, #5849, #4644 ) ) ;
#5234 = CARTESIAN_POINT ( 'NONE',  ( 0.000000000000000000, 0.000000000000000000, 8.000000000000000000 ) ) ;
#5235 = AXIS2_PLACEMENT_3D ( 'NONE', #5121, #259, #2974 ) ;
#5236 = CARTESIAN_POINT ( 'NONE',  ( -26.86741302586447588, 29.63346279626476232, 10.00000000000000000 ) ) ;
#5237 = DIRECTION ( 'NONE',  ( -0.000000000000000000, 0.000000000000000000, 1.000000000000000000 ) ) ;
#5238 = AXIS2_PLACEMENT_3D ( 'NONE', #1302, #235, #2284 ) ;
#5239 = CARTESIAN_POINT ( 'NONE',  ( 54.14436244607939841, -16.85654624173754357, 8.000000000000000000 ) ) ;
#5240 = ORIENTED_EDGE ( 'NONE', *, *, #6500, .T. ) ;
#5241 = DIRECTION ( 'NONE',  ( -0.3681245526846786964, 0.9297764858882510142, 0.000000000000000000 ) ) ;
#5242 = VERTEX_POINT ( 'NONE', #3098 ) ;
#5243 = DIRECTION ( 'NONE',  ( -0.7705132427757860336, -0.6374239897486935202, -0.000000000000000000 ) ) ;
#5244 = VERTEX_POINT ( 'NONE', #5777 ) ;
#5245 = AXIS2_PLACEMENT_3D ( 'NONE', #3995, #6142, #1318 ) ;
#5246 = ADVANCED_FACE ( 'NONE', ( #3021 ), #4083, .F. ) ;
#5247 = CIRCLE ( 'NONE', #1771, 45.00000000000000711 ) ;
#5248 = EDGE_LOOP ( 'NONE', ( #6748, #5140, #3549, #3205 ) ) ;
#5249 = AXIS2_PLACEMENT_3D ( 'NONE', #3545, #6822, #437 ) ;
#5250 = DIRECTION ( 'NONE',  ( -0.6845471059286899473, 0.7289686274214103312, 0.000000000000000000 ) ) ;
#5252 = EDGE_CURVE ( 'NONE', #1007, #5704, #283, .T. ) ;
#5251 = FACE_OUTER_BOUND ( 'NONE', #3711, .T. ) ;
#5253 = DIRECTION ( 'NONE',  ( 1.000000000000000000, 0.000000000000000000, -0.000000000000000000 ) ) ;
#5254 = AXIS2_PLACEMENT_3D ( 'NONE', #1960, #6329, #6261 ) ;
#5255 = ORIENTED_EDGE ( 'NONE', *, *, #297, .T. ) ;
#5256 = DIRECTION ( 'NONE',  ( 1.000000000000000000, 0.000000000000000000, 0.000000000000000000 ) ) ;
#5257 = ORIENTED_EDGE ( 'NONE', *, *, #4905, .F. ) ;
#5258 = EDGE_CURVE ( 'NONE', #3018, #997, #3589, .T. ) ;
#5259 = PLANE ( 'NONE',  #5652 ) ;
#5260 = EDGE_CURVE ( 'NONE', #2912, #6876, #4642, .T. ) ;
#5261 = ORIENTED_EDGE ( 'NONE', *, *, #1734, .T. ) ;
#5262 = CARTESIAN_POINT ( 'NONE',  ( 45.00000000000000711, 5.510910596163090344E-15, 10.00000000000000000 ) ) ;
#5263 = ORIENTED_EDGE ( 'NONE', *, *, #5749, .T. ) ;
#5264 = LINE ( 'NONE', #46, #3750 ) ;
#5265 = DIRECTION ( 'NONE',  ( 0.000000000000000000, 0.000000000000000000, 1.000000000000000000 ) ) ;
#5266 = CARTESIAN_POINT ( 'NONE',  ( 53.88054222770525570, -26.12788712983580197, 8.193579175013844965E-16 ) ) ;
#5267 = EDGE_LOOP ( 'NONE', ( #3330, #4816, #2251, #636 ) ) ;
#5268 = LINE ( 'NONE', #2027, #3526 ) ;
#5269 = EDGE_LOOP ( 'NONE', ( #4875, #2300, #6310, #1903 ) ) ;
#5270 = CARTESIAN_POINT ( 'NONE',  ( 35.88949410446941357, 17.66194250147066214, 3.907315377998108371E-16 ) ) ;
#5271 = EDGE_CURVE ( 'NONE', #1291, #3026, #3204, .T. ) ;
#5272 = LINE ( 'NONE', #5442, #3191 ) ;
#5273 = CARTESIAN_POINT ( 'NONE',  ( 0.000000000000000000, 0.000000000000000000, 0.000000000000000000 ) ) ;
#5274 = CARTESIAN_POINT ( 'NONE',  ( 53.71173865395446967, -18.18802536455075725, 8.193579175013844965E-16 ) ) ;
#5275 = VERTEX_POINT ( 'NONE', #6731 ) ;
#5276 = DIRECTION ( 'NONE',  ( 0.000000000000000000, 0.000000000000000000, 1.000000000000000000 ) ) ;
#5277 = ADVANCED_FACE ( 'NONE', ( #6799 ), #314, .F. ) ;
#5278 = VERTEX_POINT ( 'NONE', #3055 ) ;
#5279 = CARTESIAN_POINT ( 'NONE',  ( 44.94972211312059329, 2.126612788741371940, 10.00000000000000000 ) ) ;
#5280 = ORIENTED_EDGE ( 'NONE', *, *, #536, .T. ) ;
#5281 = EDGE_CURVE ( 'NONE', #1413, #3681, #2437, .T. ) ;
#5282 = ORIENTED_EDGE ( 'NONE', *, *, #1964, .T. ) ;
#5283 = DIRECTION ( 'NONE',  ( -0.4817536741017101609, -0.8763066800438664705, -0.000000000000000000 ) ) ;
#5284 = CARTESIAN_POINT ( 'NONE',  ( -15.91275697575460946, 42.09256662916354941, 10.00000000000000000 ) ) ;
#5285 = LINE ( 'NONE', #23, #3749 ) ;
#5286 = ORIENTED_EDGE ( 'NONE', *, *, #40, .F. ) ;
#5287 = DIRECTION ( 'NONE',  ( 0.000000000000000000, 0.000000000000000000, 1.000000000000000000 ) ) ;
#5288 = VERTEX_POINT ( 'NONE', #4580 ) ;
#5289 = EDGE_CURVE ( 'NONE', #6178, #6594, #6233, .T. ) ;
#5290 = CARTESIAN_POINT ( 'NONE',  ( 0.000000000000000000, 0.000000000000000000, 0.000000000000000000 ) ) ;
#5291 = VERTEX_POINT ( 'NONE', #5635 ) ;
#5292 = EDGE_CURVE ( 'NONE', #2188, #762, #911, .T. ) ;
#5293 = DIRECTION ( 'NONE',  ( 0.000000000000000000, 0.000000000000000000, 1.000000000000000000 ) ) ;
#5294 = ORIENTED_EDGE ( 'NONE', *, *, #5602, .F. ) ;
#5295 = CARTESIAN_POINT ( 'NONE',  ( 28.82786076073684711, 53.89070878269404119, 8.000000000000000000 ) ) ;
#5296 = CARTESIAN_POINT ( 'NONE',  ( 40.41424527821077106, -19.79112878520623653, 8.193579175013844965E-16 ) ) ;
#5297 = DIRECTION ( 'NONE',  ( 0.000000000000000000, 0.000000000000000000, 1.000000000000000000 ) ) ;
#5298 = ORIENTED_EDGE ( 'NONE', *, *, #4837, .F. ) ;
#5299 = FACE_OUTER_BOUND ( 'NONE', #4452, .T. ) ;
#5300 = VERTEX_POINT ( 'NONE', #383 ) ;
#5301 = DIRECTION ( 'NONE',  ( 0.000000000000000000, 0.000000000000000000, 1.000000000000000000 ) ) ;
#5302 = CARTESIAN_POINT ( 'NONE',  ( -30.29061452342149252, -33.27880213880131066, 8.193579175013844965E-16 ) ) ;
#5303 = DIRECTION ( 'NONE',  ( -0.000000000000000000, 1.000000000000000000, -0.000000000000000000 ) ) ;
#5304 = PLANE ( 'NONE',  #3170 ) ;
#5305 = CARTESIAN_POINT ( 'NONE',  ( -15.91275697575429682, -42.09256662916367020, 10.00000000000000000 ) ) ;
#5306 = VECTOR ( 'NONE', #1255, 1000.000000000000000 ) ;
#5307 = ORIENTED_EDGE ( 'NONE', *, *, #3522, .T. ) ;
#5308 = CARTESIAN_POINT ( 'NONE',  ( 43.00867684170442828, 13.23834265781926156, 8.000000000000000000 ) ) ;
#5309 = ORIENTED_EDGE ( 'NONE', *, *, #5724, .T. ) ;
#5310 = LINE ( 'NONE', #3727, #6490 ) ;
#5311 = VECTOR ( 'NONE', #1250, 1000.000000000000000 ) ;
#5312 = ORIENTED_EDGE ( 'NONE', *, *, #161, .F. ) ;
#5313 = ADVANCED_FACE ( 'NONE', ( #2991 ), #4052, .F. ) ;
#5314 = CARTESIAN_POINT ( 'NONE',  ( -4.318081326812754916, -39.76624414820981457, 10.00000000000000000 ) ) ;
#5315 = CIRCLE ( 'NONE', #3398, 40.00000000000000000 ) ;
#5316 = CARTESIAN_POINT ( 'NONE',  ( 17.21444405599785199, 41.57719225540513008, 8.193579175013844965E-16 ) ) ;
#5317 = CARTESIAN_POINT ( 'NONE',  ( -30.36961316321144722, -26.03241433899081869, 8.193579175013844965E-16 ) ) ;
#5318 = VERTEX_POINT ( 'NONE', #1970 ) ;
#5319 = CARTESIAN_POINT ( 'NONE',  ( 20.84967222629201444, -54.56179118725653154, 8.193579175013844965E-16 ) ) ;
#5320 = ADVANCED_FACE ( 'NONE', ( #1370 ), #1927, .F. ) ;
#5321 = AXIS2_PLACEMENT_3D ( 'NONE', #949, #4606, #1442 ) ;
#5322 = ORIENTED_EDGE ( 'NONE', *, *, #5762, .F. ) ;
#5323 = CIRCLE ( 'NONE', #3181, 45.00000000000000711 ) ;
#5324 = AXIS2_PLACEMENT_3D ( 'NONE', #738, #3345, #5493 ) ;
#5325 = CIRCLE ( 'NONE', #2290, 40.00000000000000000 ) ;
#5326 = CIRCLE ( 'NONE', #4767, 40.00000000000000000 ) ;
#5327 = CARTESIAN_POINT ( 'NONE',  ( 38.25274688064453699, -11.69304733956637143, 10.00000000000000000 ) ) ;
#5328 = VECTOR ( 'NONE', #4846, 1000.000000000000000 ) ;
#5329 = DIRECTION ( 'NONE',  ( 1.000000000000000000, 0.000000000000000000, 0.000000000000000000 ) ) ;
#5330 = AXIS2_PLACEMENT_3D ( 'NONE', #1082, #6890, #5862 ) ;
#5331 = AXIS2_PLACEMENT_3D ( 'NONE', #6830, #5768, #3657 ) ;
#5332 = ORIENTED_EDGE ( 'NONE', *, *, #1553, .T. ) ;
#5333 = EDGE_CURVE ( 'NONE', #4049, #6337, #4121, .T. ) ;
#5334 = CARTESIAN_POINT ( 'NONE',  ( 0.000000000000000000, 0.000000000000000000, 0.000000000000000000 ) ) ;
#5335 = VECTOR ( 'NONE', #5612, 1000.000000000000000 ) ;
#5336 = ORIENTED_EDGE ( 'NONE', *, *, #3923, .T. ) ;
#5337 = VECTOR ( 'NONE', #5992, 1000.000000000000000 ) ;
#5338 = VECTOR ( 'NONE', #4499, 1000.000000000000000 ) ;
#5339 = ADVANCED_FACE ( 'NONE', ( #2003 ), #6759, .T. ) ;
#5340 = AXIS2_PLACEMENT_3D ( 'NONE', #6451, #1630, #3777 ) ;
#5341 = LINE ( 'NONE', #4312, #4536 ) ;
#5342 = AXIS2_PLACEMENT_3D ( 'NONE', #5273, #3584, #444 ) ;
#5343 = EDGE_CURVE ( 'NONE', #6819, #3556, #6303, .T. ) ;
#5344 = DIRECTION ( 'NONE',  ( 0.000000000000000000, 0.000000000000000000, 1.000000000000000000 ) ) ;
#5345 = CARTESIAN_POINT ( 'NONE',  ( 0.000000000000000000, 0.000000000000000000, 0.000000000000000000 ) ) ;
#5346 = EDGE_LOOP ( 'NONE', ( #4582, #4391, #5467, #1873 ) ) ;
#5347 = LINE ( 'NONE', #5379, #4654 ) ;
#5348 = ORIENTED_EDGE ( 'NONE', *, *, #5603, .F. ) ;
#5349 = EDGE_CURVE ( 'NONE', #4042, #3694, #6359, .T. ) ;
#5350 = DIRECTION ( 'NONE',  ( -0.7705132427757904745, 0.6374239897486881912, 0.000000000000000000 ) ) ;
#5351 = ADVANCED_FACE ( 'NONE', ( #3238 ), #6510, .F. ) ;
#5352 = DIRECTION ( 'NONE',  ( -0.9980267284282717810, 0.06279051952930998770, -0.000000000000000000 ) ) ;
#5353 = LINE ( 'NONE', #6941, #5892 ) ;
#5354 = VERTEX_POINT ( 'NONE', #3802 ) ;
#5355 = CARTESIAN_POINT ( 'NONE',  ( 0.000000000000000000, 0.000000000000000000, 8.000000000000000000 ) ) ;
#5356 = VERTEX_POINT ( 'NONE', #1125 ) ;
#5357 = PLANE ( 'NONE',  #2993 ) ;
#5358 = ORIENTED_EDGE ( 'NONE', *, *, #2824, .F. ) ;
#5359 = VECTOR ( 'NONE', #5934, 1000.000000000000000 ) ;
#5360 = CARTESIAN_POINT ( 'NONE',  ( 0.000000000000000000, 0.000000000000000000, 0.000000000000000000 ) ) ;
#5361 = PLANE ( 'NONE',  #3645 ) ;
#5362 = CARTESIAN_POINT ( 'NONE',  ( 0.000000000000000000, 0.000000000000000000, 0.000000000000000000 ) ) ;
#5363 = VERTEX_POINT ( 'NONE', #5419 ) ;
#5364 = LINE ( 'NONE', #2685, #1962 ) ;
#5365 = ORIENTED_EDGE ( 'NONE', *, *, #3486, .F. ) ;
#5366 = AXIS2_PLACEMENT_3D ( 'NONE', #3001, #5040, #1878 ) ;
#5367 = CARTESIAN_POINT ( 'NONE',  ( 0.000000000000000000, 0.000000000000000000, 0.000000000000000000 ) ) ;
#5369 = EDGE_CURVE ( 'NONE', #657, #936, #14, .T. ) ;
#5368 = CARTESIAN_POINT ( 'NONE',  ( 35.88949410446941357, 17.66194250147066569, 10.00000000000000000 ) ) ;
#5370 = CIRCLE ( 'NONE', #2223, 45.00000000000000711 ) ;
#5371 = EDGE_LOOP ( 'NONE', ( #2380, #6795, #2708, #5718, #2933, #732 ) ) ;
#5372 = CARTESIAN_POINT ( 'NONE',  ( 34.14302387201784228, 20.83876006087742638, 10.00000000000000000 ) ) ;
#5373 = VERTEX_POINT ( 'NONE', #3695 ) ;
#5374 = EDGE_CURVE ( 'NONE', #1751, #4894, #2677, .T. ) ;
#5375 = LINE ( 'NONE', #6466, #5780 ) ;
#5376 = PLANE ( 'NONE',  #5651 ) ;
#5377 = CARTESIAN_POINT ( 'NONE',  ( 43.03253666103130826, 46.84757105319597770, 8.000000000000000000 ) ) ;
#5378 = EDGE_LOOP ( 'NONE', ( #951, #2438, #1717, #2540 ) ) ;
#5379 = CARTESIAN_POINT ( 'NONE',  ( 54.14436244607939841, -16.85654624173754357, 8.000000000000000000 ) ) ;
#5380 = ADVANCED_FACE ( 'NONE', ( #6905 ), #5842, .F. ) ;
#5381 = ORIENTED_EDGE ( 'NONE', *, *, #2622, .F. ) ;
#5382 = EDGE_CURVE ( 'NONE', #6004, #1114, #6974, .T. ) ;
#5383 = CARTESIAN_POINT ( 'NONE',  ( 0.000000000000000000, 0.000000000000000000, 0.000000000000000000 ) ) ;
#5384 = CARTESIAN_POINT ( 'NONE',  ( -22.94149773528465630, -32.76717384306940062, 8.000000000000000000 ) ) ;
#5385 = CARTESIAN_POINT ( 'NONE',  ( 39.87100239165707904, 3.209854869690521806, 8.000000000000000000 ) ) ;
#5386 = EDGE_CURVE ( 'NONE', #5638, #5781, #612, .T. ) ;
#5387 = ORIENTED_EDGE ( 'NONE', *, *, #1447, .F. ) ;
#5388 = ADVANCED_FACE ( 'NONE', ( #4224 ), #4892, .F. ) ;
#5389 = DIRECTION ( 'NONE',  ( 0.000000000000000000, 0.000000000000000000, 1.000000000000000000 ) ) ;
#5390 = VERTEX_POINT ( 'NONE', #2079 ) ;
#5391 = DIRECTION ( 'NONE',  ( -0.5877852522924685852, -0.8090169943749507819, -0.000000000000000000 ) ) ;
#5392 = EDGE_LOOP ( 'NONE', ( #4764, #4909, #6540, #4053 ) ) ;
#5393 = DIRECTION ( 'NONE',  ( 0.000000000000000000, 0.000000000000000000, 1.000000000000000000 ) ) ;
#5394 = DIRECTION ( 'NONE',  ( 1.000000000000000000, 0.000000000000000000, 0.000000000000000000 ) ) ;
#5395 = CARTESIAN_POINT ( 'NONE',  ( -30.29061452342149607, -33.27880213880131066, 10.00000000000000000 ) ) ;
#5396 = ORIENTED_EDGE ( 'NONE', *, *, #5162, .T. ) ;
#5397 = CARTESIAN_POINT ( 'NONE',  ( 0.000000000000000000, 0.000000000000000000, 8.000000000000000000 ) ) ;
#5398 = VERTEX_POINT ( 'NONE', #2181 ) ;
#5399 = DIRECTION ( 'NONE',  ( 0.000000000000000000, 0.000000000000000000, 1.000000000000000000 ) ) ;
#5400 = CARTESIAN_POINT ( 'NONE',  ( 0.000000000000000000, 0.000000000000000000, 0.000000000000000000 ) ) ;
#5401 = ORIENTED_EDGE ( 'NONE', *, *, #1294, .T. ) ;
#5402 = DIRECTION ( 'NONE',  ( 0.5358267949790005424, -0.8443279255020126328, 6.505213034913029562E-16 ) ) ;
#5403 = ORIENTED_EDGE ( 'NONE', *, *, #3923, .F. ) ;
#5404 = EDGE_CURVE ( 'NONE', #5291, #6345, #2598, .T. ) ;
#5405 = PLANE ( 'NONE',  #1501 ) ;
#5406 = EDGE_CURVE ( 'NONE', #3736, #1729, #60, .T. ) ;
#5407 = ORIENTED_EDGE ( 'NONE', *, *, #6979, .F. ) ;
#5408 = CARTESIAN_POINT ( 'NONE',  ( 37.82012308851952298, 13.02452646237985867, 3.907315377998108371E-16 ) ) ;
#5409 = CARTESIAN_POINT ( 'NONE',  ( 0.000000000000000000, 0.000000000000000000, 0.000000000000000000 ) ) ;
#5410 = ORIENTED_EDGE ( 'NONE', *, *, #2655, .F. ) ;
#5411 = PLANE ( 'NONE',  #4092 ) ;
#5412 = ADVANCED_FACE ( 'NONE', ( #4741 ), #1617, .F. ) ;
#5413 = ORIENTED_EDGE ( 'NONE', *, *, #2373, .T. ) ;
#5414 = DIRECTION ( 'NONE',  ( -0.2486898871648483555, -0.9685831611286327414, 0.000000000000000000 ) ) ;
#5415 = CARTESIAN_POINT ( 'NONE',  ( 43.00867684170442828, 13.23834265781925978, 10.00000000000000000 ) ) ;
#5416 = PLANE ( 'NONE',  #4507 ) ;
#5417 = DIRECTION ( 'NONE',  ( 1.000000000000000000, 0.000000000000000000, 0.000000000000000000 ) ) ;
#5418 = ORIENTED_EDGE ( 'NONE', *, *, #4497, .T. ) ;
#5419 = CARTESIAN_POINT ( 'NONE',  ( 44.86181538577955763, -3.523850208540626916, 8.000000000000000000 ) ) ;
#5420 = EDGE_CURVE ( 'NONE', #6703, #5588, #2220, .T. ) ;
#5421 = ORIENTED_EDGE ( 'NONE', *, *, #4987, .T. ) ;
#5422 = PLANE ( 'NONE',  #4234 ) ;
#5423 = VERTEX_POINT ( 'NONE', #1552 ) ;
#5424 = EDGE_CURVE ( 'NONE', #1647, #1833, #4784, .T. ) ;
#5425 = PLANE ( 'NONE',  #6219 ) ;
#5426 = LINE ( 'NONE', #5496, #839 ) ;
#5427 = DIRECTION ( 'NONE',  ( 1.000000000000000000, 0.000000000000000000, 0.000000000000000000 ) ) ;
#5428 = ORIENTED_EDGE ( 'NONE', *, *, #1678, .F. ) ;
#5429 = CARTESIAN_POINT ( 'NONE',  ( -19.88061067289475048, 34.70967184046521226, 8.000000000000000000 ) ) ;
#5430 = ORIENTED_EDGE ( 'NONE', *, *, #6032, .T. ) ;
#5431 = VECTOR ( 'NONE', #6144, 1000.000000000000000 ) ;
#5432 = EDGE_CURVE ( 'NONE', #4641, #5354, #4364, .T. ) ;
#5433 = CARTESIAN_POINT ( 'NONE',  ( 27.01344789145882785, -35.98991015570111784, 3.907315377998108371E-16 ) ) ;
#5434 = CARTESIAN_POINT ( 'NONE',  ( 0.000000000000000000, 0.000000000000000000, 0.000000000000000000 ) ) ;
#5435 = CIRCLE ( 'NONE', #2728, 40.00000000000000000 ) ;
#5436 = CIRCLE ( 'NONE', #701, 40.00000000000000000 ) ;
#5437 = VERTEX_POINT ( 'NONE', #5870 ) ;
#5438 = VECTOR ( 'NONE', #5283, 1000.000000000000114 ) ;
#5439 = PLANE ( 'NONE',  #6374 ) ;
#5440 = AXIS2_PLACEMENT_3D ( 'NONE', #1956, #3502, #6156 ) ;
#5441 = AXIS2_PLACEMENT_3D ( 'NONE', #3255, #4834, #1141 ) ;
#5442 = CARTESIAN_POINT ( 'NONE',  ( -21.06287761874466469, 39.76625688215808196, 10.00000000000000000 ) ) ;
#5443 = CARTESIAN_POINT ( 'NONE',  ( 0.000000000000000000, 0.000000000000000000, 0.000000000000000000 ) ) ;
#5444 = VERTEX_POINT ( 'NONE', #5308 ) ;
#5445 = LINE ( 'NONE', #4916, #3875 ) ;
#5446 = VECTOR ( 'NONE', #4772, 1000.000000000000227 ) ;
#5447 = VECTOR ( 'NONE', #5519, 1000.000000000000000 ) ;
#5448 = ORIENTED_EDGE ( 'NONE', *, *, #3530, .F. ) ;
#5449 = LINE ( 'NONE', #4945, #3418 ) ;
#5450 = VERTEX_POINT ( 'NONE', #3203 ) ;
#5451 = VECTOR ( 'NONE', #5741, 1000.000000000000000 ) ;
#5452 = EDGE_CURVE ( 'NONE', #5214, #527, #6582, .T. ) ;
#5453 = CARTESIAN_POINT ( 'NONE',  ( 11.86769907501641974, 43.40688561351591090, 8.193579175013844965E-16 ) ) ;
#5454 = PLANE ( 'NONE',  #3719 ) ;
#5455 = CARTESIAN_POINT ( 'NONE',  ( 22.28970697080606200, -39.09180173841568262, 10.00000000000000000 ) ) ;
#5456 = ORIENTED_EDGE ( 'NONE', *, *, #5103, .F. ) ;
#5457 = DIRECTION ( 'NONE',  ( 1.000000000000000000, 0.000000000000000000, 0.000000000000000000 ) ) ;
#5458 = AXIS2_PLACEMENT_3D ( 'NONE', #5355, #520, #4285 ) ;
#5459 = ORIENTED_EDGE ( 'NONE', *, *, #941, .F. ) ;
#5460 = CARTESIAN_POINT ( 'NONE',  ( 36.48558511266062965, -16.39518462801798648, 3.907315377998108371E-16 ) ) ;
#5461 = VERTEX_POINT ( 'NONE', #4326 ) ;
#5462 = DIRECTION ( 'NONE',  ( 0.000000000000000000, 0.000000000000000000, 1.000000000000000000 ) ) ;
#5463 = DIRECTION ( 'NONE',  ( 0.1253332335642974860, 0.9921147013144786531, 0.000000000000000000 ) ) ;
#5464 = PLANE ( 'NONE',  #819 ) ;
#5465 = ORIENTED_EDGE ( 'NONE', *, *, #5928, .F. ) ;
#5466 = FACE_OUTER_BOUND ( 'NONE', #2776, .T. ) ;
#5467 = ORIENTED_EDGE ( 'NONE', *, *, #4130, .F. ) ;
#5468 = EDGE_CURVE ( 'NONE', #4257, #6842, #6439, .T. ) ;
#5469 = VECTOR ( 'NONE', #4346, 1000.000000000000000 ) ;
#5470 = CARTESIAN_POINT ( 'NONE',  ( 47.59862517110222058, 3.696035685521064540, 8.000000000000000000 ) ) ;
#5471 = EDGE_CURVE ( 'NONE', #1400, #3890, #6081, .T. ) ;
#5472 = DIRECTION ( 'NONE',  ( -0.1253332335642974860, -0.9921147013144786531, -0.000000000000000000 ) ) ;
#5473 = AXIS2_PLACEMENT_3D ( 'NONE', #1200, #795, #1718 ) ;
#5474 = VERTEX_POINT ( 'NONE', #2911 ) ;
#5475 = EDGE_CURVE ( 'NONE', #3332, #113, #1154, .T. ) ;
#5476 = FACE_OUTER_BOUND ( 'NONE', #6351, .T. ) ;
#5477 = CIRCLE ( 'NONE', #188, 45.00000000000000711 ) ;
#5478 = EDGE_CURVE ( 'NONE', #4377, #331, #4545, .T. ) ;
#5479 = DIRECTION ( 'NONE',  ( -0.000000000000000000, 0.000000000000000000, 1.000000000000000000 ) ) ;
#5480 = DIRECTION ( 'NONE',  ( 1.000000000000000000, 0.000000000000000000, 0.000000000000000000 ) ) ;
#5481 = ORIENTED_EDGE ( 'NONE', *, *, #4803, .F. ) ;
#5482 = CARTESIAN_POINT ( 'NONE',  ( -38.36523822947523854, 23.51825877048750613, 8.193579175013844965E-16 ) ) ;
#5483 = ORIENTED_EDGE ( 'NONE', *, *, #2619, .F. ) ;
#5484 = CARTESIAN_POINT ( 'NONE',  ( -18.65378132083309026, -35.38412698420771818, 8.193579175013844965E-16 ) ) ;
#5485 = ORIENTED_EDGE ( 'NONE', *, *, #4089, .T. ) ;
#5486 = PLANE ( 'NONE',  #5075 ) ;
#5487 = CARTESIAN_POINT ( 'NONE',  ( 43.03253666103165642, -46.84757105319567216, 8.193579175013844965E-16 ) ) ;
#5488 = CARTESIAN_POINT ( 'NONE',  ( 30.29061452342149607, 33.27880213880131066, 10.00000000000000000 ) ) ;
#5489 = VERTEX_POINT ( 'NONE', #734 ) ;
#5490 = DIRECTION ( 'NONE',  ( -0.000000000000000000, -0.000000000000000000, -1.000000000000000000 ) ) ;
#5491 = ORIENTED_EDGE ( 'NONE', *, *, #83, .F. ) ;
#5492 = CARTESIAN_POINT ( 'NONE',  ( 54.14436244607947657, 16.85654624173800187, 8.000000000000000000 ) ) ;
#5493 = DIRECTION ( 'NONE',  ( 1.000000000000000000, 0.000000000000000000, 0.000000000000000000 ) ) ;
#5494 = DIRECTION ( 'NONE',  ( -0.000000000000000000, 0.000000000000000000, 1.000000000000000000 ) ) ;
#5495 = ADVANCED_FACE ( 'NONE', ( #625 ), #6539, .F. ) ;
#5496 = CARTESIAN_POINT ( 'NONE',  ( 18.65378132083335316, -35.38412698420760449, 10.00000000000000000 ) ) ;
#5497 = DIRECTION ( 'NONE',  ( 0.000000000000000000, 0.000000000000000000, 1.000000000000000000 ) ) ;
#5498 = VERTEX_POINT ( 'NONE', #5054 ) ;
#5499 = DIRECTION ( 'NONE',  ( -0.000000000000000000, 0.000000000000000000, 1.000000000000000000 ) ) ;
#5500 = ORIENTED_EDGE ( 'NONE', *, *, #297, .F. ) ;
#5501 = EDGE_CURVE ( 'NONE', #6033, #664, #4464, .T. ) ;
#5502 = ORIENTED_EDGE ( 'NONE', *, *, #3814, .F. ) ;
#5503 = CARTESIAN_POINT ( 'NONE',  ( 49.26373951239822446, 39.84602429327390638, 8.193579175013844965E-16 ) ) ;
#5504 = ORIENTED_EDGE ( 'NONE', *, *, #3032, .F. ) ;
#5505 = CARTESIAN_POINT ( 'NONE',  ( 0.6999999999999998446, -39.99387453098285761, 10.00000000000000000 ) ) ;
#5506 = EDGE_CURVE ( 'NONE', #3572, #5709, #3985, .T. ) ;
#5507 = LINE ( 'NONE', #473, #6560 ) ;
#5508 = EDGE_CURVE ( 'NONE', #2155, #6959, #1228, .T. ) ;
#5509 = CARTESIAN_POINT ( 'NONE',  ( -34.14302387201797728, 20.83876006087717769, 8.193579175013844965E-16 ) ) ;
#5510 = ORIENTED_EDGE ( 'NONE', *, *, #646, .F. ) ;
#5511 = CARTESIAN_POINT ( 'NONE',  ( 35.11509744738734184, -28.14124963928381717, 8.000000000000000000 ) ) ;
#5512 = VERTEX_POINT ( 'NONE', #2388 ) ;
#5513 = CARTESIAN_POINT ( 'NONE',  ( -39.15430613881724753, -8.181705860502331618, 10.00000000000000000 ) ) ;
#5514 = ORIENTED_EDGE ( 'NONE', *, *, #1961, .F. ) ;
#5515 = LINE ( 'NONE', #6683, #1708 ) ;
#5516 = DIRECTION ( 'NONE',  ( -0.000000000000000000, -0.000000000000000000, -1.000000000000000000 ) ) ;
#5517 = FACE_OUTER_BOUND ( 'NONE', #735, .T. ) ;
#5518 = ORIENTED_EDGE ( 'NONE', *, *, #6611, .F. ) ;
#5519 = DIRECTION ( 'NONE',  ( -0.000000000000000000, -0.000000000000000000, -1.000000000000000000 ) ) ;
#5520 = EDGE_LOOP ( 'NONE', ( #4727, #6502, #2484, #587 ) ) ;
#5521 = PLANE ( 'NONE',  #2443 ) ;
#5522 = CARTESIAN_POINT ( 'NONE',  ( 0.000000000000000000, 0.000000000000000000, 0.000000000000000000 ) ) ;
#5523 = CARTESIAN_POINT ( 'NONE',  ( 0.000000000000000000, 0.000000000000000000, 8.000000000000000000 ) ) ;
#5524 = DIRECTION ( 'NONE',  ( -0.9685831611286309650, -0.2486898871648553500, 6.505213034913024632E-16 ) ) ;
#5525 = ORIENTED_EDGE ( 'NONE', *, *, #1122, .F. ) ;
#5526 = CARTESIAN_POINT ( 'NONE',  ( 22.15135930653556784, -54.04641681349798432, 3.907315377998108371E-16 ) ) ;
#5527 = ORIENTED_EDGE ( 'NONE', *, *, #4768, .T. ) ;
#5528 = EDGE_CURVE ( 'NONE', #4040, #4257, #6580, .T. ) ;
#5529 = VERTEX_POINT ( 'NONE', #4531 ) ;
#5530 = EDGE_CURVE ( 'NONE', #2035, #3261, #3341, .T. ) ;
#5531 = LINE ( 'NONE', #1375, #5201 ) ;
#5532 = ADVANCED_FACE ( 'NONE', ( #5023 ), #2807, .F. ) ;
#5533 = VERTEX_POINT ( 'NONE', #1299 ) ;
#5534 = CARTESIAN_POINT ( 'NONE',  ( 17.21444405599784844, 41.57719225540513008, 10.00000000000000000 ) ) ;
#5535 = DIRECTION ( 'NONE',  ( 1.000000000000000000, 0.000000000000000000, 0.000000000000000000 ) ) ;
#5536 = CIRCLE ( 'NONE', #1266, 40.00000000000000000 ) ;
#5537 = CIRCLE ( 'NONE', #6914, 45.00000000000000711 ) ;
#5538 = CARTESIAN_POINT ( 'NONE',  ( 0.000000000000000000, 0.000000000000000000, 8.000000000000000000 ) ) ;
#5539 = CIRCLE ( 'NONE', #3633, 45.00000000000000711 ) ;
#5540 = EDGE_CURVE ( 'NONE', #4720, #3159, #1198, .T. ) ;
#5541 = DIRECTION ( 'NONE',  ( 1.000000000000000000, 0.000000000000000000, 0.000000000000000000 ) ) ;
#5542 = ORIENTED_EDGE ( 'NONE', *, *, #286, .F. ) ;
#5543 = DIRECTION ( 'NONE',  ( -0.000000000000000000, -0.000000000000000000, -1.000000000000000000 ) ) ;
#5544 = ORIENTED_EDGE ( 'NONE', *, *, #6723, .T. ) ;
#5545 = CARTESIAN_POINT ( 'NONE',  ( -36.48558511266066517, 16.39518462801799714, 8.000000000000000000 ) ) ;
#5546 = VECTOR ( 'NONE', #6268, 1000.000000000000000 ) ;
#5547 = VERTEX_POINT ( 'NONE', #1683 ) ;
#5548 = VECTOR ( 'NONE', #6070, 1000.000000000000000 ) ;
#5549 = EDGE_CURVE ( 'NONE', #4832, #926, #688, .T. ) ;
#5550 = CIRCLE ( 'NONE', #822, 40.00000000000000000 ) ;
#5551 = EDGE_CURVE ( 'NONE', #6476, #3459, #3445, .T. ) ;
#5552 = AXIS2_PLACEMENT_3D ( 'NONE', #3158, #1090, #2112 ) ;
#5553 = LINE ( 'NONE', #684, #1148 ) ;
#5554 = AXIS2_PLACEMENT_3D ( 'NONE', #3404, #6052, #2840 ) ;
#5555 = DIRECTION ( 'NONE',  ( 1.000000000000000000, 0.000000000000000000, 0.000000000000000000 ) ) ;
#5556 = CARTESIAN_POINT ( 'NONE',  ( -15.37357071196674596, -36.92767693159371589, 8.000000000000000000 ) ) ;
#5557 = ORIENTED_EDGE ( 'NONE', *, *, #2732, .F. ) ;
#5558 = DIRECTION ( 'NONE',  ( 0.000000000000000000, 0.000000000000000000, 1.000000000000000000 ) ) ;
#5559 = ORIENTED_EDGE ( 'NONE', *, *, #2330, .T. ) ;
#5560 = ADVANCED_FACE ( 'NONE', ( #6646 ), #94, .F. ) ;
#5561 = CARTESIAN_POINT ( 'NONE',  ( 0.000000000000000000, 0.000000000000000000, 8.000000000000000000 ) ) ;
#5562 = VECTOR ( 'NONE', #4721, 1000.000000000000000 ) ;
#5563 = CIRCLE ( 'NONE', #2517, 45.00000000000000711 ) ;
#5564 = LINE ( 'NONE', #659, #4201 ) ;
#5565 = CARTESIAN_POINT ( 'NONE',  ( 18.65378132083309382, 35.38412698420773950, 8.000000000000000000 ) ) ;
#5566 = DIRECTION ( 'NONE',  ( -0.06279051952931692659, 0.9980267284282713369, 0.000000000000000000 ) ) ;
#5567 = CIRCLE ( 'NONE', #5221, 45.00000000000000711 ) ;
#5568 = DIRECTION ( 'NONE',  ( 0.000000000000000000, 0.000000000000000000, 1.000000000000000000 ) ) ;
#5569 = VECTOR ( 'NONE', #1439, 1000.000000000000000 ) ;
#5570 = EDGE_LOOP ( 'NONE', ( #5181, #4891, #2398, #5407 ) ) ;
#5571 = DIRECTION ( 'NONE',  ( -0.3090169943749515036, 0.9510565162951523099, 0.000000000000000000 ) ) ;
#5572 = ORIENTED_EDGE ( 'NONE', *, *, #6385, .T. ) ;
#5573 = ORIENTED_EDGE ( 'NONE', *, *, #755, .F. ) ;
#5574 = FACE_OUTER_BOUND ( 'NONE', #6944, .T. ) ;
#5575 = ORIENTED_EDGE ( 'NONE', *, *, #927, .T. ) ;
#5576 = DIRECTION ( 'NONE',  ( 1.000000000000000000, 0.000000000000000000, 0.000000000000000000 ) ) ;
#5577 = LINE ( 'NONE', #3568, #6035 ) ;
#5578 = ADVANCED_FACE ( 'NONE', ( #203 ), #1759, .F. ) ;
#5579 = ADVANCED_FACE ( 'NONE', ( #767 ), #4429, .F. ) ;
#5580 = DIRECTION ( 'NONE',  ( 1.000000000000000000, 0.000000000000000000, 0.000000000000000000 ) ) ;
#5581 = AXIS2_PLACEMENT_3D ( 'NONE', #534, #1074, #4307 ) ;
#5582 = DIRECTION ( 'NONE',  ( -0.000000000000000000, 0.000000000000000000, 1.000000000000000000 ) ) ;
#5583 = EDGE_CURVE ( 'NONE', #5011, #1206, #5659, .T. ) ;
#5584 = ORIENTED_EDGE ( 'NONE', *, *, #1719, .F. ) ;
#5585 = CARTESIAN_POINT ( 'NONE',  ( 0.000000000000000000, 0.000000000000000000, 0.000000000000000000 ) ) ;
#5586 = ORIENTED_EDGE ( 'NONE', *, *, #777, .F. ) ;
#5587 = DIRECTION ( 'NONE',  ( -0.000000000000000000, 0.000000000000000000, 1.000000000000000000 ) ) ;
#5588 = VERTEX_POINT ( 'NONE', #5763 ) ;
#5589 = CIRCLE ( 'NONE', #969, 40.00000000000000000 ) ;
#5590 = EDGE_CURVE ( 'NONE', #6076, #4286, #5189, .T. ) ;
#5591 = DIRECTION ( 'NONE',  ( 1.000000000000000000, 0.000000000000000000, 0.000000000000000000 ) ) ;
#5592 = VECTOR ( 'NONE', #2106, 1000.000000000000227 ) ;
#5593 = LINE ( 'NONE', #1857, #6314 ) ;
#5594 = DIRECTION ( 'NONE',  ( -0.000000000000000000, -0.000000000000000000, -1.000000000000000000 ) ) ;
#5595 = ORIENTED_EDGE ( 'NONE', *, *, #461, .F. ) ;
#5596 = DIRECTION ( 'NONE',  ( -0.06279051952931692659, 0.9980267284282713369, 0.000000000000000000 ) ) ;
#5597 = VERTEX_POINT ( 'NONE', #2483 ) ;
#5598 = DIRECTION ( 'NONE',  ( 0.000000000000000000, 0.000000000000000000, 1.000000000000000000 ) ) ;
#5599 = EDGE_CURVE ( 'NONE', #3623, #2495, #1435, .T. ) ;
#5600 = DIRECTION ( 'NONE',  ( 1.000000000000000000, 0.000000000000000000, 0.000000000000000000 ) ) ;
#5601 = CARTESIAN_POINT ( 'NONE',  ( 6.996881626735182991, -49.80091032310843246, 3.907315377998108371E-16 ) ) ;
#5602 = EDGE_CURVE ( 'NONE', #5011, #2912, #408, .T. ) ;
#5603 = EDGE_CURVE ( 'NONE', #5390, #1813, #713, .T. ) ;
#5604 = PLANE ( 'NONE',  #5898 ) ;
#5605 = LINE ( 'NONE', #1728, #4527 ) ;
#5606 = ORIENTED_EDGE ( 'NONE', *, *, #6016, .F. ) ;
#5607 = CARTESIAN_POINT ( 'NONE',  ( -44.94972211312059329, -2.126612788741364835, 10.00000000000000000 ) ) ;
#5608 = ORIENTED_EDGE ( 'NONE', *, *, #2413, .F. ) ;
#5609 = VERTEX_POINT ( 'NONE', #902 ) ;
#5610 = CARTESIAN_POINT ( 'NONE',  ( -33.39286635904724676, -22.02081915658023803, 8.193579175013844965E-16 ) ) ;
#5611 = ORIENTED_EDGE ( 'NONE', *, *, #5928, .T. ) ;
#5612 = DIRECTION ( 'NONE',  ( -0.7705132427757904745, 0.6374239897486881912, -0.000000000000000000 ) ) ;
#5613 = DIRECTION ( 'NONE',  ( 0.000000000000000000, 0.000000000000000000, 1.000000000000000000 ) ) ;
#5614 = DIRECTION ( 'NONE',  ( 0.000000000000000000, 0.000000000000000000, 1.000000000000000000 ) ) ;
#5615 = DIRECTION ( 'NONE',  ( 0.000000000000000000, 0.000000000000000000, 1.000000000000000000 ) ) ;
#5616 = VERTEX_POINT ( 'NONE', #937 ) ;
#5617 = ORIENTED_EDGE ( 'NONE', *, *, #3615, .T. ) ;
#5618 = CARTESIAN_POINT ( 'NONE',  ( 28.82786076073728410, -53.89070878269394882, 8.193579175013844965E-16 ) ) ;
#5619 = ORIENTED_EDGE ( 'NONE', *, *, #1755, .F. ) ;
#5620 = FACE_OUTER_BOUND ( 'NONE', #282, .T. ) ;
#5621 = DIRECTION ( 'NONE',  ( 0.000000000000000000, 0.000000000000000000, -1.000000000000000000 ) ) ;
#5622 = ADVANCED_FACE ( 'NONE', ( #1993 ), #2427, .F. ) ;
#5623 = DIRECTION ( 'NONE',  ( 0.000000000000000000, 0.000000000000000000, -1.000000000000000000 ) ) ;
#5624 = ORIENTED_EDGE ( 'NONE', *, *, #5590, .T. ) ;
#5625 = CARTESIAN_POINT ( 'NONE',  ( 0.000000000000000000, 0.000000000000000000, 0.000000000000000000 ) ) ;
#5626 = ORIENTED_EDGE ( 'NONE', *, *, #5478, .T. ) ;
#5627 = DIRECTION ( 'NONE',  ( 0.5877852522924685852, 0.8090169943749507819, 0.000000000000000000 ) ) ;
#5628 = CARTESIAN_POINT ( 'NONE',  ( 40.41424527821063606, 19.79112878520652075, 3.907315377998108371E-16 ) ) ;
#5629 = CARTESIAN_POINT ( 'NONE',  ( 6.996881626734794857, 49.80091032310820509, 8.193579175013844965E-16 ) ) ;
#5631 = ADVANCED_FACE ( 'NONE', ( #6784 ), #5087, .F. ) ;
#5630 = DIRECTION ( 'NONE',  ( 0.000000000000000000, 0.000000000000000000, 1.000000000000000000 ) ) ;
#5632 = ORIENTED_EDGE ( 'NONE', *, *, #1553, .F. ) ;
#5633 = LINE ( 'NONE', #2989, #5655 ) ;
#5634 = VERTEX_POINT ( 'NONE', #6185 ) ;
#5635 = CARTESIAN_POINT ( 'NONE',  ( -26.86741302586446878, 29.63346279626476232, 8.000000000000000000 ) ) ;
#5636 = EDGE_LOOP ( 'NONE', ( #4009, #6630, #5, #6848 ) ) ;
#5637 = ADVANCED_FACE ( 'NONE', ( #306 ), #3044, .F. ) ;
#5638 = VERTEX_POINT ( 'NONE', #368 ) ;
#5639 = DIRECTION ( 'NONE',  ( 0.000000000000000000, 0.000000000000000000, 1.000000000000000000 ) ) ;
#5640 = CARTESIAN_POINT ( 'NONE',  ( -30.29061452342174476, 33.27880213880109039, 3.907315377998108371E-16 ) ) ;
#5641 = ORIENTED_EDGE ( 'NONE', *, *, #544, .T. ) ;
#5642 = DIRECTION ( 'NONE',  ( 1.000000000000000000, 0.000000000000000000, -0.000000000000000000 ) ) ;
#5643 = CARTESIAN_POINT ( 'NONE',  ( -0.7000000000000000666, -45.00000000000000711, 8.193579175013844965E-16 ) ) ;
#5644 = EDGE_CURVE ( 'NONE', #6859, #4221, #4145, .T. ) ;
#5645 = CARTESIAN_POINT ( 'NONE',  ( 0.000000000000000000, 0.000000000000000000, 0.000000000000000000 ) ) ;
#5646 = LINE ( 'NONE', #3138, #3977 ) ;
#5647 = CIRCLE ( 'NONE', #4406, 45.00000000000000711 ) ;
#5648 = ORIENTED_EDGE ( 'NONE', *, *, #4565, .T. ) ;
#5649 = CARTESIAN_POINT ( 'NONE',  ( 25.88082409933364758, 36.81280950891076031, 8.000000000000000000 ) ) ;
#5650 = ORIENTED_EDGE ( 'NONE', *, *, #1367, .T. ) ;
#5651 = AXIS2_PLACEMENT_3D ( 'NONE', #3288, #571, #3683 ) ;
#5652 = AXIS2_PLACEMENT_3D ( 'NONE', #6880, #4135, #6958 ) ;
#5653 = CARTESIAN_POINT ( 'NONE',  ( 0.000000000000000000, 0.000000000000000000, 8.000000000000000000 ) ) ;
#5654 = DIRECTION ( 'NONE',  ( 0.000000000000000000, 0.000000000000000000, 1.000000000000000000 ) ) ;
#5655 = VECTOR ( 'NONE', #6757, 1000.000000000000000 ) ;
#5656 = LINE ( 'NONE', #1330, #6558 ) ;
#5657 = AXIS2_PLACEMENT_3D ( 'NONE', #2164, #4804, #4209 ) ;
#5658 = ORIENTED_EDGE ( 'NONE', *, *, #1140, .F. ) ;
#5659 = LINE ( 'NONE', #6721, #1054 ) ;
#5660 = AXIS2_PLACEMENT_3D ( 'NONE', #691, #5026, #2360 ) ;
#5661 = AXIS2_PLACEMENT_3D ( 'NONE', #5984, #1689, #1724 ) ;
#5662 = ORIENTED_EDGE ( 'NONE', *, *, #3397, .T. ) ;
#5663 = CARTESIAN_POINT ( 'NONE',  ( 0.000000000000000000, 0.000000000000000000, 8.000000000000000000 ) ) ;
#5664 = EDGE_CURVE ( 'NONE', #5363, #1105, #6350, .T. ) ;
#5665 = CIRCLE ( 'NONE', #4535, 45.00000000000000711 ) ;
#5666 = ADVANCED_FACE ( 'NONE', ( #837 ), #4571, .F. ) ;
#5667 = VECTOR ( 'NONE', #4318, 1000.000000000000000 ) ;
#5668 = CARTESIAN_POINT ( 'NONE',  ( 0.000000000000000000, 0.000000000000000000, 0.000000000000000000 ) ) ;
#5669 = VECTOR ( 'NONE', #1574, 1000.000000000000000 ) ;
#5670 = DIRECTION ( 'NONE',  ( -0.9048270524660175784, -0.4257792915650767673, -0.000000000000000000 ) ) ;
#5671 = DIRECTION ( 'NONE',  ( -0.000000000000000000, -0.000000000000000000, -1.000000000000000000 ) ) ;
#5672 = PLANE ( 'NONE',  #1720 ) ;
#5673 = ORIENTED_EDGE ( 'NONE', *, *, #5252, .F. ) ;
#5674 = DIRECTION ( 'NONE',  ( -0.5877852522924685852, -0.8090169943749507819, -0.000000000000000000 ) ) ;
#5675 = CIRCLE ( 'NONE', #6800, 40.00000000000000000 ) ;
#5677 = EDGE_LOOP ( 'NONE', ( #4698, #3666, #2881, #2666 ) ) ;
#5676 = VECTOR ( 'NONE', #3216, 1000.000000000000000 ) ;
#5678 = STYLED_ITEM ( 'NONE', ( #2886 ), #1305 ) ;
#5679 = CIRCLE ( 'NONE', #4548, 45.00000000000000711 ) ;
#5680 = ORIENTED_EDGE ( 'NONE', *, *, #3600, .T. ) ;
#5681 = AXIS2_PLACEMENT_3D ( 'NONE', #4543, #2891, #665 ) ;
#5682 = FACE_OUTER_BOUND ( 'NONE', #5693, .T. ) ;
#5683 = AXIS2_PLACEMENT_3D ( 'NONE', #2527, #3552, #6898 ) ;
#5684 = DIRECTION ( 'NONE',  ( -0.1253332335643045359, 0.9921147013144777649, -0.000000000000000000 ) ) ;
#5685 = EDGE_LOOP ( 'NONE', ( #324, #87, #1476, #2078 ) ) ;
#5686 = DIRECTION ( 'NONE',  ( -0.9510565162951521989, -0.3090169943749514481, -0.000000000000000000 ) ) ;
#5687 = EDGE_CURVE ( 'NONE', #1598, #1348, #4758, .T. ) ;
#5688 = CARTESIAN_POINT ( 'NONE',  ( 22.15135930653510599, 54.04641681349798432, 8.193579175013844965E-16 ) ) ;
#5689 = AXIS2_PLACEMENT_3D ( 'NONE', #1444, #952, #3268 ) ;
#5690 = CIRCLE ( 'NONE', #6807, 45.00000000000000711 ) ;
#5691 = ADVANCED_FACE ( 'NONE', ( #2457 ), #6749, .F. ) ;
#5692 = PLANE ( 'NONE',  #472 ) ;
#5693 = EDGE_LOOP ( 'NONE', ( #6870, #1362, #5812, #5448 ) ) ;
#5694 = EDGE_CURVE ( 'NONE', #5781, #4827, #1465, .T. ) ;
#5695 = PLANE ( 'NONE',  #2092 ) ;
#5696 = ORIENTED_EDGE ( 'NONE', *, *, #5853, .T. ) ;
#5697 = AXIS2_PLACEMENT_3D ( 'NONE', #6179, #1986, #298 ) ;
#5698 = CARTESIAN_POINT ( 'NONE',  ( -0.7000000000000000666, 39.99387453098283629, 8.193579175013844965E-16 ) ) ;
#5699 = FACE_OUTER_BOUND ( 'NONE', #626, .T. ) ;
#5700 = DIRECTION ( 'NONE',  ( 0.000000000000000000, 0.000000000000000000, 1.000000000000000000 ) ) ;
#5701 = CIRCLE ( 'NONE', #5245, 40.00000000000000000 ) ;
#5702 = VERTEX_POINT ( 'NONE', #5703 ) ;
#5703 = CARTESIAN_POINT ( 'NONE',  ( 14.07188363172346257, -37.44305130535214943, 0.000000000000000000 ) ) ;
#5704 = VERTEX_POINT ( 'NONE', #1958 ) ;
#5705 = CARTESIAN_POINT ( 'NONE',  ( 37.61508071650464302, -24.70031786619031777, 10.00000000000000000 ) ) ;
#5706 = CARTESIAN_POINT ( 'NONE',  ( 22.94149773528463143, 32.76717384306937220, 3.907315377998108371E-16 ) ) ;
#5707 = LINE ( 'NONE', #2461, #6126 ) ;
#5708 = LINE ( 'NONE', #5239, #3879 ) ;
#5709 = VERTEX_POINT ( 'NONE', #3580 ) ;
#5710 = CARTESIAN_POINT ( 'NONE',  ( 0.000000000000000000, 0.000000000000000000, 0.000000000000000000 ) ) ;
#5711 = ORIENTED_EDGE ( 'NONE', *, *, #5271, .T. ) ;
#5712 = DIRECTION ( 'NONE',  ( -0.000000000000000000, -0.000000000000000000, -1.000000000000000000 ) ) ;
#5713 = ORIENTED_EDGE ( 'NONE', *, *, #3569, .F. ) ;
#5714 = ORIENTED_EDGE ( 'NONE', *, *, #4803, .T. ) ;
#5715 = EDGE_CURVE ( 'NONE', #5616, #1884, #5732, .T. ) ;
#5716 = LINE ( 'NONE', #5744, #5438 ) ;
#5717 = LINE ( 'NONE', #6845, #4409 ) ;
#5718 = ORIENTED_EDGE ( 'NONE', *, *, #6289, .F. ) ;
#5719 = LINE ( 'NONE', #427, #1182 ) ;
#5720 = EDGE_CURVE ( 'NONE', #5110, #6555, #2065, .T. ) ;
#5721 = CARTESIAN_POINT ( 'NONE',  ( -30.36961316321162485, 26.03241433899059842, 0.000000000000000000 ) ) ;
#5722 = CARTESIAN_POINT ( 'NONE',  ( 0.000000000000000000, 0.000000000000000000, 8.000000000000000000 ) ) ;
#5723 = VERTEX_POINT ( 'NONE', #2628 ) ;
#5724 = EDGE_CURVE ( 'NONE', #4131, #4838, #1605, .T. ) ;
#5725 = CARTESIAN_POINT ( 'NONE',  ( 52.81372149718477260, 32.68754507242017837, 8.000000000000000000 ) ) ;
#5726 = EDGE_LOOP ( 'NONE', ( #2551, #48, #1549, #3497 ) ) ;
#5727 = ADVANCED_FACE ( 'NONE', ( #5299 ), #4213, .F. ) ;
#5728 = FACE_OUTER_BOUND ( 'NONE', #202, .T. ) ;
#5729 = CARTESIAN_POINT ( 'NONE',  ( -27.88796910425444509, 28.67509684796459979, 8.000000000000000000 ) ) ;
#5730 = DIRECTION ( 'NONE',  ( 1.000000000000000000, 0.000000000000000000, 0.000000000000000000 ) ) ;
#5731 = ORIENTED_EDGE ( 'NONE', *, *, #6197, .F. ) ;
#5732 = LINE ( 'NONE', #6, #267 ) ;
#5733 = ORIENTED_EDGE ( 'NONE', *, *, #4380, .F. ) ;
#5734 = FACE_OUTER_BOUND ( 'NONE', #1657, .T. ) ;
#5735 = DIRECTION ( 'NONE',  ( 0.000000000000000000, 0.000000000000000000, 1.000000000000000000 ) ) ;
#5736 = CARTESIAN_POINT ( 'NONE',  ( 0.000000000000000000, 0.000000000000000000, 0.000000000000000000 ) ) ;
#5737 = CARTESIAN_POINT ( 'NONE',  ( 0.000000000000000000, 0.000000000000000000, 0.000000000000000000 ) ) ;
#5738 = ORIENTED_EDGE ( 'NONE', *, *, #1834, .F. ) ;
#5739 = DIRECTION ( 'NONE',  ( 0.000000000000000000, 0.000000000000000000, 1.000000000000000000 ) ) ;
#5740 = ORIENTED_EDGE ( 'NONE', *, *, #6098, .T. ) ;
#5741 = DIRECTION ( 'NONE',  ( -0.000000000000000000, -0.000000000000000000, -1.000000000000000000 ) ) ;
#5742 = ORIENTED_EDGE ( 'NONE', *, *, #6936, .F. ) ;
#5743 = ORIENTED_EDGE ( 'NONE', *, *, #628, .T. ) ;
#5744 = CARTESIAN_POINT ( 'NONE',  ( 28.82786076073684711, 53.89070878269404119, 8.000000000000000000 ) ) ;
#5745 = PLANE ( 'NONE',  #6210 ) ;
#5746 = ORIENTED_EDGE ( 'NONE', *, *, #970, .F. ) ;
#5747 = CARTESIAN_POINT ( 'NONE',  ( 0.000000000000000000, 0.000000000000000000, 8.000000000000000000 ) ) ;
#5748 = ORIENTED_EDGE ( 'NONE', *, *, #197, .F. ) ;
#5749 = EDGE_CURVE ( 'NONE', #6866, #3287, #5347, .T. ) ;
#5750 = FACE_OUTER_BOUND ( 'NONE', #3971, .T. ) ;
#5751 = AXIS2_PLACEMENT_3D ( 'NONE', #6718, #2804, #1329 ) ;
#5752 = ADVANCED_FACE ( 'NONE', ( #6471 ), #1646, .F. ) ;
#5753 = LINE ( 'NONE', #398, #5991 ) ;
#5754 = VERTEX_POINT ( 'NONE', #4703 ) ;
#5755 = LINE ( 'NONE', #2615, #2543 ) ;
#5756 = AXIS2_PLACEMENT_3D ( 'NONE', #4038, #1815, #653 ) ;
#5757 = VERTEX_POINT ( 'NONE', #2104 ) ;
#5758 = DIRECTION ( 'NONE',  ( -0.3681245526846719240, -0.9297764858882537897, -0.000000000000000000 ) ) ;
#5759 = CARTESIAN_POINT ( 'NONE',  ( -22.28970697080578844, -39.09180173841582473, 3.907315377998108371E-16 ) ) ;
#5760 = CARTESIAN_POINT ( 'NONE',  ( 44.05309273942163628, -45.88920510489550963, 8.000000000000000000 ) ) ;
#5761 = ORIENTED_EDGE ( 'NONE', *, *, #6357, .F. ) ;
#5762 = EDGE_CURVE ( 'NONE', #93, #634, #5942, .T. ) ;
#5763 = CARTESIAN_POINT ( 'NONE',  ( -25.88082409933365469, -36.81280950891077453, 8.193579175013844965E-16 ) ) ;
#5764 = ORIENTED_EDGE ( 'NONE', *, *, #3889, .F. ) ;
#5765 = DIRECTION ( 'NONE',  ( -0.8090169943749465631, -0.5877852522924743583, 6.505213034913028576E-16 ) ) ;
#5766 = AXIS2_PLACEMENT_3D ( 'NONE', #323, #4060, #294 ) ;
#5767 = EDGE_CURVE ( 'NONE', #2839, #6645, #1949, .T. ) ;
#5768 = DIRECTION ( 'NONE',  ( -0.000000000000000000, 0.000000000000000000, 1.000000000000000000 ) ) ;
#5769 = AXIS2_PLACEMENT_3D ( 'NONE', #1559, #4824, #6982 ) ;
#5770 = CARTESIAN_POINT ( 'NONE',  ( 0.000000000000000000, 0.000000000000000000, 0.000000000000000000 ) ) ;
#5771 = DIRECTION ( 'NONE',  ( 1.000000000000000000, 0.000000000000000000, 0.000000000000000000 ) ) ;
#5772 = VERTEX_POINT ( 'NONE', #3260 ) ;
#5773 = DIRECTION ( 'NONE',  ( -0.4817536741017162671, 0.8763066800438630288, -0.000000000000000000 ) ) ;
#5774 = VECTOR ( 'NONE', #216, 1000.000000000000000 ) ;
#5775 = ADVANCED_FACE ( 'NONE', ( #4839 ), #5411, .F. ) ;
#5776 = ORIENTED_EDGE ( 'NONE', *, *, #1209, .F. ) ;
#5777 = CARTESIAN_POINT ( 'NONE',  ( 22.94149773528463143, 32.76717384306937220, 8.000000000000000000 ) ) ;
#5778 = VERTEX_POINT ( 'NONE', #6860 ) ;
#5779 = AXIS2_PLACEMENT_3D ( 'NONE', #2702, #6436, #4739 ) ;
#5780 = VECTOR ( 'NONE', #1002, 1000.000000000000000 ) ;
#5781 = VERTEX_POINT ( 'NONE', #4276 ) ;
#5782 = LINE ( 'NONE', #5819, #4532 ) ;
#5783 = LINE ( 'NONE', #3466, #2186 ) ;
#5784 = VECTOR ( 'NONE', #2209, 1000.000000000000227 ) ;
#5785 = CARTESIAN_POINT ( 'NONE',  ( -24.07412152740979039, 31.94427448985975815, 10.00000000000000000 ) ) ;
#5786 = VECTOR ( 'NONE', #617, 1000.000000000000000 ) ;
#5787 = ORIENTED_EDGE ( 'NONE', *, *, #4157, .T. ) ;
#5788 = CARTESIAN_POINT ( 'NONE',  ( 0.000000000000000000, 0.000000000000000000, 0.000000000000000000 ) ) ;
#5789 = ORIENTED_EDGE ( 'NONE', *, *, #2514, .T. ) ;
#5790 = AXIS2_PLACEMENT_3D ( 'NONE', #2961, #186, #6704 ) ;
#5791 = DIRECTION ( 'NONE',  ( -0.6374239897486935202, 0.7705132427757860336, 0.000000000000000000 ) ) ;
#5792 = ORIENTED_EDGE ( 'NONE', *, *, #941, .T. ) ;
#5793 = VECTOR ( 'NONE', #1167, 1000.000000000000000 ) ;
#5794 = DIRECTION ( 'NONE',  ( 1.000000000000000000, 0.000000000000000000, -0.000000000000000000 ) ) ;
#5795 = ORIENTED_EDGE ( 'NONE', *, *, #107, .T. ) ;
#5796 = EDGE_CURVE ( 'NONE', #2495, #399, #5268, .T. ) ;
#5797 = DIRECTION ( 'NONE',  ( -0.000000000000000000, 0.000000000000000000, 1.000000000000000000 ) ) ;
#5798 = DIRECTION ( 'NONE',  ( -0.000000000000000000, -0.000000000000000000, -1.000000000000000000 ) ) ;
#5799 = DIRECTION ( 'NONE',  ( 0.000000000000000000, 0.000000000000000000, 1.000000000000000000 ) ) ;
#5800 = ORIENTED_EDGE ( 'NONE', *, *, #1245, .T. ) ;
#5801 = DIRECTION ( 'NONE',  ( -0.000000000000000000, -0.000000000000000000, -1.000000000000000000 ) ) ;
#5802 = ADVANCED_FACE ( 'NONE', ( #6400 ), #1571, .F. ) ;
#5803 = ORIENTED_EDGE ( 'NONE', *, *, #29, .T. ) ;
#5804 = FACE_OUTER_BOUND ( 'NONE', #1637, .T. ) ;
#5805 = VECTOR ( 'NONE', #967, 1000.000000000000000 ) ;
#5806 = LINE ( 'NONE', #5236, #4647 ) ;
#5807 = DIRECTION ( 'NONE',  ( -0.1253332335643045359, 0.9921147013144777649, 0.000000000000000000 ) ) ;
#5808 = CIRCLE ( 'NONE', #3562, 45.00000000000000711 ) ;
#5809 = DIRECTION ( 'NONE',  ( 0.000000000000000000, 0.000000000000000000, 1.000000000000000000 ) ) ;
#5810 = EDGE_LOOP ( 'NONE', ( #5430, #2387, #1072, #4702 ) ) ;
#5811 = FACE_OUTER_BOUND ( 'NONE', #2311, .T. ) ;
#5812 = ORIENTED_EDGE ( 'NONE', *, *, #2534, .T. ) ;
#5813 = DIRECTION ( 'NONE',  ( 0.000000000000000000, 0.000000000000000000, 1.000000000000000000 ) ) ;
#5814 = EDGE_CURVE ( 'NONE', #399, #5110, #4423, .T. ) ;
#5815 = VERTEX_POINT ( 'NONE', #3651 ) ;
#5816 = EDGE_CURVE ( 'NONE', #6030, #6494, #541, .T. ) ;
#5817 = ORIENTED_EDGE ( 'NONE', *, *, #5229, .F. ) ;
#5818 = EDGE_CURVE ( 'NONE', #4882, #6765, #6368, .T. ) ;
#5819 = CARTESIAN_POINT ( 'NONE',  ( 44.05309273942128812, 45.88920510489582227, 8.000000000000000000 ) ) ;
#5820 = DIRECTION ( 'NONE',  ( -0.000000000000000000, 0.000000000000000000, 1.000000000000000000 ) ) ;
#5821 = DIRECTION ( 'NONE',  ( 0.000000000000000000, 0.000000000000000000, 1.000000000000000000 ) ) ;
#5822 = ORIENTED_EDGE ( 'NONE', *, *, #3486, .T. ) ;
#5823 = LINE ( 'NONE', #4586, #5562 ) ;
#5824 = EDGE_LOOP ( 'NONE', ( #3823, #6480, #2456, #5491 ) ) ;
#5825 = CARTESIAN_POINT ( 'NONE',  ( -44.86181538577955763, 3.523850208540632689, 10.00000000000000000 ) ) ;
#5826 = ORIENTED_EDGE ( 'NONE', *, *, #501, .F. ) ;
#5827 = CARTESIAN_POINT ( 'NONE',  ( 0.000000000000000000, 0.000000000000000000, 0.000000000000000000 ) ) ;
#5828 = ORIENTED_EDGE ( 'NONE', *, *, #1507, .T. ) ;
#5829 = FACE_OUTER_BOUND ( 'NONE', #5824, .T. ) ;
#5830 = DIRECTION ( 'NONE',  ( -0.7705132427757904745, 0.6374239897486881912, -0.000000000000000000 ) ) ;
#5831 = LINE ( 'NONE', #5760, #2751 ) ;
#5832 = ORIENTED_EDGE ( 'NONE', *, *, #922, .F. ) ;
#5833 = CARTESIAN_POINT ( 'NONE',  ( 54.47663323589631545, 24.86112925638381910, 8.193579175013844965E-16 ) ) ;
#5834 = VERTEX_POINT ( 'NONE', #3122 ) ;
#5835 = EDGE_CURVE ( 'NONE', #1889, #1661, #6224, .T. ) ;
#5836 = CARTESIAN_POINT ( 'NONE',  ( 5.607921044894919049, -49.97637685009845399, 8.000000000000000000 ) ) ;
#5837 = ADVANCED_FACE ( 'NONE', ( #3190 ), #440, .F. ) ;
#5838 = CARTESIAN_POINT ( 'NONE',  ( 0.000000000000000000, 0.000000000000000000, 8.000000000000000000 ) ) ;
#5839 = CARTESIAN_POINT ( 'NONE',  ( 14.30056557909174053, -52.88227504726012995, 8.000000000000000000 ) ) ;
#5840 = LINE ( 'NONE', #5305, #6343 ) ;
#5841 = EDGE_LOOP ( 'NONE', ( #2081, #6548, #3492, #6758 ) ) ;
#5842 = PLANE ( 'NONE',  #1522 ) ;
#5843 = EDGE_LOOP ( 'NONE', ( #6472, #217, #6092, #6825 ) ) ;
#5844 = EDGE_LOOP ( 'NONE', ( #341, #3277, #1667, #6573 ) ) ;
#5845 = EDGE_CURVE ( 'NONE', #388, #5244, #6459, .T. ) ;
#5846 = DIRECTION ( 'NONE',  ( -0.7705132427757904745, 0.6374239897486881912, -0.000000000000000000 ) ) ;
#5847 = CARTESIAN_POINT ( 'NONE',  ( -44.86181538577957184, -3.523850208540947104, 8.193579175013844965E-16 ) ) ;
#5848 = PLANE ( 'NONE',  #2055 ) ;
#5849 = ORIENTED_EDGE ( 'NONE', *, *, #6500, .F. ) ;
#5850 = CARTESIAN_POINT ( 'NONE',  ( 31.26200674885978970, -24.95369579910449076, 10.00000000000000000 ) ) ;
#5851 = VERTEX_POINT ( 'NONE', #1675 ) ;
#5852 = LINE ( 'NONE', #4828, #18 ) ;
#5853 = EDGE_CURVE ( 'NONE', #903, #6842, #5449, .T. ) ;
#5854 = FACE_OUTER_BOUND ( 'NONE', #5844, .T. ) ;
#5855 = EDGE_LOOP ( 'NONE', ( #6530, #4022, #5064, #1531 ) ) ;
#5856 = FACE_OUTER_BOUND ( 'NONE', #2768, .T. ) ;
#5857 = ORIENTED_EDGE ( 'NONE', *, *, #2352, .F. ) ;
#5858 = CARTESIAN_POINT ( 'NONE',  ( 0.7000000000000000666, -45.00000000000000711, 3.907315377998108371E-16 ) ) ;
#5859 = PLANE ( 'NONE',  #2277 ) ;
#5860 = FACE_OUTER_BOUND ( 'NONE', #5267, .T. ) ;
#5861 = ORIENTED_EDGE ( 'NONE', *, *, #4588, .F. ) ;
#5862 = DIRECTION ( 'NONE',  ( 1.000000000000000000, 0.000000000000000000, 0.000000000000000000 ) ) ;
#5863 = ORIENTED_EDGE ( 'NONE', *, *, #1688, .T. ) ;
#5864 = DIRECTION ( 'NONE',  ( -0.9048270524660205760, 0.4257792915650703836, 0.000000000000000000 ) ) ;
#5865 = FACE_OUTER_BOUND ( 'NONE', #240, .T. ) ;
#5866 = DIRECTION ( 'NONE',  ( 0.000000000000000000, 0.000000000000000000, 1.000000000000000000 ) ) ;
#5867 = DIRECTION ( 'NONE',  ( 1.000000000000000000, 0.000000000000000000, 0.000000000000000000 ) ) ;
#5868 = CARTESIAN_POINT ( 'NONE',  ( 53.71173865395454783, 18.18802536455120844, 8.000000000000000000 ) ) ;
#5869 = ORIENTED_EDGE ( 'NONE', *, *, #4331, .T. ) ;
#5870 = CARTESIAN_POINT ( 'NONE',  ( -27.01344789145858982, -35.98991015570132390, 8.000000000000000000 ) ) ;
#5871 = CIRCLE ( 'NONE', #6661, 45.00000000000000711 ) ;
#5872 = ADVANCED_FACE ( 'NONE', ( #5972 ), #3964, .F. ) ;
#5873 = CIRCLE ( 'NONE', #1826, 45.00000000000000711 ) ;
#5874 = ORIENTED_EDGE ( 'NONE', *, *, #4854, .F. ) ;
#5875 = DIRECTION ( 'NONE',  ( -0.5877852522924743583, 0.8090169943749465631, -0.000000000000000000 ) ) ;
#5876 = EDGE_CURVE ( 'NONE', #2137, #1892, #4316, .T. ) ;
#5877 = AXIS2_PLACEMENT_3D ( 'NONE', #2260, #5961, #3780 ) ;
#5878 = VECTOR ( 'NONE', #5018, 1000.000000000000000 ) ;
#5879 = VERTEX_POINT ( 'NONE', #5484 ) ;
#5880 = DIRECTION ( 'NONE',  ( -0.000000000000000000, -0.000000000000000000, -1.000000000000000000 ) ) ;
#5881 = VECTOR ( 'NONE', #5462, 1000.000000000000000 ) ;
#5882 = DIRECTION ( 'NONE',  ( 0.000000000000000000, 0.000000000000000000, 1.000000000000000000 ) ) ;
#5883 = DIRECTION ( 'NONE',  ( -0.000000000000000000, -0.000000000000000000, -1.000000000000000000 ) ) ;
#5884 = ORIENTED_EDGE ( 'NONE', *, *, #799, .T. ) ;
#5885 = DIRECTION ( 'NONE',  ( -0.2486898871648483555, -0.9685831611286327414, -0.000000000000000000 ) ) ;
#5886 = VECTOR ( 'NONE', #3775, 1000.000000000000227 ) ;
#5887 = VERTEX_POINT ( 'NONE', #1290 ) ;
#5888 = AXIS2_PLACEMENT_3D ( 'NONE', #2621, #3184, #6497 ) ;
#5889 = EDGE_CURVE ( 'NONE', #6312, #399, #3824, .T. ) ;
#5890 = VECTOR ( 'NONE', #2942, 1000.000000000000000 ) ;
#5891 = DIRECTION ( 'NONE',  ( 1.000000000000000000, 0.000000000000000000, 0.000000000000000000 ) ) ;
#5892 = VECTOR ( 'NONE', #2596, 1000.000000000000000 ) ;
#5893 = DIRECTION ( 'NONE',  ( 0.000000000000000000, 0.000000000000000000, 1.000000000000000000 ) ) ;
#5894 = AXIS2_PLACEMENT_3D ( 'NONE', #5833, #3229, #1145 ) ;
#5895 = CIRCLE ( 'NONE', #486, 40.00000000000000000 ) ;
#5896 = EDGE_CURVE ( 'NONE', #2371, #5110, #4455, .T. ) ;
#5897 = ORIENTED_EDGE ( 'NONE', *, *, #6523, .F. ) ;
#5898 = AXIS2_PLACEMENT_3D ( 'NONE', #4048, #1264, #1794 ) ;
#5899 = CARTESIAN_POINT ( 'NONE',  ( 4.318081326813037357, -39.76624414820977904, 8.000000000000000000 ) ) ;
#5900 = EDGE_CURVE ( 'NONE', #1528, #3938, #943, .T. ) ;
#5901 = CIRCLE ( 'NONE', #3641, 40.00000000000000000 ) ;
#5902 = ORIENTED_EDGE ( 'NONE', *, *, #3271, .F. ) ;
#5903 = EDGE_CURVE ( 'NONE', #6076, #5244, #2801, .T. ) ;
#5904 = AXIS2_PLACEMENT_3D ( 'NONE', #6593, #1207, #3886 ) ;
#5905 = DIRECTION ( 'NONE',  ( -0.7705132427757860336, -0.6374239897486935202, -0.000000000000000000 ) ) ;
#5906 = DIRECTION ( 'NONE',  ( 1.000000000000000000, 0.000000000000000000, 0.000000000000000000 ) ) ;
#5907 = CARTESIAN_POINT ( 'NONE',  ( 54.14436244607939841, -16.85654624173754357, 3.907315377998108371E-16 ) ) ;
#5908 = VERTEX_POINT ( 'NONE', #1252 ) ;
#5909 = DIRECTION ( 'NONE',  ( 0.000000000000000000, 0.000000000000000000, 1.000000000000000000 ) ) ;
#5910 = VERTEX_POINT ( 'NONE', #6110 ) ;
#5911 = DIRECTION ( 'NONE',  ( 0.000000000000000000, 0.000000000000000000, 1.000000000000000000 ) ) ;
#5912 = FACE_OUTER_BOUND ( 'NONE', #6933, .T. ) ;
#5913 = CARTESIAN_POINT ( 'NONE',  ( 39.95890911899811471, 1.812617449890946864, 0.000000000000000000 ) ) ;
#5914 = CARTESIAN_POINT ( 'NONE',  ( -43.00867684170451355, 13.23834265781895247, 8.000000000000000000 ) ) ;
#5915 = ORIENTED_EDGE ( 'NONE', *, *, #683, .F. ) ;
#5916 = DIRECTION ( 'NONE',  ( -0.8763066800438630288, -0.4817536741017162671, 6.505213034913026604E-16 ) ) ;
#5917 = VERTEX_POINT ( 'NONE', #1782 ) ;
#5918 = CARTESIAN_POINT ( 'NONE',  ( 0.000000000000000000, 0.000000000000000000, 8.000000000000000000 ) ) ;
#5919 = ORIENTED_EDGE ( 'NONE', *, *, #4833, .F. ) ;
#5920 = AXIS2_PLACEMENT_3D ( 'NONE', #2264, #2305, #5535 ) ;
#5921 = CARTESIAN_POINT ( 'NONE',  ( 0.000000000000000000, 0.000000000000000000, 0.000000000000000000 ) ) ;
#5922 = CARTESIAN_POINT ( 'NONE',  ( -0.7000000000000000666, -45.00000000000000711, 8.193579175013844965E-16 ) ) ;
#5923 = DIRECTION ( 'NONE',  ( 1.000000000000000000, 0.000000000000000000, 0.000000000000000000 ) ) ;
#5924 = ORIENTED_EDGE ( 'NONE', *, *, #5599, .F. ) ;
#5925 = CARTESIAN_POINT ( 'NONE',  ( 36.37957734714225921, -51.26310366668197105, 8.193579175013844965E-16 ) ) ;
#5926 = ORIENTED_EDGE ( 'NONE', *, *, #2971, .F. ) ;
#5927 = AXIS2_PLACEMENT_3D ( 'NONE', #522, #6948, #1619 ) ;
#5928 = EDGE_CURVE ( 'NONE', #6494, #1540, #2746, .T. ) ;
#5929 = FACE_OUTER_BOUND ( 'NONE', #1300, .T. ) ;
#5930 = DIRECTION ( 'NONE',  ( -0.000000000000000000, -0.000000000000000000, -1.000000000000000000 ) ) ;
#5931 = ADVANCED_FACE ( 'NONE', ( #2211 ), #6571, .F. ) ;
#5932 = ORIENTED_EDGE ( 'NONE', *, *, #1335, .F. ) ;
#5933 = AXIS2_PLACEMENT_3D ( 'NONE', #6155, #685, #2835 ) ;
#5934 = DIRECTION ( 'NONE',  ( -0.000000000000000000, -0.000000000000000000, -1.000000000000000000 ) ) ;
#5935 = VERTEX_POINT ( 'NONE', #2244 ) ;
#5936 = ADVANCED_FACE ( 'NONE', ( #3933 ), #4385, .F. ) ;
#5937 = CARTESIAN_POINT ( 'NONE',  ( 51.57160644768081426, -10.55043257842948456, 8.000000000000000000 ) ) ;
#5938 = ORIENTED_EDGE ( 'NONE', *, *, #6581, .T. ) ;
#5939 = CARTESIAN_POINT ( 'NONE',  ( 0.000000000000000000, 0.000000000000000000, 0.000000000000000000 ) ) ;
#5940 = DIRECTION ( 'NONE',  ( 1.000000000000000000, 0.000000000000000000, 0.000000000000000000 ) ) ;
#5941 = VERTEX_POINT ( 'NONE', #1750 ) ;
#5942 = LINE ( 'NONE', #3758, #2855 ) ;
#5943 = ORIENTED_EDGE ( 'NONE', *, *, #1806, .T. ) ;
#5944 = ADVANCED_FACE ( 'NONE', ( #5014 ), #3857, .F. ) ;
#5945 = FACE_OUTER_BOUND ( 'NONE', #1273, .T. ) ;
#5946 = CARTESIAN_POINT ( 'NONE',  ( 47.59862517110195057, -3.696035685520708380, 8.000000000000000000 ) ) ;
#5947 = DIRECTION ( 'NONE',  ( 1.000000000000000000, 0.000000000000000000, 0.000000000000000000 ) ) ;
#5948 = VERTEX_POINT ( 'NONE', #3436 ) ;
#5949 = CARTESIAN_POINT ( 'NONE',  ( -14.07188363172346257, 37.44305130535214943, 10.00000000000000000 ) ) ;
#5950 = VERTEX_POINT ( 'NONE', #4881 ) ;
#5951 = EDGE_CURVE ( 'NONE', #5709, #3572, #4344, .T. ) ;
#5952 = CARTESIAN_POINT ( 'NONE',  ( 0.000000000000000000, 0.000000000000000000, 0.000000000000000000 ) ) ;
#5953 = ORIENTED_EDGE ( 'NONE', *, *, #74, .F. ) ;
#5954 = EDGE_CURVE ( 'NONE', #2879, #794, #679, .T. ) ;
#5955 = DIRECTION ( 'NONE',  ( 1.000000000000000000, 0.000000000000000000, 0.000000000000000000 ) ) ;
#5956 = CARTESIAN_POINT ( 'NONE',  ( 0.000000000000000000, 0.000000000000000000, 0.000000000000000000 ) ) ;
#5957 = CARTESIAN_POINT ( 'NONE',  ( -31.26200674885978259, 24.95369579910449787, 10.00000000000000000 ) ) ;
#5958 = ORIENTED_EDGE ( 'NONE', *, *, #5508, .T. ) ;
#5959 = DIRECTION ( 'NONE',  ( -0.000000000000000000, -0.000000000000000000, -1.000000000000000000 ) ) ;
#5960 = VERTEX_POINT ( 'NONE', #5545 ) ;
#5961 = DIRECTION ( 'NONE',  ( 0.000000000000000000, 0.000000000000000000, 1.000000000000000000 ) ) ;
#5962 = LINE ( 'NONE', #5503, #818 ) ;
#5963 = EDGE_CURVE ( 'NONE', #5533, #2627, #723, .T. ) ;
#5964 = ORIENTED_EDGE ( 'NONE', *, *, #4217, .F. ) ;
#5965 = CARTESIAN_POINT ( 'NONE',  ( 37.51220113926679289, 50.44020431347271938, 8.193579175013844965E-16 ) ) ;
#5966 = EDGE_CURVE ( 'NONE', #616, #2627, #6711, .T. ) ;
#5967 = DIRECTION ( 'NONE',  ( -0.9822872507286879440, -0.1873813145857285145, -0.000000000000000000 ) ) ;
#5968 = ORIENTED_EDGE ( 'NONE', *, *, #1854, .F. ) ;
#5969 = DIRECTION ( 'NONE',  ( -0.000000000000000000, 0.000000000000000000, 1.000000000000000000 ) ) ;
#5970 = CARTESIAN_POINT ( 'NONE',  ( 9.268063931605190930, 38.91147634001669786, 8.000000000000000000 ) ) ;
#5971 = EDGE_LOOP ( 'NONE', ( #1830, #3114, #3729, #1584 ) ) ;
#5972 = FACE_OUTER_BOUND ( 'NONE', #4849, .T. ) ;
#5973 = VERTEX_POINT ( 'NONE', #6208 ) ;
#5974 = LINE ( 'NONE', #1087, #6132 ) ;
#5975 = FACE_OUTER_BOUND ( 'NONE', #3734, .T. ) ;
#5976 = DIRECTION ( 'NONE',  ( -0.4817536741017101609, -0.8763066800438664705, -0.000000000000000000 ) ) ;
#5977 = ORIENTED_EDGE ( 'NONE', *, *, #2020, .T. ) ;
#5978 = CARTESIAN_POINT ( 'NONE',  ( 0.6999999999999998446, -44.99455522616041492, 10.00000000000000000 ) ) ;
#5979 = ORIENTED_EDGE ( 'NONE', *, *, #6780, .T. ) ;
#5980 = CARTESIAN_POINT ( 'NONE',  ( -35.11509744738733474, 28.14124963928382073, 8.000000000000000000 ) ) ;
#5981 = AXIS2_PLACEMENT_3D ( 'NONE', #5487, #1296, #6577 ) ;
#5982 = EDGE_CURVE ( 'NONE', #7, #762, #745, .T. ) ;
#5983 = ORIENTED_EDGE ( 'NONE', *, *, #3956, .T. ) ;
#5984 = CARTESIAN_POINT ( 'NONE',  ( 0.000000000000000000, 0.000000000000000000, 0.000000000000000000 ) ) ;
#5985 = DIRECTION ( 'NONE',  ( 1.000000000000000000, 0.000000000000000000, 0.000000000000000000 ) ) ;
#5986 = DIRECTION ( 'NONE',  ( 0.000000000000000000, 0.000000000000000000, 1.000000000000000000 ) ) ;
#5987 = ORIENTED_EDGE ( 'NONE', *, *, #6628, .F. ) ;
#5988 = DIRECTION ( 'NONE',  ( 1.000000000000000000, 0.000000000000000000, 0.000000000000000000 ) ) ;
#5989 = ORIENTED_EDGE ( 'NONE', *, *, #1488, .T. ) ;
#5990 = VECTOR ( 'NONE', #4453, 1000.000000000000114 ) ;
#5991 = VECTOR ( 'NONE', #6850, 1000.000000000000000 ) ;
#5992 = DIRECTION ( 'NONE',  ( -0.000000000000000000, 1.000000000000000000, -0.000000000000000000 ) ) ;
#5993 = DIRECTION ( 'NONE',  ( -0.000000000000000000, -0.000000000000000000, -1.000000000000000000 ) ) ;
#5994 = VECTOR ( 'NONE', #2043, 1000.000000000000000 ) ;
#5995 = VERTEX_POINT ( 'NONE', #4520 ) ;
#5996 = AXIS2_PLACEMENT_3D ( 'NONE', #5360, #2226, #524 ) ;
#5997 = DIRECTION ( 'NONE',  ( 0.9980267284282717810, -0.06279051952930998770, 0.000000000000000000 ) ) ;
#5998 = VECTOR ( 'NONE', #4039, 1000.000000000000114 ) ;
#5999 = AXIS2_PLACEMENT_3D ( 'NONE', #4246, #3793, #4774 ) ;
#6000 = VECTOR ( 'NONE', #2204, 1000.000000000000000 ) ;
#6001 = AXIS2_PLACEMENT_3D ( 'NONE', #4603, #4114, #1921 ) ;
#6002 = PLANE ( 'NONE',  #1055 ) ;
#6003 = CARTESIAN_POINT ( 'NONE',  ( 5.607921044894919049, -49.97637685009845399, 8.000000000000000000 ) ) ;
#6004 = VERTEX_POINT ( 'NONE', #6772 ) ;
#6005 = CARTESIAN_POINT ( 'NONE',  ( 22.15135930653556784, -54.04641681349798432, 8.000000000000000000 ) ) ;
#6006 = VECTOR ( 'NONE', #2407, 1000.000000000000000 ) ;
#6007 = VECTOR ( 'NONE', #1006, 1000.000000000000000 ) ;
#6008 = ORIENTED_EDGE ( 'NONE', *, *, #6437, .F. ) ;
#6009 = DIRECTION ( 'NONE',  ( 0.4257792915650767673, -0.9048270524660175784, 6.505213034913026604E-16 ) ) ;
#6010 = ORIENTED_EDGE ( 'NONE', *, *, #5845, .T. ) ;
#6011 = AXIS2_PLACEMENT_3D ( 'NONE', #6727, #3979, #3512 ) ;
#6012 = ADVANCED_FACE ( 'NONE', ( #787 ), #6676, .F. ) ;
#6013 = CIRCLE ( 'NONE', #4208, 40.00000000000000000 ) ;
#6014 = LINE ( 'NONE', #3905, #3293 ) ;
#6015 = CARTESIAN_POINT ( 'NONE',  ( -26.86741302586427693, -29.63346279626496127, 8.000000000000000000 ) ) ;
#6016 = EDGE_CURVE ( 'NONE', #3869, #2259, #3540, .T. ) ;
#6017 = PLANE ( 'NONE',  #4314 ) ;
#6018 = EDGE_LOOP ( 'NONE', ( #2482, #1142, #502, #6537 ) ) ;
#6019 = DIRECTION ( 'NONE',  ( 1.000000000000000000, 0.000000000000000000, 0.000000000000000000 ) ) ;
#6020 = AXIS2_PLACEMENT_3D ( 'NONE', #1015, #3160, #1654 ) ;
#6021 = VERTEX_POINT ( 'NONE', #1946 ) ;
#6022 = DIRECTION ( 'NONE',  ( -0.7705132427757904745, 0.6374239897486881912, -0.000000000000000000 ) ) ;
#6023 = CARTESIAN_POINT ( 'NONE',  ( -15.37357071196673886, -36.92767693159371589, 0.000000000000000000 ) ) ;
#6024 = LINE ( 'NONE', #1129, #5881 ) ;
#6026 = EDGE_CURVE ( 'NONE', #6388, #59, #5182, .T. ) ;
#6025 = DIRECTION ( 'NONE',  ( 0.9921147013144786531, -0.1253332335642974860, 6.505213034913026604E-16 ) ) ;
#6027 = CARTESIAN_POINT ( 'NONE',  ( 0.000000000000000000, 0.000000000000000000, 8.000000000000000000 ) ) ;
#6028 = ORIENTED_EDGE ( 'NONE', *, *, #3004, .T. ) ;
#6029 = FACE_OUTER_BOUND ( 'NONE', #3353, .T. ) ;
#6030 = VERTEX_POINT ( 'NONE', #6742 ) ;
#6031 = AXIS2_PLACEMENT_3D ( 'NONE', #4357, #6009, #1190 ) ;
#6032 = EDGE_CURVE ( 'NONE', #3163, #6295, #2510, .T. ) ;
#6033 = VERTEX_POINT ( 'NONE', #4562 ) ;
#6034 = CARTESIAN_POINT ( 'NONE',  ( 0.000000000000000000, 0.000000000000000000, 8.000000000000000000 ) ) ;
#6035 = VECTOR ( 'NONE', #5147, 1000.000000000000000 ) ;
#6036 = ORIENTED_EDGE ( 'NONE', *, *, #67, .T. ) ;
#6037 = CARTESIAN_POINT ( 'NONE',  ( -36.48558511266051596, -16.39518462801823517, 0.000000000000000000 ) ) ;
#6038 = AXIS2_PLACEMENT_3D ( 'NONE', #6828, #308, #874 ) ;
#6040 = CARTESIAN_POINT ( 'NONE',  ( -14.07188363172319434, -37.44305130535225601, 8.000000000000000000 ) ) ;
#6039 = VECTOR ( 'NONE', #2208, 1000.000000000000000 ) ;
#6041 = DIRECTION ( 'NONE',  ( -0.000000000000000000, -0.000000000000000000, -1.000000000000000000 ) ) ;
#6042 = ORIENTED_EDGE ( 'NONE', *, *, #231, .T. ) ;
#6043 = CARTESIAN_POINT ( 'NONE',  ( 0.000000000000000000, 0.000000000000000000, 0.000000000000000000 ) ) ;
#6044 = VERTEX_POINT ( 'NONE', #2476 ) ;
#6045 = DIRECTION ( 'NONE',  ( 1.000000000000000000, 0.000000000000000000, 0.000000000000000000 ) ) ;
#6046 = ORIENTED_EDGE ( 'NONE', *, *, #5424, .T. ) ;
#6047 = DIRECTION ( 'NONE',  ( -0.8443279255020164076, 0.5358267949789945472, -0.000000000000000000 ) ) ;
#6048 = DIRECTION ( 'NONE',  ( -0.000000000000000000, 0.000000000000000000, 1.000000000000000000 ) ) ;
#6049 = CARTESIAN_POINT ( 'NONE',  ( 30.05469011279825509, 53.21625363895165606, 8.000000000000000000 ) ) ;
#6050 = EDGE_CURVE ( 'NONE', #3588, #6594, #1354, .T. ) ;
#6051 = ORIENTED_EDGE ( 'NONE', *, *, #5229, .T. ) ;
#6052 = DIRECTION ( 'NONE',  ( 0.000000000000000000, 0.000000000000000000, 1.000000000000000000 ) ) ;
#6053 = ORIENTED_EDGE ( 'NONE', *, *, #3723, .T. ) ;
#6054 = FACE_OUTER_BOUND ( 'NONE', #6260, .T. ) ;
#6055 = ADVANCED_FACE ( 'NONE', ( #6250 ), #4664, .F. ) ;
#6056 = PLANE ( 'NONE',  #2288 ) ;
#6057 = DIRECTION ( 'NONE',  ( 0.000000000000000000, 0.000000000000000000, 1.000000000000000000 ) ) ;
#6058 = LINE ( 'NONE', #4441, #142 ) ;
#6059 = ORIENTED_EDGE ( 'NONE', *, *, #3745, .F. ) ;
#6060 = PLANE ( 'NONE',  #3881 ) ;
#6061 = ORIENTED_EDGE ( 'NONE', *, *, #6591, .T. ) ;
#6062 = ADVANCED_FACE ( 'NONE', ( #4591 ), #5695, .F. ) ;
#6063 = PRODUCT_DEFINITION_SHAPE ( 'NONE', 'NONE',  #3029 ) ;
#6064 = ORIENTED_EDGE ( 'NONE', *, *, #147, .T. ) ;
#6065 = FACE_OUTER_BOUND ( 'NONE', #3900, .T. ) ;
#6066 = ORIENTED_EDGE ( 'NONE', *, *, #6091, .T. ) ;
#6067 = ADVANCED_FACE ( 'NONE', ( #1911 ), #760, .F. ) ;
#6068 = DIRECTION ( 'NONE',  ( 0.5877852522924685852, 0.8090169943749507819, 0.000000000000000000 ) ) ;
#6069 = LINE ( 'NONE', #1320, #6550 ) ;
#6070 = DIRECTION ( 'NONE',  ( -0.2486898871648553500, 0.9685831611286309650, -0.000000000000000000 ) ) ;
#6071 = ADVANCED_FACE ( 'NONE', ( #1429 ), #5046, .F. ) ;
#6072 = ORIENTED_EDGE ( 'NONE', *, *, #4496, .T. ) ;
#6073 = CARTESIAN_POINT ( 'NONE',  ( 4.318081326812749587, 39.76624414820981457, 10.00000000000000000 ) ) ;
#6074 = ORIENTED_EDGE ( 'NONE', *, *, #1639, .T. ) ;
#6075 = CARTESIAN_POINT ( 'NONE',  ( 54.47663323589635098, -24.86112925638337146, 8.000000000000000000 ) ) ;
#6076 = VERTEX_POINT ( 'NONE', #5649 ) ;
#6077 = DIRECTION ( 'NONE',  ( 1.000000000000000000, 0.000000000000000000, 0.000000000000000000 ) ) ;
#6078 = CARTESIAN_POINT ( 'NONE',  ( 0.000000000000000000, 0.000000000000000000, 0.000000000000000000 ) ) ;
#6079 = CARTESIAN_POINT ( 'NONE',  ( 0.000000000000000000, 0.000000000000000000, 0.000000000000000000 ) ) ;
#6080 = VERTEX_POINT ( 'NONE', #865 ) ;
#6081 = LINE ( 'NONE', #3870, #3542 ) ;
#6082 = ORIENTED_EDGE ( 'NONE', *, *, #6829, .T. ) ;
#6083 = DIRECTION ( 'NONE',  ( 1.000000000000000000, 0.000000000000000000, -0.000000000000000000 ) ) ;
#6084 = VECTOR ( 'NONE', #5352, 1000.000000000000114 ) ;
#6085 = ORIENTED_EDGE ( 'NONE', *, *, #4593, .T. ) ;
#6086 = DIRECTION ( 'NONE',  ( -0.2486898871648483555, -0.9685831611286327414, -0.000000000000000000 ) ) ;
#6087 = LINE ( 'NONE', #1340, #4320 ) ;
#6088 = CARTESIAN_POINT ( 'NONE',  ( 54.14436244607939841, -16.85654624173754357, 8.000000000000000000 ) ) ;
#6089 = VERTEX_POINT ( 'NONE', #1852 ) ;
#6090 = CARTESIAN_POINT ( 'NONE',  ( -24.07412152740955236, -31.94427448985992513, 0.000000000000000000 ) ) ;
#6091 = EDGE_CURVE ( 'NONE', #2210, #2193, #3573, .T. ) ;
#6092 = ORIENTED_EDGE ( 'NONE', *, *, #3745, .T. ) ;
#6093 = ORIENTED_EDGE ( 'NONE', *, *, #4067, .F. ) ;
#6094 = EDGE_CURVE ( 'NONE', #1269, #3698, #2987, .T. ) ;
#6095 = DIRECTION ( 'NONE',  ( 0.9048270524660205760, -0.4257792915650703836, 0.000000000000000000 ) ) ;
#6096 = ORIENTED_EDGE ( 'NONE', *, *, #2478, .T. ) ;
#6097 = DIRECTION ( 'NONE',  ( -0.000000000000000000, 0.000000000000000000, 1.000000000000000000 ) ) ;
#6098 = EDGE_CURVE ( 'NONE', #5778, #2094, #3469, .T. ) ;
#6099 = DIRECTION ( 'NONE',  ( 0.000000000000000000, 0.000000000000000000, 1.000000000000000000 ) ) ;
#6100 = AXIS2_PLACEMENT_3D ( 'NONE', #4558, #1880, #189 ) ;
#6101 = ADVANCED_FACE ( 'NONE', ( #2418 ), #1638, .F. ) ;
#6102 = AXIS2_PLACEMENT_3D ( 'NONE', #6043, #2269, #3392 ) ;
#6103 = PLANE ( 'NONE',  #6667 ) ;
#6104 = DIRECTION ( 'NONE',  ( 1.000000000000000000, 0.000000000000000000, 0.000000000000000000 ) ) ;
#6105 = VECTOR ( 'NONE', #1774, 1000.000000000000000 ) ;
#6106 = ORIENTED_EDGE ( 'NONE', *, *, #628, .F. ) ;
#6107 = LINE ( 'NONE', #224, #6891 ) ;
#6108 = EDGE_CURVE ( 'NONE', #4894, #4825, #4564, .T. ) ;
#6109 = EDGE_LOOP ( 'NONE', ( #5031, #1214, #5510, #4775 ) ) ;
#6110 = CARTESIAN_POINT ( 'NONE',  ( 5.707041908653014417, 39.59077762121979305, 8.000000000000000000 ) ) ;
#6111 = VECTOR ( 'NONE', #3565, 1000.000000000000000 ) ;
#6112 = EDGE_LOOP ( 'NONE', ( #2279, #167, #313, #3629 ) ) ;
#6113 = VECTOR ( 'NONE', #489, 1000.000000000000114 ) ;
#6114 = ADVANCED_FACE ( 'NONE', ( #5856 ), #3115, .F. ) ;
#6115 = EDGE_CURVE ( 'NONE', #2357, #1031, #5223, .T. ) ;
#6116 = CIRCLE ( 'NONE', #148, 45.00000000000000711 ) ;
#6117 = DIRECTION ( 'NONE',  ( 0.7289686274214153272, -0.6845471059286846183, 6.505213034913027590E-16 ) ) ;
#6118 = AXIS2_PLACEMENT_3D ( 'NONE', #1503, #5909, #2667 ) ;
#6119 = PLANE ( 'NONE',  #5981 ) ;
#6120 = DIRECTION ( 'NONE',  ( 0.000000000000000000, 0.000000000000000000, 1.000000000000000000 ) ) ;
#6121 = VERTEX_POINT ( 'NONE', #1030 ) ;
#6122 = DIRECTION ( 'NONE',  ( -0.000000000000000000, -0.000000000000000000, -1.000000000000000000 ) ) ;
#6123 = ORIENTED_EDGE ( 'NONE', *, *, #733, .F. ) ;
#6124 = DIRECTION ( 'NONE',  ( -0.7705132427757860336, -0.6374239897486935202, -0.000000000000000000 ) ) ;
#6125 = AXIS2_PLACEMENT_3D ( 'NONE', #4244, #4731, #1500 ) ;
#6126 = VECTOR ( 'NONE', #2562, 1000.000000000000114 ) ;
#6127 = FACE_OUTER_BOUND ( 'NONE', #3499, .T. ) ;
#6128 = CARTESIAN_POINT ( 'NONE',  ( -44.94972211312055776, 2.126612788741049975, 8.193579175013844965E-16 ) ) ;
#6129 = DIRECTION ( 'NONE',  ( 0.000000000000000000, 0.000000000000000000, 1.000000000000000000 ) ) ;
#6130 = VECTOR ( 'NONE', #4295, 1000.000000000000000 ) ;
#6131 = FACE_OUTER_BOUND ( 'NONE', #2444, .T. ) ;
#6132 = VECTOR ( 'NONE', #619, 1000.000000000000000 ) ;
#6133 = VERTEX_POINT ( 'NONE', #3640 ) ;
#6134 = DIRECTION ( 'NONE',  ( -0.9510565162951521989, -0.3090169943749514481, 0.000000000000000000 ) ) ;
#6135 = ORIENTED_EDGE ( 'NONE', *, *, #1890, .F. ) ;
#6136 = ORIENTED_EDGE ( 'NONE', *, *, #5124, .F. ) ;
#6137 = DIRECTION ( 'NONE',  ( 1.000000000000000000, 0.000000000000000000, 0.000000000000000000 ) ) ;
#6138 = VERTEX_POINT ( 'NONE', #433 ) ;
#6139 = LINE ( 'NONE', #3462, #5335 ) ;
#6140 = AXIS2_PLACEMENT_3D ( 'NONE', #4239, #504, #4800 ) ;
#6141 = EDGE_CURVE ( 'NONE', #4838, #6798, #1421, .T. ) ;
#6142 = DIRECTION ( 'NONE',  ( 0.000000000000000000, 0.000000000000000000, 1.000000000000000000 ) ) ;
#6143 = ADVANCED_FACE ( 'NONE', ( #4831, #4270 ), #6318, .T. ) ;
#6144 = DIRECTION ( 'NONE',  ( -0.000000000000000000, 1.000000000000000000, -0.000000000000000000 ) ) ;
#6145 = AXIS2_PLACEMENT_3D ( 'NONE', #6690, #5598, #6585 ) ;
#6146 = DIRECTION ( 'NONE',  ( -0.1253332335643045359, 0.9921147013144777649, -0.000000000000000000 ) ) ;
#6147 = ORIENTED_EDGE ( 'NONE', *, *, #3827, .T. ) ;
#6148 = ORIENTED_EDGE ( 'NONE', *, *, #6222, .F. ) ;
#6149 = DIRECTION ( 'NONE',  ( 0.9685831611286309650, 0.2486898871648553500, 0.000000000000000000 ) ) ;
#6150 = VERTEX_POINT ( 'NONE', #6393 ) ;
#6151 = VECTOR ( 'NONE', #6934, 1000.000000000000000 ) ;
#6152 = EDGE_CURVE ( 'NONE', #6394, #258, #3146, .T. ) ;
#6153 = DIRECTION ( 'NONE',  ( 1.000000000000000000, 0.000000000000000000, 0.000000000000000000 ) ) ;
#6154 = AXIS2_PLACEMENT_3D ( 'NONE', #2670, #2631, #2068 ) ;
#6155 = CARTESIAN_POINT ( 'NONE',  ( 0.000000000000000000, 0.000000000000000000, 0.000000000000000000 ) ) ;
#6156 = DIRECTION ( 'NONE',  ( 1.000000000000000000, 0.000000000000000000, 0.000000000000000000 ) ) ;
#6157 = ORIENTED_EDGE ( 'NONE', *, *, #4798, .T. ) ;
#6158 = EDGE_CURVE ( 'NONE', #5588, #3051, #2656, .T. ) ;
#6159 = DIRECTION ( 'NONE',  ( -0.3681245526846786964, 0.9297764858882510142, -0.000000000000000000 ) ) ;
#6160 = EDGE_LOOP ( 'NONE', ( #6196, #5062, #1929, #316 ) ) ;
#6161 = FACE_OUTER_BOUND ( 'NONE', #519, .T. ) ;
#6162 = DIRECTION ( 'NONE',  ( 1.000000000000000000, 0.000000000000000000, -0.000000000000000000 ) ) ;
#6163 = CARTESIAN_POINT ( 'NONE',  ( 52.06356398421433340, -33.86960416812257790, 8.000000000000000000 ) ) ;
#6164 = CARTESIAN_POINT ( 'NONE',  ( -0.6999999999999934053, -44.99455522616041492, 10.00000000000000000 ) ) ;
#6165 = VERTEX_POINT ( 'NONE', #1492 ) ;
#6166 = FACE_OUTER_BOUND ( 'NONE', #2754, .T. ) ;
#6167 = EDGE_CURVE ( 'NONE', #4040, #903, #1596, .T. ) ;
#6168 = ORIENTED_EDGE ( 'NONE', *, *, #6803, .T. ) ;
#6169 = CARTESIAN_POINT ( 'NONE',  ( -4.318081326812753140, -39.76624414820980746, 8.000000000000000000 ) ) ;
#6170 = ORIENTED_EDGE ( 'NONE', *, *, #3426, .F. ) ;
#6171 = EDGE_LOOP ( 'NONE', ( #5332, #1083, #1847, #428 ) ) ;
#6172 = CARTESIAN_POINT ( 'NONE',  ( -31.26200674885961561, -24.95369579910471103, 10.00000000000000000 ) ) ;
#6173 = ORIENTED_EDGE ( 'NONE', *, *, #2110, .T. ) ;
#6174 = CARTESIAN_POINT ( 'NONE',  ( 36.37957734714186131, 51.26310366668217000, 3.907315377998108371E-16 ) ) ;
#6175 = PLANE ( 'NONE',  #1983 ) ;
#6176 = DIRECTION ( 'NONE',  ( 1.000000000000000000, 0.000000000000000000, 0.000000000000000000 ) ) ;
#6177 = CARTESIAN_POINT ( 'NONE',  ( 53.88054222770525570, -26.12788712983579842, 8.000000000000000000 ) ) ;
#6178 = VERTEX_POINT ( 'NONE', #1532 ) ;
#6179 = CARTESIAN_POINT ( 'NONE',  ( 0.000000000000000000, 0.000000000000000000, 8.000000000000000000 ) ) ;
#6180 = ORIENTED_EDGE ( 'NONE', *, *, #6968, .F. ) ;
#6181 = DIRECTION ( 'NONE',  ( 1.000000000000000000, 0.000000000000000000, 0.000000000000000000 ) ) ;
#6182 = FACE_OUTER_BOUND ( 'NONE', #6109, .T. ) ;
#6183 = DIRECTION ( 'NONE',  ( -0.9822872507286892763, 0.1873813145857214646, -0.000000000000000000 ) ) ;
#6184 = ORIENTED_EDGE ( 'NONE', *, *, #5982, .T. ) ;
#6185 = CARTESIAN_POINT ( 'NONE',  ( 6.333793390202180795, 44.55202645548494900, 8.193579175013844965E-16 ) ) ;
#6186 = ORIENTED_EDGE ( 'NONE', *, *, #4170, .T. ) ;
#6187 = DIRECTION ( 'NONE',  ( 0.000000000000000000, 0.000000000000000000, 1.000000000000000000 ) ) ;
#6188 = DIRECTION ( 'NONE',  ( -0.000000000000000000, 0.000000000000000000, 1.000000000000000000 ) ) ;
#6189 = EDGE_CURVE ( 'NONE', #6678, #1453, #5755, .T. ) ;
#6190 = CARTESIAN_POINT ( 'NONE',  ( 35.11509744738713579, 28.14124963928405876, 8.000000000000000000 ) ) ;
#6191 = DIRECTION ( 'NONE',  ( 0.000000000000000000, 0.000000000000000000, 1.000000000000000000 ) ) ;
#6192 = DIRECTION ( 'NONE',  ( -0.000000000000000000, 0.000000000000000000, 1.000000000000000000 ) ) ;
#6193 = EDGE_LOOP ( 'NONE', ( #2448, #4917, #570, #2981 ) ) ;
#6194 = DIRECTION ( 'NONE',  ( -0.06279051952930998770, -0.9980267284282717810, 6.505213034913027590E-16 ) ) ;
#6195 = EDGE_CURVE ( 'NONE', #169, #1101, #3895, .T. ) ;
#6196 = ORIENTED_EDGE ( 'NONE', *, *, #2273, .T. ) ;
#6197 = EDGE_CURVE ( 'NONE', #6295, #2094, #2550, .T. ) ;
#6198 = ORIENTED_EDGE ( 'NONE', *, *, #3078, .F. ) ;
#6199 = CARTESIAN_POINT ( 'NONE',  ( 0.000000000000000000, 0.000000000000000000, 0.000000000000000000 ) ) ;
#6200 = VECTOR ( 'NONE', #476, 1000.000000000000000 ) ;
#6201 = CARTESIAN_POINT ( 'NONE',  ( -5.707041908653017970, -39.59077762121978594, 8.000000000000000000 ) ) ;
#6202 = ORIENTED_EDGE ( 'NONE', *, *, #5382, .F. ) ;
#6203 = DIRECTION ( 'NONE',  ( 1.000000000000000000, 0.000000000000000000, 0.000000000000000000 ) ) ;
#6204 = CARTESIAN_POINT ( 'NONE',  ( 0.000000000000000000, 0.000000000000000000, 0.000000000000000000 ) ) ;
#6205 = DIRECTION ( 'NONE',  ( 1.000000000000000000, 0.000000000000000000, 0.000000000000000000 ) ) ;
#6206 = ORIENTED_EDGE ( 'NONE', *, *, #1247, .T. ) ;
#6207 = CIRCLE ( 'NONE', #6440, 45.00000000000000711 ) ;
#6208 = CARTESIAN_POINT ( 'NONE',  ( 31.26200674885978970, -24.95369579910449431, 8.000000000000000000 ) ) ;
#6209 = ORIENTED_EDGE ( 'NONE', *, *, #4673, .T. ) ;
#6210 = AXIS2_PLACEMENT_3D ( 'NONE', #2958, #288, #318 ) ;
#6211 = AXIS2_PLACEMENT_3D ( 'NONE', #921, #6283, #2579 ) ;
#6212 = DIRECTION ( 'NONE',  ( -0.9822872507286892763, 0.1873813145857214646, -0.000000000000000000 ) ) ;
#6213 = DIRECTION ( 'NONE',  ( -0.4817536741017162671, 0.8763066800438630288, -0.000000000000000000 ) ) ;
#6214 = AXIS2_PLACEMENT_3D ( 'NONE', #2997, #5143, #5427 ) ;
#6215 = DIRECTION ( 'NONE',  ( -0.000000000000000000, 0.000000000000000000, 1.000000000000000000 ) ) ;
#6216 = AXIS2_PLACEMENT_3D ( 'NONE', #6003, #756, #3360 ) ;
#6217 = ORIENTED_EDGE ( 'NONE', *, *, #301, .T. ) ;
#6218 = DIRECTION ( 'NONE',  ( 1.000000000000000000, 0.000000000000000000, 0.000000000000000000 ) ) ;
#6219 = AXIS2_PLACEMENT_3D ( 'NONE', #6951, #2119, #1586 ) ;
#6220 = VERTEX_POINT ( 'NONE', #1000 ) ;
#6221 = CARTESIAN_POINT ( 'NONE',  ( 36.37957734714225921, -51.26310366668197105, 8.193579175013844965E-16 ) ) ;
#6222 = EDGE_CURVE ( 'NONE', #3065, #6288, #3442, .T. ) ;
#6223 = VECTOR ( 'NONE', #6823, 1000.000000000000000 ) ;
#6224 = CIRCLE ( 'NONE', #4982, 40.00000000000000000 ) ;
#6225 = DIRECTION ( 'NONE',  ( -0.9980267284282717810, 0.06279051952930998770, -0.000000000000000000 ) ) ;
#6226 = EDGE_CURVE ( 'NONE', #4960, #6988, #3177, .T. ) ;
#6227 = VECTOR ( 'NONE', #1777, 1000.000000000000000 ) ;
#6228 = PLANE ( 'NONE',  #3091 ) ;
#6229 = DIRECTION ( 'NONE',  ( -0.000000000000000000, 0.000000000000000000, 1.000000000000000000 ) ) ;
#6230 = ORIENTED_EDGE ( 'NONE', *, *, #6538, .T. ) ;
#6231 = DIRECTION ( 'NONE',  ( -0.000000000000000000, 1.000000000000000000, -0.000000000000000000 ) ) ;
#6232 = ORIENTED_EDGE ( 'NONE', *, *, #107, .F. ) ;
#6233 = LINE ( 'NONE', #5203, #275 ) ;
#6234 = CIRCLE ( 'NONE', #1288, 40.00000000000000000 ) ;
#6236 = ORIENTED_EDGE ( 'NONE', *, *, #4396, .T. ) ;
#6235 = CIRCLE ( 'NONE', #5877, 45.00000000000000711 ) ;
#6237 = VECTOR ( 'NONE', #3313, 1000.000000000000000 ) ;
#6238 = ORIENTED_EDGE ( 'NONE', *, *, #6815, .T. ) ;
#6239 = ADVANCED_FACE ( 'NONE', ( #6854 ), #6925, .F. ) ;
#6240 = AXIS2_PLACEMENT_3D ( 'NONE', #1730, #5499, #4473 ) ;
#6241 = DIRECTION ( 'NONE',  ( 0.06279051952931692659, -0.9980267284282713369, 6.505213034913025618E-16 ) ) ;
#6242 = CIRCLE ( 'NONE', #1186, 45.00000000000000711 ) ;
#6243 = CARTESIAN_POINT ( 'NONE',  ( 0.000000000000000000, 0.000000000000000000, 8.000000000000000000 ) ) ;
#6244 = VERTEX_POINT ( 'NONE', #5899 ) ;
#6245 = FACE_OUTER_BOUND ( 'NONE', #3420, .T. ) ;
#6246 = EDGE_CURVE ( 'NONE', #5879, #5207, #2690, .T. ) ;
#6247 = PLANE ( 'NONE',  #1088 ) ;
#6248 = LINE ( 'NONE', #5219, #2052 ) ;
#6249 = ORIENTED_EDGE ( 'NONE', *, *, #2225, .T. ) ;
#6250 = FACE_OUTER_BOUND ( 'NONE', #6812, .T. ) ;
#6251 = ORIENTED_EDGE ( 'NONE', *, *, #3507, .F. ) ;
#6252 = AXIS2_PLACEMENT_3D ( 'NONE', #5965, #1216, #6068 ) ;
#6253 = CARTESIAN_POINT ( 'NONE',  ( -17.21444405599785554, -41.57719225540513008, 3.907315377998108371E-16 ) ) ;
#6254 = PLANE ( 'NONE',  #2659 ) ;
#6255 = LINE ( 'NONE', #2455, #6223 ) ;
#6256 = CIRCLE ( 'NONE', #4569, 45.00000000000000711 ) ;
#6257 = ORIENTED_EDGE ( 'NONE', *, *, #3778, .T. ) ;
#6258 = DIRECTION ( 'NONE',  ( 0.4817536741017101609, 0.8763066800438664705, 0.000000000000000000 ) ) ;
#6259 = VECTOR ( 'NONE', #303, 1000.000000000000227 ) ;
#6260 = EDGE_LOOP ( 'NONE', ( #6675, #984, #5166, #1441 ) ) ;
#6261 = DIRECTION ( 'NONE',  ( 1.000000000000000000, 0.000000000000000000, -0.000000000000000000 ) ) ;
#6262 = PLANE ( 'NONE',  #3751 ) ;
#6263 = CARTESIAN_POINT ( 'NONE',  ( 0.000000000000000000, 0.000000000000000000, 8.000000000000000000 ) ) ;
#6264 = EDGE_CURVE ( 'NONE', #1703, #6819, #181, .T. ) ;
#6265 = VECTOR ( 'NONE', #5798, 1000.000000000000000 ) ;
#6266 = DIRECTION ( 'NONE',  ( -0.000000000000000000, -0.000000000000000000, -1.000000000000000000 ) ) ;
#6267 = VERTEX_POINT ( 'NONE', #146 ) ;
#6268 = DIRECTION ( 'NONE',  ( -0.6845471059286846183, -0.7289686274214153272, -0.000000000000000000 ) ) ;
#6269 = ORIENTED_EDGE ( 'NONE', *, *, #6420, .T. ) ;
#6270 = CARTESIAN_POINT ( 'NONE',  ( 30.36961316321144722, 26.03241433899080448, 10.00000000000000000 ) ) ;
#6271 = EDGE_CURVE ( 'NONE', #5533, #246, #402, .T. ) ;
#6272 = ORIENTED_EDGE ( 'NONE', *, *, #3438, .T. ) ;
#6273 = EDGE_CURVE ( 'NONE', #6609, #4264, #4407, .T. ) ;
#6274 = EDGE_CURVE ( 'NONE', #5291, #3058, #622, .T. ) ;
#6275 = ORIENTED_EDGE ( 'NONE', *, *, #1193, .T. ) ;
#6276 = LINE ( 'NONE', #2041, #3520 ) ;
#6277 = DIRECTION ( 'NONE',  ( 0.000000000000000000, 0.000000000000000000, 1.000000000000000000 ) ) ;
#6278 = ORIENTED_EDGE ( 'NONE', *, *, #5814, .T. ) ;
#6279 = FACE_OUTER_BOUND ( 'NONE', #880, .T. ) ;
#6280 = VERTEX_POINT ( 'NONE', #2762 ) ;
#6281 = LINE ( 'NONE', #4895, #2439 ) ;
#6282 = ADVANCED_FACE ( 'NONE', ( #41 ), #3927, .F. ) ;
#6283 = DIRECTION ( 'NONE',  ( 0.000000000000000000, 0.000000000000000000, 1.000000000000000000 ) ) ;
#6284 = EDGE_CURVE ( 'NONE', #3230, #2800, #58, .T. ) ;
#6285 = ORIENTED_EDGE ( 'NONE', *, *, #1752, .F. ) ;
#6286 = DIRECTION ( 'NONE',  ( -0.000000000000000000, -0.000000000000000000, -1.000000000000000000 ) ) ;
#6287 = EDGE_CURVE ( 'NONE', #4284, #3934, #3326, .T. ) ;
#6288 = VERTEX_POINT ( 'NONE', #2202 ) ;
#6289 = EDGE_CURVE ( 'NONE', #1031, #6004, #6370, .T. ) ;
#6290 = DIRECTION ( 'NONE',  ( -0.7705132427757860336, -0.6374239897486935202, 0.000000000000000000 ) ) ;
#6291 = DIRECTION ( 'NONE',  ( -0.000000000000000000, -0.000000000000000000, -1.000000000000000000 ) ) ;
#6292 = DIRECTION ( 'NONE',  ( 1.000000000000000000, 0.000000000000000000, 0.000000000000000000 ) ) ;
#6293 = VERTEX_POINT ( 'NONE', #6037 ) ;
#6294 = CARTESIAN_POINT ( 'NONE',  ( -39.41663997923730989, 6.806503709481900088, 10.00000000000000000 ) ) ;
#6295 = VERTEX_POINT ( 'NONE', #711 ) ;
#6296 = DIRECTION ( 'NONE',  ( 1.000000000000000000, 0.000000000000000000, -0.000000000000000000 ) ) ;
#6297 = LINE ( 'NONE', #4674, #5890 ) ;
#6298 = CARTESIAN_POINT ( 'NONE',  ( 44.32874487107531536, -7.743537831967702623, 3.907315377998108371E-16 ) ) ;
#6299 = DIRECTION ( 'NONE',  ( 1.000000000000000000, 0.000000000000000000, 0.000000000000000000 ) ) ;
#6300 = ORIENTED_EDGE ( 'NONE', *, *, #4491, .F. ) ;
#6301 = DIRECTION ( 'NONE',  ( 1.000000000000000000, 0.000000000000000000, 0.000000000000000000 ) ) ;
#6302 = ORIENTED_EDGE ( 'NONE', *, *, #387, .F. ) ;
#6303 = LINE ( 'NONE', #6270, #6923 ) ;
#6304 = ORIENTED_EDGE ( 'NONE', *, *, #755, .T. ) ;
#6305 = ORIENTED_EDGE ( 'NONE', *, *, #3393, .F. ) ;
#6306 = LINE ( 'NONE', #3699, #2620 ) ;
#6307 = CARTESIAN_POINT ( 'NONE',  ( 0.6999999999999998446, -44.99455522616041492, 8.000000000000000000 ) ) ;
#6308 = LINE ( 'NONE', #1417, #6111 ) ;
#6309 = ADVANCED_FACE ( 'NONE', ( #109 ), #2236, .F. ) ;
#6310 = ORIENTED_EDGE ( 'NONE', *, *, #3858, .F. ) ;
#6311 = CARTESIAN_POINT ( 'NONE',  ( -0.6999999999999948486, -45.00000000000000711, 8.000000000000000000 ) ) ;
#6312 = VERTEX_POINT ( 'NONE', #6557 ) ;
#6313 = EDGE_CURVE ( 'NONE', #2842, #388, #1742, .T. ) ;
#6314 = VECTOR ( 'NONE', #3368, 1000.000000000000000 ) ;
#6315 = DIRECTION ( 'NONE',  ( 1.000000000000000000, 0.000000000000000000, -0.000000000000000000 ) ) ;
#6316 = EDGE_CURVE ( 'NONE', #3058, #5398, #3817, .T. ) ;
#6317 = ORIENTED_EDGE ( 'NONE', *, *, #6195, .T. ) ;
#6318 = PLANE ( 'NONE',  #5581 ) ;
#6319 = ORIENTED_EDGE ( 'NONE', *, *, #129, .F. ) ;
#6320 = AXIS2_PLACEMENT_3D ( 'NONE', #1440, #4737, #2490 ) ;
#6321 = ADVANCED_FACE ( 'NONE', ( #5476 ), #6601, .F. ) ;
#6322 = LINE ( 'NONE', #4065, #6335 ) ;
#6323 = DIRECTION ( 'NONE',  ( -0.000000000000000000, 0.000000000000000000, 1.000000000000000000 ) ) ;
#6324 = CARTESIAN_POINT ( 'NONE',  ( 30.36961316321162840, -26.03241433899059132, 0.000000000000000000 ) ) ;
#6325 = EDGE_LOOP ( 'NONE', ( #2334, #1091, #2686, #3239 ) ) ;
#6326 = CARTESIAN_POINT ( 'NONE',  ( 5.607921044894919049, -49.97637685009845399, 8.000000000000000000 ) ) ;
#6327 = ORIENTED_EDGE ( 'NONE', *, *, #3361, .T. ) ;
#6328 = EDGE_CURVE ( 'NONE', #5242, #2466, #1138, .T. ) ;
#6329 = DIRECTION ( 'NONE',  ( 0.000000000000000000, 0.000000000000000000, 1.000000000000000000 ) ) ;
#6330 = ADVANCED_FACE ( 'NONE', ( #3284 ), #5439, .F. ) ;
#6331 = VECTOR ( 'NONE', #4864, 1000.000000000000000 ) ;
#6332 = LINE ( 'NONE', #375, #1394 ) ;
#6333 = AXIS2_PLACEMENT_3D ( 'NONE', #2605, #1588, #2683 ) ;
#6334 = DIRECTION ( 'NONE',  ( -0.000000000000000000, 0.000000000000000000, 1.000000000000000000 ) ) ;
#6335 = VECTOR ( 'NONE', #1989, 1000.000000000000000 ) ;
#6336 = LINE ( 'NONE', #5839, #4518 ) ;
#6337 = VERTEX_POINT ( 'NONE', #4480 ) ;
#6338 = FACE_OUTER_BOUND ( 'NONE', #2348, .T. ) ;
#6339 = AXIS2_PLACEMENT_3D ( 'NONE', #2084, #6873, #1933 ) ;
#6340 = ORIENTED_EDGE ( 'NONE', *, *, #3697, .T. ) ;
#6341 = DIRECTION ( 'NONE',  ( 0.9980267284282717810, -0.06279051952930998770, 0.000000000000000000 ) ) ;
#6342 = EDGE_LOOP ( 'NONE', ( #6147, #3147, #3603, #2019 ) ) ;
#6343 = VECTOR ( 'NONE', #2637, 1000.000000000000000 ) ;
#6344 = VECTOR ( 'NONE', #1077, 1000.000000000000000 ) ;
#6345 = VERTEX_POINT ( 'NONE', #6634 ) ;
#6346 = CARTESIAN_POINT ( 'NONE',  ( 24.07412152740979039, -31.94427448985975815, 8.000000000000000000 ) ) ;
#6347 = FACE_OUTER_BOUND ( 'NONE', #4212, .T. ) ;
#6348 = AXIS2_PLACEMENT_3D ( 'NONE', #3609, #3258, #5642 ) ;
#6349 = DIRECTION ( 'NONE',  ( 1.000000000000000000, 0.000000000000000000, 0.000000000000000000 ) ) ;
#6350 = CIRCLE ( 'NONE', #5211, 45.00000000000000711 ) ;
#6351 = EDGE_LOOP ( 'NONE', ( #5504, #4946, #3107, #284 ) ) ;
#6352 = CARTESIAN_POINT ( 'NONE',  ( 9.268063931605476924, -38.91147634001662681, 8.000000000000000000 ) ) ;
#6353 = ORIENTED_EDGE ( 'NONE', *, *, #6284, .T. ) ;
#6354 = VECTOR ( 'NONE', #5630, 1000.000000000000000 ) ;
#6355 = AXIS2_PLACEMENT_3D ( 'NONE', #5925, #6389, #1693 ) ;
#6356 = FACE_OUTER_BOUND ( 'NONE', #1543, .T. ) ;
#6357 = EDGE_CURVE ( 'NONE', #1101, #5754, #6524, .T. ) ;
#6358 = ORIENTED_EDGE ( 'NONE', *, *, #2273, .F. ) ;
#6359 = CIRCLE ( 'NONE', #5689, 45.00000000000000711 ) ;
#6360 = VECTOR ( 'NONE', #5164, 1000.000000000000114 ) ;
#6361 = DIRECTION ( 'NONE',  ( -0.6845471059286846183, -0.7289686274214153272, 0.000000000000000000 ) ) ;
#6362 = ORIENTED_EDGE ( 'NONE', *, *, #413, .F. ) ;
#6363 = EDGE_CURVE ( 'NONE', #1453, #3922, #1107, .T. ) ;
#6364 = CARTESIAN_POINT ( 'NONE',  ( -25.88082409933391403, 36.81280950891058268, 10.00000000000000000 ) ) ;
#6365 = LINE ( 'NONE', #4700, #2207 ) ;
#6366 = DIRECTION ( 'NONE',  ( 0.000000000000000000, 0.000000000000000000, 1.000000000000000000 ) ) ;
#6367 = EDGE_LOOP ( 'NONE', ( #2729, #6956, #6438, #584 ) ) ;
#6368 = LINE ( 'NONE', #977, #6789 ) ;
#6369 = ORIENTED_EDGE ( 'NONE', *, *, #6670, .T. ) ;
#6370 = CIRCLE ( 'NONE', #3328, 45.00000000000000711 ) ;
#6371 = EDGE_CURVE ( 'NONE', #1480, #6859, #4008, .T. ) ;
#6372 = CARTESIAN_POINT ( 'NONE',  ( 0.000000000000000000, 0.000000000000000000, 0.000000000000000000 ) ) ;
#6373 = LINE ( 'NONE', #4920, #2085 ) ;
#6374 = AXIS2_PLACEMENT_3D ( 'NONE', #187, #4378, #2343 ) ;
#6375 = EDGE_CURVE ( 'NONE', #3771, #6267, #630, .T. ) ;
#6376 = DIRECTION ( 'NONE',  ( -0.3090169943749447312, -0.9510565162951545304, 6.505213034913027590E-16 ) ) ;
#6377 = ORIENTED_EDGE ( 'NONE', *, *, #5050, .T. ) ;
#6378 = DIRECTION ( 'NONE',  ( 1.000000000000000000, 0.000000000000000000, -0.000000000000000000 ) ) ;
#6379 = ORIENTED_EDGE ( 'NONE', *, *, #3669, .T. ) ;
#6380 = DIRECTION ( 'NONE',  ( -0.000000000000000000, 0.000000000000000000, 1.000000000000000000 ) ) ;
#6381 = ORIENTED_EDGE ( 'NONE', *, *, #5687, .T. ) ;
#6382 = AXIS2_PLACEMENT_3D ( 'NONE', #4810, #5911, #2731 ) ;
#6383 = ORIENTED_EDGE ( 'NONE', *, *, #5216, .T. ) ;
#6384 = CARTESIAN_POINT ( 'NONE',  ( 51.83394028810082688, -9.175230427409326595, 8.000000000000000000 ) ) ;
#6385 = EDGE_CURVE ( 'NONE', #1579, #1813, #1939, .T. ) ;
#6386 = CARTESIAN_POINT ( 'NONE',  ( 5.607921044894919049, -49.97637685009845399, 8.000000000000000000 ) ) ;
#6387 = CARTESIAN_POINT ( 'NONE',  ( 0.000000000000000000, 0.000000000000000000, 0.000000000000000000 ) ) ;
#6388 = VERTEX_POINT ( 'NONE', #4096 ) ;
#6389 = DIRECTION ( 'NONE',  ( -0.8090169943749465631, -0.5877852522924743583, 6.505213034913028576E-16 ) ) ;
#6390 = ORIENTED_EDGE ( 'NONE', *, *, #1879, .F. ) ;
#6391 = DIRECTION ( 'NONE',  ( -0.000000000000000000, 0.000000000000000000, 1.000000000000000000 ) ) ;
#6392 = ORIENTED_EDGE ( 'NONE', *, *, #672, .T. ) ;
#6393 = CARTESIAN_POINT ( 'NONE',  ( 4.318081326812749587, 39.76624414820981457, 8.000000000000000000 ) ) ;
#6394 = VERTEX_POINT ( 'NONE', #249 ) ;
#6395 = DIRECTION ( 'NONE',  ( -0.000000000000000000, -0.000000000000000000, -1.000000000000000000 ) ) ;
#6396 = LINE ( 'NONE', #1078, #3451 ) ;
#6397 = CARTESIAN_POINT ( 'NONE',  ( 0.000000000000000000, 0.000000000000000000, 0.000000000000000000 ) ) ;
#6398 = ADVANCED_FACE ( 'NONE', ( #3030 ), #6247, .F. ) ;
#6399 = ORIENTED_EDGE ( 'NONE', *, *, #3906, .F. ) ;
#6400 = FACE_OUTER_BOUND ( 'NONE', #3245, .T. ) ;
#6401 = ORIENTED_EDGE ( 'NONE', *, *, #3314, .T. ) ;
#6402 = LINE ( 'NONE', #1117, #6151 ) ;
#6403 = LINE ( 'NONE', #3894, #5669 ) ;
#6404 = CARTESIAN_POINT ( 'NONE',  ( 38.36523822947506801, 23.51825877048777613, 10.00000000000000000 ) ) ;
#6405 = DIRECTION ( 'NONE',  ( 0.000000000000000000, 0.000000000000000000, 1.000000000000000000 ) ) ;
#6406 = CARTESIAN_POINT ( 'NONE',  ( -11.86769907501642329, -43.40688561351592512, 8.000000000000000000 ) ) ;
#6407 = ORIENTED_EDGE ( 'NONE', *, *, #4044, .F. ) ;
#6408 = CARTESIAN_POINT ( 'NONE',  ( 42.57605304957960612, -14.56982178063215549, 10.00000000000000000 ) ) ;
#6409 = ORIENTED_EDGE ( 'NONE', *, *, #3125, .T. ) ;
#6410 = DIRECTION ( 'NONE',  ( -0.9510565162951544194, 0.3090169943749446757, 0.000000000000000000 ) ) ;
#6411 = ORIENTED_EDGE ( 'NONE', *, *, #970, .T. ) ;
#6412 = CARTESIAN_POINT ( 'NONE',  ( 0.000000000000000000, 0.000000000000000000, 0.000000000000000000 ) ) ;
#6414 = EDGE_CURVE ( 'NONE', #194, #6985, #5577, .T. ) ;
#6413 = LINE ( 'NONE', #4369, #3077 ) ;
#6415 = DIRECTION ( 'NONE',  ( 1.000000000000000000, 0.000000000000000000, 0.000000000000000000 ) ) ;
#6416 = ORIENTED_EDGE ( 'NONE', *, *, #3814, .T. ) ;
#6417 = CARTESIAN_POINT ( 'NONE',  ( -25.88082409933393535, 36.81280950891060399, 3.907315377998108371E-16 ) ) ;
#6418 = VERTEX_POINT ( 'NONE', #4587 ) ;
#6419 = ADVANCED_FACE ( 'NONE', ( #2408 ), #2446, .F. ) ;
#6420 = EDGE_CURVE ( 'NONE', #794, #5149, #4684, .T. ) ;
#6421 = CARTESIAN_POINT ( 'NONE',  ( -25.88082409933393535, 36.81280950891060399, 8.000000000000000000 ) ) ;
#6422 = FACE_OUTER_BOUND ( 'NONE', #5843, .T. ) ;
#6423 = ORIENTED_EDGE ( 'NONE', *, *, #2147, .F. ) ;
#6424 = CARTESIAN_POINT ( 'NONE',  ( 0.000000000000000000, 0.000000000000000000, 0.000000000000000000 ) ) ;
#6425 = ORIENTED_EDGE ( 'NONE', *, *, #461, .T. ) ;
#6426 = DIRECTION ( 'NONE',  ( -0.8763066800438664705, 0.4817536741017101609, 0.000000000000000000 ) ) ;
#6427 = CARTESIAN_POINT ( 'NONE',  ( 44.86181538577954342, 3.523850208540946216, 3.907315377998108371E-16 ) ) ;
#6428 = CARTESIAN_POINT ( 'NONE',  ( -10.62408035718527444, -38.56331049798590982, 10.00000000000000000 ) ) ;
#6429 = ORIENTED_EDGE ( 'NONE', *, *, #2187, .T. ) ;
#6430 = DIRECTION ( 'NONE',  ( -0.000000000000000000, -0.000000000000000000, -1.000000000000000000 ) ) ;
#6431 = ORIENTED_EDGE ( 'NONE', *, *, #6740, .F. ) ;
#6432 = ADVANCED_FACE ( 'NONE', ( #1381 ), #6175, .F. ) ;
#6433 = CIRCLE ( 'NONE', #1821, 40.00000000000000000 ) ;
#6434 = CARTESIAN_POINT ( 'NONE',  ( 0.7000000000000000666, -45.00000000000000711, 8.000000000000000000 ) ) ;
#6435 = DIRECTION ( 'NONE',  ( 1.000000000000000000, 0.000000000000000000, -0.000000000000000000 ) ) ;
#6436 = DIRECTION ( 'NONE',  ( 0.000000000000000000, 0.000000000000000000, 1.000000000000000000 ) ) ;
#6437 = EDGE_CURVE ( 'NONE', #794, #6470, #2505, .T. ) ;
#6438 = ORIENTED_EDGE ( 'NONE', *, *, #4565, .F. ) ;
#6439 = LINE ( 'NONE', #1092, #3321 ) ;
#6440 = AXIS2_PLACEMENT_3D ( 'NONE', #5645, #3389, #3536 ) ;
#6441 = ORIENTED_EDGE ( 'NONE', *, *, #2107, .T. ) ;
#6442 = DIRECTION ( 'NONE',  ( 1.000000000000000000, 0.000000000000000000, 0.000000000000000000 ) ) ;
#6443 = EDGE_CURVE ( 'NONE', #2992, #2720, #1650, .T. ) ;
#6444 = VECTOR ( 'NONE', #6674, 1000.000000000000114 ) ;
#6445 = VERTEX_POINT ( 'NONE', #2472 ) ;
#6446 = CARTESIAN_POINT ( 'NONE',  ( 0.000000000000000000, 0.000000000000000000, 8.000000000000000000 ) ) ;
#6447 = CIRCLE ( 'NONE', #5996, 40.00000000000000000 ) ;
#6448 = FACE_OUTER_BOUND ( 'NONE', #5224, .T. ) ;
#6449 = CARTESIAN_POINT ( 'NONE',  ( 39.87100239165709326, -3.209854869690235812, 10.00000000000000000 ) ) ;
#6450 = ORIENTED_EDGE ( 'NONE', *, *, #3833, .T. ) ;
#6451 = CARTESIAN_POINT ( 'NONE',  ( 0.000000000000000000, 0.000000000000000000, 0.000000000000000000 ) ) ;
#6452 = VECTOR ( 'NONE', #4900, 1000.000000000000000 ) ;
#6453 = ORIENTED_EDGE ( 'NONE', *, *, #4509, .F. ) ;
#6454 = VECTOR ( 'NONE', #4559, 1000.000000000000114 ) ;
#6455 = EDGE_CURVE ( 'NONE', #3925, #194, #2898, .T. ) ;
#6456 = CARTESIAN_POINT ( 'NONE',  ( -44.06641103065523168, -9.118739982988177672, 10.00000000000000000 ) ) ;
#6457 = VECTOR ( 'NONE', #6902, 1000.000000000000227 ) ;
#6458 = CARTESIAN_POINT ( 'NONE',  ( -40.41424527821079948, 19.79112878520624719, 3.907315377998108371E-16 ) ) ;
#6459 = CIRCLE ( 'NONE', #1622, 40.00000000000000000 ) ;
#6460 = ORIENTED_EDGE ( 'NONE', *, *, #642, .F. ) ;
#6461 = EDGE_CURVE ( 'NONE', #6712, #1005, #817, .T. ) ;
#6462 = DIRECTION ( 'NONE',  ( -0.000000000000000000, -0.000000000000000000, -1.000000000000000000 ) ) ;
#6463 = AXIS2_PLACEMENT_3D ( 'NONE', #5747, #1419, #2471 ) ;
#6464 = VERTEX_POINT ( 'NONE', #5721 ) ;
#6465 = AXIS2_PLACEMENT_3D ( 'NONE', #1769, #3378, #1797 ) ;
#6466 = CARTESIAN_POINT ( 'NONE',  ( 48.37134592675029410, -40.92474283315964811, 8.000000000000000000 ) ) ;
#6467 = AXIS2_PLACEMENT_3D ( 'NONE', #515, #5866, #1547 ) ;
#6468 = FACE_OUTER_BOUND ( 'NONE', #5520, .T. ) ;
#6469 = LINE ( 'NONE', #5534, #4885 ) ;
#6470 = VERTEX_POINT ( 'NONE', #1805 ) ;
#6471 = FACE_OUTER_BOUND ( 'NONE', #6112, .T. ) ;
#6472 = ORIENTED_EDGE ( 'NONE', *, *, #200, .F. ) ;
#6473 = CARTESIAN_POINT ( 'NONE',  ( 49.26373951239822446, 39.84602429327390638, 8.193579175013844965E-16 ) ) ;
#6474 = CARTESIAN_POINT ( 'NONE',  ( 39.87100239165709326, -3.209854869690237145, 8.000000000000000000 ) ) ;
#6475 = CARTESIAN_POINT ( 'NONE',  ( 0.000000000000000000, 0.000000000000000000, 8.000000000000000000 ) ) ;
#6476 = VERTEX_POINT ( 'NONE', #2963 ) ;
#6477 = DIRECTION ( 'NONE',  ( -0.5877852522924685852, -0.8090169943749507819, -0.000000000000000000 ) ) ;
#6478 = EDGE_LOOP ( 'NONE', ( #6917, #2939, #4783, #4386 ) ) ;
#6479 = DIRECTION ( 'NONE',  ( -0.5877852522924743583, 0.8090169943749465631, 0.000000000000000000 ) ) ;
#6480 = ORIENTED_EDGE ( 'NONE', *, *, #1719, .T. ) ;
#6481 = VECTOR ( 'NONE', #6286, 1000.000000000000000 ) ;
#6482 = EDGE_CURVE ( 'NONE', #2145, #3085, #1315, .T. ) ;
#6483 = DIRECTION ( 'NONE',  ( -0.000000000000000000, -0.000000000000000000, -1.000000000000000000 ) ) ;
#6484 = CARTESIAN_POINT ( 'NONE',  ( 44.32874487107525141, 7.743537831968028584, 10.00000000000000000 ) ) ;
#6485 = LINE ( 'NONE', #6449, #1043 ) ;
#6486 = ORIENTED_EDGE ( 'NONE', *, *, #435, .F. ) ;
#6487 = DIRECTION ( 'NONE',  ( -0.000000000000000000, -0.000000000000000000, -1.000000000000000000 ) ) ;
#6488 = ADVANCED_FACE ( 'NONE', ( #293 ), #3531, .F. ) ;
#6489 = ORIENTED_EDGE ( 'NONE', *, *, #4036, .F. ) ;
#6490 = VECTOR ( 'NONE', #5875, 1000.000000000000114 ) ;
#6491 = CIRCLE ( 'NONE', #6942, 40.00000000000000000 ) ;
#6492 = DIRECTION ( 'NONE',  ( -0.9980267284282717810, 0.06279051952930998770, -0.000000000000000000 ) ) ;
#6493 = DIRECTION ( 'NONE',  ( 0.000000000000000000, 0.000000000000000000, 1.000000000000000000 ) ) ;
#6494 = VERTEX_POINT ( 'NONE', #2375 ) ;
#6495 = CARTESIAN_POINT ( 'NONE',  ( 0.000000000000000000, 0.000000000000000000, 0.000000000000000000 ) ) ;
#6496 = EDGE_CURVE ( 'NONE', #5055, #3435, #5701, .T. ) ;
#6497 = DIRECTION ( 'NONE',  ( 0.9980267284282713369, 0.06279051952931692659, 0.000000000000000000 ) ) ;
#6498 = ORIENTED_EDGE ( 'NONE', *, *, #4768, .F. ) ;
#6499 = CARTESIAN_POINT ( 'NONE',  ( 26.86741302586426272, 29.63346279626496127, 3.907315377998108371E-16 ) ) ;
#6500 = EDGE_CURVE ( 'NONE', #2761, #5034, #3463, .T. ) ;
#6501 = CARTESIAN_POINT ( 'NONE',  ( 38.25274688064453699, -11.69304733956637143, 3.907315377998108371E-16 ) ) ;
#6502 = ORIENTED_EDGE ( 'NONE', *, *, #5184, .T. ) ;
#6503 = CARTESIAN_POINT ( 'NONE',  ( 5.607921044894919049, -49.97637685009845399, 8.000000000000000000 ) ) ;
#6504 = ORIENTED_EDGE ( 'NONE', *, *, #506, .F. ) ;
#6505 = DIRECTION ( 'NONE',  ( 1.000000000000000000, 0.000000000000000000, 0.000000000000000000 ) ) ;
#6506 = DIRECTION ( 'NONE',  ( 0.000000000000000000, 0.000000000000000000, 1.000000000000000000 ) ) ;
#6507 = CARTESIAN_POINT ( 'NONE',  ( -0.6999999999999948486, 44.99455522616039360, 8.000000000000000000 ) ) ;
#6508 = DIRECTION ( 'NONE',  ( -0.000000000000000000, 0.000000000000000000, 1.000000000000000000 ) ) ;
#6509 = ORIENTED_EDGE ( 'NONE', *, *, #6496, .F. ) ;
#6510 = PLANE ( 'NONE',  #279 ) ;
#6511 = ORIENTED_EDGE ( 'NONE', *, *, #5963, .F. ) ;
#6512 = DIRECTION ( 'NONE',  ( 0.000000000000000000, 0.000000000000000000, 1.000000000000000000 ) ) ;
#6513 = EDGE_LOOP ( 'NONE', ( #4944, #6379, #5263, #185 ) ) ;
#6514 = CARTESIAN_POINT ( 'NONE',  ( -34.14302387201784228, -20.83876006087741928, 10.00000000000000000 ) ) ;
#6515 = LINE ( 'NONE', #1690, #718 ) ;
#6516 = DIRECTION ( 'NONE',  ( 0.000000000000000000, 0.000000000000000000, 1.000000000000000000 ) ) ;
#6517 = VERTEX_POINT ( 'NONE', #4819 ) ;
#6518 = DIRECTION ( 'NONE',  ( 1.000000000000000000, 0.000000000000000000, 0.000000000000000000 ) ) ;
#6519 = ORIENTED_EDGE ( 'NONE', *, *, #3600, .F. ) ;
#6520 = DIRECTION ( 'NONE',  ( 0.000000000000000000, 0.000000000000000000, 1.000000000000000000 ) ) ;
#6521 = CARTESIAN_POINT ( 'NONE',  ( 14.07188363172318191, 37.44305130535225601, 3.907315377998108371E-16 ) ) ;
#6522 = ORIENTED_EDGE ( 'NONE', *, *, #5192, .T. ) ;
#6523 = EDGE_CURVE ( 'NONE', #1572, #2601, #5589, .T. ) ;
#6524 = LINE ( 'NONE', #609, #3675 ) ;
#6525 = EDGE_CURVE ( 'NONE', #6470, #5300, #6256, .T. ) ;
#6526 = CARTESIAN_POINT ( 'NONE',  ( 24.07412152740955946, 31.94427448985993223, 10.00000000000000000 ) ) ;
#6527 = CARTESIAN_POINT ( 'NONE',  ( 47.68653189844298623, -2.298798265721132772, 8.000000000000000000 ) ) ;
#6528 = ORIENTED_EDGE ( 'NONE', *, *, #3530, .T. ) ;
#6529 = DIRECTION ( 'NONE',  ( -0.6845471059286899473, 0.7289686274214103312, -0.000000000000000000 ) ) ;
#6530 = ORIENTED_EDGE ( 'NONE', *, *, #4198, .T. ) ;
#6531 = DIRECTION ( 'NONE',  ( 0.1873813145857214646, 0.9822872507286892763, 0.000000000000000000 ) ) ;
#6532 = EDGE_LOOP ( 'NONE', ( #3632, #893, #3605, #4418 ) ) ;
#6533 = ADVANCED_FACE ( 'NONE', ( #2183 ), #5357, .F. ) ;
#6534 = DIRECTION ( 'NONE',  ( -0.4817536741017162671, 0.8763066800438630288, -0.000000000000000000 ) ) ;
#6535 = LINE ( 'NONE', #1089, #2600 ) ;
#6536 = LINE ( 'NONE', #1713, #5091 ) ;
#6537 = ORIENTED_EDGE ( 'NONE', *, *, #1294, .F. ) ;
#6538 = EDGE_CURVE ( 'NONE', #4665, #576, #4366, .T. ) ;
#6539 = PLANE ( 'NONE',  #5554 ) ;
#6540 = ORIENTED_EDGE ( 'NONE', *, *, #5113, .F. ) ;
#6541 = CARTESIAN_POINT ( 'NONE',  ( 0.000000000000000000, 0.000000000000000000, 0.000000000000000000 ) ) ;
#6542 = CARTESIAN_POINT ( 'NONE',  ( 31.31117060181148304, 32.32043619050114813, 10.00000000000000000 ) ) ;
#6543 = DIRECTION ( 'NONE',  ( -0.1253332335643045359, 0.9921147013144777649, -0.000000000000000000 ) ) ;
#6544 = LINE ( 'NONE', #4398, #3312 ) ;
#6545 = CARTESIAN_POINT ( 'NONE',  ( -21.06287761874438047, -39.76625688215821697, 8.000000000000000000 ) ) ;
#6546 = VERTEX_POINT ( 'NONE', #5460 ) ;
#6547 = CARTESIAN_POINT ( 'NONE',  ( -18.65378132083310447, -35.38412698420773239, 10.00000000000000000 ) ) ;
#6548 = ORIENTED_EDGE ( 'NONE', *, *, #6152, .T. ) ;
#6549 = AXIS2_PLACEMENT_3D ( 'NONE', #4771, #1537, #3149 ) ;
#6550 = VECTOR ( 'NONE', #5073, 1000.000000000000000 ) ;
#6551 = DIRECTION ( 'NONE',  ( -0.8443279255020164076, 0.5358267949789945472, -0.000000000000000000 ) ) ;
#6552 = PLANE ( 'NONE',  #3966 ) ;
#6553 = AXIS2_PLACEMENT_3D ( 'NONE', #1868, #6836, #1368 ) ;
#6554 = AXIS2_PLACEMENT_3D ( 'NONE', #2868, #5582, #674 ) ;
#6555 = VERTEX_POINT ( 'NONE', #4330 ) ;
#6556 = AXIS2_PLACEMENT_3D ( 'NONE', #2748, #4898, #1096 ) ;
#6557 = CARTESIAN_POINT ( 'NONE',  ( -6.333793390202492546, 44.55202645548491347, 8.000000000000000000 ) ) ;
#6558 = VECTOR ( 'NONE', #765, 1000.000000000000227 ) ;
#6559 = AXIS2_PLACEMENT_3D ( 'NONE', #4670, #3086, #6826 ) ;
#6560 = VECTOR ( 'NONE', #2823, 1000.000000000000000 ) ;
#6561 = DIRECTION ( 'NONE',  ( 1.000000000000000000, 0.000000000000000000, 0.000000000000000000 ) ) ;
#6562 = EDGE_CURVE ( 'NONE', #3351, #687, #3223, .T. ) ;
#6563 = PLANE ( 'NONE',  #4646 ) ;
#6564 = AXIS2_PLACEMENT_3D ( 'NONE', #661, #6025, #5463 ) ;
#6565 = EDGE_LOOP ( 'NONE', ( #6186, #379, #6423, #6390 ) ) ;
#6566 = CARTESIAN_POINT ( 'NONE',  ( -27.88796910425424258, -28.67509684796480229, 10.00000000000000000 ) ) ;
#6567 = VECTOR ( 'NONE', #5297, 1000.000000000000000 ) ;
#6568 = VECTOR ( 'NONE', #3226, 1000.000000000000000 ) ;
#6569 = VECTOR ( 'NONE', #4016, 1000.000000000000000 ) ;
#6570 = ORIENTED_EDGE ( 'NONE', *, *, #2201, .T. ) ;
#6571 = PLANE ( 'NONE',  #965 ) ;
#6572 = ADVANCED_FACE ( 'NONE', ( #1981 ), #17, .F. ) ;
#6573 = ORIENTED_EDGE ( 'NONE', *, *, #3178, .F. ) ;
#6574 = VECTOR ( 'NONE', #1307, 1000.000000000000000 ) ;
#6575 = AXIS2_PLACEMENT_3D ( 'NONE', #6311, #3630, #5256 ) ;
#6576 = DIRECTION ( 'NONE',  ( 0.000000000000000000, 0.000000000000000000, 1.000000000000000000 ) ) ;
#6577 = DIRECTION ( 'NONE',  ( 0.6845471059286899473, -0.7289686274214103312, 0.000000000000000000 ) ) ;
#6578 = CARTESIAN_POINT ( 'NONE',  ( 34.22270386173917700, -29.21996817916991773, 8.000000000000000000 ) ) ;
#6579 = ORIENTED_EDGE ( 'NONE', *, *, #1772, .T. ) ;
#6580 = LINE ( 'NONE', #2250, #3188 ) ;
#6581 = EDGE_CURVE ( 'NONE', #5529, #803, #5808, .T. ) ;
#6582 = CIRCLE ( 'NONE', #5458, 45.00000000000000711 ) ;
#6583 = ORIENTED_EDGE ( 'NONE', *, *, #5889, .T. ) ;
#6584 = AXIS2_PLACEMENT_3D ( 'NONE', #2175, #4322, #3263 ) ;
#6585 = DIRECTION ( 'NONE',  ( 1.000000000000000000, 0.000000000000000000, 0.000000000000000000 ) ) ;
#6586 = DIRECTION ( 'NONE',  ( -0.9048270524660205760, 0.4257792915650703836, -0.000000000000000000 ) ) ;
#6587 = ADVANCED_FACE ( 'NONE', ( #2643 ), #1656, .F. ) ;
#6588 =( LENGTH_UNIT ( ) NAMED_UNIT ( * ) SI_UNIT ( .MILLI., .METRE. ) );
#6589 = DIRECTION ( 'NONE',  ( 1.000000000000000000, 0.000000000000000000, 0.000000000000000000 ) ) ;
#6590 = CARTESIAN_POINT ( 'NONE',  ( 0.000000000000000000, 0.000000000000000000, 0.000000000000000000 ) ) ;
#6591 = EDGE_CURVE ( 'NONE', #4463, #421, #3240, .T. ) ;
#6592 = ORIENTED_EDGE ( 'NONE', *, *, #3000, .F. ) ;
#6593 = CARTESIAN_POINT ( 'NONE',  ( 5.607921044894919049, -49.97637685009845399, 8.000000000000000000 ) ) ;
#6594 = VERTEX_POINT ( 'NONE', #1454 ) ;
#6595 = AXIS2_PLACEMENT_3D ( 'NONE', #6424, #5293, #4697 ) ;
#6596 = ADVANCED_FACE ( 'NONE', ( #5750 ), #5422, .F. ) ;
#6597 = EDGE_LOOP ( 'NONE', ( #6046, #5641, #5294, #6123 ) ) ;
#6598 = CARTESIAN_POINT ( 'NONE',  ( 36.37957734714186131, 51.26310366668217000, 8.000000000000000000 ) ) ;
#6599 = AXIS2_PLACEMENT_3D ( 'NONE', #3307, #6512, #6442 ) ;
#6600 = ORIENTED_EDGE ( 'NONE', *, *, #4522, .T. ) ;
#6601 = PLANE ( 'NONE',  #6252 ) ;
#6602 = VECTOR ( 'NONE', #1608, 1000.000000000000000 ) ;
#6603 = DIRECTION ( 'NONE',  ( -0.000000000000000000, 0.000000000000000000, 1.000000000000000000 ) ) ;
#6604 = DIRECTION ( 'NONE',  ( -0.000000000000000000, 0.000000000000000000, 1.000000000000000000 ) ) ;
#6605 = VERTEX_POINT ( 'NONE', #5980 ) ;
#6606 = CARTESIAN_POINT ( 'NONE',  ( 9.268063931605190930, 38.91147634001669786, 3.907315377998108371E-16 ) ) ;
#6607 = VERTEX_POINT ( 'NONE', #1158 ) ;
#6608 = CARTESIAN_POINT ( 'NONE',  ( 0.000000000000000000, 0.000000000000000000, 8.000000000000000000 ) ) ;
#6609 = VERTEX_POINT ( 'NONE', #2679 ) ;
#6610 = CARTESIAN_POINT ( 'NONE',  ( 30.05469011279868852, -53.21625363895154948, 3.907315377998108371E-16 ) ) ;
#6611 = EDGE_CURVE ( 'NONE', #6418, #4724, #588, .T. ) ;
#6612 = CARTESIAN_POINT ( 'NONE',  ( 30.29061452342173766, -33.27880213880109039, 8.193579175013844965E-16 ) ) ;
#6613 = DIRECTION ( 'NONE',  ( 1.000000000000000000, 0.000000000000000000, -0.000000000000000000 ) ) ;
#6614 = VERTEX_POINT ( 'NONE', #2780 ) ;
#6615 = DIRECTION ( 'NONE',  ( -0.000000000000000000, -0.000000000000000000, -1.000000000000000000 ) ) ;
#6616 = ORIENTED_EDGE ( 'NONE', *, *, #1420, .T. ) ;
#6617 = DIRECTION ( 'NONE',  ( 1.000000000000000000, 0.000000000000000000, 0.000000000000000000 ) ) ;
#6618 = FACE_OUTER_BOUND ( 'NONE', #1153, .T. ) ;
#6619 = ADVANCED_FACE ( 'NONE', ( #2744 ), #2707, .F. ) ;
#6620 = CARTESIAN_POINT ( 'NONE',  ( 0.000000000000000000, 0.000000000000000000, 8.000000000000000000 ) ) ;
#6621 = CARTESIAN_POINT ( 'NONE',  ( 0.000000000000000000, 0.000000000000000000, 8.000000000000000000 ) ) ;
#6622 = LINE ( 'NONE', #3316, #928 ) ;
#6623 = ORIENTED_EDGE ( 'NONE', *, *, #3602, .F. ) ;
#6624 = PLANE ( 'NONE',  #5904 ) ;
#6625 = ORIENTED_EDGE ( 'NONE', *, *, #2824, .T. ) ;
#6626 = EDGE_CURVE ( 'NONE', #24, #5995, #6281, .T. ) ;
#6627 = ORIENTED_EDGE ( 'NONE', *, *, #1335, .T. ) ;
#6628 = EDGE_CURVE ( 'NONE', #895, #4519, #4132, .T. ) ;
#6629 = CARTESIAN_POINT ( 'NONE',  ( 51.57160644768081426, -10.55043257842948989, 8.193579175013844965E-16 ) ) ;
#6630 = ORIENTED_EDGE ( 'NONE', *, *, #892, .T. ) ;
#6631 = DIRECTION ( 'NONE',  ( -0.9048270524660175784, -0.4257792915650767673, -0.000000000000000000 ) ) ;
#6632 = EDGE_CURVE ( 'NONE', #5498, #3505, #5310, .T. ) ;
#6633 = EDGE_CURVE ( 'NONE', #803, #2756, #1052, .T. ) ;
#6634 = CARTESIAN_POINT ( 'NONE',  ( -30.29061452342174476, 33.27880213880109039, 8.000000000000000000 ) ) ;
#6635 = CARTESIAN_POINT ( 'NONE',  ( -39.87100239165709326, 3.209854869690242918, 10.00000000000000000 ) ) ;
#6636 = LINE ( 'NONE', #2900, #600 ) ;
#6637 = ORIENTED_EDGE ( 'NONE', *, *, #2560, .T. ) ;
#6638 = LINE ( 'NONE', #3961, #2611 ) ;
#6639 = ORIENTED_EDGE ( 'NONE', *, *, #761, .T. ) ;
#6640 = DIRECTION ( 'NONE',  ( -0.000000000000000000, 0.000000000000000000, 1.000000000000000000 ) ) ;
#6641 = ORIENTED_EDGE ( 'NONE', *, *, #3659, .T. ) ;
#6642 = CARTESIAN_POINT ( 'NONE',  ( 44.05309273942128812, 45.88920510489581517, 8.193579175013844965E-16 ) ) ;
#6643 = CARTESIAN_POINT ( 'NONE',  ( 27.01344789145857561, 35.98991015570130969, 8.000000000000000000 ) ) ;
#6644 = CARTESIAN_POINT ( 'NONE',  ( 0.6999999999999998446, -39.99387453098285761, 8.000000000000000000 ) ) ;
#6645 = VERTEX_POINT ( 'NONE', #2358 ) ;
#6646 = FACE_OUTER_BOUND ( 'NONE', #4508, .T. ) ;
#6647 = ORIENTED_EDGE ( 'NONE', *, *, #4715, .T. ) ;
#6648 = CARTESIAN_POINT ( 'NONE',  ( 48.37134592675004541, 40.92474283316000339, 8.000000000000000000 ) ) ;
#6649 = AXIS2_PLACEMENT_3D ( 'NONE', #2353, #1256, #5621 ) ;
#6650 = PLANE ( 'NONE',  #5660 ) ;
#6651 = LINE ( 'NONE', #207, #145 ) ;
#6652 = EDGE_CURVE ( 'NONE', #354, #3455, #170, .T. ) ;
#6653 = DIRECTION ( 'NONE',  ( -0.1253332335642974860, -0.9921147013144786531, 0.000000000000000000 ) ) ;
#6654 = LINE ( 'NONE', #1265, #5205 ) ;
#6655 = ORIENTED_EDGE ( 'NONE', *, *, #5644, .T. ) ;
#6656 = CARTESIAN_POINT ( 'NONE',  ( -38.36523822947507512, -23.51825877048776547, 3.907315377998108371E-16 ) ) ;
#6657 = ORIENTED_EDGE ( 'NONE', *, *, #1621, .T. ) ;
#6658 = EDGE_CURVE ( 'NONE', #5772, #3623, #6939, .T. ) ;
#6659 = UNCERTAINTY_MEASURE_WITH_UNIT (LENGTH_MEASURE( 1.000000000000000082E-05 ), #6893, 'distance_accuracy_value', 'NONE');
#6660 = ORIENTED_EDGE ( 'NONE', *, *, #2578, .T. ) ;
#6661 = AXIS2_PLACEMENT_3D ( 'NONE', #2594, #2462, #3618 ) ;
#6662 = LINE ( 'NONE', #1835, #3973 ) ;
#6663 = ORIENTED_EDGE ( 'NONE', *, *, #3595, .T. ) ;
#6664 = CARTESIAN_POINT ( 'NONE',  ( 10.51168264943665243, -43.75505145554662079, 8.000000000000000000 ) ) ;
#6665 = DIRECTION ( 'NONE',  ( 1.000000000000000000, 0.000000000000000000, 0.000000000000000000 ) ) ;
#6666 = EDGE_CURVE ( 'NONE', #641, #6819, #4495, .T. ) ;
#6667 = AXIS2_PLACEMENT_3D ( 'NONE', #3431, #6768, #4589 ) ;
#6668 = VECTOR ( 'NONE', #3702, 1000.000000000000000 ) ;
#6669 = PLANE ( 'NONE',  #4746 ) ;
#6670 = EDGE_CURVE ( 'NONE', #2652, #3974, #2882, .T. ) ;
#6671 = CARTESIAN_POINT ( 'NONE',  ( 34.14302387201784228, 20.83876006087742638, 8.000000000000000000 ) ) ;
#6672 = AXIS2_PLACEMENT_3D ( 'NONE', #6199, #5107, #6701 ) ;
#6673 = VERTEX_POINT ( 'NONE', #4431 ) ;
#6674 = DIRECTION ( 'NONE',  ( -0.5877852522924743583, 0.8090169943749465631, -0.000000000000000000 ) ) ;
#6675 = ORIENTED_EDGE ( 'NONE', *, *, #1372, .T. ) ;
#6676 = PLANE ( 'NONE',  #4677 ) ;
#6677 = AXIS2_PLACEMENT_3D ( 'NONE', #4568, #4626, #6292 ) ;
#6678 = VERTEX_POINT ( 'NONE', #3478 ) ;
#6679 = VECTOR ( 'NONE', #507, 1000.000000000000114 ) ;
#6680 = AXIS2_PLACEMENT_3D ( 'NONE', #255, #6874, #4191 ) ;
#6681 = EDGE_CURVE ( 'NONE', #4057, #1093, #1230, .T. ) ;
#6682 = VECTOR ( 'NONE', #2133, 1000.000000000000114 ) ;
#6683 = CARTESIAN_POINT ( 'NONE',  ( 33.39286635904739597, -22.02081915657999645, 10.00000000000000000 ) ) ;
#6684 = AXIS2_PLACEMENT_3D ( 'NONE', #5625, #2522, #2982 ) ;
#6685 = DIRECTION ( 'NONE',  ( 1.000000000000000000, 0.000000000000000000, 0.000000000000000000 ) ) ;
#6686 = DIRECTION ( 'NONE',  ( -0.000000000000000000, 0.000000000000000000, 1.000000000000000000 ) ) ;
#6687 = EDGE_LOOP ( 'NONE', ( #196, #1490, #4732, #4734 ) ) ;
#6688 = CARTESIAN_POINT ( 'NONE',  ( 48.37134592675029410, -40.92474283315964811, 8.193579175013844965E-16 ) ) ;
#6689 = ORIENTED_EDGE ( 'NONE', *, *, #5475, .T. ) ;
#6690 = CARTESIAN_POINT ( 'NONE',  ( 0.000000000000000000, 0.000000000000000000, 0.000000000000000000 ) ) ;
#6691 = VECTOR ( 'NONE', #5674, 1000.000000000000000 ) ;
#6692 = CARTESIAN_POINT ( 'NONE',  ( -15.37357071196700531, 36.92767693159359510, 8.193579175013844965E-16 ) ) ;
#6693 = LINE ( 'NONE', #4994, #6569 ) ;
#6694 = CARTESIAN_POINT ( 'NONE',  ( -5.707041908653300410, 39.59077762121975752, 2.143131898507867804E-16 ) ) ;
#6695 = AXIS2_PLACEMENT_3D ( 'NONE', #4959, #5032, #635 ) ;
#6696 = DIRECTION ( 'NONE',  ( 0.9297764858882511252, 0.3681245526846787519, 0.000000000000000000 ) ) ;
#6697 = ORIENTED_EDGE ( 'NONE', *, *, #6455, .F. ) ;
#6698 = DIRECTION ( 'NONE',  ( -0.3681245526846786964, 0.9297764858882510142, -0.000000000000000000 ) ) ;
#6699 = ORIENTED_EDGE ( 'NONE', *, *, #662, .F. ) ;
#6700 = ORIENTED_EDGE ( 'NONE', *, *, #1193, .F. ) ;
#6701 = DIRECTION ( 'NONE',  ( 1.000000000000000000, 0.000000000000000000, 0.000000000000000000 ) ) ;
#6702 = EDGE_CURVE ( 'NONE', #3403, #5242, #4457, .T. ) ;
#6703 = VERTEX_POINT ( 'NONE', #4394 ) ;
#6704 = DIRECTION ( 'NONE',  ( 1.000000000000000000, 0.000000000000000000, 0.000000000000000000 ) ) ;
#6705 = VECTOR ( 'NONE', #4001, 1000.000000000000114 ) ;
#6706 = DIRECTION ( 'NONE',  ( -0.5358267949789945472, -0.8443279255020164076, 6.505213034913027590E-16 ) ) ;
#6707 = CARTESIAN_POINT ( 'NONE',  ( -44.32874487107526562, -7.743537831968024143, 8.000000000000000000 ) ) ;
#6708 = AXIS2_PLACEMENT_3D ( 'NONE', #1820, #2913, #6617 ) ;
#6709 = DIRECTION ( 'NONE',  ( -0.4817536741017162671, 0.8763066800438630288, 0.000000000000000000 ) ) ;
#6710 = ORIENTED_EDGE ( 'NONE', *, *, #642, .T. ) ;
#6711 = LINE ( 'NONE', #4062, #6481 ) ;
#6712 = VERTEX_POINT ( 'NONE', #2390 ) ;
#6713 = VECTOR ( 'NONE', #6751, 1000.000000000000114 ) ;
#6714 = ADVANCED_FACE ( 'NONE', ( #96 ), #3975, .F. ) ;
#6715 = AXIS2_PLACEMENT_3D ( 'NONE', #3009, #5186, #5155 ) ;
#6716 = EDGE_CURVE ( 'NONE', #1661, #3698, #4991, .T. ) ;
#6717 = CARTESIAN_POINT ( 'NONE',  ( 48.37134592675004541, 40.92474283316000339, 8.000000000000000000 ) ) ;
#6718 = CARTESIAN_POINT ( 'NONE',  ( 47.68653189844298623, -2.298798265721132772, 8.000000000000000000 ) ) ;
#6719 = CARTESIAN_POINT ( 'NONE',  ( 39.15430613881730437, -8.181705860502049177, 0.000000000000000000 ) ) ;
#6720 = EDGE_LOOP ( 'NONE', ( #431, #4186, #3394, #4128 ) ) ;
#6721 = CARTESIAN_POINT ( 'NONE',  ( 17.21444405599815397, -41.57719225540500219, 10.00000000000000000 ) ) ;
#6722 = EDGE_LOOP ( 'NONE', ( #3415, #5151, #4161, #1189 ) ) ;
#6723 = EDGE_CURVE ( 'NONE', #5207, #1809, #2214, .T. ) ;
#6724 = LINE ( 'NONE', #410, #2665 ) ;
#6725 = FACE_OUTER_BOUND ( 'NONE', #4608, .T. ) ;
#6726 = CARTESIAN_POINT ( 'NONE',  ( -43.00867684170442828, -13.23834265781925446, 8.000000000000000000 ) ) ;
#6727 = CARTESIAN_POINT ( 'NONE',  ( 0.000000000000000000, 0.000000000000000000, 0.000000000000000000 ) ) ;
#6728 = ORIENTED_EDGE ( 'NONE', *, *, #3162, .F. ) ;
#6729 = DIRECTION ( 'NONE',  ( 1.000000000000000000, 0.000000000000000000, 0.000000000000000000 ) ) ;
#6730 = EDGE_LOOP ( 'NONE', ( #6305, #1402, #2000, #4245 ) ) ;
#6731 = CARTESIAN_POINT ( 'NONE',  ( -39.87100239165710036, 3.209854869690243806, 0.000000000000000000 ) ) ;
#6732 = EDGE_LOOP ( 'NONE', ( #5673, #108, #6230, #5861 ) ) ;
#6733 = ORIENTED_EDGE ( 'NONE', *, *, #2580, .T. ) ;
#6734 = LINE ( 'NONE', #6172, #5088 ) ;
#6735 = CARTESIAN_POINT ( 'NONE',  ( -41.01033628640188766, 18.52437091175382378, 8.000000000000000000 ) ) ;
#6736 = ORIENTED_EDGE ( 'NONE', *, *, #4396, .F. ) ;
#6737 = CARTESIAN_POINT ( 'NONE',  ( 0.000000000000000000, 0.000000000000000000, 8.000000000000000000 ) ) ;
#6738 = DIRECTION ( 'NONE',  ( 0.000000000000000000, 0.000000000000000000, 1.000000000000000000 ) ) ;
#6739 = LINE ( 'NONE', #2473, #5080 ) ;
#6740 = EDGE_CURVE ( 'NONE', #1480, #1729, #2327, .T. ) ;
#6741 = ORIENTED_EDGE ( 'NONE', *, *, #4491, .T. ) ;
#6742 = CARTESIAN_POINT ( 'NONE',  ( 15.91275697575429326, 42.09256662916367020, 8.000000000000000000 ) ) ;
#6743 = ORIENTED_EDGE ( 'NONE', *, *, #5452, .T. ) ;
#6744 = EDGE_CURVE ( 'NONE', #451, #4137, #2771, .T. ) ;
#6745 = CARTESIAN_POINT ( 'NONE',  ( 14.30056557909129999, 52.88227504726000916, 8.193579175013844965E-16 ) ) ;
#6746 = LINE ( 'NONE', #3119, #6833 ) ;
#6747 = LINE ( 'NONE', #3578, #2060 ) ;
#6748 = ORIENTED_EDGE ( 'NONE', *, *, #4260, .F. ) ;
#6749 = PLANE ( 'NONE',  #6559 ) ;
#6750 = ORIENTED_EDGE ( 'NONE', *, *, #3871, .F. ) ;
#6751 = DIRECTION ( 'NONE',  ( -0.7705132427757860336, -0.6374239897486935202, -0.000000000000000000 ) ) ;
#6752 = EDGE_CURVE ( 'NONE', #6703, #4581, #2098, .T. ) ;
#6753 = FACE_OUTER_BOUND ( 'NONE', #4402, .T. ) ;
#6754 = DIRECTION ( 'NONE',  ( 0.000000000000000000, 0.000000000000000000, 1.000000000000000000 ) ) ;
#6755 = EDGE_CURVE ( 'NONE', #3783, #3612, #4012, .T. ) ;
#6756 = FACE_OUTER_BOUND ( 'NONE', #192, .T. ) ;
#6757 = DIRECTION ( 'NONE',  ( -0.000000000000000000, -0.000000000000000000, -1.000000000000000000 ) ) ;
#6758 = ORIENTED_EDGE ( 'NONE', *, *, #6026, .F. ) ;
#6759 = CYLINDRICAL_SURFACE ( 'NONE', #1184, 45.00000000000000711 ) ;
#6760 = ORIENTED_EDGE ( 'NONE', *, *, #9, .T. ) ;
#6761 = CIRCLE ( 'NONE', #3383, 45.00000000000000711 ) ;
#6762 = ORIENTED_EDGE ( 'NONE', *, *, #6626, .T. ) ;
#6763 = PLANE ( 'NONE',  #2401 ) ;
#6764 = DIRECTION ( 'NONE',  ( -0.000000000000000000, 0.000000000000000000, 1.000000000000000000 ) ) ;
#6765 = VERTEX_POINT ( 'NONE', #2809 ) ;
#6766 = LINE ( 'NONE', #856, #3767 ) ;
#6767 = DIRECTION ( 'NONE',  ( -0.4817536741017162671, 0.8763066800438630288, -0.000000000000000000 ) ) ;
#6768 = DIRECTION ( 'NONE',  ( -0.3090169943749515036, 0.9510565162951523099, 0.000000000000000000 ) ) ;
#6769 = AXIS2_PLACEMENT_3D ( 'NONE', #2318, #4947, #4459 ) ;
#6770 = EDGE_LOOP ( 'NONE', ( #6300, #3724, #912, #4649 ) ) ;
#6771 = VECTOR ( 'NONE', #5472, 1000.000000000000000 ) ;
#6772 = CARTESIAN_POINT ( 'NONE',  ( 44.94972211312059329, 2.126612788741365723, 8.193579175013844965E-16 ) ) ;
#6773 = VERTEX_POINT ( 'NONE', #4953 ) ;
#6774 = AXIS2_PLACEMENT_3D ( 'NONE', #811, #2469, #2539 ) ;
#6775 = VECTOR ( 'NONE', #1356, 1000.000000000000000 ) ;
#6776 = ADVANCED_FACE ( 'NONE', ( #6161 ), #1334, .F. ) ;
#6777 = AXIS2_PLACEMENT_3D ( 'NONE', #6620, #5494, #3943 ) ;
#6778 = LINE ( 'NONE', #2479, #4303 ) ;
#6779 = CARTESIAN_POINT ( 'NONE',  ( 54.47663323589635098, -24.86112925638337146, 8.000000000000000000 ) ) ;
#6780 = EDGE_CURVE ( 'NONE', #4681, #4618, #3873, .T. ) ;
#6781 = VECTOR ( 'NONE', #6231, 1000.000000000000000 ) ;
#6782 = CARTESIAN_POINT ( 'NONE',  ( 51.83394028810103293, 9.175230427409754697, 8.000000000000000000 ) ) ;
#6783 = ORIENTED_EDGE ( 'NONE', *, *, #1488, .F. ) ;
#6784 = FACE_OUTER_BOUND ( 'NONE', #505, .T. ) ;
#6785 = VECTOR ( 'NONE', #944, 1000.000000000000000 ) ;
#6786 = ORIENTED_EDGE ( 'NONE', *, *, #6461, .T. ) ;
#6787 = CARTESIAN_POINT ( 'NONE',  ( 15.37357071196700886, -36.92767693159360221, 3.907315377998108371E-16 ) ) ;
#6788 = VECTOR ( 'NONE', #3693, 1000.000000000000000 ) ;
#6789 = VECTOR ( 'NONE', #1541, 1000.000000000000000 ) ;
#6790 = DIRECTION ( 'NONE',  ( 0.000000000000000000, 0.000000000000000000, 1.000000000000000000 ) ) ;
#6791 = AXIS2_PLACEMENT_3D ( 'NONE', #5836, #4449, #4250 ) ;
#6792 = LINE ( 'NONE', #4115, #5569 ) ;
#6794 = ADVANCED_FACE ( 'NONE', ( #6054 ), #5521, .F. ) ;
#6793 = DIRECTION ( 'NONE',  ( 0.000000000000000000, 0.000000000000000000, 1.000000000000000000 ) ) ;
#6795 = ORIENTED_EDGE ( 'NONE', *, *, #376, .T. ) ;
#6796 = FACE_OUTER_BOUND ( 'NONE', #225, .T. ) ;
#6797 = AXIS2_PLACEMENT_3D ( 'NONE', #1130, #2227, #2291 ) ;
#6798 = VERTEX_POINT ( 'NONE', #3407 ) ;
#6799 = FACE_OUTER_BOUND ( 'NONE', #4063, .T. ) ;
#6800 = AXIS2_PLACEMENT_3D ( 'NONE', #1916, #5700, #5730 ) ;
#6801 = EDGE_LOOP ( 'NONE', ( #5004, #4105, #1631, #2669 ) ) ;
#6802 = MECHANICAL_DESIGN_GEOMETRIC_PRESENTATION_REPRESENTATION (  '', ( #5678 ), #3423 ) ;
#6803 = EDGE_CURVE ( 'NONE', #4057, #2195, #4355, .T. ) ;
#6804 = ORIENTED_EDGE ( 'NONE', *, *, #384, .F. ) ;
#6805 = VECTOR ( 'NONE', #1828, 1000.000000000000000 ) ;
#6806 = CARTESIAN_POINT ( 'NONE',  ( 49.26373951239821736, 39.84602429327391349, 8.000000000000000000 ) ) ;
#6807 = AXIS2_PLACEMENT_3D ( 'NONE', #4604, #5237, #414 ) ;
#6808 = EDGE_CURVE ( 'NONE', #1005, #2210, #753, .T. ) ;
#6809 = DIRECTION ( 'NONE',  ( 1.000000000000000000, 0.000000000000000000, 0.000000000000000000 ) ) ;
#6810 = ORIENTED_EDGE ( 'NONE', *, *, #5117, .F. ) ;
#6811 = CARTESIAN_POINT ( 'NONE',  ( 35.88949410446953436, -17.66194250147041345, 8.193579175013844965E-16 ) ) ;
#6812 = EDGE_LOOP ( 'NONE', ( #5157, #3319, #6148, #6232, #1747, #3202, #5874, #1134, #6519, #5764, #1749, #1595, #4716, #5358, #43, #4487, #3011, #2806, #4483, #2105, #2680, #2808, #3222, #487, #2503, #2206, #2644, #5500, #2440, #5619, #781, #4109, #3424, #5586, #5897, #976, #5348, #2268, #2115, #4371, #2326, #4317, #155, #3517, #3006, #6699, #4447, #825, #1521, #4084, #3042, #4856, #1871, #4177, #4193, #966, #2781, #4146, #4373, #647, #560, #3253, #1697, #2706, #4275, #5036, #3391, #4933, #4034, #5584, #343, #1064, #1682, #3835, #6399, #836, #5483, #6170, #1882, #204, #5776, #140, #6319, #3515, #4445, #961, #3586, #3521, #2396, #4627, #1994, #4025, #6840, #4941, #3910, #2337, #2416, #1353, #3590, #359, #3918, #5145, #5021, #135 ) ) ;
#6813 = CIRCLE ( 'NONE', #731, 40.00000000000000000 ) ;
#6814 = DIRECTION ( 'NONE',  ( 0.9685831611286327414, -0.2486898871648483555, 6.505213034913025618E-16 ) ) ;
#6815 = EDGE_CURVE ( 'NONE', #5034, #4125, #3678, .T. ) ;
#6816 = CARTESIAN_POINT ( 'NONE',  ( 48.37134592675004541, 40.92474283316000339, 8.000000000000000000 ) ) ;
#6817 = EDGE_LOOP ( 'NONE', ( #2355, #4738, #2597, #4752 ) ) ;
#6818 = CARTESIAN_POINT ( 'NONE',  ( 14.30056557909174053, -52.88227504726012995, 8.000000000000000000 ) ) ;
#6819 = VERTEX_POINT ( 'NONE', #274 ) ;
#6820 = VECTOR ( 'NONE', #5006, 1000.000000000000000 ) ;
#6821 = CARTESIAN_POINT ( 'NONE',  ( -14.07188363172346257, 37.44305130535214943, 0.000000000000000000 ) ) ;
#6822 = DIRECTION ( 'NONE',  ( -0.000000000000000000, 0.000000000000000000, 1.000000000000000000 ) ) ;
#6823 = DIRECTION ( 'NONE',  ( -0.8443279255020126328, -0.5358267949790005424, -0.000000000000000000 ) ) ;
#6824 = VECTOR ( 'NONE', #4534, 1000.000000000000000 ) ;
#6825 = ORIENTED_EDGE ( 'NONE', *, *, #844, .F. ) ;
#6826 = DIRECTION ( 'NONE',  ( 0.1253332335643045359, -0.9921147013144777649, 0.000000000000000000 ) ) ;
#6827 = ORIENTED_EDGE ( 'NONE', *, *, #3772, .T. ) ;
#6828 = CARTESIAN_POINT ( 'NONE',  ( 14.30056557909174053, -52.88227504726012995, 8.000000000000000000 ) ) ;
#6829 = EDGE_CURVE ( 'NONE', #687, #4042, #6724, .T. ) ;
#6830 = CARTESIAN_POINT ( 'NONE',  ( 5.607921044894919049, -49.97637685009845399, 8.000000000000000000 ) ) ;
#6831 = AXIS2_PLACEMENT_3D ( 'NONE', #6221, #5765, #335 ) ;
#6832 = CARTESIAN_POINT ( 'NONE',  ( 54.47663323589635098, -24.86112925638337146, 3.907315377998108371E-16 ) ) ;
#6833 = VECTOR ( 'NONE', #5126, 1000.000000000000114 ) ;
#6834 = CARTESIAN_POINT ( 'NONE',  ( 22.94149773528486591, -32.76717384306922298, 8.193579175013844965E-16 ) ) ;
#6835 = ORIENTED_EDGE ( 'NONE', *, *, #1066, .T. ) ;
#6836 = DIRECTION ( 'NONE',  ( 0.000000000000000000, 0.000000000000000000, 1.000000000000000000 ) ) ;
#6837 = EDGE_CURVE ( 'NONE', #4742, #5887, #3550, .T. ) ;
#6838 = ORIENTED_EDGE ( 'NONE', *, *, #6808, .F. ) ;
#6839 = CARTESIAN_POINT ( 'NONE',  ( -11.86769907501672350, 43.40688561351582564, 10.00000000000000000 ) ) ;
#6840 = ORIENTED_EDGE ( 'NONE', *, *, #5835, .F. ) ;
#6841 = EDGE_CURVE ( 'NONE', #4377, #4140, #4601, .T. ) ;
#6842 = VERTEX_POINT ( 'NONE', #4147 ) ;
#6843 = DIRECTION ( 'NONE',  ( -0.8443279255020164076, 0.5358267949789945472, -0.000000000000000000 ) ) ;
#6844 = DIRECTION ( 'NONE',  ( 1.000000000000000000, 0.000000000000000000, 0.000000000000000000 ) ) ;
#6845 = CARTESIAN_POINT ( 'NONE',  ( -30.36961316321144722, -26.03241433899080448, 10.00000000000000000 ) ) ;
#6846 = ORIENTED_EDGE ( 'NONE', *, *, #5715, .F. ) ;
#6847 = PLANE ( 'NONE',  #6575 ) ;
#6848 = ORIENTED_EDGE ( 'NONE', *, *, #4438, .F. ) ;
#6849 = ADVANCED_FACE ( 'NONE', ( #5734 ), #840, .F. ) ;
#6850 = DIRECTION ( 'NONE',  ( -0.6845471059286899473, 0.7289686274214103312, -0.000000000000000000 ) ) ;
#6851 = ADVANCED_FACE ( 'NONE', ( #5804 ), #4705, .F. ) ;
#6852 = ORIENTED_EDGE ( 'NONE', *, *, #1376, .F. ) ;
#6853 = EDGE_CURVE ( 'NONE', #5354, #5948, #4112, .T. ) ;
#6854 = FACE_OUTER_BOUND ( 'NONE', #2818, .T. ) ;
#6855 = ORIENTED_EDGE ( 'NONE', *, *, #4588, .T. ) ;
#6856 = CARTESIAN_POINT ( 'NONE',  ( 47.68653189844327045, 2.298798265721489376, 8.000000000000000000 ) ) ;
#6857 = LINE ( 'NONE', #1955, #190 ) ;
#6858 = CARTESIAN_POINT ( 'NONE',  ( -5.707041908653019746, -39.59077762121979305, 10.00000000000000000 ) ) ;
#6859 = VERTEX_POINT ( 'NONE', #5132 ) ;
#6860 = CARTESIAN_POINT ( 'NONE',  ( 38.36523822947506801, 23.51825877048777613, 8.000000000000000000 ) ) ;
#6861 = ORIENTED_EDGE ( 'NONE', *, *, #4458, .F. ) ;
#6862 = FACE_OUTER_BOUND ( 'NONE', #6565, .T. ) ;
#6863 = DIRECTION ( 'NONE',  ( -0.000000000000000000, 0.000000000000000000, 1.000000000000000000 ) ) ;
#6864 = CARTESIAN_POINT ( 'NONE',  ( -26.86741302586447588, 29.63346279626476232, 0.000000000000000000 ) ) ;
#6865 = CARTESIAN_POINT ( 'NONE',  ( 22.15135930653509888, 54.04641681349798432, 8.000000000000000000 ) ) ;
#6866 = VERTEX_POINT ( 'NONE', #2485 ) ;
#6867 = CARTESIAN_POINT ( 'NONE',  ( -9.268063931605205141, -38.91147634001674049, 8.000000000000000000 ) ) ;
#6868 = ORIENTED_EDGE ( 'NONE', *, *, #5050, .F. ) ;
#6869 = CARTESIAN_POINT ( 'NONE',  ( 0.000000000000000000, 0.000000000000000000, 0.000000000000000000 ) ) ;
#6870 = ORIENTED_EDGE ( 'NONE', *, *, #5027, .F. ) ;
#6871 = EDGE_LOOP ( 'NONE', ( #1978, #5680, #4202, #2064 ) ) ;
#6872 = EDGE_CURVE ( 'NONE', #1589, #4225, #2940, .T. ) ;
#6873 = DIRECTION ( 'NONE',  ( -0.000000000000000000, 0.000000000000000000, 1.000000000000000000 ) ) ;
#6874 = DIRECTION ( 'NONE',  ( -0.000000000000000000, 0.000000000000000000, 1.000000000000000000 ) ) ;
#6875 = CARTESIAN_POINT ( 'NONE',  ( 0.000000000000000000, 0.000000000000000000, 0.000000000000000000 ) ) ;
#6876 = VERTEX_POINT ( 'NONE', #6787 ) ;
#6877 = PLANE ( 'NONE',  #1293 ) ;
#6878 = ADVANCED_FACE ( 'NONE', ( #6862 ), #2984, .F. ) ;
#6879 = EDGE_LOOP ( 'NONE', ( #4516, #5828, #6064, #863 ) ) ;
#6880 = CARTESIAN_POINT ( 'NONE',  ( 12.94454915351165702, -53.23044088929093931, 8.193579175013844965E-16 ) ) ;
#6881 = ORIENTED_EDGE ( 'NONE', *, *, #3145, .T. ) ;
#6882 = ADVANCED_FACE ( 'NONE', ( #1995 ), #1467, .F. ) ;
#6883 = DIRECTION ( 'NONE',  ( 0.000000000000000000, 0.000000000000000000, 1.000000000000000000 ) ) ;
#6884 = EDGE_LOOP ( 'NONE', ( #5648, #5255, #3652, #6926 ) ) ;
#6885 = ADVANCED_FACE ( 'NONE', ( #1893 ), #3614, .F. ) ;
#6886 = DIRECTION ( 'NONE',  ( 1.000000000000000000, 0.000000000000000000, 0.000000000000000000 ) ) ;
#6887 = CARTESIAN_POINT ( 'NONE',  ( 40.41424527821063606, 19.79112878520652075, 8.000000000000000000 ) ) ;
#6888 = LINE ( 'NONE', #2061, #4204 ) ;
#6889 = EDGE_LOOP ( 'NONE', ( #6180, #1108, #125, #371 ) ) ;
#6890 = DIRECTION ( 'NONE',  ( 0.000000000000000000, 0.000000000000000000, 1.000000000000000000 ) ) ;
#6891 = VECTOR ( 'NONE', #3434, 1000.000000000000000 ) ;
#6892 = ORIENTED_EDGE ( 'NONE', *, *, #4861, .T. ) ;
#6893 =( LENGTH_UNIT ( ) NAMED_UNIT ( * ) SI_UNIT ( .MILLI., .METRE. ) );
#6894 = AXIS2_PLACEMENT_3D ( 'NONE', #5538, #1385, #5580 ) ;
#6895 = ADVANCED_FACE ( 'NONE', ( #4631 ), #4178, .F. ) ;
#6896 = CARTESIAN_POINT ( 'NONE',  ( 0.000000000000000000, 0.000000000000000000, 0.000000000000000000 ) ) ;
#6897 = CIRCLE ( 'NONE', #3969, 40.00000000000000000 ) ;
#6898 = DIRECTION ( 'NONE',  ( 1.000000000000000000, 0.000000000000000000, 0.000000000000000000 ) ) ;
#6899 = CIRCLE ( 'NONE', #2738, 45.00000000000000711 ) ;
#6900 = DIRECTION ( 'NONE',  ( 1.000000000000000000, 0.000000000000000000, 0.000000000000000000 ) ) ;
#6901 = ORIENTED_EDGE ( 'NONE', *, *, #1829, .F. ) ;
#6902 = DIRECTION ( 'NONE',  ( -0.9510565162951521989, -0.3090169943749514481, -0.000000000000000000 ) ) ;
#6903 = VECTOR ( 'NONE', #2149, 1000.000000000000000 ) ;
#6904 = ORIENTED_EDGE ( 'NONE', *, *, #1338, .T. ) ;
#6905 = FACE_OUTER_BOUND ( 'NONE', #2856, .T. ) ;
#6906 = ORIENTED_EDGE ( 'NONE', *, *, #6853, .T. ) ;
#6907 = CIRCLE ( 'NONE', #4756, 40.00000000000000000 ) ;
#6908 = VECTOR ( 'NONE', #872, 1000.000000000000000 ) ;
#6909 = VERTEX_POINT ( 'NONE', #940 ) ;
#6910 = FACE_OUTER_BOUND ( 'NONE', #871, .T. ) ;
#6911 = PLANE ( 'NONE',  #3306 ) ;
#6912 = AXIS2_PLACEMENT_3D ( 'NONE', #4878, #3425, #5576 ) ;
#6913 = CARTESIAN_POINT ( 'NONE',  ( 5.607921044894919049, -49.97637685009845399, 8.000000000000000000 ) ) ;
#6914 = AXIS2_PLACEMENT_3D ( 'NONE', #530, #5399, #1174 ) ;
#6915 = ORIENTED_EDGE ( 'NONE', *, *, #958, .F. ) ;
#6916 = FACE_OUTER_BOUND ( 'NONE', #5038, .T. ) ;
#6917 = ORIENTED_EDGE ( 'NONE', *, *, #4380, .T. ) ;
#6918 = CIRCLE ( 'NONE', #4990, 45.00000000000000711 ) ;
#6919 = VECTOR ( 'NONE', #3704, 1000.000000000000114 ) ;
#6921 = ADVANCED_FACE ( 'NONE', ( #2429 ), #1506, .F. ) ;
#6920 = DIRECTION ( 'NONE',  ( 0.000000000000000000, 0.000000000000000000, 1.000000000000000000 ) ) ;
#6922 = ORIENTED_EDGE ( 'NONE', *, *, #3454, .T. ) ;
#6923 = VECTOR ( 'NONE', #1477, 1000.000000000000000 ) ;
#6924 = AXIS2_PLACEMENT_3D ( 'NONE', #5383, #2109, #1044 ) ;
#6925 = PLANE ( 'NONE',  #6140 ) ;
#6926 = ORIENTED_EDGE ( 'NONE', *, *, #6189, .F. ) ;
#6927 = CARTESIAN_POINT ( 'NONE',  ( 41.01033628640173845, 18.52437091175410089, 8.000000000000000000 ) ) ;
#6928 = DIRECTION ( 'NONE',  ( 0.000000000000000000, 0.000000000000000000, 1.000000000000000000 ) ) ;
#6929 = DIRECTION ( 'NONE',  ( -0.4817536741017101609, -0.8763066800438664705, -0.000000000000000000 ) ) ;
#6930 = ORIENTED_EDGE ( 'NONE', *, *, #4438, .T. ) ;
#6931 = CARTESIAN_POINT ( 'NONE',  ( 0.000000000000000000, 0.000000000000000000, 8.000000000000000000 ) ) ;
#6932 = ADVANCED_FACE ( 'NONE', ( #1008 ), #1677, .F. ) ;
#6933 = EDGE_LOOP ( 'NONE', ( #4761, #1051, #1456, #261 ) ) ;
#6934 = DIRECTION ( 'NONE',  ( -0.000000000000000000, -0.000000000000000000, -1.000000000000000000 ) ) ;
#6935 = AXIS2_PLACEMENT_3D ( 'NONE', #5150, #3498, #226 ) ;
#6936 = EDGE_CURVE ( 'NONE', #4825, #6645, #3262, .T. ) ;
#6937 = LINE ( 'NONE', #673, #2298 ) ;
#6938 = PLANE ( 'NONE',  #6924 ) ;
#6939 = CIRCLE ( 'NONE', #3449, 40.00000000000000000 ) ;
#6940 = CARTESIAN_POINT ( 'NONE',  ( 0.000000000000000000, 0.000000000000000000, 0.000000000000000000 ) ) ;
#6941 = CARTESIAN_POINT ( 'NONE',  ( 35.11509744738714289, 28.14124963928405876, 10.00000000000000000 ) ) ;
#6942 = AXIS2_PLACEMENT_3D ( 'NONE', #2694, #5344, #2100 ) ;
#6943 = EDGE_CURVE ( 'NONE', #2652, #5363, #3154, .T. ) ;
#6944 = EDGE_LOOP ( 'NONE', ( #4818, #3340, #2314, #4474 ) ) ;
#6945 = EDGE_CURVE ( 'NONE', #3505, #657, #5477, .T. ) ;
#6946 = CARTESIAN_POINT ( 'NONE',  ( 37.51220113926679289, 50.44020431347271938, 8.193579175013844965E-16 ) ) ;
#6947 = ORIENTED_EDGE ( 'NONE', *, *, #5382, .T. ) ;
#6948 = DIRECTION ( 'NONE',  ( -0.5358267949790005424, 0.8443279255020126328, 0.000000000000000000 ) ) ;
#6949 = VECTOR ( 'NONE', #6022, 1000.000000000000000 ) ;
#6950 = ORIENTED_EDGE ( 'NONE', *, *, #5103, .T. ) ;
#6951 = CARTESIAN_POINT ( 'NONE',  ( 0.000000000000000000, 0.000000000000000000, 0.000000000000000000 ) ) ;
#6952 = DIRECTION ( 'NONE',  ( 1.000000000000000000, 0.000000000000000000, 0.000000000000000000 ) ) ;
#6953 = CARTESIAN_POINT ( 'NONE',  ( 0.000000000000000000, 0.000000000000000000, 8.000000000000000000 ) ) ;
#6954 = VERTEX_POINT ( 'NONE', #1544 ) ;
#6955 = CARTESIAN_POINT ( 'NONE',  ( 38.25274688064444462, 11.69304733956664855, 0.000000000000000000 ) ) ;
#6956 = ORIENTED_EDGE ( 'NONE', *, *, #2409, .T. ) ;
#6957 = LINE ( 'NONE', #2158, #5337 ) ;
#6958 = DIRECTION ( 'NONE',  ( 0.2486898871648553500, -0.9685831611286309650, 0.000000000000000000 ) ) ;
#6959 = VERTEX_POINT ( 'NONE', #2213 ) ;
#6960 = CARTESIAN_POINT ( 'NONE',  ( 52.06356398421417708, 33.86960416812299002, 3.907315377998108371E-16 ) ) ;
#6961 = ORIENTED_EDGE ( 'NONE', *, *, #1961, .T. ) ;
#6962 = ADVANCED_FACE ( 'NONE', ( #3795 ), #1084, .F. ) ;
#6963 = LINE ( 'NONE', #2585, #2063 ) ;
#6964 = LINE ( 'NONE', #2132, #5195 ) ;
#6965 = PLANE ( 'NONE',  #42 ) ;
#6966 = ORIENTED_EDGE ( 'NONE', *, *, #2922, .T. ) ;
#6967 = DIRECTION ( 'NONE',  ( 0.000000000000000000, 0.000000000000000000, 1.000000000000000000 ) ) ;
#6968 = EDGE_CURVE ( 'NONE', #1132, #4463, #5370, .T. ) ;
#6969 = VERTEX_POINT ( 'NONE', #5270 ) ;
#6970 = CARTESIAN_POINT ( 'NONE',  ( 33.39286635904739597, -22.02081915657999645, 0.000000000000000000 ) ) ;
#6971 = CARTESIAN_POINT ( 'NONE',  ( 0.000000000000000000, 0.000000000000000000, 0.000000000000000000 ) ) ;
#6972 = CARTESIAN_POINT ( 'NONE',  ( -4.318081326812747811, -39.76624414820980746, 8.193579175013844965E-16 ) ) ;
#6973 = EDGE_LOOP ( 'NONE', ( #4413, #5714, #848, #3809 ) ) ;
#6974 = LINE ( 'NONE', #5279, #4557 ) ;
#6975 = EDGE_CURVE ( 'NONE', #6445, #6673, #6402, .T. ) ;
#6976 = VERTEX_POINT ( 'NONE', #3231 ) ;
#6977 = DIRECTION ( 'NONE',  ( 1.000000000000000000, 0.000000000000000000, 0.000000000000000000 ) ) ;
#6978 = ORIENTED_EDGE ( 'NONE', *, *, #4696, .T. ) ;
#6979 = EDGE_CURVE ( 'NONE', #5887, #339, #1040, .T. ) ;
#6980 = DIRECTION ( 'NONE',  ( -0.2486898871648553500, 0.9685831611286309650, -0.000000000000000000 ) ) ;
#6981 = DIRECTION ( 'NONE',  ( 1.000000000000000000, 0.000000000000000000, 0.000000000000000000 ) ) ;
#6982 = DIRECTION ( 'NONE',  ( 1.000000000000000000, 0.000000000000000000, 0.000000000000000000 ) ) ;
#6983 = VERTEX_POINT ( 'NONE', #3826 ) ;
#6984 = CARTESIAN_POINT ( 'NONE',  ( 12.94454915351121294, 53.23044088929079720, 8.000000000000000000 ) ) ;
#6985 = VERTEX_POINT ( 'NONE', #4883 ) ;
#6986 = CARTESIAN_POINT ( 'NONE',  ( 4.944832808362234822, -44.72749298247493499, 8.000000000000000000 ) ) ;
#6987 = CARTESIAN_POINT ( 'NONE',  ( 12.94454915351121294, 53.23044088929079720, 8.000000000000000000 ) ) ;
#6988 = VERTEX_POINT ( 'NONE', #4359 ) ;
#6989 = CARTESIAN_POINT ( 'NONE',  ( 0.000000000000000000, 0.000000000000000000, 0.000000000000000000 ) ) ;
ENDSEC;
END-ISO-10303-21;
